scenarioId,weightCag,weightBus,weightFacility,intersectionCount,jaccardVsBaseline,top8Dongs,outDongs,inDongs,artifact_schema_version,analysis_id,snapshot_id,source_dates,unit_definition,formula,limitation,input_sha256,raw_source_sha256
boundary_wc000_wb000_wf100,0,0,1,6,0.6,"[""가좌동"",""고양동"",""능곡동"",""송포동"",""행주동"",""효자동"",""대덕동"",""원신동""]","[""관산동"",""주교동""]","[""대덕동"",""원신동""]",1.1.0,weight_simplex_boundary_audit_v1,goyang_mixed_20250825_20260630,population=2026-06-30|onePersonHouseholds=2026-06-30|hiraFacilities=2026-06-30|analysisBoundary=2026-04-01|busStops=2025-08-25,가중치 0~1; Jaccard 0~1; 포함수 0~231; 순위 1~41,DSS(w)=w_cag*z(CAG)+w_bus*z(bus_inefficiency)+w_facility*z(nearest_facility_mean_m); 44동에서 z표준화 후 과거 팀 사후 대리매핑 3동을 상위8 선정에서 제외,0.05 간격 전체 비음수 simplex 231개는 실제 정책에서 타당한 가중치 집합으로 가정하지 않는다. 제한 범위 밖 극단값을 포함해 45개 결과의 경계 의존성을 반증하는 감사용이며 포함수는 확률이 아니다.,area_adjacency=AF16E5259A667F45F5BF7F6B3DF3A22E1A4837C477F6B68DDC26CDCF60E2DFF0|area_scores=455106174A3E492D501F73B8BA55EFD1B7525656638E8109AE015C290C352DE3|bus_stops=BBA5AC0E8F29538F42373B1789179B5B9D2CF0186E0D3A618537C83B74B628D5|facilities=9AA2BC9D9F9E0EC421FB7D23A9C9BF0BD5EDB59EB173A91CB27E6EB2655A1E07|grid_scores=F2B4631D6C4DB1C379BB9CAA13D29A9C055273F1C0D682BAC13EDD19C0A9E9BF|metrics_code=7A3920ABAC99C0EEE1FA013FF751C14428D5AA95E0F1F3F32FCED6B7A49541BA|model_spec=435B1018F2D35A2B421D1827A23C0DC739DC1F827F71189F8F818CE0B0C670E4|source_manifest=86163BE779951590317AB41BE2F9DE18666BC936F1735593673513008868CEC9,population=4D1530F251B312CE6564BA5676093B1043057F46A0FE2A58CF2756AFC530DA7B|one_person=01923C6EBD7440771E4EBE20CAB0648355A18C09D198677C0E265F5E68406A7D|admdongkor_boundary=6A63D079BA8AF4701AB200AD0B54EBDEA8689808B6E0E9F17973B9BA7883DC6A|bus_stops=01B63929056B55D0A8FE372756942FB9A81A89CB121A0CDB1838DDE9ED8555BF|hira_hospital=458D04F264BFE005CB12078699156CA72AD47B52062E0F79B8140E2635086268|hira_pharmacy=65B2B1E7F65BF1EFAF20C826BC1FB03CC24B65B359F4B5B51E1A234B334505A4
boundary_wc000_wb005_wf095,0,0.05,0.95,6,0.6,"[""가좌동"",""고양동"",""능곡동"",""송포동"",""행주동"",""효자동"",""대덕동"",""원신동""]","[""관산동"",""주교동""]","[""대덕동"",""원신동""]",1.1.0,weight_simplex_boundary_audit_v1,goyang_mixed_20250825_20260630,population=2026-06-30|onePersonHouseholds=2026-06-30|hiraFacilities=2026-06-30|analysisBoundary=2026-04-01|busStops=2025-08-25,가중치 0~1; Jaccard 0~1; 포함수 0~231; 순위 1~41,DSS(w)=w_cag*z(CAG)+w_bus*z(bus_inefficiency)+w_facility*z(nearest_facility_mean_m); 44동에서 z표준화 후 과거 팀 사후 대리매핑 3동을 상위8 선정에서 제외,0.05 간격 전체 비음수 simplex 231개는 실제 정책에서 타당한 가중치 집합으로 가정하지 않는다. 제한 범위 밖 극단값을 포함해 45개 결과의 경계 의존성을 반증하는 감사용이며 포함수는 확률이 아니다.,area_adjacency=AF16E5259A667F45F5BF7F6B3DF3A22E1A4837C477F6B68DDC26CDCF60E2DFF0|area_scores=455106174A3E492D501F73B8BA55EFD1B7525656638E8109AE015C290C352DE3|bus_stops=BBA5AC0E8F29538F42373B1789179B5B9D2CF0186E0D3A618537C83B74B628D5|facilities=9AA2BC9D9F9E0EC421FB7D23A9C9BF0BD5EDB59EB173A91CB27E6EB2655A1E07|grid_scores=F2B4631D6C4DB1C379BB9CAA13D29A9C055273F1C0D682BAC13EDD19C0A9E9BF|metrics_code=7A3920ABAC99C0EEE1FA013FF751C14428D5AA95E0F1F3F32FCED6B7A49541BA|model_spec=435B1018F2D35A2B421D1827A23C0DC739DC1F827F71189F8F818CE0B0C670E4|source_manifest=86163BE779951590317AB41BE2F9DE18666BC936F1735593673513008868CEC9,population=4D1530F251B312CE6564BA5676093B1043057F46A0FE2A58CF2756AFC530DA7B|one_person=01923C6EBD7440771E4EBE20CAB0648355A18C09D198677C0E265F5E68406A7D|admdongkor_boundary=6A63D079BA8AF4701AB200AD0B54EBDEA8689808B6E0E9F17973B9BA7883DC6A|bus_stops=01B63929056B55D0A8FE372756942FB9A81A89CB121A0CDB1838DDE9ED8555BF|hira_hospital=458D04F264BFE005CB12078699156CA72AD47B52062E0F79B8140E2635086268|hira_pharmacy=65B2B1E7F65BF1EFAF20C826BC1FB03CC24B65B359F4B5B51E1A234B334505A4
boundary_wc000_wb010_wf090,0,0.1,0.9,6,0.6,"[""가좌동"",""고양동"",""능곡동"",""송포동"",""행주동"",""효자동"",""대덕동"",""원신동""]","[""관산동"",""주교동""]","[""대덕동"",""원신동""]",1.1.0,weight_simplex_boundary_audit_v1,goyang_mixed_20250825_20260630,population=2026-06-30|onePersonHouseholds=2026-06-30|hiraFacilities=2026-06-30|analysisBoundary=2026-04-01|busStops=2025-08-25,가중치 0~1; Jaccard 0~1; 포함수 0~231; 순위 1~41,DSS(w)=w_cag*z(CAG)+w_bus*z(bus_inefficiency)+w_facility*z(nearest_facility_mean_m); 44동에서 z표준화 후 과거 팀 사후 대리매핑 3동을 상위8 선정에서 제외,0.05 간격 전체 비음수 simplex 231개는 실제 정책에서 타당한 가중치 집합으로 가정하지 않는다. 제한 범위 밖 극단값을 포함해 45개 결과의 경계 의존성을 반증하는 감사용이며 포함수는 확률이 아니다.,area_adjacency=AF16E5259A667F45F5BF7F6B3DF3A22E1A4837C477F6B68DDC26CDCF60E2DFF0|area_scores=455106174A3E492D501F73B8BA55EFD1B7525656638E8109AE015C290C352DE3|bus_stops=BBA5AC0E8F29538F42373B1789179B5B9D2CF0186E0D3A618537C83B74B628D5|facilities=9AA2BC9D9F9E0EC421FB7D23A9C9BF0BD5EDB59EB173A91CB27E6EB2655A1E07|grid_scores=F2B4631D6C4DB1C379BB9CAA13D29A9C055273F1C0D682BAC13EDD19C0A9E9BF|metrics_code=7A3920ABAC99C0EEE1FA013FF751C14428D5AA95E0F1F3F32FCED6B7A49541BA|model_spec=435B1018F2D35A2B421D1827A23C0DC739DC1F827F71189F8F818CE0B0C670E4|source_manifest=86163BE779951590317AB41BE2F9DE18666BC936F1735593673513008868CEC9,population=4D1530F251B312CE6564BA5676093B1043057F46A0FE2A58CF2756AFC530DA7B|one_person=01923C6EBD7440771E4EBE20CAB0648355A18C09D198677C0E265F5E68406A7D|admdongkor_boundary=6A63D079BA8AF4701AB200AD0B54EBDEA8689808B6E0E9F17973B9BA7883DC6A|bus_stops=01B63929056B55D0A8FE372756942FB9A81A89CB121A0CDB1838DDE9ED8555BF|hira_hospital=458D04F264BFE005CB12078699156CA72AD47B52062E0F79B8140E2635086268|hira_pharmacy=65B2B1E7F65BF1EFAF20C826BC1FB03CC24B65B359F4B5B51E1A234B334505A4
boundary_wc000_wb015_wf085,0,0.15,0.85,6,0.6,"[""가좌동"",""고양동"",""능곡동"",""송포동"",""행주동"",""효자동"",""대덕동"",""장항1동""]","[""관산동"",""주교동""]","[""대덕동"",""장항1동""]",1.1.0,weight_simplex_boundary_audit_v1,goyang_mixed_20250825_20260630,population=2026-06-30|onePersonHouseholds=2026-06-30|hiraFacilities=2026-06-30|analysisBoundary=2026-04-01|busStops=2025-08-25,가중치 0~1; Jaccard 0~1; 포함수 0~231; 순위 1~41,DSS(w)=w_cag*z(CAG)+w_bus*z(bus_inefficiency)+w_facility*z(nearest_facility_mean_m); 44동에서 z표준화 후 과거 팀 사후 대리매핑 3동을 상위8 선정에서 제외,0.05 간격 전체 비음수 simplex 231개는 실제 정책에서 타당한 가중치 집합으로 가정하지 않는다. 제한 범위 밖 극단값을 포함해 45개 결과의 경계 의존성을 반증하는 감사용이며 포함수는 확률이 아니다.,area_adjacency=AF16E5259A667F45F5BF7F6B3DF3A22E1A4837C477F6B68DDC26CDCF60E2DFF0|area_scores=455106174A3E492D501F73B8BA55EFD1B7525656638E8109AE015C290C352DE3|bus_stops=BBA5AC0E8F29538F42373B1789179B5B9D2CF0186E0D3A618537C83B74B628D5|facilities=9AA2BC9D9F9E0EC421FB7D23A9C9BF0BD5EDB59EB173A91CB27E6EB2655A1E07|grid_scores=F2B4631D6C4DB1C379BB9CAA13D29A9C055273F1C0D682BAC13EDD19C0A9E9BF|metrics_code=7A3920ABAC99C0EEE1FA013FF751C14428D5AA95E0F1F3F32FCED6B7A49541BA|model_spec=435B1018F2D35A2B421D1827A23C0DC739DC1F827F71189F8F818CE0B0C670E4|source_manifest=86163BE779951590317AB41BE2F9DE18666BC936F1735593673513008868CEC9,population=4D1530F251B312CE6564BA5676093B1043057F46A0FE2A58CF2756AFC530DA7B|one_person=01923C6EBD7440771E4EBE20CAB0648355A18C09D198677C0E265F5E68406A7D|admdongkor_boundary=6A63D079BA8AF4701AB200AD0B54EBDEA8689808B6E0E9F17973B9BA7883DC6A|bus_stops=01B63929056B55D0A8FE372756942FB9A81A89CB121A0CDB1838DDE9ED8555BF|hira_hospital=458D04F264BFE005CB12078699156CA72AD47B52062E0F79B8140E2635086268|hira_pharmacy=65B2B1E7F65BF1EFAF20C826BC1FB03CC24B65B359F4B5B51E1A234B334505A4
boundary_wc000_wb020_wf080,0,0.2,0.8,6,0.6,"[""가좌동"",""고양동"",""능곡동"",""송포동"",""행주동"",""효자동"",""대덕동"",""장항1동""]","[""관산동"",""주교동""]","[""대덕동"",""장항1동""]",1.1.0,weight_simplex_boundary_audit_v1,goyang_mixed_20250825_20260630,population=2026-06-30|onePersonHouseholds=2026-06-30|hiraFacilities=2026-06-30|analysisBoundary=2026-04-01|busStops=2025-08-25,가중치 0~1; Jaccard 0~1; 포함수 0~231; 순위 1~41,DSS(w)=w_cag*z(CAG)+w_bus*z(bus_inefficiency)+w_facility*z(nearest_facility_mean_m); 44동에서 z표준화 후 과거 팀 사후 대리매핑 3동을 상위8 선정에서 제외,0.05 간격 전체 비음수 simplex 231개는 실제 정책에서 타당한 가중치 집합으로 가정하지 않는다. 제한 범위 밖 극단값을 포함해 45개 결과의 경계 의존성을 반증하는 감사용이며 포함수는 확률이 아니다.,area_adjacency=AF16E5259A667F45F5BF7F6B3DF3A22E1A4837C477F6B68DDC26CDCF60E2DFF0|area_scores=455106174A3E492D501F73B8BA55EFD1B7525656638E8109AE015C290C352DE3|bus_stops=BBA5AC0E8F29538F42373B1789179B5B9D2CF0186E0D3A618537C83B74B628D5|facilities=9AA2BC9D9F9E0EC421FB7D23A9C9BF0BD5EDB59EB173A91CB27E6EB2655A1E07|grid_scores=F2B4631D6C4DB1C379BB9CAA13D29A9C055273F1C0D682BAC13EDD19C0A9E9BF|metrics_code=7A3920ABAC99C0EEE1FA013FF751C14428D5AA95E0F1F3F32FCED6B7A49541BA|model_spec=435B1018F2D35A2B421D1827A23C0DC739DC1F827F71189F8F818CE0B0C670E4|source_manifest=86163BE779951590317AB41BE2F9DE18666BC936F1735593673513008868CEC9,population=4D1530F251B312CE6564BA5676093B1043057F46A0FE2A58CF2756AFC530DA7B|one_person=01923C6EBD7440771E4EBE20CAB0648355A18C09D198677C0E265F5E68406A7D|admdongkor_boundary=6A63D079BA8AF4701AB200AD0B54EBDEA8689808B6E0E9F17973B9BA7883DC6A|bus_stops=01B63929056B55D0A8FE372756942FB9A81A89CB121A0CDB1838DDE9ED8555BF|hira_hospital=458D04F264BFE005CB12078699156CA72AD47B52062E0F79B8140E2635086268|hira_pharmacy=65B2B1E7F65BF1EFAF20C826BC1FB03CC24B65B359F4B5B51E1A234B334505A4
boundary_wc000_wb025_wf075,0,0.25,0.75,6,0.6,"[""가좌동"",""고양동"",""능곡동"",""송포동"",""행주동"",""효자동"",""대덕동"",""장항1동""]","[""관산동"",""주교동""]","[""대덕동"",""장항1동""]",1.1.0,weight_simplex_boundary_audit_v1,goyang_mixed_20250825_20260630,population=2026-06-30|onePersonHouseholds=2026-06-30|hiraFacilities=2026-06-30|analysisBoundary=2026-04-01|busStops=2025-08-25,가중치 0~1; Jaccard 0~1; 포함수 0~231; 순위 1~41,DSS(w)=w_cag*z(CAG)+w_bus*z(bus_inefficiency)+w_facility*z(nearest_facility_mean_m); 44동에서 z표준화 후 과거 팀 사후 대리매핑 3동을 상위8 선정에서 제외,0.05 간격 전체 비음수 simplex 231개는 실제 정책에서 타당한 가중치 집합으로 가정하지 않는다. 제한 범위 밖 극단값을 포함해 45개 결과의 경계 의존성을 반증하는 감사용이며 포함수는 확률이 아니다.,area_adjacency=AF16E5259A667F45F5BF7F6B3DF3A22E1A4837C477F6B68DDC26CDCF60E2DFF0|area_scores=455106174A3E492D501F73B8BA55EFD1B7525656638E8109AE015C290C352DE3|bus_stops=BBA5AC0E8F29538F42373B1789179B5B9D2CF0186E0D3A618537C83B74B628D5|facilities=9AA2BC9D9F9E0EC421FB7D23A9C9BF0BD5EDB59EB173A91CB27E6EB2655A1E07|grid_scores=F2B4631D6C4DB1C379BB9CAA13D29A9C055273F1C0D682BAC13EDD19C0A9E9BF|metrics_code=7A3920ABAC99C0EEE1FA013FF751C14428D5AA95E0F1F3F32FCED6B7A49541BA|model_spec=435B1018F2D35A2B421D1827A23C0DC739DC1F827F71189F8F818CE0B0C670E4|source_manifest=86163BE779951590317AB41BE2F9DE18666BC936F1735593673513008868CEC9,population=4D1530F251B312CE6564BA5676093B1043057F46A0FE2A58CF2756AFC530DA7B|one_person=01923C6EBD7440771E4EBE20CAB0648355A18C09D198677C0E265F5E68406A7D|admdongkor_boundary=6A63D079BA8AF4701AB200AD0B54EBDEA8689808B6E0E9F17973B9BA7883DC6A|bus_stops=01B63929056B55D0A8FE372756942FB9A81A89CB121A0CDB1838DDE9ED8555BF|hira_hospital=458D04F264BFE005CB12078699156CA72AD47B52062E0F79B8140E2635086268|hira_pharmacy=65B2B1E7F65BF1EFAF20C826BC1FB03CC24B65B359F4B5B51E1A234B334505A4
boundary_wc000_wb030_wf070,0,0.3,0.7,6,0.6,"[""가좌동"",""고양동"",""능곡동"",""송포동"",""행주동"",""효자동"",""대덕동"",""장항1동""]","[""관산동"",""주교동""]","[""대덕동"",""장항1동""]",1.1.0,weight_simplex_boundary_audit_v1,goyang_mixed_20250825_20260630,population=2026-06-30|onePersonHouseholds=2026-06-30|hiraFacilities=2026-06-30|analysisBoundary=2026-04-01|busStops=2025-08-25,가중치 0~1; Jaccard 0~1; 포함수 0~231; 순위 1~41,DSS(w)=w_cag*z(CAG)+w_bus*z(bus_inefficiency)+w_facility*z(nearest_facility_mean_m); 44동에서 z표준화 후 과거 팀 사후 대리매핑 3동을 상위8 선정에서 제외,0.05 간격 전체 비음수 simplex 231개는 실제 정책에서 타당한 가중치 집합으로 가정하지 않는다. 제한 범위 밖 극단값을 포함해 45개 결과의 경계 의존성을 반증하는 감사용이며 포함수는 확률이 아니다.,area_adjacency=AF16E5259A667F45F5BF7F6B3DF3A22E1A4837C477F6B68DDC26CDCF60E2DFF0|area_scores=455106174A3E492D501F73B8BA55EFD1B7525656638E8109AE015C290C352DE3|bus_stops=BBA5AC0E8F29538F42373B1789179B5B9D2CF0186E0D3A618537C83B74B628D5|facilities=9AA2BC9D9F9E0EC421FB7D23A9C9BF0BD5EDB59EB173A91CB27E6EB2655A1E07|grid_scores=F2B4631D6C4DB1C379BB9CAA13D29A9C055273F1C0D682BAC13EDD19C0A9E9BF|metrics_code=7A3920ABAC99C0EEE1FA013FF751C14428D5AA95E0F1F3F32FCED6B7A49541BA|model_spec=435B1018F2D35A2B421D1827A23C0DC739DC1F827F71189F8F818CE0B0C670E4|source_manifest=86163BE779951590317AB41BE2F9DE18666BC936F1735593673513008868CEC9,population=4D1530F251B312CE6564BA5676093B1043057F46A0FE2A58CF2756AFC530DA7B|one_person=01923C6EBD7440771E4EBE20CAB0648355A18C09D198677C0E265F5E68406A7D|admdongkor_boundary=6A63D079BA8AF4701AB200AD0B54EBDEA8689808B6E0E9F17973B9BA7883DC6A|bus_stops=01B63929056B55D0A8FE372756942FB9A81A89CB121A0CDB1838DDE9ED8555BF|hira_hospital=458D04F264BFE005CB12078699156CA72AD47B52062E0F79B8140E2635086268|hira_pharmacy=65B2B1E7F65BF1EFAF20C826BC1FB03CC24B65B359F4B5B51E1A234B334505A4
boundary_wc000_wb035_wf065,0,0.35,0.65,6,0.6,"[""가좌동"",""고양동"",""능곡동"",""송포동"",""행주동"",""효자동"",""대덕동"",""장항1동""]","[""관산동"",""주교동""]","[""대덕동"",""장항1동""]",1.1.0,weight_simplex_boundary_audit_v1,goyang_mixed_20250825_20260630,population=2026-06-30|onePersonHouseholds=2026-06-30|hiraFacilities=2026-06-30|analysisBoundary=2026-04-01|busStops=2025-08-25,가중치 0~1; Jaccard 0~1; 포함수 0~231; 순위 1~41,DSS(w)=w_cag*z(CAG)+w_bus*z(bus_inefficiency)+w_facility*z(nearest_facility_mean_m); 44동에서 z표준화 후 과거 팀 사후 대리매핑 3동을 상위8 선정에서 제외,0.05 간격 전체 비음수 simplex 231개는 실제 정책에서 타당한 가중치 집합으로 가정하지 않는다. 제한 범위 밖 극단값을 포함해 45개 결과의 경계 의존성을 반증하는 감사용이며 포함수는 확률이 아니다.,area_adjacency=AF16E5259A667F45F5BF7F6B3DF3A22E1A4837C477F6B68DDC26CDCF60E2DFF0|area_scores=455106174A3E492D501F73B8BA55EFD1B7525656638E8109AE015C290C352DE3|bus_stops=BBA5AC0E8F29538F42373B1789179B5B9D2CF0186E0D3A618537C83B74B628D5|facilities=9AA2BC9D9F9E0EC421FB7D23A9C9BF0BD5EDB59EB173A91CB27E6EB2655A1E07|grid_scores=F2B4631D6C4DB1C379BB9CAA13D29A9C055273F1C0D682BAC13EDD19C0A9E9BF|metrics_code=7A3920ABAC99C0EEE1FA013FF751C14428D5AA95E0F1F3F32FCED6B7A49541BA|model_spec=435B1018F2D35A2B421D1827A23C0DC739DC1F827F71189F8F818CE0B0C670E4|source_manifest=86163BE779951590317AB41BE2F9DE18666BC936F1735593673513008868CEC9,population=4D1530F251B312CE6564BA5676093B1043057F46A0FE2A58CF2756AFC530DA7B|one_person=01923C6EBD7440771E4EBE20CAB0648355A18C09D198677C0E265F5E68406A7D|admdongkor_boundary=6A63D079BA8AF4701AB200AD0B54EBDEA8689808B6E0E9F17973B9BA7883DC6A|bus_stops=01B63929056B55D0A8FE372756942FB9A81A89CB121A0CDB1838DDE9ED8555BF|hira_hospital=458D04F264BFE005CB12078699156CA72AD47B52062E0F79B8140E2635086268|hira_pharmacy=65B2B1E7F65BF1EFAF20C826BC1FB03CC24B65B359F4B5B51E1A234B334505A4
boundary_wc000_wb040_wf060,0,0.4,0.6,6,0.6,"[""가좌동"",""고양동"",""능곡동"",""송포동"",""행주동"",""효자동"",""대덕동"",""장항1동""]","[""관산동"",""주교동""]","[""대덕동"",""장항1동""]",1.1.0,weight_simplex_boundary_audit_v1,goyang_mixed_20250825_20260630,population=2026-06-30|onePersonHouseholds=2026-06-30|hiraFacilities=2026-06-30|analysisBoundary=2026-04-01|busStops=2025-08-25,가중치 0~1; Jaccard 0~1; 포함수 0~231; 순위 1~41,DSS(w)=w_cag*z(CAG)+w_bus*z(bus_inefficiency)+w_facility*z(nearest_facility_mean_m); 44동에서 z표준화 후 과거 팀 사후 대리매핑 3동을 상위8 선정에서 제외,0.05 간격 전체 비음수 simplex 231개는 실제 정책에서 타당한 가중치 집합으로 가정하지 않는다. 제한 범위 밖 극단값을 포함해 45개 결과의 경계 의존성을 반증하는 감사용이며 포함수는 확률이 아니다.,area_adjacency=AF16E5259A667F45F5BF7F6B3DF3A22E1A4837C477F6B68DDC26CDCF60E2DFF0|area_scores=455106174A3E492D501F73B8BA55EFD1B7525656638E8109AE015C290C352DE3|bus_stops=BBA5AC0E8F29538F42373B1789179B5B9D2CF0186E0D3A618537C83B74B628D5|facilities=9AA2BC9D9F9E0EC421FB7D23A9C9BF0BD5EDB59EB173A91CB27E6EB2655A1E07|grid_scores=F2B4631D6C4DB1C379BB9CAA13D29A9C055273F1C0D682BAC13EDD19C0A9E9BF|metrics_code=7A3920ABAC99C0EEE1FA013FF751C14428D5AA95E0F1F3F32FCED6B7A49541BA|model_spec=435B1018F2D35A2B421D1827A23C0DC739DC1F827F71189F8F818CE0B0C670E4|source_manifest=86163BE779951590317AB41BE2F9DE18666BC936F1735593673513008868CEC9,population=4D1530F251B312CE6564BA5676093B1043057F46A0FE2A58CF2756AFC530DA7B|one_person=01923C6EBD7440771E4EBE20CAB0648355A18C09D198677C0E265F5E68406A7D|admdongkor_boundary=6A63D079BA8AF4701AB200AD0B54EBDEA8689808B6E0E9F17973B9BA7883DC6A|bus_stops=01B63929056B55D0A8FE372756942FB9A81A89CB121A0CDB1838DDE9ED8555BF|hira_hospital=458D04F264BFE005CB12078699156CA72AD47B52062E0F79B8140E2635086268|hira_pharmacy=65B2B1E7F65BF1EFAF20C826BC1FB03CC24B65B359F4B5B51E1A234B334505A4
boundary_wc000_wb045_wf055,0,0.45,0.55,6,0.6,"[""가좌동"",""고양동"",""능곡동"",""송포동"",""행주동"",""효자동"",""대덕동"",""장항1동""]","[""관산동"",""주교동""]","[""대덕동"",""장항1동""]",1.1.0,weight_simplex_boundary_audit_v1,goyang_mixed_20250825_20260630,population=2026-06-30|onePersonHouseholds=2026-06-30|hiraFacilities=2026-06-30|analysisBoundary=2026-04-01|busStops=2025-08-25,가중치 0~1; Jaccard 0~1; 포함수 0~231; 순위 1~41,DSS(w)=w_cag*z(CAG)+w_bus*z(bus_inefficiency)+w_facility*z(nearest_facility_mean_m); 44동에서 z표준화 후 과거 팀 사후 대리매핑 3동을 상위8 선정에서 제외,0.05 간격 전체 비음수 simplex 231개는 실제 정책에서 타당한 가중치 집합으로 가정하지 않는다. 제한 범위 밖 극단값을 포함해 45개 결과의 경계 의존성을 반증하는 감사용이며 포함수는 확률이 아니다.,area_adjacency=AF16E5259A667F45F5BF7F6B3DF3A22E1A4837C477F6B68DDC26CDCF60E2DFF0|area_scores=455106174A3E492D501F73B8BA55EFD1B7525656638E8109AE015C290C352DE3|bus_stops=BBA5AC0E8F29538F42373B1789179B5B9D2CF0186E0D3A618537C83B74B628D5|facilities=9AA2BC9D9F9E0EC421FB7D23A9C9BF0BD5EDB59EB173A91CB27E6EB2655A1E07|grid_scores=F2B4631D6C4DB1C379BB9CAA13D29A9C055273F1C0D682BAC13EDD19C0A9E9BF|metrics_code=7A3920ABAC99C0EEE1FA013FF751C14428D5AA95E0F1F3F32FCED6B7A49541BA|model_spec=435B1018F2D35A2B421D1827A23C0DC739DC1F827F71189F8F818CE0B0C670E4|source_manifest=86163BE779951590317AB41BE2F9DE18666BC936F1735593673513008868CEC9,population=4D1530F251B312CE6564BA5676093B1043057F46A0FE2A58CF2756AFC530DA7B|one_person=01923C6EBD7440771E4EBE20CAB0648355A18C09D198677C0E265F5E68406A7D|admdongkor_boundary=6A63D079BA8AF4701AB200AD0B54EBDEA8689808B6E0E9F17973B9BA7883DC6A|bus_stops=01B63929056B55D0A8FE372756942FB9A81A89CB121A0CDB1838DDE9ED8555BF|hira_hospital=458D04F264BFE005CB12078699156CA72AD47B52062E0F79B8140E2635086268|hira_pharmacy=65B2B1E7F65BF1EFAF20C826BC1FB03CC24B65B359F4B5B51E1A234B334505A4
boundary_wc000_wb050_wf050,0,0.5,0.5,6,0.6,"[""가좌동"",""고양동"",""능곡동"",""송포동"",""행주동"",""효자동"",""대덕동"",""장항1동""]","[""관산동"",""주교동""]","[""대덕동"",""장항1동""]",1.1.0,weight_simplex_boundary_audit_v1,goyang_mixed_20250825_20260630,population=2026-06-30|onePersonHouseholds=2026-06-30|hiraFacilities=2026-06-30|analysisBoundary=2026-04-01|busStops=2025-08-25,가중치 0~1; Jaccard 0~1; 포함수 0~231; 순위 1~41,DSS(w)=w_cag*z(CAG)+w_bus*z(bus_inefficiency)+w_facility*z(nearest_facility_mean_m); 44동에서 z표준화 후 과거 팀 사후 대리매핑 3동을 상위8 선정에서 제외,0.05 간격 전체 비음수 simplex 231개는 실제 정책에서 타당한 가중치 집합으로 가정하지 않는다. 제한 범위 밖 극단값을 포함해 45개 결과의 경계 의존성을 반증하는 감사용이며 포함수는 확률이 아니다.,area_adjacency=AF16E5259A667F45F5BF7F6B3DF3A22E1A4837C477F6B68DDC26CDCF60E2DFF0|area_scores=455106174A3E492D501F73B8BA55EFD1B7525656638E8109AE015C290C352DE3|bus_stops=BBA5AC0E8F29538F42373B1789179B5B9D2CF0186E0D3A618537C83B74B628D5|facilities=9AA2BC9D9F9E0EC421FB7D23A9C9BF0BD5EDB59EB173A91CB27E6EB2655A1E07|grid_scores=F2B4631D6C4DB1C379BB9CAA13D29A9C055273F1C0D682BAC13EDD19C0A9E9BF|metrics_code=7A3920ABAC99C0EEE1FA013FF751C14428D5AA95E0F1F3F32FCED6B7A49541BA|model_spec=435B1018F2D35A2B421D1827A23C0DC739DC1F827F71189F8F818CE0B0C670E4|source_manifest=86163BE779951590317AB41BE2F9DE18666BC936F1735593673513008868CEC9,population=4D1530F251B312CE6564BA5676093B1043057F46A0FE2A58CF2756AFC530DA7B|one_person=01923C6EBD7440771E4EBE20CAB0648355A18C09D198677C0E265F5E68406A7D|admdongkor_boundary=6A63D079BA8AF4701AB200AD0B54EBDEA8689808B6E0E9F17973B9BA7883DC6A|bus_stops=01B63929056B55D0A8FE372756942FB9A81A89CB121A0CDB1838DDE9ED8555BF|hira_hospital=458D04F264BFE005CB12078699156CA72AD47B52062E0F79B8140E2635086268|hira_pharmacy=65B2B1E7F65BF1EFAF20C826BC1FB03CC24B65B359F4B5B51E1A234B334505A4
boundary_wc000_wb055_wf045,0,0.55,0.45,6,0.6,"[""가좌동"",""고양동"",""능곡동"",""송포동"",""행주동"",""효자동"",""대덕동"",""장항1동""]","[""관산동"",""주교동""]","[""대덕동"",""장항1동""]",1.1.0,weight_simplex_boundary_audit_v1,goyang_mixed_20250825_20260630,population=2026-06-30|onePersonHouseholds=2026-06-30|hiraFacilities=2026-06-30|analysisBoundary=2026-04-01|busStops=2025-08-25,가중치 0~1; Jaccard 0~1; 포함수 0~231; 순위 1~41,DSS(w)=w_cag*z(CAG)+w_bus*z(bus_inefficiency)+w_facility*z(nearest_facility_mean_m); 44동에서 z표준화 후 과거 팀 사후 대리매핑 3동을 상위8 선정에서 제외,0.05 간격 전체 비음수 simplex 231개는 실제 정책에서 타당한 가중치 집합으로 가정하지 않는다. 제한 범위 밖 극단값을 포함해 45개 결과의 경계 의존성을 반증하는 감사용이며 포함수는 확률이 아니다.,area_adjacency=AF16E5259A667F45F5BF7F6B3DF3A22E1A4837C477F6B68DDC26CDCF60E2DFF0|area_scores=455106174A3E492D501F73B8BA55EFD1B7525656638E8109AE015C290C352DE3|bus_stops=BBA5AC0E8F29538F42373B1789179B5B9D2CF0186E0D3A618537C83B74B628D5|facilities=9AA2BC9D9F9E0EC421FB7D23A9C9BF0BD5EDB59EB173A91CB27E6EB2655A1E07|grid_scores=F2B4631D6C4DB1C379BB9CAA13D29A9C055273F1C0D682BAC13EDD19C0A9E9BF|metrics_code=7A3920ABAC99C0EEE1FA013FF751C14428D5AA95E0F1F3F32FCED6B7A49541BA|model_spec=435B1018F2D35A2B421D1827A23C0DC739DC1F827F71189F8F818CE0B0C670E4|source_manifest=86163BE779951590317AB41BE2F9DE18666BC936F1735593673513008868CEC9,population=4D1530F251B312CE6564BA5676093B1043057F46A0FE2A58CF2756AFC530DA7B|one_person=01923C6EBD7440771E4EBE20CAB0648355A18C09D198677C0E265F5E68406A7D|admdongkor_boundary=6A63D079BA8AF4701AB200AD0B54EBDEA8689808B6E0E9F17973B9BA7883DC6A|bus_stops=01B63929056B55D0A8FE372756942FB9A81A89CB121A0CDB1838DDE9ED8555BF|hira_hospital=458D04F264BFE005CB12078699156CA72AD47B52062E0F79B8140E2635086268|hira_pharmacy=65B2B1E7F65BF1EFAF20C826BC1FB03CC24B65B359F4B5B51E1A234B334505A4
boundary_wc000_wb060_wf040,0,0.6,0.4,6,0.6,"[""가좌동"",""고양동"",""능곡동"",""송포동"",""주교동"",""효자동"",""대덕동"",""장항1동""]","[""관산동"",""행주동""]","[""대덕동"",""장항1동""]",1.1.0,weight_simplex_boundary_audit_v1,goyang_mixed_20250825_20260630,population=2026-06-30|onePersonHouseholds=2026-06-30|hiraFacilities=2026-06-30|analysisBoundary=2026-04-01|busStops=2025-08-25,가중치 0~1; Jaccard 0~1; 포함수 0~231; 순위 1~41,DSS(w)=w_cag*z(CAG)+w_bus*z(bus_inefficiency)+w_facility*z(nearest_facility_mean_m); 44동에서 z표준화 후 과거 팀 사후 대리매핑 3동을 상위8 선정에서 제외,0.05 간격 전체 비음수 simplex 231개는 실제 정책에서 타당한 가중치 집합으로 가정하지 않는다. 제한 범위 밖 극단값을 포함해 45개 결과의 경계 의존성을 반증하는 감사용이며 포함수는 확률이 아니다.,area_adjacency=AF16E5259A667F45F5BF7F6B3DF3A22E1A4837C477F6B68DDC26CDCF60E2DFF0|area_scores=455106174A3E492D501F73B8BA55EFD1B7525656638E8109AE015C290C352DE3|bus_stops=BBA5AC0E8F29538F42373B1789179B5B9D2CF0186E0D3A618537C83B74B628D5|facilities=9AA2BC9D9F9E0EC421FB7D23A9C9BF0BD5EDB59EB173A91CB27E6EB2655A1E07|grid_scores=F2B4631D6C4DB1C379BB9CAA13D29A9C055273F1C0D682BAC13EDD19C0A9E9BF|metrics_code=7A3920ABAC99C0EEE1FA013FF751C14428D5AA95E0F1F3F32FCED6B7A49541BA|model_spec=435B1018F2D35A2B421D1827A23C0DC739DC1F827F71189F8F818CE0B0C670E4|source_manifest=86163BE779951590317AB41BE2F9DE18666BC936F1735593673513008868CEC9,population=4D1530F251B312CE6564BA5676093B1043057F46A0FE2A58CF2756AFC530DA7B|one_person=01923C6EBD7440771E4EBE20CAB0648355A18C09D198677C0E265F5E68406A7D|admdongkor_boundary=6A63D079BA8AF4701AB200AD0B54EBDEA8689808B6E0E9F17973B9BA7883DC6A|bus_stops=01B63929056B55D0A8FE372756942FB9A81A89CB121A0CDB1838DDE9ED8555BF|hira_hospital=458D04F264BFE005CB12078699156CA72AD47B52062E0F79B8140E2635086268|hira_pharmacy=65B2B1E7F65BF1EFAF20C826BC1FB03CC24B65B359F4B5B51E1A234B334505A4
boundary_wc000_wb065_wf035,0,0.65,0.35,6,0.6,"[""가좌동"",""고양동"",""능곡동"",""송포동"",""주교동"",""효자동"",""대덕동"",""장항1동""]","[""관산동"",""행주동""]","[""대덕동"",""장항1동""]",1.1.0,weight_simplex_boundary_audit_v1,goyang_mixed_20250825_20260630,population=2026-06-30|onePersonHouseholds=2026-06-30|hiraFacilities=2026-06-30|analysisBoundary=2026-04-01|busStops=2025-08-25,가중치 0~1; Jaccard 0~1; 포함수 0~231; 순위 1~41,DSS(w)=w_cag*z(CAG)+w_bus*z(bus_inefficiency)+w_facility*z(nearest_facility_mean_m); 44동에서 z표준화 후 과거 팀 사후 대리매핑 3동을 상위8 선정에서 제외,0.05 간격 전체 비음수 simplex 231개는 실제 정책에서 타당한 가중치 집합으로 가정하지 않는다. 제한 범위 밖 극단값을 포함해 45개 결과의 경계 의존성을 반증하는 감사용이며 포함수는 확률이 아니다.,area_adjacency=AF16E5259A667F45F5BF7F6B3DF3A22E1A4837C477F6B68DDC26CDCF60E2DFF0|area_scores=455106174A3E492D501F73B8BA55EFD1B7525656638E8109AE015C290C352DE3|bus_stops=BBA5AC0E8F29538F42373B1789179B5B9D2CF0186E0D3A618537C83B74B628D5|facilities=9AA2BC9D9F9E0EC421FB7D23A9C9BF0BD5EDB59EB173A91CB27E6EB2655A1E07|grid_scores=F2B4631D6C4DB1C379BB9CAA13D29A9C055273F1C0D682BAC13EDD19C0A9E9BF|metrics_code=7A3920ABAC99C0EEE1FA013FF751C14428D5AA95E0F1F3F32FCED6B7A49541BA|model_spec=435B1018F2D35A2B421D1827A23C0DC739DC1F827F71189F8F818CE0B0C670E4|source_manifest=86163BE779951590317AB41BE2F9DE18666BC936F1735593673513008868CEC9,population=4D1530F251B312CE6564BA5676093B1043057F46A0FE2A58CF2756AFC530DA7B|one_person=01923C6EBD7440771E4EBE20CAB0648355A18C09D198677C0E265F5E68406A7D|admdongkor_boundary=6A63D079BA8AF4701AB200AD0B54EBDEA8689808B6E0E9F17973B9BA7883DC6A|bus_stops=01B63929056B55D0A8FE372756942FB9A81A89CB121A0CDB1838DDE9ED8555BF|hira_hospital=458D04F264BFE005CB12078699156CA72AD47B52062E0F79B8140E2635086268|hira_pharmacy=65B2B1E7F65BF1EFAF20C826BC1FB03CC24B65B359F4B5B51E1A234B334505A4
boundary_wc000_wb070_wf030,0,0.7,0.3,6,0.6,"[""가좌동"",""고양동"",""능곡동"",""송포동"",""주교동"",""효자동"",""대덕동"",""장항1동""]","[""관산동"",""행주동""]","[""대덕동"",""장항1동""]",1.1.0,weight_simplex_boundary_audit_v1,goyang_mixed_20250825_20260630,population=2026-06-30|onePersonHouseholds=2026-06-30|hiraFacilities=2026-06-30|analysisBoundary=2026-04-01|busStops=2025-08-25,가중치 0~1; Jaccard 0~1; 포함수 0~231; 순위 1~41,DSS(w)=w_cag*z(CAG)+w_bus*z(bus_inefficiency)+w_facility*z(nearest_facility_mean_m); 44동에서 z표준화 후 과거 팀 사후 대리매핑 3동을 상위8 선정에서 제외,0.05 간격 전체 비음수 simplex 231개는 실제 정책에서 타당한 가중치 집합으로 가정하지 않는다. 제한 범위 밖 극단값을 포함해 45개 결과의 경계 의존성을 반증하는 감사용이며 포함수는 확률이 아니다.,area_adjacency=AF16E5259A667F45F5BF7F6B3DF3A22E1A4837C477F6B68DDC26CDCF60E2DFF0|area_scores=455106174A3E492D501F73B8BA55EFD1B7525656638E8109AE015C290C352DE3|bus_stops=BBA5AC0E8F29538F42373B1789179B5B9D2CF0186E0D3A618537C83B74B628D5|facilities=9AA2BC9D9F9E0EC421FB7D23A9C9BF0BD5EDB59EB173A91CB27E6EB2655A1E07|grid_scores=F2B4631D6C4DB1C379BB9CAA13D29A9C055273F1C0D682BAC13EDD19C0A9E9BF|metrics_code=7A3920ABAC99C0EEE1FA013FF751C14428D5AA95E0F1F3F32FCED6B7A49541BA|model_spec=435B1018F2D35A2B421D1827A23C0DC739DC1F827F71189F8F818CE0B0C670E4|source_manifest=86163BE779951590317AB41BE2F9DE18666BC936F1735593673513008868CEC9,population=4D1530F251B312CE6564BA5676093B1043057F46A0FE2A58CF2756AFC530DA7B|one_person=01923C6EBD7440771E4EBE20CAB0648355A18C09D198677C0E265F5E68406A7D|admdongkor_boundary=6A63D079BA8AF4701AB200AD0B54EBDEA8689808B6E0E9F17973B9BA7883DC6A|bus_stops=01B63929056B55D0A8FE372756942FB9A81A89CB121A0CDB1838DDE9ED8555BF|hira_hospital=458D04F264BFE005CB12078699156CA72AD47B52062E0F79B8140E2635086268|hira_pharmacy=65B2B1E7F65BF1EFAF20C826BC1FB03CC24B65B359F4B5B51E1A234B334505A4
boundary_wc000_wb075_wf025,0,0.75,0.25,6,0.6,"[""가좌동"",""고양동"",""능곡동"",""송포동"",""주교동"",""효자동"",""대덕동"",""장항1동""]","[""관산동"",""행주동""]","[""대덕동"",""장항1동""]",1.1.0,weight_simplex_boundary_audit_v1,goyang_mixed_20250825_20260630,population=2026-06-30|onePersonHouseholds=2026-06-30|hiraFacilities=2026-06-30|analysisBoundary=2026-04-01|busStops=2025-08-25,가중치 0~1; Jaccard 0~1; 포함수 0~231; 순위 1~41,DSS(w)=w_cag*z(CAG)+w_bus*z(bus_inefficiency)+w_facility*z(nearest_facility_mean_m); 44동에서 z표준화 후 과거 팀 사후 대리매핑 3동을 상위8 선정에서 제외,0.05 간격 전체 비음수 simplex 231개는 실제 정책에서 타당한 가중치 집합으로 가정하지 않는다. 제한 범위 밖 극단값을 포함해 45개 결과의 경계 의존성을 반증하는 감사용이며 포함수는 확률이 아니다.,area_adjacency=AF16E5259A667F45F5BF7F6B3DF3A22E1A4837C477F6B68DDC26CDCF60E2DFF0|area_scores=455106174A3E492D501F73B8BA55EFD1B7525656638E8109AE015C290C352DE3|bus_stops=BBA5AC0E8F29538F42373B1789179B5B9D2CF0186E0D3A618537C83B74B628D5|facilities=9AA2BC9D9F9E0EC421FB7D23A9C9BF0BD5EDB59EB173A91CB27E6EB2655A1E07|grid_scores=F2B4631D6C4DB1C379BB9CAA13D29A9C055273F1C0D682BAC13EDD19C0A9E9BF|metrics_code=7A3920ABAC99C0EEE1FA013FF751C14428D5AA95E0F1F3F32FCED6B7A49541BA|model_spec=435B1018F2D35A2B421D1827A23C0DC739DC1F827F71189F8F818CE0B0C670E4|source_manifest=86163BE779951590317AB41BE2F9DE18666BC936F1735593673513008868CEC9,population=4D1530F251B312CE6564BA5676093B1043057F46A0FE2A58CF2756AFC530DA7B|one_person=01923C6EBD7440771E4EBE20CAB0648355A18C09D198677C0E265F5E68406A7D|admdongkor_boundary=6A63D079BA8AF4701AB200AD0B54EBDEA8689808B6E0E9F17973B9BA7883DC6A|bus_stops=01B63929056B55D0A8FE372756942FB9A81A89CB121A0CDB1838DDE9ED8555BF|hira_hospital=458D04F264BFE005CB12078699156CA72AD47B52062E0F79B8140E2635086268|hira_pharmacy=65B2B1E7F65BF1EFAF20C826BC1FB03CC24B65B359F4B5B51E1A234B334505A4
boundary_wc000_wb080_wf020,0,0.8,0.2,6,0.6,"[""가좌동"",""고양동"",""능곡동"",""송포동"",""주교동"",""효자동"",""대덕동"",""장항1동""]","[""관산동"",""행주동""]","[""대덕동"",""장항1동""]",1.1.0,weight_simplex_boundary_audit_v1,goyang_mixed_20250825_20260630,population=2026-06-30|onePersonHouseholds=2026-06-30|hiraFacilities=2026-06-30|analysisBoundary=2026-04-01|busStops=2025-08-25,가중치 0~1; Jaccard 0~1; 포함수 0~231; 순위 1~41,DSS(w)=w_cag*z(CAG)+w_bus*z(bus_inefficiency)+w_facility*z(nearest_facility_mean_m); 44동에서 z표준화 후 과거 팀 사후 대리매핑 3동을 상위8 선정에서 제외,0.05 간격 전체 비음수 simplex 231개는 실제 정책에서 타당한 가중치 집합으로 가정하지 않는다. 제한 범위 밖 극단값을 포함해 45개 결과의 경계 의존성을 반증하는 감사용이며 포함수는 확률이 아니다.,area_adjacency=AF16E5259A667F45F5BF7F6B3DF3A22E1A4837C477F6B68DDC26CDCF60E2DFF0|area_scores=455106174A3E492D501F73B8BA55EFD1B7525656638E8109AE015C290C352DE3|bus_stops=BBA5AC0E8F29538F42373B1789179B5B9D2CF0186E0D3A618537C83B74B628D5|facilities=9AA2BC9D9F9E0EC421FB7D23A9C9BF0BD5EDB59EB173A91CB27E6EB2655A1E07|grid_scores=F2B4631D6C4DB1C379BB9CAA13D29A9C055273F1C0D682BAC13EDD19C0A9E9BF|metrics_code=7A3920ABAC99C0EEE1FA013FF751C14428D5AA95E0F1F3F32FCED6B7A49541BA|model_spec=435B1018F2D35A2B421D1827A23C0DC739DC1F827F71189F8F818CE0B0C670E4|source_manifest=86163BE779951590317AB41BE2F9DE18666BC936F1735593673513008868CEC9,population=4D1530F251B312CE6564BA5676093B1043057F46A0FE2A58CF2756AFC530DA7B|one_person=01923C6EBD7440771E4EBE20CAB0648355A18C09D198677C0E265F5E68406A7D|admdongkor_boundary=6A63D079BA8AF4701AB200AD0B54EBDEA8689808B6E0E9F17973B9BA7883DC6A|bus_stops=01B63929056B55D0A8FE372756942FB9A81A89CB121A0CDB1838DDE9ED8555BF|hira_hospital=458D04F264BFE005CB12078699156CA72AD47B52062E0F79B8140E2635086268|hira_pharmacy=65B2B1E7F65BF1EFAF20C826BC1FB03CC24B65B359F4B5B51E1A234B334505A4
boundary_wc000_wb085_wf015,0,0.85,0.15,6,0.6,"[""가좌동"",""고양동"",""능곡동"",""송포동"",""주교동"",""효자동"",""대덕동"",""장항1동""]","[""관산동"",""행주동""]","[""대덕동"",""장항1동""]",1.1.0,weight_simplex_boundary_audit_v1,goyang_mixed_20250825_20260630,population=2026-06-30|onePersonHouseholds=2026-06-30|hiraFacilities=2026-06-30|analysisBoundary=2026-04-01|busStops=2025-08-25,가중치 0~1; Jaccard 0~1; 포함수 0~231; 순위 1~41,DSS(w)=w_cag*z(CAG)+w_bus*z(bus_inefficiency)+w_facility*z(nearest_facility_mean_m); 44동에서 z표준화 후 과거 팀 사후 대리매핑 3동을 상위8 선정에서 제외,0.05 간격 전체 비음수 simplex 231개는 실제 정책에서 타당한 가중치 집합으로 가정하지 않는다. 제한 범위 밖 극단값을 포함해 45개 결과의 경계 의존성을 반증하는 감사용이며 포함수는 확률이 아니다.,area_adjacency=AF16E5259A667F45F5BF7F6B3DF3A22E1A4837C477F6B68DDC26CDCF60E2DFF0|area_scores=455106174A3E492D501F73B8BA55EFD1B7525656638E8109AE015C290C352DE3|bus_stops=BBA5AC0E8F29538F42373B1789179B5B9D2CF0186E0D3A618537C83B74B628D5|facilities=9AA2BC9D9F9E0EC421FB7D23A9C9BF0BD5EDB59EB173A91CB27E6EB2655A1E07|grid_scores=F2B4631D6C4DB1C379BB9CAA13D29A9C055273F1C0D682BAC13EDD19C0A9E9BF|metrics_code=7A3920ABAC99C0EEE1FA013FF751C14428D5AA95E0F1F3F32FCED6B7A49541BA|model_spec=435B1018F2D35A2B421D1827A23C0DC739DC1F827F71189F8F818CE0B0C670E4|source_manifest=86163BE779951590317AB41BE2F9DE18666BC936F1735593673513008868CEC9,population=4D1530F251B312CE6564BA5676093B1043057F46A0FE2A58CF2756AFC530DA7B|one_person=01923C6EBD7440771E4EBE20CAB0648355A18C09D198677C0E265F5E68406A7D|admdongkor_boundary=6A63D079BA8AF4701AB200AD0B54EBDEA8689808B6E0E9F17973B9BA7883DC6A|bus_stops=01B63929056B55D0A8FE372756942FB9A81A89CB121A0CDB1838DDE9ED8555BF|hira_hospital=458D04F264BFE005CB12078699156CA72AD47B52062E0F79B8140E2635086268|hira_pharmacy=65B2B1E7F65BF1EFAF20C826BC1FB03CC24B65B359F4B5B51E1A234B334505A4
boundary_wc000_wb090_wf010,0,0.9,0.1,6,0.6,"[""가좌동"",""고양동"",""능곡동"",""송포동"",""주교동"",""효자동"",""대덕동"",""장항1동""]","[""관산동"",""행주동""]","[""대덕동"",""장항1동""]",1.1.0,weight_simplex_boundary_audit_v1,goyang_mixed_20250825_20260630,population=2026-06-30|onePersonHouseholds=2026-06-30|hiraFacilities=2026-06-30|analysisBoundary=2026-04-01|busStops=2025-08-25,가중치 0~1; Jaccard 0~1; 포함수 0~231; 순위 1~41,DSS(w)=w_cag*z(CAG)+w_bus*z(bus_inefficiency)+w_facility*z(nearest_facility_mean_m); 44동에서 z표준화 후 과거 팀 사후 대리매핑 3동을 상위8 선정에서 제외,0.05 간격 전체 비음수 simplex 231개는 실제 정책에서 타당한 가중치 집합으로 가정하지 않는다. 제한 범위 밖 극단값을 포함해 45개 결과의 경계 의존성을 반증하는 감사용이며 포함수는 확률이 아니다.,area_adjacency=AF16E5259A667F45F5BF7F6B3DF3A22E1A4837C477F6B68DDC26CDCF60E2DFF0|area_scores=455106174A3E492D501F73B8BA55EFD1B7525656638E8109AE015C290C352DE3|bus_stops=BBA5AC0E8F29538F42373B1789179B5B9D2CF0186E0D3A618537C83B74B628D5|facilities=9AA2BC9D9F9E0EC421FB7D23A9C9BF0BD5EDB59EB173A91CB27E6EB2655A1E07|grid_scores=F2B4631D6C4DB1C379BB9CAA13D29A9C055273F1C0D682BAC13EDD19C0A9E9BF|metrics_code=7A3920ABAC99C0EEE1FA013FF751C14428D5AA95E0F1F3F32FCED6B7A49541BA|model_spec=435B1018F2D35A2B421D1827A23C0DC739DC1F827F71189F8F818CE0B0C670E4|source_manifest=86163BE779951590317AB41BE2F9DE18666BC936F1735593673513008868CEC9,population=4D1530F251B312CE6564BA5676093B1043057F46A0FE2A58CF2756AFC530DA7B|one_person=01923C6EBD7440771E4EBE20CAB0648355A18C09D198677C0E265F5E68406A7D|admdongkor_boundary=6A63D079BA8AF4701AB200AD0B54EBDEA8689808B6E0E9F17973B9BA7883DC6A|bus_stops=01B63929056B55D0A8FE372756942FB9A81A89CB121A0CDB1838DDE9ED8555BF|hira_hospital=458D04F264BFE005CB12078699156CA72AD47B52062E0F79B8140E2635086268|hira_pharmacy=65B2B1E7F65BF1EFAF20C826BC1FB03CC24B65B359F4B5B51E1A234B334505A4
boundary_wc000_wb095_wf005,0,0.95,0.05,6,0.6,"[""가좌동"",""고양동"",""능곡동"",""송포동"",""주교동"",""효자동"",""대덕동"",""장항1동""]","[""관산동"",""행주동""]","[""대덕동"",""장항1동""]",1.1.0,weight_simplex_boundary_audit_v1,goyang_mixed_20250825_20260630,population=2026-06-30|onePersonHouseholds=2026-06-30|hiraFacilities=2026-06-30|analysisBoundary=2026-04-01|busStops=2025-08-25,가중치 0~1; Jaccard 0~1; 포함수 0~231; 순위 1~41,DSS(w)=w_cag*z(CAG)+w_bus*z(bus_inefficiency)+w_facility*z(nearest_facility_mean_m); 44동에서 z표준화 후 과거 팀 사후 대리매핑 3동을 상위8 선정에서 제외,0.05 간격 전체 비음수 simplex 231개는 실제 정책에서 타당한 가중치 집합으로 가정하지 않는다. 제한 범위 밖 극단값을 포함해 45개 결과의 경계 의존성을 반증하는 감사용이며 포함수는 확률이 아니다.,area_adjacency=AF16E5259A667F45F5BF7F6B3DF3A22E1A4837C477F6B68DDC26CDCF60E2DFF0|area_scores=455106174A3E492D501F73B8BA55EFD1B7525656638E8109AE015C290C352DE3|bus_stops=BBA5AC0E8F29538F42373B1789179B5B9D2CF0186E0D3A618537C83B74B628D5|facilities=9AA2BC9D9F9E0EC421FB7D23A9C9BF0BD5EDB59EB173A91CB27E6EB2655A1E07|grid_scores=F2B4631D6C4DB1C379BB9CAA13D29A9C055273F1C0D682BAC13EDD19C0A9E9BF|metrics_code=7A3920ABAC99C0EEE1FA013FF751C14428D5AA95E0F1F3F32FCED6B7A49541BA|model_spec=435B1018F2D35A2B421D1827A23C0DC739DC1F827F71189F8F818CE0B0C670E4|source_manifest=86163BE779951590317AB41BE2F9DE18666BC936F1735593673513008868CEC9,population=4D1530F251B312CE6564BA5676093B1043057F46A0FE2A58CF2756AFC530DA7B|one_person=01923C6EBD7440771E4EBE20CAB0648355A18C09D198677C0E265F5E68406A7D|admdongkor_boundary=6A63D079BA8AF4701AB200AD0B54EBDEA8689808B6E0E9F17973B9BA7883DC6A|bus_stops=01B63929056B55D0A8FE372756942FB9A81A89CB121A0CDB1838DDE9ED8555BF|hira_hospital=458D04F264BFE005CB12078699156CA72AD47B52062E0F79B8140E2635086268|hira_pharmacy=65B2B1E7F65BF1EFAF20C826BC1FB03CC24B65B359F4B5B51E1A234B334505A4
boundary_wc000_wb100_wf000,0,1,0,6,0.6,"[""가좌동"",""고양동"",""능곡동"",""송포동"",""주교동"",""효자동"",""대덕동"",""장항1동""]","[""관산동"",""행주동""]","[""대덕동"",""장항1동""]",1.1.0,weight_simplex_boundary_audit_v1,goyang_mixed_20250825_20260630,population=2026-06-30|onePersonHouseholds=2026-06-30|hiraFacilities=2026-06-30|analysisBoundary=2026-04-01|busStops=2025-08-25,가중치 0~1; Jaccard 0~1; 포함수 0~231; 순위 1~41,DSS(w)=w_cag*z(CAG)+w_bus*z(bus_inefficiency)+w_facility*z(nearest_facility_mean_m); 44동에서 z표준화 후 과거 팀 사후 대리매핑 3동을 상위8 선정에서 제외,0.05 간격 전체 비음수 simplex 231개는 실제 정책에서 타당한 가중치 집합으로 가정하지 않는다. 제한 범위 밖 극단값을 포함해 45개 결과의 경계 의존성을 반증하는 감사용이며 포함수는 확률이 아니다.,area_adjacency=AF16E5259A667F45F5BF7F6B3DF3A22E1A4837C477F6B68DDC26CDCF60E2DFF0|area_scores=455106174A3E492D501F73B8BA55EFD1B7525656638E8109AE015C290C352DE3|bus_stops=BBA5AC0E8F29538F42373B1789179B5B9D2CF0186E0D3A618537C83B74B628D5|facilities=9AA2BC9D9F9E0EC421FB7D23A9C9BF0BD5EDB59EB173A91CB27E6EB2655A1E07|grid_scores=F2B4631D6C4DB1C379BB9CAA13D29A9C055273F1C0D682BAC13EDD19C0A9E9BF|metrics_code=7A3920ABAC99C0EEE1FA013FF751C14428D5AA95E0F1F3F32FCED6B7A49541BA|model_spec=435B1018F2D35A2B421D1827A23C0DC739DC1F827F71189F8F818CE0B0C670E4|source_manifest=86163BE779951590317AB41BE2F9DE18666BC936F1735593673513008868CEC9,population=4D1530F251B312CE6564BA5676093B1043057F46A0FE2A58CF2756AFC530DA7B|one_person=01923C6EBD7440771E4EBE20CAB0648355A18C09D198677C0E265F5E68406A7D|admdongkor_boundary=6A63D079BA8AF4701AB200AD0B54EBDEA8689808B6E0E9F17973B9BA7883DC6A|bus_stops=01B63929056B55D0A8FE372756942FB9A81A89CB121A0CDB1838DDE9ED8555BF|hira_hospital=458D04F264BFE005CB12078699156CA72AD47B52062E0F79B8140E2635086268|hira_pharmacy=65B2B1E7F65BF1EFAF20C826BC1FB03CC24B65B359F4B5B51E1A234B334505A4
boundary_wc005_wb000_wf095,0.05,0,0.95,6,0.6,"[""가좌동"",""고양동"",""능곡동"",""송포동"",""행주동"",""효자동"",""대덕동"",""원신동""]","[""관산동"",""주교동""]","[""대덕동"",""원신동""]",1.1.0,weight_simplex_boundary_audit_v1,goyang_mixed_20250825_20260630,population=2026-06-30|onePersonHouseholds=2026-06-30|hiraFacilities=2026-06-30|analysisBoundary=2026-04-01|busStops=2025-08-25,가중치 0~1; Jaccard 0~1; 포함수 0~231; 순위 1~41,DSS(w)=w_cag*z(CAG)+w_bus*z(bus_inefficiency)+w_facility*z(nearest_facility_mean_m); 44동에서 z표준화 후 과거 팀 사후 대리매핑 3동을 상위8 선정에서 제외,0.05 간격 전체 비음수 simplex 231개는 실제 정책에서 타당한 가중치 집합으로 가정하지 않는다. 제한 범위 밖 극단값을 포함해 45개 결과의 경계 의존성을 반증하는 감사용이며 포함수는 확률이 아니다.,area_adjacency=AF16E5259A667F45F5BF7F6B3DF3A22E1A4837C477F6B68DDC26CDCF60E2DFF0|area_scores=455106174A3E492D501F73B8BA55EFD1B7525656638E8109AE015C290C352DE3|bus_stops=BBA5AC0E8F29538F42373B1789179B5B9D2CF0186E0D3A618537C83B74B628D5|facilities=9AA2BC9D9F9E0EC421FB7D23A9C9BF0BD5EDB59EB173A91CB27E6EB2655A1E07|grid_scores=F2B4631D6C4DB1C379BB9CAA13D29A9C055273F1C0D682BAC13EDD19C0A9E9BF|metrics_code=7A3920ABAC99C0EEE1FA013FF751C14428D5AA95E0F1F3F32FCED6B7A49541BA|model_spec=435B1018F2D35A2B421D1827A23C0DC739DC1F827F71189F8F818CE0B0C670E4|source_manifest=86163BE779951590317AB41BE2F9DE18666BC936F1735593673513008868CEC9,population=4D1530F251B312CE6564BA5676093B1043057F46A0FE2A58CF2756AFC530DA7B|one_person=01923C6EBD7440771E4EBE20CAB0648355A18C09D198677C0E265F5E68406A7D|admdongkor_boundary=6A63D079BA8AF4701AB200AD0B54EBDEA8689808B6E0E9F17973B9BA7883DC6A|bus_stops=01B63929056B55D0A8FE372756942FB9A81A89CB121A0CDB1838DDE9ED8555BF|hira_hospital=458D04F264BFE005CB12078699156CA72AD47B52062E0F79B8140E2635086268|hira_pharmacy=65B2B1E7F65BF1EFAF20C826BC1FB03CC24B65B359F4B5B51E1A234B334505A4
boundary_wc005_wb005_wf090,0.05,0.05,0.9,6,0.6,"[""가좌동"",""고양동"",""능곡동"",""송포동"",""행주동"",""효자동"",""대덕동"",""원신동""]","[""관산동"",""주교동""]","[""대덕동"",""원신동""]",1.1.0,weight_simplex_boundary_audit_v1,goyang_mixed_20250825_20260630,population=2026-06-30|onePersonHouseholds=2026-06-30|hiraFacilities=2026-06-30|analysisBoundary=2026-04-01|busStops=2025-08-25,가중치 0~1; Jaccard 0~1; 포함수 0~231; 순위 1~41,DSS(w)=w_cag*z(CAG)+w_bus*z(bus_inefficiency)+w_facility*z(nearest_facility_mean_m); 44동에서 z표준화 후 과거 팀 사후 대리매핑 3동을 상위8 선정에서 제외,0.05 간격 전체 비음수 simplex 231개는 실제 정책에서 타당한 가중치 집합으로 가정하지 않는다. 제한 범위 밖 극단값을 포함해 45개 결과의 경계 의존성을 반증하는 감사용이며 포함수는 확률이 아니다.,area_adjacency=AF16E5259A667F45F5BF7F6B3DF3A22E1A4837C477F6B68DDC26CDCF60E2DFF0|area_scores=455106174A3E492D501F73B8BA55EFD1B7525656638E8109AE015C290C352DE3|bus_stops=BBA5AC0E8F29538F42373B1789179B5B9D2CF0186E0D3A618537C83B74B628D5|facilities=9AA2BC9D9F9E0EC421FB7D23A9C9BF0BD5EDB59EB173A91CB27E6EB2655A1E07|grid_scores=F2B4631D6C4DB1C379BB9CAA13D29A9C055273F1C0D682BAC13EDD19C0A9E9BF|metrics_code=7A3920ABAC99C0EEE1FA013FF751C14428D5AA95E0F1F3F32FCED6B7A49541BA|model_spec=435B1018F2D35A2B421D1827A23C0DC739DC1F827F71189F8F818CE0B0C670E4|source_manifest=86163BE779951590317AB41BE2F9DE18666BC936F1735593673513008868CEC9,population=4D1530F251B312CE6564BA5676093B1043057F46A0FE2A58CF2756AFC530DA7B|one_person=01923C6EBD7440771E4EBE20CAB0648355A18C09D198677C0E265F5E68406A7D|admdongkor_boundary=6A63D079BA8AF4701AB200AD0B54EBDEA8689808B6E0E9F17973B9BA7883DC6A|bus_stops=01B63929056B55D0A8FE372756942FB9A81A89CB121A0CDB1838DDE9ED8555BF|hira_hospital=458D04F264BFE005CB12078699156CA72AD47B52062E0F79B8140E2635086268|hira_pharmacy=65B2B1E7F65BF1EFAF20C826BC1FB03CC24B65B359F4B5B51E1A234B334505A4
boundary_wc005_wb010_wf085,0.05,0.1,0.85,6,0.6,"[""가좌동"",""고양동"",""능곡동"",""송포동"",""행주동"",""효자동"",""대덕동"",""원신동""]","[""관산동"",""주교동""]","[""대덕동"",""원신동""]",1.1.0,weight_simplex_boundary_audit_v1,goyang_mixed_20250825_20260630,population=2026-06-30|onePersonHouseholds=2026-06-30|hiraFacilities=2026-06-30|analysisBoundary=2026-04-01|busStops=2025-08-25,가중치 0~1; Jaccard 0~1; 포함수 0~231; 순위 1~41,DSS(w)=w_cag*z(CAG)+w_bus*z(bus_inefficiency)+w_facility*z(nearest_facility_mean_m); 44동에서 z표준화 후 과거 팀 사후 대리매핑 3동을 상위8 선정에서 제외,0.05 간격 전체 비음수 simplex 231개는 실제 정책에서 타당한 가중치 집합으로 가정하지 않는다. 제한 범위 밖 극단값을 포함해 45개 결과의 경계 의존성을 반증하는 감사용이며 포함수는 확률이 아니다.,area_adjacency=AF16E5259A667F45F5BF7F6B3DF3A22E1A4837C477F6B68DDC26CDCF60E2DFF0|area_scores=455106174A3E492D501F73B8BA55EFD1B7525656638E8109AE015C290C352DE3|bus_stops=BBA5AC0E8F29538F42373B1789179B5B9D2CF0186E0D3A618537C83B74B628D5|facilities=9AA2BC9D9F9E0EC421FB7D23A9C9BF0BD5EDB59EB173A91CB27E6EB2655A1E07|grid_scores=F2B4631D6C4DB1C379BB9CAA13D29A9C055273F1C0D682BAC13EDD19C0A9E9BF|metrics_code=7A3920ABAC99C0EEE1FA013FF751C14428D5AA95E0F1F3F32FCED6B7A49541BA|model_spec=435B1018F2D35A2B421D1827A23C0DC739DC1F827F71189F8F818CE0B0C670E4|source_manifest=86163BE779951590317AB41BE2F9DE18666BC936F1735593673513008868CEC9,population=4D1530F251B312CE6564BA5676093B1043057F46A0FE2A58CF2756AFC530DA7B|one_person=01923C6EBD7440771E4EBE20CAB0648355A18C09D198677C0E265F5E68406A7D|admdongkor_boundary=6A63D079BA8AF4701AB200AD0B54EBDEA8689808B6E0E9F17973B9BA7883DC6A|bus_stops=01B63929056B55D0A8FE372756942FB9A81A89CB121A0CDB1838DDE9ED8555BF|hira_hospital=458D04F264BFE005CB12078699156CA72AD47B52062E0F79B8140E2635086268|hira_pharmacy=65B2B1E7F65BF1EFAF20C826BC1FB03CC24B65B359F4B5B51E1A234B334505A4
boundary_wc005_wb015_wf080,0.05,0.15,0.8,6,0.6,"[""가좌동"",""고양동"",""능곡동"",""송포동"",""행주동"",""효자동"",""대덕동"",""원신동""]","[""관산동"",""주교동""]","[""대덕동"",""원신동""]",1.1.0,weight_simplex_boundary_audit_v1,goyang_mixed_20250825_20260630,population=2026-06-30|onePersonHouseholds=2026-06-30|hiraFacilities=2026-06-30|analysisBoundary=2026-04-01|busStops=2025-08-25,가중치 0~1; Jaccard 0~1; 포함수 0~231; 순위 1~41,DSS(w)=w_cag*z(CAG)+w_bus*z(bus_inefficiency)+w_facility*z(nearest_facility_mean_m); 44동에서 z표준화 후 과거 팀 사후 대리매핑 3동을 상위8 선정에서 제외,0.05 간격 전체 비음수 simplex 231개는 실제 정책에서 타당한 가중치 집합으로 가정하지 않는다. 제한 범위 밖 극단값을 포함해 45개 결과의 경계 의존성을 반증하는 감사용이며 포함수는 확률이 아니다.,area_adjacency=AF16E5259A667F45F5BF7F6B3DF3A22E1A4837C477F6B68DDC26CDCF60E2DFF0|area_scores=455106174A3E492D501F73B8BA55EFD1B7525656638E8109AE015C290C352DE3|bus_stops=BBA5AC0E8F29538F42373B1789179B5B9D2CF0186E0D3A618537C83B74B628D5|facilities=9AA2BC9D9F9E0EC421FB7D23A9C9BF0BD5EDB59EB173A91CB27E6EB2655A1E07|grid_scores=F2B4631D6C4DB1C379BB9CAA13D29A9C055273F1C0D682BAC13EDD19C0A9E9BF|metrics_code=7A3920ABAC99C0EEE1FA013FF751C14428D5AA95E0F1F3F32FCED6B7A49541BA|model_spec=435B1018F2D35A2B421D1827A23C0DC739DC1F827F71189F8F818CE0B0C670E4|source_manifest=86163BE779951590317AB41BE2F9DE18666BC936F1735593673513008868CEC9,population=4D1530F251B312CE6564BA5676093B1043057F46A0FE2A58CF2756AFC530DA7B|one_person=01923C6EBD7440771E4EBE20CAB0648355A18C09D198677C0E265F5E68406A7D|admdongkor_boundary=6A63D079BA8AF4701AB200AD0B54EBDEA8689808B6E0E9F17973B9BA7883DC6A|bus_stops=01B63929056B55D0A8FE372756942FB9A81A89CB121A0CDB1838DDE9ED8555BF|hira_hospital=458D04F264BFE005CB12078699156CA72AD47B52062E0F79B8140E2635086268|hira_pharmacy=65B2B1E7F65BF1EFAF20C826BC1FB03CC24B65B359F4B5B51E1A234B334505A4
boundary_wc005_wb020_wf075,0.05,0.2,0.75,6,0.6,"[""가좌동"",""고양동"",""능곡동"",""송포동"",""행주동"",""효자동"",""대덕동"",""장항1동""]","[""관산동"",""주교동""]","[""대덕동"",""장항1동""]",1.1.0,weight_simplex_boundary_audit_v1,goyang_mixed_20250825_20260630,population=2026-06-30|onePersonHouseholds=2026-06-30|hiraFacilities=2026-06-30|analysisBoundary=2026-04-01|busStops=2025-08-25,가중치 0~1; Jaccard 0~1; 포함수 0~231; 순위 1~41,DSS(w)=w_cag*z(CAG)+w_bus*z(bus_inefficiency)+w_facility*z(nearest_facility_mean_m); 44동에서 z표준화 후 과거 팀 사후 대리매핑 3동을 상위8 선정에서 제외,0.05 간격 전체 비음수 simplex 231개는 실제 정책에서 타당한 가중치 집합으로 가정하지 않는다. 제한 범위 밖 극단값을 포함해 45개 결과의 경계 의존성을 반증하는 감사용이며 포함수는 확률이 아니다.,area_adjacency=AF16E5259A667F45F5BF7F6B3DF3A22E1A4837C477F6B68DDC26CDCF60E2DFF0|area_scores=455106174A3E492D501F73B8BA55EFD1B7525656638E8109AE015C290C352DE3|bus_stops=BBA5AC0E8F29538F42373B1789179B5B9D2CF0186E0D3A618537C83B74B628D5|facilities=9AA2BC9D9F9E0EC421FB7D23A9C9BF0BD5EDB59EB173A91CB27E6EB2655A1E07|grid_scores=F2B4631D6C4DB1C379BB9CAA13D29A9C055273F1C0D682BAC13EDD19C0A9E9BF|metrics_code=7A3920ABAC99C0EEE1FA013FF751C14428D5AA95E0F1F3F32FCED6B7A49541BA|model_spec=435B1018F2D35A2B421D1827A23C0DC739DC1F827F71189F8F818CE0B0C670E4|source_manifest=86163BE779951590317AB41BE2F9DE18666BC936F1735593673513008868CEC9,population=4D1530F251B312CE6564BA5676093B1043057F46A0FE2A58CF2756AFC530DA7B|one_person=01923C6EBD7440771E4EBE20CAB0648355A18C09D198677C0E265F5E68406A7D|admdongkor_boundary=6A63D079BA8AF4701AB200AD0B54EBDEA8689808B6E0E9F17973B9BA7883DC6A|bus_stops=01B63929056B55D0A8FE372756942FB9A81A89CB121A0CDB1838DDE9ED8555BF|hira_hospital=458D04F264BFE005CB12078699156CA72AD47B52062E0F79B8140E2635086268|hira_pharmacy=65B2B1E7F65BF1EFAF20C826BC1FB03CC24B65B359F4B5B51E1A234B334505A4
boundary_wc005_wb025_wf070,0.05,0.25,0.7,6,0.6,"[""가좌동"",""고양동"",""능곡동"",""송포동"",""행주동"",""효자동"",""대덕동"",""장항1동""]","[""관산동"",""주교동""]","[""대덕동"",""장항1동""]",1.1.0,weight_simplex_boundary_audit_v1,goyang_mixed_20250825_20260630,population=2026-06-30|onePersonHouseholds=2026-06-30|hiraFacilities=2026-06-30|analysisBoundary=2026-04-01|busStops=2025-08-25,가중치 0~1; Jaccard 0~1; 포함수 0~231; 순위 1~41,DSS(w)=w_cag*z(CAG)+w_bus*z(bus_inefficiency)+w_facility*z(nearest_facility_mean_m); 44동에서 z표준화 후 과거 팀 사후 대리매핑 3동을 상위8 선정에서 제외,0.05 간격 전체 비음수 simplex 231개는 실제 정책에서 타당한 가중치 집합으로 가정하지 않는다. 제한 범위 밖 극단값을 포함해 45개 결과의 경계 의존성을 반증하는 감사용이며 포함수는 확률이 아니다.,area_adjacency=AF16E5259A667F45F5BF7F6B3DF3A22E1A4837C477F6B68DDC26CDCF60E2DFF0|area_scores=455106174A3E492D501F73B8BA55EFD1B7525656638E8109AE015C290C352DE3|bus_stops=BBA5AC0E8F29538F42373B1789179B5B9D2CF0186E0D3A618537C83B74B628D5|facilities=9AA2BC9D9F9E0EC421FB7D23A9C9BF0BD5EDB59EB173A91CB27E6EB2655A1E07|grid_scores=F2B4631D6C4DB1C379BB9CAA13D29A9C055273F1C0D682BAC13EDD19C0A9E9BF|metrics_code=7A3920ABAC99C0EEE1FA013FF751C14428D5AA95E0F1F3F32FCED6B7A49541BA|model_spec=435B1018F2D35A2B421D1827A23C0DC739DC1F827F71189F8F818CE0B0C670E4|source_manifest=86163BE779951590317AB41BE2F9DE18666BC936F1735593673513008868CEC9,population=4D1530F251B312CE6564BA5676093B1043057F46A0FE2A58CF2756AFC530DA7B|one_person=01923C6EBD7440771E4EBE20CAB0648355A18C09D198677C0E265F5E68406A7D|admdongkor_boundary=6A63D079BA8AF4701AB200AD0B54EBDEA8689808B6E0E9F17973B9BA7883DC6A|bus_stops=01B63929056B55D0A8FE372756942FB9A81A89CB121A0CDB1838DDE9ED8555BF|hira_hospital=458D04F264BFE005CB12078699156CA72AD47B52062E0F79B8140E2635086268|hira_pharmacy=65B2B1E7F65BF1EFAF20C826BC1FB03CC24B65B359F4B5B51E1A234B334505A4
boundary_wc005_wb030_wf065,0.05,0.3,0.65,6,0.6,"[""가좌동"",""고양동"",""능곡동"",""송포동"",""행주동"",""효자동"",""대덕동"",""장항1동""]","[""관산동"",""주교동""]","[""대덕동"",""장항1동""]",1.1.0,weight_simplex_boundary_audit_v1,goyang_mixed_20250825_20260630,population=2026-06-30|onePersonHouseholds=2026-06-30|hiraFacilities=2026-06-30|analysisBoundary=2026-04-01|busStops=2025-08-25,가중치 0~1; Jaccard 0~1; 포함수 0~231; 순위 1~41,DSS(w)=w_cag*z(CAG)+w_bus*z(bus_inefficiency)+w_facility*z(nearest_facility_mean_m); 44동에서 z표준화 후 과거 팀 사후 대리매핑 3동을 상위8 선정에서 제외,0.05 간격 전체 비음수 simplex 231개는 실제 정책에서 타당한 가중치 집합으로 가정하지 않는다. 제한 범위 밖 극단값을 포함해 45개 결과의 경계 의존성을 반증하는 감사용이며 포함수는 확률이 아니다.,area_adjacency=AF16E5259A667F45F5BF7F6B3DF3A22E1A4837C477F6B68DDC26CDCF60E2DFF0|area_scores=455106174A3E492D501F73B8BA55EFD1B7525656638E8109AE015C290C352DE3|bus_stops=BBA5AC0E8F29538F42373B1789179B5B9D2CF0186E0D3A618537C83B74B628D5|facilities=9AA2BC9D9F9E0EC421FB7D23A9C9BF0BD5EDB59EB173A91CB27E6EB2655A1E07|grid_scores=F2B4631D6C4DB1C379BB9CAA13D29A9C055273F1C0D682BAC13EDD19C0A9E9BF|metrics_code=7A3920ABAC99C0EEE1FA013FF751C14428D5AA95E0F1F3F32FCED6B7A49541BA|model_spec=435B1018F2D35A2B421D1827A23C0DC739DC1F827F71189F8F818CE0B0C670E4|source_manifest=86163BE779951590317AB41BE2F9DE18666BC936F1735593673513008868CEC9,population=4D1530F251B312CE6564BA5676093B1043057F46A0FE2A58CF2756AFC530DA7B|one_person=01923C6EBD7440771E4EBE20CAB0648355A18C09D198677C0E265F5E68406A7D|admdongkor_boundary=6A63D079BA8AF4701AB200AD0B54EBDEA8689808B6E0E9F17973B9BA7883DC6A|bus_stops=01B63929056B55D0A8FE372756942FB9A81A89CB121A0CDB1838DDE9ED8555BF|hira_hospital=458D04F264BFE005CB12078699156CA72AD47B52062E0F79B8140E2635086268|hira_pharmacy=65B2B1E7F65BF1EFAF20C826BC1FB03CC24B65B359F4B5B51E1A234B334505A4
boundary_wc005_wb035_wf060,0.05,0.35,0.6,6,0.6,"[""가좌동"",""고양동"",""능곡동"",""송포동"",""행주동"",""효자동"",""대덕동"",""장항1동""]","[""관산동"",""주교동""]","[""대덕동"",""장항1동""]",1.1.0,weight_simplex_boundary_audit_v1,goyang_mixed_20250825_20260630,population=2026-06-30|onePersonHouseholds=2026-06-30|hiraFacilities=2026-06-30|analysisBoundary=2026-04-01|busStops=2025-08-25,가중치 0~1; Jaccard 0~1; 포함수 0~231; 순위 1~41,DSS(w)=w_cag*z(CAG)+w_bus*z(bus_inefficiency)+w_facility*z(nearest_facility_mean_m); 44동에서 z표준화 후 과거 팀 사후 대리매핑 3동을 상위8 선정에서 제외,0.05 간격 전체 비음수 simplex 231개는 실제 정책에서 타당한 가중치 집합으로 가정하지 않는다. 제한 범위 밖 극단값을 포함해 45개 결과의 경계 의존성을 반증하는 감사용이며 포함수는 확률이 아니다.,area_adjacency=AF16E5259A667F45F5BF7F6B3DF3A22E1A4837C477F6B68DDC26CDCF60E2DFF0|area_scores=455106174A3E492D501F73B8BA55EFD1B7525656638E8109AE015C290C352DE3|bus_stops=BBA5AC0E8F29538F42373B1789179B5B9D2CF0186E0D3A618537C83B74B628D5|facilities=9AA2BC9D9F9E0EC421FB7D23A9C9BF0BD5EDB59EB173A91CB27E6EB2655A1E07|grid_scores=F2B4631D6C4DB1C379BB9CAA13D29A9C055273F1C0D682BAC13EDD19C0A9E9BF|metrics_code=7A3920ABAC99C0EEE1FA013FF751C14428D5AA95E0F1F3F32FCED6B7A49541BA|model_spec=435B1018F2D35A2B421D1827A23C0DC739DC1F827F71189F8F818CE0B0C670E4|source_manifest=86163BE779951590317AB41BE2F9DE18666BC936F1735593673513008868CEC9,population=4D1530F251B312CE6564BA5676093B1043057F46A0FE2A58CF2756AFC530DA7B|one_person=01923C6EBD7440771E4EBE20CAB0648355A18C09D198677C0E265F5E68406A7D|admdongkor_boundary=6A63D079BA8AF4701AB200AD0B54EBDEA8689808B6E0E9F17973B9BA7883DC6A|bus_stops=01B63929056B55D0A8FE372756942FB9A81A89CB121A0CDB1838DDE9ED8555BF|hira_hospital=458D04F264BFE005CB12078699156CA72AD47B52062E0F79B8140E2635086268|hira_pharmacy=65B2B1E7F65BF1EFAF20C826BC1FB03CC24B65B359F4B5B51E1A234B334505A4
boundary_wc005_wb040_wf055,0.05,0.4,0.55,6,0.6,"[""가좌동"",""고양동"",""능곡동"",""송포동"",""행주동"",""효자동"",""대덕동"",""장항1동""]","[""관산동"",""주교동""]","[""대덕동"",""장항1동""]",1.1.0,weight_simplex_boundary_audit_v1,goyang_mixed_20250825_20260630,population=2026-06-30|onePersonHouseholds=2026-06-30|hiraFacilities=2026-06-30|analysisBoundary=2026-04-01|busStops=2025-08-25,가중치 0~1; Jaccard 0~1; 포함수 0~231; 순위 1~41,DSS(w)=w_cag*z(CAG)+w_bus*z(bus_inefficiency)+w_facility*z(nearest_facility_mean_m); 44동에서 z표준화 후 과거 팀 사후 대리매핑 3동을 상위8 선정에서 제외,0.05 간격 전체 비음수 simplex 231개는 실제 정책에서 타당한 가중치 집합으로 가정하지 않는다. 제한 범위 밖 극단값을 포함해 45개 결과의 경계 의존성을 반증하는 감사용이며 포함수는 확률이 아니다.,area_adjacency=AF16E5259A667F45F5BF7F6B3DF3A22E1A4837C477F6B68DDC26CDCF60E2DFF0|area_scores=455106174A3E492D501F73B8BA55EFD1B7525656638E8109AE015C290C352DE3|bus_stops=BBA5AC0E8F29538F42373B1789179B5B9D2CF0186E0D3A618537C83B74B628D5|facilities=9AA2BC9D9F9E0EC421FB7D23A9C9BF0BD5EDB59EB173A91CB27E6EB2655A1E07|grid_scores=F2B4631D6C4DB1C379BB9CAA13D29A9C055273F1C0D682BAC13EDD19C0A9E9BF|metrics_code=7A3920ABAC99C0EEE1FA013FF751C14428D5AA95E0F1F3F32FCED6B7A49541BA|model_spec=435B1018F2D35A2B421D1827A23C0DC739DC1F827F71189F8F818CE0B0C670E4|source_manifest=86163BE779951590317AB41BE2F9DE18666BC936F1735593673513008868CEC9,population=4D1530F251B312CE6564BA5676093B1043057F46A0FE2A58CF2756AFC530DA7B|one_person=01923C6EBD7440771E4EBE20CAB0648355A18C09D198677C0E265F5E68406A7D|admdongkor_boundary=6A63D079BA8AF4701AB200AD0B54EBDEA8689808B6E0E9F17973B9BA7883DC6A|bus_stops=01B63929056B55D0A8FE372756942FB9A81A89CB121A0CDB1838DDE9ED8555BF|hira_hospital=458D04F264BFE005CB12078699156CA72AD47B52062E0F79B8140E2635086268|hira_pharmacy=65B2B1E7F65BF1EFAF20C826BC1FB03CC24B65B359F4B5B51E1A234B334505A4
boundary_wc005_wb045_wf050,0.05,0.45,0.5,6,0.6,"[""가좌동"",""고양동"",""능곡동"",""송포동"",""행주동"",""효자동"",""대덕동"",""장항1동""]","[""관산동"",""주교동""]","[""대덕동"",""장항1동""]",1.1.0,weight_simplex_boundary_audit_v1,goyang_mixed_20250825_20260630,population=2026-06-30|onePersonHouseholds=2026-06-30|hiraFacilities=2026-06-30|analysisBoundary=2026-04-01|busStops=2025-08-25,가중치 0~1; Jaccard 0~1; 포함수 0~231; 순위 1~41,DSS(w)=w_cag*z(CAG)+w_bus*z(bus_inefficiency)+w_facility*z(nearest_facility_mean_m); 44동에서 z표준화 후 과거 팀 사후 대리매핑 3동을 상위8 선정에서 제외,0.05 간격 전체 비음수 simplex 231개는 실제 정책에서 타당한 가중치 집합으로 가정하지 않는다. 제한 범위 밖 극단값을 포함해 45개 결과의 경계 의존성을 반증하는 감사용이며 포함수는 확률이 아니다.,area_adjacency=AF16E5259A667F45F5BF7F6B3DF3A22E1A4837C477F6B68DDC26CDCF60E2DFF0|area_scores=455106174A3E492D501F73B8BA55EFD1B7525656638E8109AE015C290C352DE3|bus_stops=BBA5AC0E8F29538F42373B1789179B5B9D2CF0186E0D3A618537C83B74B628D5|facilities=9AA2BC9D9F9E0EC421FB7D23A9C9BF0BD5EDB59EB173A91CB27E6EB2655A1E07|grid_scores=F2B4631D6C4DB1C379BB9CAA13D29A9C055273F1C0D682BAC13EDD19C0A9E9BF|metrics_code=7A3920ABAC99C0EEE1FA013FF751C14428D5AA95E0F1F3F32FCED6B7A49541BA|model_spec=435B1018F2D35A2B421D1827A23C0DC739DC1F827F71189F8F818CE0B0C670E4|source_manifest=86163BE779951590317AB41BE2F9DE18666BC936F1735593673513008868CEC9,population=4D1530F251B312CE6564BA5676093B1043057F46A0FE2A58CF2756AFC530DA7B|one_person=01923C6EBD7440771E4EBE20CAB0648355A18C09D198677C0E265F5E68406A7D|admdongkor_boundary=6A63D079BA8AF4701AB200AD0B54EBDEA8689808B6E0E9F17973B9BA7883DC6A|bus_stops=01B63929056B55D0A8FE372756942FB9A81A89CB121A0CDB1838DDE9ED8555BF|hira_hospital=458D04F264BFE005CB12078699156CA72AD47B52062E0F79B8140E2635086268|hira_pharmacy=65B2B1E7F65BF1EFAF20C826BC1FB03CC24B65B359F4B5B51E1A234B334505A4
boundary_wc005_wb050_wf045,0.05,0.5,0.45,6,0.6,"[""가좌동"",""고양동"",""능곡동"",""송포동"",""행주동"",""효자동"",""대덕동"",""장항1동""]","[""관산동"",""주교동""]","[""대덕동"",""장항1동""]",1.1.0,weight_simplex_boundary_audit_v1,goyang_mixed_20250825_20260630,population=2026-06-30|onePersonHouseholds=2026-06-30|hiraFacilities=2026-06-30|analysisBoundary=2026-04-01|busStops=2025-08-25,가중치 0~1; Jaccard 0~1; 포함수 0~231; 순위 1~41,DSS(w)=w_cag*z(CAG)+w_bus*z(bus_inefficiency)+w_facility*z(nearest_facility_mean_m); 44동에서 z표준화 후 과거 팀 사후 대리매핑 3동을 상위8 선정에서 제외,0.05 간격 전체 비음수 simplex 231개는 실제 정책에서 타당한 가중치 집합으로 가정하지 않는다. 제한 범위 밖 극단값을 포함해 45개 결과의 경계 의존성을 반증하는 감사용이며 포함수는 확률이 아니다.,area_adjacency=AF16E5259A667F45F5BF7F6B3DF3A22E1A4837C477F6B68DDC26CDCF60E2DFF0|area_scores=455106174A3E492D501F73B8BA55EFD1B7525656638E8109AE015C290C352DE3|bus_stops=BBA5AC0E8F29538F42373B1789179B5B9D2CF0186E0D3A618537C83B74B628D5|facilities=9AA2BC9D9F9E0EC421FB7D23A9C9BF0BD5EDB59EB173A91CB27E6EB2655A1E07|grid_scores=F2B4631D6C4DB1C379BB9CAA13D29A9C055273F1C0D682BAC13EDD19C0A9E9BF|metrics_code=7A3920ABAC99C0EEE1FA013FF751C14428D5AA95E0F1F3F32FCED6B7A49541BA|model_spec=435B1018F2D35A2B421D1827A23C0DC739DC1F827F71189F8F818CE0B0C670E4|source_manifest=86163BE779951590317AB41BE2F9DE18666BC936F1735593673513008868CEC9,population=4D1530F251B312CE6564BA5676093B1043057F46A0FE2A58CF2756AFC530DA7B|one_person=01923C6EBD7440771E4EBE20CAB0648355A18C09D198677C0E265F5E68406A7D|admdongkor_boundary=6A63D079BA8AF4701AB200AD0B54EBDEA8689808B6E0E9F17973B9BA7883DC6A|bus_stops=01B63929056B55D0A8FE372756942FB9A81A89CB121A0CDB1838DDE9ED8555BF|hira_hospital=458D04F264BFE005CB12078699156CA72AD47B52062E0F79B8140E2635086268|hira_pharmacy=65B2B1E7F65BF1EFAF20C826BC1FB03CC24B65B359F4B5B51E1A234B334505A4
boundary_wc005_wb055_wf040,0.05,0.55,0.4,6,0.6,"[""가좌동"",""고양동"",""능곡동"",""송포동"",""주교동"",""효자동"",""대덕동"",""장항1동""]","[""관산동"",""행주동""]","[""대덕동"",""장항1동""]",1.1.0,weight_simplex_boundary_audit_v1,goyang_mixed_20250825_20260630,population=2026-06-30|onePersonHouseholds=2026-06-30|hiraFacilities=2026-06-30|analysisBoundary=2026-04-01|busStops=2025-08-25,가중치 0~1; Jaccard 0~1; 포함수 0~231; 순위 1~41,DSS(w)=w_cag*z(CAG)+w_bus*z(bus_inefficiency)+w_facility*z(nearest_facility_mean_m); 44동에서 z표준화 후 과거 팀 사후 대리매핑 3동을 상위8 선정에서 제외,0.05 간격 전체 비음수 simplex 231개는 실제 정책에서 타당한 가중치 집합으로 가정하지 않는다. 제한 범위 밖 극단값을 포함해 45개 결과의 경계 의존성을 반증하는 감사용이며 포함수는 확률이 아니다.,area_adjacency=AF16E5259A667F45F5BF7F6B3DF3A22E1A4837C477F6B68DDC26CDCF60E2DFF0|area_scores=455106174A3E492D501F73B8BA55EFD1B7525656638E8109AE015C290C352DE3|bus_stops=BBA5AC0E8F29538F42373B1789179B5B9D2CF0186E0D3A618537C83B74B628D5|facilities=9AA2BC9D9F9E0EC421FB7D23A9C9BF0BD5EDB59EB173A91CB27E6EB2655A1E07|grid_scores=F2B4631D6C4DB1C379BB9CAA13D29A9C055273F1C0D682BAC13EDD19C0A9E9BF|metrics_code=7A3920ABAC99C0EEE1FA013FF751C14428D5AA95E0F1F3F32FCED6B7A49541BA|model_spec=435B1018F2D35A2B421D1827A23C0DC739DC1F827F71189F8F818CE0B0C670E4|source_manifest=86163BE779951590317AB41BE2F9DE18666BC936F1735593673513008868CEC9,population=4D1530F251B312CE6564BA5676093B1043057F46A0FE2A58CF2756AFC530DA7B|one_person=01923C6EBD7440771E4EBE20CAB0648355A18C09D198677C0E265F5E68406A7D|admdongkor_boundary=6A63D079BA8AF4701AB200AD0B54EBDEA8689808B6E0E9F17973B9BA7883DC6A|bus_stops=01B63929056B55D0A8FE372756942FB9A81A89CB121A0CDB1838DDE9ED8555BF|hira_hospital=458D04F264BFE005CB12078699156CA72AD47B52062E0F79B8140E2635086268|hira_pharmacy=65B2B1E7F65BF1EFAF20C826BC1FB03CC24B65B359F4B5B51E1A234B334505A4
boundary_wc005_wb060_wf035,0.05,0.6,0.35,6,0.6,"[""가좌동"",""고양동"",""능곡동"",""송포동"",""주교동"",""효자동"",""대덕동"",""장항1동""]","[""관산동"",""행주동""]","[""대덕동"",""장항1동""]",1.1.0,weight_simplex_boundary_audit_v1,goyang_mixed_20250825_20260630,population=2026-06-30|onePersonHouseholds=2026-06-30|hiraFacilities=2026-06-30|analysisBoundary=2026-04-01|busStops=2025-08-25,가중치 0~1; Jaccard 0~1; 포함수 0~231; 순위 1~41,DSS(w)=w_cag*z(CAG)+w_bus*z(bus_inefficiency)+w_facility*z(nearest_facility_mean_m); 44동에서 z표준화 후 과거 팀 사후 대리매핑 3동을 상위8 선정에서 제외,0.05 간격 전체 비음수 simplex 231개는 실제 정책에서 타당한 가중치 집합으로 가정하지 않는다. 제한 범위 밖 극단값을 포함해 45개 결과의 경계 의존성을 반증하는 감사용이며 포함수는 확률이 아니다.,area_adjacency=AF16E5259A667F45F5BF7F6B3DF3A22E1A4837C477F6B68DDC26CDCF60E2DFF0|area_scores=455106174A3E492D501F73B8BA55EFD1B7525656638E8109AE015C290C352DE3|bus_stops=BBA5AC0E8F29538F42373B1789179B5B9D2CF0186E0D3A618537C83B74B628D5|facilities=9AA2BC9D9F9E0EC421FB7D23A9C9BF0BD5EDB59EB173A91CB27E6EB2655A1E07|grid_scores=F2B4631D6C4DB1C379BB9CAA13D29A9C055273F1C0D682BAC13EDD19C0A9E9BF|metrics_code=7A3920ABAC99C0EEE1FA013FF751C14428D5AA95E0F1F3F32FCED6B7A49541BA|model_spec=435B1018F2D35A2B421D1827A23C0DC739DC1F827F71189F8F818CE0B0C670E4|source_manifest=86163BE779951590317AB41BE2F9DE18666BC936F1735593673513008868CEC9,population=4D1530F251B312CE6564BA5676093B1043057F46A0FE2A58CF2756AFC530DA7B|one_person=01923C6EBD7440771E4EBE20CAB0648355A18C09D198677C0E265F5E68406A7D|admdongkor_boundary=6A63D079BA8AF4701AB200AD0B54EBDEA8689808B6E0E9F17973B9BA7883DC6A|bus_stops=01B63929056B55D0A8FE372756942FB9A81A89CB121A0CDB1838DDE9ED8555BF|hira_hospital=458D04F264BFE005CB12078699156CA72AD47B52062E0F79B8140E2635086268|hira_pharmacy=65B2B1E7F65BF1EFAF20C826BC1FB03CC24B65B359F4B5B51E1A234B334505A4
boundary_wc005_wb065_wf030,0.05,0.65,0.3,6,0.6,"[""가좌동"",""고양동"",""능곡동"",""송포동"",""주교동"",""효자동"",""대덕동"",""장항1동""]","[""관산동"",""행주동""]","[""대덕동"",""장항1동""]",1.1.0,weight_simplex_boundary_audit_v1,goyang_mixed_20250825_20260630,population=2026-06-30|onePersonHouseholds=2026-06-30|hiraFacilities=2026-06-30|analysisBoundary=2026-04-01|busStops=2025-08-25,가중치 0~1; Jaccard 0~1; 포함수 0~231; 순위 1~41,DSS(w)=w_cag*z(CAG)+w_bus*z(bus_inefficiency)+w_facility*z(nearest_facility_mean_m); 44동에서 z표준화 후 과거 팀 사후 대리매핑 3동을 상위8 선정에서 제외,0.05 간격 전체 비음수 simplex 231개는 실제 정책에서 타당한 가중치 집합으로 가정하지 않는다. 제한 범위 밖 극단값을 포함해 45개 결과의 경계 의존성을 반증하는 감사용이며 포함수는 확률이 아니다.,area_adjacency=AF16E5259A667F45F5BF7F6B3DF3A22E1A4837C477F6B68DDC26CDCF60E2DFF0|area_scores=455106174A3E492D501F73B8BA55EFD1B7525656638E8109AE015C290C352DE3|bus_stops=BBA5AC0E8F29538F42373B1789179B5B9D2CF0186E0D3A618537C83B74B628D5|facilities=9AA2BC9D9F9E0EC421FB7D23A9C9BF0BD5EDB59EB173A91CB27E6EB2655A1E07|grid_scores=F2B4631D6C4DB1C379BB9CAA13D29A9C055273F1C0D682BAC13EDD19C0A9E9BF|metrics_code=7A3920ABAC99C0EEE1FA013FF751C14428D5AA95E0F1F3F32FCED6B7A49541BA|model_spec=435B1018F2D35A2B421D1827A23C0DC739DC1F827F71189F8F818CE0B0C670E4|source_manifest=86163BE779951590317AB41BE2F9DE18666BC936F1735593673513008868CEC9,population=4D1530F251B312CE6564BA5676093B1043057F46A0FE2A58CF2756AFC530DA7B|one_person=01923C6EBD7440771E4EBE20CAB0648355A18C09D198677C0E265F5E68406A7D|admdongkor_boundary=6A63D079BA8AF4701AB200AD0B54EBDEA8689808B6E0E9F17973B9BA7883DC6A|bus_stops=01B63929056B55D0A8FE372756942FB9A81A89CB121A0CDB1838DDE9ED8555BF|hira_hospital=458D04F264BFE005CB12078699156CA72AD47B52062E0F79B8140E2635086268|hira_pharmacy=65B2B1E7F65BF1EFAF20C826BC1FB03CC24B65B359F4B5B51E1A234B334505A4
boundary_wc005_wb070_wf025,0.05,0.7,0.25,6,0.6,"[""가좌동"",""고양동"",""능곡동"",""송포동"",""주교동"",""효자동"",""대덕동"",""장항1동""]","[""관산동"",""행주동""]","[""대덕동"",""장항1동""]",1.1.0,weight_simplex_boundary_audit_v1,goyang_mixed_20250825_20260630,population=2026-06-30|onePersonHouseholds=2026-06-30|hiraFacilities=2026-06-30|analysisBoundary=2026-04-01|busStops=2025-08-25,가중치 0~1; Jaccard 0~1; 포함수 0~231; 순위 1~41,DSS(w)=w_cag*z(CAG)+w_bus*z(bus_inefficiency)+w_facility*z(nearest_facility_mean_m); 44동에서 z표준화 후 과거 팀 사후 대리매핑 3동을 상위8 선정에서 제외,0.05 간격 전체 비음수 simplex 231개는 실제 정책에서 타당한 가중치 집합으로 가정하지 않는다. 제한 범위 밖 극단값을 포함해 45개 결과의 경계 의존성을 반증하는 감사용이며 포함수는 확률이 아니다.,area_adjacency=AF16E5259A667F45F5BF7F6B3DF3A22E1A4837C477F6B68DDC26CDCF60E2DFF0|area_scores=455106174A3E492D501F73B8BA55EFD1B7525656638E8109AE015C290C352DE3|bus_stops=BBA5AC0E8F29538F42373B1789179B5B9D2CF0186E0D3A618537C83B74B628D5|facilities=9AA2BC9D9F9E0EC421FB7D23A9C9BF0BD5EDB59EB173A91CB27E6EB2655A1E07|grid_scores=F2B4631D6C4DB1C379BB9CAA13D29A9C055273F1C0D682BAC13EDD19C0A9E9BF|metrics_code=7A3920ABAC99C0EEE1FA013FF751C14428D5AA95E0F1F3F32FCED6B7A49541BA|model_spec=435B1018F2D35A2B421D1827A23C0DC739DC1F827F71189F8F818CE0B0C670E4|source_manifest=86163BE779951590317AB41BE2F9DE18666BC936F1735593673513008868CEC9,population=4D1530F251B312CE6564BA5676093B1043057F46A0FE2A58CF2756AFC530DA7B|one_person=01923C6EBD7440771E4EBE20CAB0648355A18C09D198677C0E265F5E68406A7D|admdongkor_boundary=6A63D079BA8AF4701AB200AD0B54EBDEA8689808B6E0E9F17973B9BA7883DC6A|bus_stops=01B63929056B55D0A8FE372756942FB9A81A89CB121A0CDB1838DDE9ED8555BF|hira_hospital=458D04F264BFE005CB12078699156CA72AD47B52062E0F79B8140E2635086268|hira_pharmacy=65B2B1E7F65BF1EFAF20C826BC1FB03CC24B65B359F4B5B51E1A234B334505A4
boundary_wc005_wb075_wf020,0.05,0.75,0.2,6,0.6,"[""가좌동"",""고양동"",""능곡동"",""송포동"",""주교동"",""효자동"",""대덕동"",""장항1동""]","[""관산동"",""행주동""]","[""대덕동"",""장항1동""]",1.1.0,weight_simplex_boundary_audit_v1,goyang_mixed_20250825_20260630,population=2026-06-30|onePersonHouseholds=2026-06-30|hiraFacilities=2026-06-30|analysisBoundary=2026-04-01|busStops=2025-08-25,가중치 0~1; Jaccard 0~1; 포함수 0~231; 순위 1~41,DSS(w)=w_cag*z(CAG)+w_bus*z(bus_inefficiency)+w_facility*z(nearest_facility_mean_m); 44동에서 z표준화 후 과거 팀 사후 대리매핑 3동을 상위8 선정에서 제외,0.05 간격 전체 비음수 simplex 231개는 실제 정책에서 타당한 가중치 집합으로 가정하지 않는다. 제한 범위 밖 극단값을 포함해 45개 결과의 경계 의존성을 반증하는 감사용이며 포함수는 확률이 아니다.,area_adjacency=AF16E5259A667F45F5BF7F6B3DF3A22E1A4837C477F6B68DDC26CDCF60E2DFF0|area_scores=455106174A3E492D501F73B8BA55EFD1B7525656638E8109AE015C290C352DE3|bus_stops=BBA5AC0E8F29538F42373B1789179B5B9D2CF0186E0D3A618537C83B74B628D5|facilities=9AA2BC9D9F9E0EC421FB7D23A9C9BF0BD5EDB59EB173A91CB27E6EB2655A1E07|grid_scores=F2B4631D6C4DB1C379BB9CAA13D29A9C055273F1C0D682BAC13EDD19C0A9E9BF|metrics_code=7A3920ABAC99C0EEE1FA013FF751C14428D5AA95E0F1F3F32FCED6B7A49541BA|model_spec=435B1018F2D35A2B421D1827A23C0DC739DC1F827F71189F8F818CE0B0C670E4|source_manifest=86163BE779951590317AB41BE2F9DE18666BC936F1735593673513008868CEC9,population=4D1530F251B312CE6564BA5676093B1043057F46A0FE2A58CF2756AFC530DA7B|one_person=01923C6EBD7440771E4EBE20CAB0648355A18C09D198677C0E265F5E68406A7D|admdongkor_boundary=6A63D079BA8AF4701AB200AD0B54EBDEA8689808B6E0E9F17973B9BA7883DC6A|bus_stops=01B63929056B55D0A8FE372756942FB9A81A89CB121A0CDB1838DDE9ED8555BF|hira_hospital=458D04F264BFE005CB12078699156CA72AD47B52062E0F79B8140E2635086268|hira_pharmacy=65B2B1E7F65BF1EFAF20C826BC1FB03CC24B65B359F4B5B51E1A234B334505A4
boundary_wc005_wb080_wf015,0.05,0.8,0.15,6,0.6,"[""가좌동"",""고양동"",""능곡동"",""송포동"",""주교동"",""효자동"",""대덕동"",""장항1동""]","[""관산동"",""행주동""]","[""대덕동"",""장항1동""]",1.1.0,weight_simplex_boundary_audit_v1,goyang_mixed_20250825_20260630,population=2026-06-30|onePersonHouseholds=2026-06-30|hiraFacilities=2026-06-30|analysisBoundary=2026-04-01|busStops=2025-08-25,가중치 0~1; Jaccard 0~1; 포함수 0~231; 순위 1~41,DSS(w)=w_cag*z(CAG)+w_bus*z(bus_inefficiency)+w_facility*z(nearest_facility_mean_m); 44동에서 z표준화 후 과거 팀 사후 대리매핑 3동을 상위8 선정에서 제외,0.05 간격 전체 비음수 simplex 231개는 실제 정책에서 타당한 가중치 집합으로 가정하지 않는다. 제한 범위 밖 극단값을 포함해 45개 결과의 경계 의존성을 반증하는 감사용이며 포함수는 확률이 아니다.,area_adjacency=AF16E5259A667F45F5BF7F6B3DF3A22E1A4837C477F6B68DDC26CDCF60E2DFF0|area_scores=455106174A3E492D501F73B8BA55EFD1B7525656638E8109AE015C290C352DE3|bus_stops=BBA5AC0E8F29538F42373B1789179B5B9D2CF0186E0D3A618537C83B74B628D5|facilities=9AA2BC9D9F9E0EC421FB7D23A9C9BF0BD5EDB59EB173A91CB27E6EB2655A1E07|grid_scores=F2B4631D6C4DB1C379BB9CAA13D29A9C055273F1C0D682BAC13EDD19C0A9E9BF|metrics_code=7A3920ABAC99C0EEE1FA013FF751C14428D5AA95E0F1F3F32FCED6B7A49541BA|model_spec=435B1018F2D35A2B421D1827A23C0DC739DC1F827F71189F8F818CE0B0C670E4|source_manifest=86163BE779951590317AB41BE2F9DE18666BC936F1735593673513008868CEC9,population=4D1530F251B312CE6564BA5676093B1043057F46A0FE2A58CF2756AFC530DA7B|one_person=01923C6EBD7440771E4EBE20CAB0648355A18C09D198677C0E265F5E68406A7D|admdongkor_boundary=6A63D079BA8AF4701AB200AD0B54EBDEA8689808B6E0E9F17973B9BA7883DC6A|bus_stops=01B63929056B55D0A8FE372756942FB9A81A89CB121A0CDB1838DDE9ED8555BF|hira_hospital=458D04F264BFE005CB12078699156CA72AD47B52062E0F79B8140E2635086268|hira_pharmacy=65B2B1E7F65BF1EFAF20C826BC1FB03CC24B65B359F4B5B51E1A234B334505A4
boundary_wc005_wb085_wf010,0.05,0.85,0.1,6,0.6,"[""가좌동"",""고양동"",""능곡동"",""송포동"",""주교동"",""효자동"",""대덕동"",""장항1동""]","[""관산동"",""행주동""]","[""대덕동"",""장항1동""]",1.1.0,weight_simplex_boundary_audit_v1,goyang_mixed_20250825_20260630,population=2026-06-30|onePersonHouseholds=2026-06-30|hiraFacilities=2026-06-30|analysisBoundary=2026-04-01|busStops=2025-08-25,가중치 0~1; Jaccard 0~1; 포함수 0~231; 순위 1~41,DSS(w)=w_cag*z(CAG)+w_bus*z(bus_inefficiency)+w_facility*z(nearest_facility_mean_m); 44동에서 z표준화 후 과거 팀 사후 대리매핑 3동을 상위8 선정에서 제외,0.05 간격 전체 비음수 simplex 231개는 실제 정책에서 타당한 가중치 집합으로 가정하지 않는다. 제한 범위 밖 극단값을 포함해 45개 결과의 경계 의존성을 반증하는 감사용이며 포함수는 확률이 아니다.,area_adjacency=AF16E5259A667F45F5BF7F6B3DF3A22E1A4837C477F6B68DDC26CDCF60E2DFF0|area_scores=455106174A3E492D501F73B8BA55EFD1B7525656638E8109AE015C290C352DE3|bus_stops=BBA5AC0E8F29538F42373B1789179B5B9D2CF0186E0D3A618537C83B74B628D5|facilities=9AA2BC9D9F9E0EC421FB7D23A9C9BF0BD5EDB59EB173A91CB27E6EB2655A1E07|grid_scores=F2B4631D6C4DB1C379BB9CAA13D29A9C055273F1C0D682BAC13EDD19C0A9E9BF|metrics_code=7A3920ABAC99C0EEE1FA013FF751C14428D5AA95E0F1F3F32FCED6B7A49541BA|model_spec=435B1018F2D35A2B421D1827A23C0DC739DC1F827F71189F8F818CE0B0C670E4|source_manifest=86163BE779951590317AB41BE2F9DE18666BC936F1735593673513008868CEC9,population=4D1530F251B312CE6564BA5676093B1043057F46A0FE2A58CF2756AFC530DA7B|one_person=01923C6EBD7440771E4EBE20CAB0648355A18C09D198677C0E265F5E68406A7D|admdongkor_boundary=6A63D079BA8AF4701AB200AD0B54EBDEA8689808B6E0E9F17973B9BA7883DC6A|bus_stops=01B63929056B55D0A8FE372756942FB9A81A89CB121A0CDB1838DDE9ED8555BF|hira_hospital=458D04F264BFE005CB12078699156CA72AD47B52062E0F79B8140E2635086268|hira_pharmacy=65B2B1E7F65BF1EFAF20C826BC1FB03CC24B65B359F4B5B51E1A234B334505A4
boundary_wc005_wb090_wf005,0.05,0.9,0.05,6,0.6,"[""가좌동"",""고양동"",""능곡동"",""송포동"",""주교동"",""효자동"",""대덕동"",""장항1동""]","[""관산동"",""행주동""]","[""대덕동"",""장항1동""]",1.1.0,weight_simplex_boundary_audit_v1,goyang_mixed_20250825_20260630,population=2026-06-30|onePersonHouseholds=2026-06-30|hiraFacilities=2026-06-30|analysisBoundary=2026-04-01|busStops=2025-08-25,가중치 0~1; Jaccard 0~1; 포함수 0~231; 순위 1~41,DSS(w)=w_cag*z(CAG)+w_bus*z(bus_inefficiency)+w_facility*z(nearest_facility_mean_m); 44동에서 z표준화 후 과거 팀 사후 대리매핑 3동을 상위8 선정에서 제외,0.05 간격 전체 비음수 simplex 231개는 실제 정책에서 타당한 가중치 집합으로 가정하지 않는다. 제한 범위 밖 극단값을 포함해 45개 결과의 경계 의존성을 반증하는 감사용이며 포함수는 확률이 아니다.,area_adjacency=AF16E5259A667F45F5BF7F6B3DF3A22E1A4837C477F6B68DDC26CDCF60E2DFF0|area_scores=455106174A3E492D501F73B8BA55EFD1B7525656638E8109AE015C290C352DE3|bus_stops=BBA5AC0E8F29538F42373B1789179B5B9D2CF0186E0D3A618537C83B74B628D5|facilities=9AA2BC9D9F9E0EC421FB7D23A9C9BF0BD5EDB59EB173A91CB27E6EB2655A1E07|grid_scores=F2B4631D6C4DB1C379BB9CAA13D29A9C055273F1C0D682BAC13EDD19C0A9E9BF|metrics_code=7A3920ABAC99C0EEE1FA013FF751C14428D5AA95E0F1F3F32FCED6B7A49541BA|model_spec=435B1018F2D35A2B421D1827A23C0DC739DC1F827F71189F8F818CE0B0C670E4|source_manifest=86163BE779951590317AB41BE2F9DE18666BC936F1735593673513008868CEC9,population=4D1530F251B312CE6564BA5676093B1043057F46A0FE2A58CF2756AFC530DA7B|one_person=01923C6EBD7440771E4EBE20CAB0648355A18C09D198677C0E265F5E68406A7D|admdongkor_boundary=6A63D079BA8AF4701AB200AD0B54EBDEA8689808B6E0E9F17973B9BA7883DC6A|bus_stops=01B63929056B55D0A8FE372756942FB9A81A89CB121A0CDB1838DDE9ED8555BF|hira_hospital=458D04F264BFE005CB12078699156CA72AD47B52062E0F79B8140E2635086268|hira_pharmacy=65B2B1E7F65BF1EFAF20C826BC1FB03CC24B65B359F4B5B51E1A234B334505A4
boundary_wc005_wb095_wf000,0.05,0.95,0,6,0.6,"[""가좌동"",""고양동"",""능곡동"",""송포동"",""주교동"",""효자동"",""대덕동"",""장항1동""]","[""관산동"",""행주동""]","[""대덕동"",""장항1동""]",1.1.0,weight_simplex_boundary_audit_v1,goyang_mixed_20250825_20260630,population=2026-06-30|onePersonHouseholds=2026-06-30|hiraFacilities=2026-06-30|analysisBoundary=2026-04-01|busStops=2025-08-25,가중치 0~1; Jaccard 0~1; 포함수 0~231; 순위 1~41,DSS(w)=w_cag*z(CAG)+w_bus*z(bus_inefficiency)+w_facility*z(nearest_facility_mean_m); 44동에서 z표준화 후 과거 팀 사후 대리매핑 3동을 상위8 선정에서 제외,0.05 간격 전체 비음수 simplex 231개는 실제 정책에서 타당한 가중치 집합으로 가정하지 않는다. 제한 범위 밖 극단값을 포함해 45개 결과의 경계 의존성을 반증하는 감사용이며 포함수는 확률이 아니다.,area_adjacency=AF16E5259A667F45F5BF7F6B3DF3A22E1A4837C477F6B68DDC26CDCF60E2DFF0|area_scores=455106174A3E492D501F73B8BA55EFD1B7525656638E8109AE015C290C352DE3|bus_stops=BBA5AC0E8F29538F42373B1789179B5B9D2CF0186E0D3A618537C83B74B628D5|facilities=9AA2BC9D9F9E0EC421FB7D23A9C9BF0BD5EDB59EB173A91CB27E6EB2655A1E07|grid_scores=F2B4631D6C4DB1C379BB9CAA13D29A9C055273F1C0D682BAC13EDD19C0A9E9BF|metrics_code=7A3920ABAC99C0EEE1FA013FF751C14428D5AA95E0F1F3F32FCED6B7A49541BA|model_spec=435B1018F2D35A2B421D1827A23C0DC739DC1F827F71189F8F818CE0B0C670E4|source_manifest=86163BE779951590317AB41BE2F9DE18666BC936F1735593673513008868CEC9,population=4D1530F251B312CE6564BA5676093B1043057F46A0FE2A58CF2756AFC530DA7B|one_person=01923C6EBD7440771E4EBE20CAB0648355A18C09D198677C0E265F5E68406A7D|admdongkor_boundary=6A63D079BA8AF4701AB200AD0B54EBDEA8689808B6E0E9F17973B9BA7883DC6A|bus_stops=01B63929056B55D0A8FE372756942FB9A81A89CB121A0CDB1838DDE9ED8555BF|hira_hospital=458D04F264BFE005CB12078699156CA72AD47B52062E0F79B8140E2635086268|hira_pharmacy=65B2B1E7F65BF1EFAF20C826BC1FB03CC24B65B359F4B5B51E1A234B334505A4
boundary_wc010_wb000_wf090,0.1,0,0.9,6,0.6,"[""가좌동"",""고양동"",""능곡동"",""송포동"",""행주동"",""효자동"",""대덕동"",""원신동""]","[""관산동"",""주교동""]","[""대덕동"",""원신동""]",1.1.0,weight_simplex_boundary_audit_v1,goyang_mixed_20250825_20260630,population=2026-06-30|onePersonHouseholds=2026-06-30|hiraFacilities=2026-06-30|analysisBoundary=2026-04-01|busStops=2025-08-25,가중치 0~1; Jaccard 0~1; 포함수 0~231; 순위 1~41,DSS(w)=w_cag*z(CAG)+w_bus*z(bus_inefficiency)+w_facility*z(nearest_facility_mean_m); 44동에서 z표준화 후 과거 팀 사후 대리매핑 3동을 상위8 선정에서 제외,0.05 간격 전체 비음수 simplex 231개는 실제 정책에서 타당한 가중치 집합으로 가정하지 않는다. 제한 범위 밖 극단값을 포함해 45개 결과의 경계 의존성을 반증하는 감사용이며 포함수는 확률이 아니다.,area_adjacency=AF16E5259A667F45F5BF7F6B3DF3A22E1A4837C477F6B68DDC26CDCF60E2DFF0|area_scores=455106174A3E492D501F73B8BA55EFD1B7525656638E8109AE015C290C352DE3|bus_stops=BBA5AC0E8F29538F42373B1789179B5B9D2CF0186E0D3A618537C83B74B628D5|facilities=9AA2BC9D9F9E0EC421FB7D23A9C9BF0BD5EDB59EB173A91CB27E6EB2655A1E07|grid_scores=F2B4631D6C4DB1C379BB9CAA13D29A9C055273F1C0D682BAC13EDD19C0A9E9BF|metrics_code=7A3920ABAC99C0EEE1FA013FF751C14428D5AA95E0F1F3F32FCED6B7A49541BA|model_spec=435B1018F2D35A2B421D1827A23C0DC739DC1F827F71189F8F818CE0B0C670E4|source_manifest=86163BE779951590317AB41BE2F9DE18666BC936F1735593673513008868CEC9,population=4D1530F251B312CE6564BA5676093B1043057F46A0FE2A58CF2756AFC530DA7B|one_person=01923C6EBD7440771E4EBE20CAB0648355A18C09D198677C0E265F5E68406A7D|admdongkor_boundary=6A63D079BA8AF4701AB200AD0B54EBDEA8689808B6E0E9F17973B9BA7883DC6A|bus_stops=01B63929056B55D0A8FE372756942FB9A81A89CB121A0CDB1838DDE9ED8555BF|hira_hospital=458D04F264BFE005CB12078699156CA72AD47B52062E0F79B8140E2635086268|hira_pharmacy=65B2B1E7F65BF1EFAF20C826BC1FB03CC24B65B359F4B5B51E1A234B334505A4
boundary_wc010_wb005_wf085,0.1,0.05,0.85,6,0.6,"[""가좌동"",""고양동"",""능곡동"",""송포동"",""행주동"",""효자동"",""대덕동"",""원신동""]","[""관산동"",""주교동""]","[""대덕동"",""원신동""]",1.1.0,weight_simplex_boundary_audit_v1,goyang_mixed_20250825_20260630,population=2026-06-30|onePersonHouseholds=2026-06-30|hiraFacilities=2026-06-30|analysisBoundary=2026-04-01|busStops=2025-08-25,가중치 0~1; Jaccard 0~1; 포함수 0~231; 순위 1~41,DSS(w)=w_cag*z(CAG)+w_bus*z(bus_inefficiency)+w_facility*z(nearest_facility_mean_m); 44동에서 z표준화 후 과거 팀 사후 대리매핑 3동을 상위8 선정에서 제외,0.05 간격 전체 비음수 simplex 231개는 실제 정책에서 타당한 가중치 집합으로 가정하지 않는다. 제한 범위 밖 극단값을 포함해 45개 결과의 경계 의존성을 반증하는 감사용이며 포함수는 확률이 아니다.,area_adjacency=AF16E5259A667F45F5BF7F6B3DF3A22E1A4837C477F6B68DDC26CDCF60E2DFF0|area_scores=455106174A3E492D501F73B8BA55EFD1B7525656638E8109AE015C290C352DE3|bus_stops=BBA5AC0E8F29538F42373B1789179B5B9D2CF0186E0D3A618537C83B74B628D5|facilities=9AA2BC9D9F9E0EC421FB7D23A9C9BF0BD5EDB59EB173A91CB27E6EB2655A1E07|grid_scores=F2B4631D6C4DB1C379BB9CAA13D29A9C055273F1C0D682BAC13EDD19C0A9E9BF|metrics_code=7A3920ABAC99C0EEE1FA013FF751C14428D5AA95E0F1F3F32FCED6B7A49541BA|model_spec=435B1018F2D35A2B421D1827A23C0DC739DC1F827F71189F8F818CE0B0C670E4|source_manifest=86163BE779951590317AB41BE2F9DE18666BC936F1735593673513008868CEC9,population=4D1530F251B312CE6564BA5676093B1043057F46A0FE2A58CF2756AFC530DA7B|one_person=01923C6EBD7440771E4EBE20CAB0648355A18C09D198677C0E265F5E68406A7D|admdongkor_boundary=6A63D079BA8AF4701AB200AD0B54EBDEA8689808B6E0E9F17973B9BA7883DC6A|bus_stops=01B63929056B55D0A8FE372756942FB9A81A89CB121A0CDB1838DDE9ED8555BF|hira_hospital=458D04F264BFE005CB12078699156CA72AD47B52062E0F79B8140E2635086268|hira_pharmacy=65B2B1E7F65BF1EFAF20C826BC1FB03CC24B65B359F4B5B51E1A234B334505A4
boundary_wc010_wb010_wf080,0.1,0.1,0.8,6,0.6,"[""가좌동"",""고양동"",""능곡동"",""송포동"",""행주동"",""효자동"",""대덕동"",""원신동""]","[""관산동"",""주교동""]","[""대덕동"",""원신동""]",1.1.0,weight_simplex_boundary_audit_v1,goyang_mixed_20250825_20260630,population=2026-06-30|onePersonHouseholds=2026-06-30|hiraFacilities=2026-06-30|analysisBoundary=2026-04-01|busStops=2025-08-25,가중치 0~1; Jaccard 0~1; 포함수 0~231; 순위 1~41,DSS(w)=w_cag*z(CAG)+w_bus*z(bus_inefficiency)+w_facility*z(nearest_facility_mean_m); 44동에서 z표준화 후 과거 팀 사후 대리매핑 3동을 상위8 선정에서 제외,0.05 간격 전체 비음수 simplex 231개는 실제 정책에서 타당한 가중치 집합으로 가정하지 않는다. 제한 범위 밖 극단값을 포함해 45개 결과의 경계 의존성을 반증하는 감사용이며 포함수는 확률이 아니다.,area_adjacency=AF16E5259A667F45F5BF7F6B3DF3A22E1A4837C477F6B68DDC26CDCF60E2DFF0|area_scores=455106174A3E492D501F73B8BA55EFD1B7525656638E8109AE015C290C352DE3|bus_stops=BBA5AC0E8F29538F42373B1789179B5B9D2CF0186E0D3A618537C83B74B628D5|facilities=9AA2BC9D9F9E0EC421FB7D23A9C9BF0BD5EDB59EB173A91CB27E6EB2655A1E07|grid_scores=F2B4631D6C4DB1C379BB9CAA13D29A9C055273F1C0D682BAC13EDD19C0A9E9BF|metrics_code=7A3920ABAC99C0EEE1FA013FF751C14428D5AA95E0F1F3F32FCED6B7A49541BA|model_spec=435B1018F2D35A2B421D1827A23C0DC739DC1F827F71189F8F818CE0B0C670E4|source_manifest=86163BE779951590317AB41BE2F9DE18666BC936F1735593673513008868CEC9,population=4D1530F251B312CE6564BA5676093B1043057F46A0FE2A58CF2756AFC530DA7B|one_person=01923C6EBD7440771E4EBE20CAB0648355A18C09D198677C0E265F5E68406A7D|admdongkor_boundary=6A63D079BA8AF4701AB200AD0B54EBDEA8689808B6E0E9F17973B9BA7883DC6A|bus_stops=01B63929056B55D0A8FE372756942FB9A81A89CB121A0CDB1838DDE9ED8555BF|hira_hospital=458D04F264BFE005CB12078699156CA72AD47B52062E0F79B8140E2635086268|hira_pharmacy=65B2B1E7F65BF1EFAF20C826BC1FB03CC24B65B359F4B5B51E1A234B334505A4
boundary_wc010_wb015_wf075,0.1,0.15,0.75,6,0.6,"[""가좌동"",""고양동"",""능곡동"",""송포동"",""행주동"",""효자동"",""대덕동"",""원신동""]","[""관산동"",""주교동""]","[""대덕동"",""원신동""]",1.1.0,weight_simplex_boundary_audit_v1,goyang_mixed_20250825_20260630,population=2026-06-30|onePersonHouseholds=2026-06-30|hiraFacilities=2026-06-30|analysisBoundary=2026-04-01|busStops=2025-08-25,가중치 0~1; Jaccard 0~1; 포함수 0~231; 순위 1~41,DSS(w)=w_cag*z(CAG)+w_bus*z(bus_inefficiency)+w_facility*z(nearest_facility_mean_m); 44동에서 z표준화 후 과거 팀 사후 대리매핑 3동을 상위8 선정에서 제외,0.05 간격 전체 비음수 simplex 231개는 실제 정책에서 타당한 가중치 집합으로 가정하지 않는다. 제한 범위 밖 극단값을 포함해 45개 결과의 경계 의존성을 반증하는 감사용이며 포함수는 확률이 아니다.,area_adjacency=AF16E5259A667F45F5BF7F6B3DF3A22E1A4837C477F6B68DDC26CDCF60E2DFF0|area_scores=455106174A3E492D501F73B8BA55EFD1B7525656638E8109AE015C290C352DE3|bus_stops=BBA5AC0E8F29538F42373B1789179B5B9D2CF0186E0D3A618537C83B74B628D5|facilities=9AA2BC9D9F9E0EC421FB7D23A9C9BF0BD5EDB59EB173A91CB27E6EB2655A1E07|grid_scores=F2B4631D6C4DB1C379BB9CAA13D29A9C055273F1C0D682BAC13EDD19C0A9E9BF|metrics_code=7A3920ABAC99C0EEE1FA013FF751C14428D5AA95E0F1F3F32FCED6B7A49541BA|model_spec=435B1018F2D35A2B421D1827A23C0DC739DC1F827F71189F8F818CE0B0C670E4|source_manifest=86163BE779951590317AB41BE2F9DE18666BC936F1735593673513008868CEC9,population=4D1530F251B312CE6564BA5676093B1043057F46A0FE2A58CF2756AFC530DA7B|one_person=01923C6EBD7440771E4EBE20CAB0648355A18C09D198677C0E265F5E68406A7D|admdongkor_boundary=6A63D079BA8AF4701AB200AD0B54EBDEA8689808B6E0E9F17973B9BA7883DC6A|bus_stops=01B63929056B55D0A8FE372756942FB9A81A89CB121A0CDB1838DDE9ED8555BF|hira_hospital=458D04F264BFE005CB12078699156CA72AD47B52062E0F79B8140E2635086268|hira_pharmacy=65B2B1E7F65BF1EFAF20C826BC1FB03CC24B65B359F4B5B51E1A234B334505A4
boundary_wc010_wb020_wf070,0.1,0.2,0.7,6,0.6,"[""가좌동"",""고양동"",""능곡동"",""송포동"",""행주동"",""효자동"",""대덕동"",""원신동""]","[""관산동"",""주교동""]","[""대덕동"",""원신동""]",1.1.0,weight_simplex_boundary_audit_v1,goyang_mixed_20250825_20260630,population=2026-06-30|onePersonHouseholds=2026-06-30|hiraFacilities=2026-06-30|analysisBoundary=2026-04-01|busStops=2025-08-25,가중치 0~1; Jaccard 0~1; 포함수 0~231; 순위 1~41,DSS(w)=w_cag*z(CAG)+w_bus*z(bus_inefficiency)+w_facility*z(nearest_facility_mean_m); 44동에서 z표준화 후 과거 팀 사후 대리매핑 3동을 상위8 선정에서 제외,0.05 간격 전체 비음수 simplex 231개는 실제 정책에서 타당한 가중치 집합으로 가정하지 않는다. 제한 범위 밖 극단값을 포함해 45개 결과의 경계 의존성을 반증하는 감사용이며 포함수는 확률이 아니다.,area_adjacency=AF16E5259A667F45F5BF7F6B3DF3A22E1A4837C477F6B68DDC26CDCF60E2DFF0|area_scores=455106174A3E492D501F73B8BA55EFD1B7525656638E8109AE015C290C352DE3|bus_stops=BBA5AC0E8F29538F42373B1789179B5B9D2CF0186E0D3A618537C83B74B628D5|facilities=9AA2BC9D9F9E0EC421FB7D23A9C9BF0BD5EDB59EB173A91CB27E6EB2655A1E07|grid_scores=F2B4631D6C4DB1C379BB9CAA13D29A9C055273F1C0D682BAC13EDD19C0A9E9BF|metrics_code=7A3920ABAC99C0EEE1FA013FF751C14428D5AA95E0F1F3F32FCED6B7A49541BA|model_spec=435B1018F2D35A2B421D1827A23C0DC739DC1F827F71189F8F818CE0B0C670E4|source_manifest=86163BE779951590317AB41BE2F9DE18666BC936F1735593673513008868CEC9,population=4D1530F251B312CE6564BA5676093B1043057F46A0FE2A58CF2756AFC530DA7B|one_person=01923C6EBD7440771E4EBE20CAB0648355A18C09D198677C0E265F5E68406A7D|admdongkor_boundary=6A63D079BA8AF4701AB200AD0B54EBDEA8689808B6E0E9F17973B9BA7883DC6A|bus_stops=01B63929056B55D0A8FE372756942FB9A81A89CB121A0CDB1838DDE9ED8555BF|hira_hospital=458D04F264BFE005CB12078699156CA72AD47B52062E0F79B8140E2635086268|hira_pharmacy=65B2B1E7F65BF1EFAF20C826BC1FB03CC24B65B359F4B5B51E1A234B334505A4
boundary_wc010_wb025_wf065,0.1,0.25,0.65,6,0.6,"[""가좌동"",""고양동"",""능곡동"",""송포동"",""행주동"",""효자동"",""대덕동"",""장항1동""]","[""관산동"",""주교동""]","[""대덕동"",""장항1동""]",1.1.0,weight_simplex_boundary_audit_v1,goyang_mixed_20250825_20260630,population=2026-06-30|onePersonHouseholds=2026-06-30|hiraFacilities=2026-06-30|analysisBoundary=2026-04-01|busStops=2025-08-25,가중치 0~1; Jaccard 0~1; 포함수 0~231; 순위 1~41,DSS(w)=w_cag*z(CAG)+w_bus*z(bus_inefficiency)+w_facility*z(nearest_facility_mean_m); 44동에서 z표준화 후 과거 팀 사후 대리매핑 3동을 상위8 선정에서 제외,0.05 간격 전체 비음수 simplex 231개는 실제 정책에서 타당한 가중치 집합으로 가정하지 않는다. 제한 범위 밖 극단값을 포함해 45개 결과의 경계 의존성을 반증하는 감사용이며 포함수는 확률이 아니다.,area_adjacency=AF16E5259A667F45F5BF7F6B3DF3A22E1A4837C477F6B68DDC26CDCF60E2DFF0|area_scores=455106174A3E492D501F73B8BA55EFD1B7525656638E8109AE015C290C352DE3|bus_stops=BBA5AC0E8F29538F42373B1789179B5B9D2CF0186E0D3A618537C83B74B628D5|facilities=9AA2BC9D9F9E0EC421FB7D23A9C9BF0BD5EDB59EB173A91CB27E6EB2655A1E07|grid_scores=F2B4631D6C4DB1C379BB9CAA13D29A9C055273F1C0D682BAC13EDD19C0A9E9BF|metrics_code=7A3920ABAC99C0EEE1FA013FF751C14428D5AA95E0F1F3F32FCED6B7A49541BA|model_spec=435B1018F2D35A2B421D1827A23C0DC739DC1F827F71189F8F818CE0B0C670E4|source_manifest=86163BE779951590317AB41BE2F9DE18666BC936F1735593673513008868CEC9,population=4D1530F251B312CE6564BA5676093B1043057F46A0FE2A58CF2756AFC530DA7B|one_person=01923C6EBD7440771E4EBE20CAB0648355A18C09D198677C0E265F5E68406A7D|admdongkor_boundary=6A63D079BA8AF4701AB200AD0B54EBDEA8689808B6E0E9F17973B9BA7883DC6A|bus_stops=01B63929056B55D0A8FE372756942FB9A81A89CB121A0CDB1838DDE9ED8555BF|hira_hospital=458D04F264BFE005CB12078699156CA72AD47B52062E0F79B8140E2635086268|hira_pharmacy=65B2B1E7F65BF1EFAF20C826BC1FB03CC24B65B359F4B5B51E1A234B334505A4
boundary_wc010_wb030_wf060,0.1,0.3,0.6,6,0.6,"[""가좌동"",""고양동"",""능곡동"",""송포동"",""행주동"",""효자동"",""대덕동"",""장항1동""]","[""관산동"",""주교동""]","[""대덕동"",""장항1동""]",1.1.0,weight_simplex_boundary_audit_v1,goyang_mixed_20250825_20260630,population=2026-06-30|onePersonHouseholds=2026-06-30|hiraFacilities=2026-06-30|analysisBoundary=2026-04-01|busStops=2025-08-25,가중치 0~1; Jaccard 0~1; 포함수 0~231; 순위 1~41,DSS(w)=w_cag*z(CAG)+w_bus*z(bus_inefficiency)+w_facility*z(nearest_facility_mean_m); 44동에서 z표준화 후 과거 팀 사후 대리매핑 3동을 상위8 선정에서 제외,0.05 간격 전체 비음수 simplex 231개는 실제 정책에서 타당한 가중치 집합으로 가정하지 않는다. 제한 범위 밖 극단값을 포함해 45개 결과의 경계 의존성을 반증하는 감사용이며 포함수는 확률이 아니다.,area_adjacency=AF16E5259A667F45F5BF7F6B3DF3A22E1A4837C477F6B68DDC26CDCF60E2DFF0|area_scores=455106174A3E492D501F73B8BA55EFD1B7525656638E8109AE015C290C352DE3|bus_stops=BBA5AC0E8F29538F42373B1789179B5B9D2CF0186E0D3A618537C83B74B628D5|facilities=9AA2BC9D9F9E0EC421FB7D23A9C9BF0BD5EDB59EB173A91CB27E6EB2655A1E07|grid_scores=F2B4631D6C4DB1C379BB9CAA13D29A9C055273F1C0D682BAC13EDD19C0A9E9BF|metrics_code=7A3920ABAC99C0EEE1FA013FF751C14428D5AA95E0F1F3F32FCED6B7A49541BA|model_spec=435B1018F2D35A2B421D1827A23C0DC739DC1F827F71189F8F818CE0B0C670E4|source_manifest=86163BE779951590317AB41BE2F9DE18666BC936F1735593673513008868CEC9,population=4D1530F251B312CE6564BA5676093B1043057F46A0FE2A58CF2756AFC530DA7B|one_person=01923C6EBD7440771E4EBE20CAB0648355A18C09D198677C0E265F5E68406A7D|admdongkor_boundary=6A63D079BA8AF4701AB200AD0B54EBDEA8689808B6E0E9F17973B9BA7883DC6A|bus_stops=01B63929056B55D0A8FE372756942FB9A81A89CB121A0CDB1838DDE9ED8555BF|hira_hospital=458D04F264BFE005CB12078699156CA72AD47B52062E0F79B8140E2635086268|hira_pharmacy=65B2B1E7F65BF1EFAF20C826BC1FB03CC24B65B359F4B5B51E1A234B334505A4
boundary_wc010_wb035_wf055,0.1,0.35,0.55,7,0.777777777777778,"[""가좌동"",""고양동"",""능곡동"",""송포동"",""주교동"",""행주동"",""효자동"",""대덕동""]","[""관산동""]","[""대덕동""]",1.1.0,weight_simplex_boundary_audit_v1,goyang_mixed_20250825_20260630,population=2026-06-30|onePersonHouseholds=2026-06-30|hiraFacilities=2026-06-30|analysisBoundary=2026-04-01|busStops=2025-08-25,가중치 0~1; Jaccard 0~1; 포함수 0~231; 순위 1~41,DSS(w)=w_cag*z(CAG)+w_bus*z(bus_inefficiency)+w_facility*z(nearest_facility_mean_m); 44동에서 z표준화 후 과거 팀 사후 대리매핑 3동을 상위8 선정에서 제외,0.05 간격 전체 비음수 simplex 231개는 실제 정책에서 타당한 가중치 집합으로 가정하지 않는다. 제한 범위 밖 극단값을 포함해 45개 결과의 경계 의존성을 반증하는 감사용이며 포함수는 확률이 아니다.,area_adjacency=AF16E5259A667F45F5BF7F6B3DF3A22E1A4837C477F6B68DDC26CDCF60E2DFF0|area_scores=455106174A3E492D501F73B8BA55EFD1B7525656638E8109AE015C290C352DE3|bus_stops=BBA5AC0E8F29538F42373B1789179B5B9D2CF0186E0D3A618537C83B74B628D5|facilities=9AA2BC9D9F9E0EC421FB7D23A9C9BF0BD5EDB59EB173A91CB27E6EB2655A1E07|grid_scores=F2B4631D6C4DB1C379BB9CAA13D29A9C055273F1C0D682BAC13EDD19C0A9E9BF|metrics_code=7A3920ABAC99C0EEE1FA013FF751C14428D5AA95E0F1F3F32FCED6B7A49541BA|model_spec=435B1018F2D35A2B421D1827A23C0DC739DC1F827F71189F8F818CE0B0C670E4|source_manifest=86163BE779951590317AB41BE2F9DE18666BC936F1735593673513008868CEC9,population=4D1530F251B312CE6564BA5676093B1043057F46A0FE2A58CF2756AFC530DA7B|one_person=01923C6EBD7440771E4EBE20CAB0648355A18C09D198677C0E265F5E68406A7D|admdongkor_boundary=6A63D079BA8AF4701AB200AD0B54EBDEA8689808B6E0E9F17973B9BA7883DC6A|bus_stops=01B63929056B55D0A8FE372756942FB9A81A89CB121A0CDB1838DDE9ED8555BF|hira_hospital=458D04F264BFE005CB12078699156CA72AD47B52062E0F79B8140E2635086268|hira_pharmacy=65B2B1E7F65BF1EFAF20C826BC1FB03CC24B65B359F4B5B51E1A234B334505A4
boundary_wc010_wb040_wf050,0.1,0.4,0.5,7,0.777777777777778,"[""가좌동"",""고양동"",""능곡동"",""송포동"",""주교동"",""행주동"",""효자동"",""대덕동""]","[""관산동""]","[""대덕동""]",1.1.0,weight_simplex_boundary_audit_v1,goyang_mixed_20250825_20260630,population=2026-06-30|onePersonHouseholds=2026-06-30|hiraFacilities=2026-06-30|analysisBoundary=2026-04-01|busStops=2025-08-25,가중치 0~1; Jaccard 0~1; 포함수 0~231; 순위 1~41,DSS(w)=w_cag*z(CAG)+w_bus*z(bus_inefficiency)+w_facility*z(nearest_facility_mean_m); 44동에서 z표준화 후 과거 팀 사후 대리매핑 3동을 상위8 선정에서 제외,0.05 간격 전체 비음수 simplex 231개는 실제 정책에서 타당한 가중치 집합으로 가정하지 않는다. 제한 범위 밖 극단값을 포함해 45개 결과의 경계 의존성을 반증하는 감사용이며 포함수는 확률이 아니다.,area_adjacency=AF16E5259A667F45F5BF7F6B3DF3A22E1A4837C477F6B68DDC26CDCF60E2DFF0|area_scores=455106174A3E492D501F73B8BA55EFD1B7525656638E8109AE015C290C352DE3|bus_stops=BBA5AC0E8F29538F42373B1789179B5B9D2CF0186E0D3A618537C83B74B628D5|facilities=9AA2BC9D9F9E0EC421FB7D23A9C9BF0BD5EDB59EB173A91CB27E6EB2655A1E07|grid_scores=F2B4631D6C4DB1C379BB9CAA13D29A9C055273F1C0D682BAC13EDD19C0A9E9BF|metrics_code=7A3920ABAC99C0EEE1FA013FF751C14428D5AA95E0F1F3F32FCED6B7A49541BA|model_spec=435B1018F2D35A2B421D1827A23C0DC739DC1F827F71189F8F818CE0B0C670E4|source_manifest=86163BE779951590317AB41BE2F9DE18666BC936F1735593673513008868CEC9,population=4D1530F251B312CE6564BA5676093B1043057F46A0FE2A58CF2756AFC530DA7B|one_person=01923C6EBD7440771E4EBE20CAB0648355A18C09D198677C0E265F5E68406A7D|admdongkor_boundary=6A63D079BA8AF4701AB200AD0B54EBDEA8689808B6E0E9F17973B9BA7883DC6A|bus_stops=01B63929056B55D0A8FE372756942FB9A81A89CB121A0CDB1838DDE9ED8555BF|hira_hospital=458D04F264BFE005CB12078699156CA72AD47B52062E0F79B8140E2635086268|hira_pharmacy=65B2B1E7F65BF1EFAF20C826BC1FB03CC24B65B359F4B5B51E1A234B334505A4
boundary_wc010_wb045_wf045,0.1,0.45,0.45,7,0.777777777777778,"[""가좌동"",""고양동"",""능곡동"",""송포동"",""주교동"",""행주동"",""효자동"",""대덕동""]","[""관산동""]","[""대덕동""]",1.1.0,weight_simplex_boundary_audit_v1,goyang_mixed_20250825_20260630,population=2026-06-30|onePersonHouseholds=2026-06-30|hiraFacilities=2026-06-30|analysisBoundary=2026-04-01|busStops=2025-08-25,가중치 0~1; Jaccard 0~1; 포함수 0~231; 순위 1~41,DSS(w)=w_cag*z(CAG)+w_bus*z(bus_inefficiency)+w_facility*z(nearest_facility_mean_m); 44동에서 z표준화 후 과거 팀 사후 대리매핑 3동을 상위8 선정에서 제외,0.05 간격 전체 비음수 simplex 231개는 실제 정책에서 타당한 가중치 집합으로 가정하지 않는다. 제한 범위 밖 극단값을 포함해 45개 결과의 경계 의존성을 반증하는 감사용이며 포함수는 확률이 아니다.,area_adjacency=AF16E5259A667F45F5BF7F6B3DF3A22E1A4837C477F6B68DDC26CDCF60E2DFF0|area_scores=455106174A3E492D501F73B8BA55EFD1B7525656638E8109AE015C290C352DE3|bus_stops=BBA5AC0E8F29538F42373B1789179B5B9D2CF0186E0D3A618537C83B74B628D5|facilities=9AA2BC9D9F9E0EC421FB7D23A9C9BF0BD5EDB59EB173A91CB27E6EB2655A1E07|grid_scores=F2B4631D6C4DB1C379BB9CAA13D29A9C055273F1C0D682BAC13EDD19C0A9E9BF|metrics_code=7A3920ABAC99C0EEE1FA013FF751C14428D5AA95E0F1F3F32FCED6B7A49541BA|model_spec=435B1018F2D35A2B421D1827A23C0DC739DC1F827F71189F8F818CE0B0C670E4|source_manifest=86163BE779951590317AB41BE2F9DE18666BC936F1735593673513008868CEC9,population=4D1530F251B312CE6564BA5676093B1043057F46A0FE2A58CF2756AFC530DA7B|one_person=01923C6EBD7440771E4EBE20CAB0648355A18C09D198677C0E265F5E68406A7D|admdongkor_boundary=6A63D079BA8AF4701AB200AD0B54EBDEA8689808B6E0E9F17973B9BA7883DC6A|bus_stops=01B63929056B55D0A8FE372756942FB9A81A89CB121A0CDB1838DDE9ED8555BF|hira_hospital=458D04F264BFE005CB12078699156CA72AD47B52062E0F79B8140E2635086268|hira_pharmacy=65B2B1E7F65BF1EFAF20C826BC1FB03CC24B65B359F4B5B51E1A234B334505A4
boundary_wc010_wb050_wf040,0.1,0.5,0.4,7,0.777777777777778,"[""가좌동"",""고양동"",""능곡동"",""송포동"",""주교동"",""행주동"",""효자동"",""대덕동""]","[""관산동""]","[""대덕동""]",1.1.0,weight_simplex_boundary_audit_v1,goyang_mixed_20250825_20260630,population=2026-06-30|onePersonHouseholds=2026-06-30|hiraFacilities=2026-06-30|analysisBoundary=2026-04-01|busStops=2025-08-25,가중치 0~1; Jaccard 0~1; 포함수 0~231; 순위 1~41,DSS(w)=w_cag*z(CAG)+w_bus*z(bus_inefficiency)+w_facility*z(nearest_facility_mean_m); 44동에서 z표준화 후 과거 팀 사후 대리매핑 3동을 상위8 선정에서 제외,0.05 간격 전체 비음수 simplex 231개는 실제 정책에서 타당한 가중치 집합으로 가정하지 않는다. 제한 범위 밖 극단값을 포함해 45개 결과의 경계 의존성을 반증하는 감사용이며 포함수는 확률이 아니다.,area_adjacency=AF16E5259A667F45F5BF7F6B3DF3A22E1A4837C477F6B68DDC26CDCF60E2DFF0|area_scores=455106174A3E492D501F73B8BA55EFD1B7525656638E8109AE015C290C352DE3|bus_stops=BBA5AC0E8F29538F42373B1789179B5B9D2CF0186E0D3A618537C83B74B628D5|facilities=9AA2BC9D9F9E0EC421FB7D23A9C9BF0BD5EDB59EB173A91CB27E6EB2655A1E07|grid_scores=F2B4631D6C4DB1C379BB9CAA13D29A9C055273F1C0D682BAC13EDD19C0A9E9BF|metrics_code=7A3920ABAC99C0EEE1FA013FF751C14428D5AA95E0F1F3F32FCED6B7A49541BA|model_spec=435B1018F2D35A2B421D1827A23C0DC739DC1F827F71189F8F818CE0B0C670E4|source_manifest=86163BE779951590317AB41BE2F9DE18666BC936F1735593673513008868CEC9,population=4D1530F251B312CE6564BA5676093B1043057F46A0FE2A58CF2756AFC530DA7B|one_person=01923C6EBD7440771E4EBE20CAB0648355A18C09D198677C0E265F5E68406A7D|admdongkor_boundary=6A63D079BA8AF4701AB200AD0B54EBDEA8689808B6E0E9F17973B9BA7883DC6A|bus_stops=01B63929056B55D0A8FE372756942FB9A81A89CB121A0CDB1838DDE9ED8555BF|hira_hospital=458D04F264BFE005CB12078699156CA72AD47B52062E0F79B8140E2635086268|hira_pharmacy=65B2B1E7F65BF1EFAF20C826BC1FB03CC24B65B359F4B5B51E1A234B334505A4
boundary_wc010_wb055_wf035,0.1,0.55,0.35,7,0.777777777777778,"[""가좌동"",""고양동"",""능곡동"",""송포동"",""주교동"",""행주동"",""효자동"",""대덕동""]","[""관산동""]","[""대덕동""]",1.1.0,weight_simplex_boundary_audit_v1,goyang_mixed_20250825_20260630,population=2026-06-30|onePersonHouseholds=2026-06-30|hiraFacilities=2026-06-30|analysisBoundary=2026-04-01|busStops=2025-08-25,가중치 0~1; Jaccard 0~1; 포함수 0~231; 순위 1~41,DSS(w)=w_cag*z(CAG)+w_bus*z(bus_inefficiency)+w_facility*z(nearest_facility_mean_m); 44동에서 z표준화 후 과거 팀 사후 대리매핑 3동을 상위8 선정에서 제외,0.05 간격 전체 비음수 simplex 231개는 실제 정책에서 타당한 가중치 집합으로 가정하지 않는다. 제한 범위 밖 극단값을 포함해 45개 결과의 경계 의존성을 반증하는 감사용이며 포함수는 확률이 아니다.,area_adjacency=AF16E5259A667F45F5BF7F6B3DF3A22E1A4837C477F6B68DDC26CDCF60E2DFF0|area_scores=455106174A3E492D501F73B8BA55EFD1B7525656638E8109AE015C290C352DE3|bus_stops=BBA5AC0E8F29538F42373B1789179B5B9D2CF0186E0D3A618537C83B74B628D5|facilities=9AA2BC9D9F9E0EC421FB7D23A9C9BF0BD5EDB59EB173A91CB27E6EB2655A1E07|grid_scores=F2B4631D6C4DB1C379BB9CAA13D29A9C055273F1C0D682BAC13EDD19C0A9E9BF|metrics_code=7A3920ABAC99C0EEE1FA013FF751C14428D5AA95E0F1F3F32FCED6B7A49541BA|model_spec=435B1018F2D35A2B421D1827A23C0DC739DC1F827F71189F8F818CE0B0C670E4|source_manifest=86163BE779951590317AB41BE2F9DE18666BC936F1735593673513008868CEC9,population=4D1530F251B312CE6564BA5676093B1043057F46A0FE2A58CF2756AFC530DA7B|one_person=01923C6EBD7440771E4EBE20CAB0648355A18C09D198677C0E265F5E68406A7D|admdongkor_boundary=6A63D079BA8AF4701AB200AD0B54EBDEA8689808B6E0E9F17973B9BA7883DC6A|bus_stops=01B63929056B55D0A8FE372756942FB9A81A89CB121A0CDB1838DDE9ED8555BF|hira_hospital=458D04F264BFE005CB12078699156CA72AD47B52062E0F79B8140E2635086268|hira_pharmacy=65B2B1E7F65BF1EFAF20C826BC1FB03CC24B65B359F4B5B51E1A234B334505A4
boundary_wc010_wb060_wf030,0.1,0.6,0.3,6,0.6,"[""가좌동"",""고양동"",""능곡동"",""송포동"",""주교동"",""효자동"",""대덕동"",""장항1동""]","[""관산동"",""행주동""]","[""대덕동"",""장항1동""]",1.1.0,weight_simplex_boundary_audit_v1,goyang_mixed_20250825_20260630,population=2026-06-30|onePersonHouseholds=2026-06-30|hiraFacilities=2026-06-30|analysisBoundary=2026-04-01|busStops=2025-08-25,가중치 0~1; Jaccard 0~1; 포함수 0~231; 순위 1~41,DSS(w)=w_cag*z(CAG)+w_bus*z(bus_inefficiency)+w_facility*z(nearest_facility_mean_m); 44동에서 z표준화 후 과거 팀 사후 대리매핑 3동을 상위8 선정에서 제외,0.05 간격 전체 비음수 simplex 231개는 실제 정책에서 타당한 가중치 집합으로 가정하지 않는다. 제한 범위 밖 극단값을 포함해 45개 결과의 경계 의존성을 반증하는 감사용이며 포함수는 확률이 아니다.,area_adjacency=AF16E5259A667F45F5BF7F6B3DF3A22E1A4837C477F6B68DDC26CDCF60E2DFF0|area_scores=455106174A3E492D501F73B8BA55EFD1B7525656638E8109AE015C290C352DE3|bus_stops=BBA5AC0E8F29538F42373B1789179B5B9D2CF0186E0D3A618537C83B74B628D5|facilities=9AA2BC9D9F9E0EC421FB7D23A9C9BF0BD5EDB59EB173A91CB27E6EB2655A1E07|grid_scores=F2B4631D6C4DB1C379BB9CAA13D29A9C055273F1C0D682BAC13EDD19C0A9E9BF|metrics_code=7A3920ABAC99C0EEE1FA013FF751C14428D5AA95E0F1F3F32FCED6B7A49541BA|model_spec=435B1018F2D35A2B421D1827A23C0DC739DC1F827F71189F8F818CE0B0C670E4|source_manifest=86163BE779951590317AB41BE2F9DE18666BC936F1735593673513008868CEC9,population=4D1530F251B312CE6564BA5676093B1043057F46A0FE2A58CF2756AFC530DA7B|one_person=01923C6EBD7440771E4EBE20CAB0648355A18C09D198677C0E265F5E68406A7D|admdongkor_boundary=6A63D079BA8AF4701AB200AD0B54EBDEA8689808B6E0E9F17973B9BA7883DC6A|bus_stops=01B63929056B55D0A8FE372756942FB9A81A89CB121A0CDB1838DDE9ED8555BF|hira_hospital=458D04F264BFE005CB12078699156CA72AD47B52062E0F79B8140E2635086268|hira_pharmacy=65B2B1E7F65BF1EFAF20C826BC1FB03CC24B65B359F4B5B51E1A234B334505A4
boundary_wc010_wb065_wf025,0.1,0.65,0.25,6,0.6,"[""가좌동"",""고양동"",""능곡동"",""송포동"",""주교동"",""효자동"",""대덕동"",""장항1동""]","[""관산동"",""행주동""]","[""대덕동"",""장항1동""]",1.1.0,weight_simplex_boundary_audit_v1,goyang_mixed_20250825_20260630,population=2026-06-30|onePersonHouseholds=2026-06-30|hiraFacilities=2026-06-30|analysisBoundary=2026-04-01|busStops=2025-08-25,가중치 0~1; Jaccard 0~1; 포함수 0~231; 순위 1~41,DSS(w)=w_cag*z(CAG)+w_bus*z(bus_inefficiency)+w_facility*z(nearest_facility_mean_m); 44동에서 z표준화 후 과거 팀 사후 대리매핑 3동을 상위8 선정에서 제외,0.05 간격 전체 비음수 simplex 231개는 실제 정책에서 타당한 가중치 집합으로 가정하지 않는다. 제한 범위 밖 극단값을 포함해 45개 결과의 경계 의존성을 반증하는 감사용이며 포함수는 확률이 아니다.,area_adjacency=AF16E5259A667F45F5BF7F6B3DF3A22E1A4837C477F6B68DDC26CDCF60E2DFF0|area_scores=455106174A3E492D501F73B8BA55EFD1B7525656638E8109AE015C290C352DE3|bus_stops=BBA5AC0E8F29538F42373B1789179B5B9D2CF0186E0D3A618537C83B74B628D5|facilities=9AA2BC9D9F9E0EC421FB7D23A9C9BF0BD5EDB59EB173A91CB27E6EB2655A1E07|grid_scores=F2B4631D6C4DB1C379BB9CAA13D29A9C055273F1C0D682BAC13EDD19C0A9E9BF|metrics_code=7A3920ABAC99C0EEE1FA013FF751C14428D5AA95E0F1F3F32FCED6B7A49541BA|model_spec=435B1018F2D35A2B421D1827A23C0DC739DC1F827F71189F8F818CE0B0C670E4|source_manifest=86163BE779951590317AB41BE2F9DE18666BC936F1735593673513008868CEC9,population=4D1530F251B312CE6564BA5676093B1043057F46A0FE2A58CF2756AFC530DA7B|one_person=01923C6EBD7440771E4EBE20CAB0648355A18C09D198677C0E265F5E68406A7D|admdongkor_boundary=6A63D079BA8AF4701AB200AD0B54EBDEA8689808B6E0E9F17973B9BA7883DC6A|bus_stops=01B63929056B55D0A8FE372756942FB9A81A89CB121A0CDB1838DDE9ED8555BF|hira_hospital=458D04F264BFE005CB12078699156CA72AD47B52062E0F79B8140E2635086268|hira_pharmacy=65B2B1E7F65BF1EFAF20C826BC1FB03CC24B65B359F4B5B51E1A234B334505A4
boundary_wc010_wb070_wf020,0.1,0.7,0.2,6,0.6,"[""가좌동"",""고양동"",""능곡동"",""송포동"",""주교동"",""효자동"",""대덕동"",""장항1동""]","[""관산동"",""행주동""]","[""대덕동"",""장항1동""]",1.1.0,weight_simplex_boundary_audit_v1,goyang_mixed_20250825_20260630,population=2026-06-30|onePersonHouseholds=2026-06-30|hiraFacilities=2026-06-30|analysisBoundary=2026-04-01|busStops=2025-08-25,가중치 0~1; Jaccard 0~1; 포함수 0~231; 순위 1~41,DSS(w)=w_cag*z(CAG)+w_bus*z(bus_inefficiency)+w_facility*z(nearest_facility_mean_m); 44동에서 z표준화 후 과거 팀 사후 대리매핑 3동을 상위8 선정에서 제외,0.05 간격 전체 비음수 simplex 231개는 실제 정책에서 타당한 가중치 집합으로 가정하지 않는다. 제한 범위 밖 극단값을 포함해 45개 결과의 경계 의존성을 반증하는 감사용이며 포함수는 확률이 아니다.,area_adjacency=AF16E5259A667F45F5BF7F6B3DF3A22E1A4837C477F6B68DDC26CDCF60E2DFF0|area_scores=455106174A3E492D501F73B8BA55EFD1B7525656638E8109AE015C290C352DE3|bus_stops=BBA5AC0E8F29538F42373B1789179B5B9D2CF0186E0D3A618537C83B74B628D5|facilities=9AA2BC9D9F9E0EC421FB7D23A9C9BF0BD5EDB59EB173A91CB27E6EB2655A1E07|grid_scores=F2B4631D6C4DB1C379BB9CAA13D29A9C055273F1C0D682BAC13EDD19C0A9E9BF|metrics_code=7A3920ABAC99C0EEE1FA013FF751C14428D5AA95E0F1F3F32FCED6B7A49541BA|model_spec=435B1018F2D35A2B421D1827A23C0DC739DC1F827F71189F8F818CE0B0C670E4|source_manifest=86163BE779951590317AB41BE2F9DE18666BC936F1735593673513008868CEC9,population=4D1530F251B312CE6564BA5676093B1043057F46A0FE2A58CF2756AFC530DA7B|one_person=01923C6EBD7440771E4EBE20CAB0648355A18C09D198677C0E265F5E68406A7D|admdongkor_boundary=6A63D079BA8AF4701AB200AD0B54EBDEA8689808B6E0E9F17973B9BA7883DC6A|bus_stops=01B63929056B55D0A8FE372756942FB9A81A89CB121A0CDB1838DDE9ED8555BF|hira_hospital=458D04F264BFE005CB12078699156CA72AD47B52062E0F79B8140E2635086268|hira_pharmacy=65B2B1E7F65BF1EFAF20C826BC1FB03CC24B65B359F4B5B51E1A234B334505A4
boundary_wc010_wb075_wf015,0.1,0.75,0.15,6,0.6,"[""가좌동"",""고양동"",""능곡동"",""송포동"",""주교동"",""효자동"",""대덕동"",""장항1동""]","[""관산동"",""행주동""]","[""대덕동"",""장항1동""]",1.1.0,weight_simplex_boundary_audit_v1,goyang_mixed_20250825_20260630,population=2026-06-30|onePersonHouseholds=2026-06-30|hiraFacilities=2026-06-30|analysisBoundary=2026-04-01|busStops=2025-08-25,가중치 0~1; Jaccard 0~1; 포함수 0~231; 순위 1~41,DSS(w)=w_cag*z(CAG)+w_bus*z(bus_inefficiency)+w_facility*z(nearest_facility_mean_m); 44동에서 z표준화 후 과거 팀 사후 대리매핑 3동을 상위8 선정에서 제외,0.05 간격 전체 비음수 simplex 231개는 실제 정책에서 타당한 가중치 집합으로 가정하지 않는다. 제한 범위 밖 극단값을 포함해 45개 결과의 경계 의존성을 반증하는 감사용이며 포함수는 확률이 아니다.,area_adjacency=AF16E5259A667F45F5BF7F6B3DF3A22E1A4837C477F6B68DDC26CDCF60E2DFF0|area_scores=455106174A3E492D501F73B8BA55EFD1B7525656638E8109AE015C290C352DE3|bus_stops=BBA5AC0E8F29538F42373B1789179B5B9D2CF0186E0D3A618537C83B74B628D5|facilities=9AA2BC9D9F9E0EC421FB7D23A9C9BF0BD5EDB59EB173A91CB27E6EB2655A1E07|grid_scores=F2B4631D6C4DB1C379BB9CAA13D29A9C055273F1C0D682BAC13EDD19C0A9E9BF|metrics_code=7A3920ABAC99C0EEE1FA013FF751C14428D5AA95E0F1F3F32FCED6B7A49541BA|model_spec=435B1018F2D35A2B421D1827A23C0DC739DC1F827F71189F8F818CE0B0C670E4|source_manifest=86163BE779951590317AB41BE2F9DE18666BC936F1735593673513008868CEC9,population=4D1530F251B312CE6564BA5676093B1043057F46A0FE2A58CF2756AFC530DA7B|one_person=01923C6EBD7440771E4EBE20CAB0648355A18C09D198677C0E265F5E68406A7D|admdongkor_boundary=6A63D079BA8AF4701AB200AD0B54EBDEA8689808B6E0E9F17973B9BA7883DC6A|bus_stops=01B63929056B55D0A8FE372756942FB9A81A89CB121A0CDB1838DDE9ED8555BF|hira_hospital=458D04F264BFE005CB12078699156CA72AD47B52062E0F79B8140E2635086268|hira_pharmacy=65B2B1E7F65BF1EFAF20C826BC1FB03CC24B65B359F4B5B51E1A234B334505A4
boundary_wc010_wb080_wf010,0.1,0.8,0.1,6,0.6,"[""가좌동"",""고양동"",""능곡동"",""송포동"",""주교동"",""효자동"",""대덕동"",""장항1동""]","[""관산동"",""행주동""]","[""대덕동"",""장항1동""]",1.1.0,weight_simplex_boundary_audit_v1,goyang_mixed_20250825_20260630,population=2026-06-30|onePersonHouseholds=2026-06-30|hiraFacilities=2026-06-30|analysisBoundary=2026-04-01|busStops=2025-08-25,가중치 0~1; Jaccard 0~1; 포함수 0~231; 순위 1~41,DSS(w)=w_cag*z(CAG)+w_bus*z(bus_inefficiency)+w_facility*z(nearest_facility_mean_m); 44동에서 z표준화 후 과거 팀 사후 대리매핑 3동을 상위8 선정에서 제외,0.05 간격 전체 비음수 simplex 231개는 실제 정책에서 타당한 가중치 집합으로 가정하지 않는다. 제한 범위 밖 극단값을 포함해 45개 결과의 경계 의존성을 반증하는 감사용이며 포함수는 확률이 아니다.,area_adjacency=AF16E5259A667F45F5BF7F6B3DF3A22E1A4837C477F6B68DDC26CDCF60E2DFF0|area_scores=455106174A3E492D501F73B8BA55EFD1B7525656638E8109AE015C290C352DE3|bus_stops=BBA5AC0E8F29538F42373B1789179B5B9D2CF0186E0D3A618537C83B74B628D5|facilities=9AA2BC9D9F9E0EC421FB7D23A9C9BF0BD5EDB59EB173A91CB27E6EB2655A1E07|grid_scores=F2B4631D6C4DB1C379BB9CAA13D29A9C055273F1C0D682BAC13EDD19C0A9E9BF|metrics_code=7A3920ABAC99C0EEE1FA013FF751C14428D5AA95E0F1F3F32FCED6B7A49541BA|model_spec=435B1018F2D35A2B421D1827A23C0DC739DC1F827F71189F8F818CE0B0C670E4|source_manifest=86163BE779951590317AB41BE2F9DE18666BC936F1735593673513008868CEC9,population=4D1530F251B312CE6564BA5676093B1043057F46A0FE2A58CF2756AFC530DA7B|one_person=01923C6EBD7440771E4EBE20CAB0648355A18C09D198677C0E265F5E68406A7D|admdongkor_boundary=6A63D079BA8AF4701AB200AD0B54EBDEA8689808B6E0E9F17973B9BA7883DC6A|bus_stops=01B63929056B55D0A8FE372756942FB9A81A89CB121A0CDB1838DDE9ED8555BF|hira_hospital=458D04F264BFE005CB12078699156CA72AD47B52062E0F79B8140E2635086268|hira_pharmacy=65B2B1E7F65BF1EFAF20C826BC1FB03CC24B65B359F4B5B51E1A234B334505A4
boundary_wc010_wb085_wf005,0.1,0.85,0.05,6,0.6,"[""가좌동"",""고양동"",""능곡동"",""송포동"",""주교동"",""효자동"",""대덕동"",""장항1동""]","[""관산동"",""행주동""]","[""대덕동"",""장항1동""]",1.1.0,weight_simplex_boundary_audit_v1,goyang_mixed_20250825_20260630,population=2026-06-30|onePersonHouseholds=2026-06-30|hiraFacilities=2026-06-30|analysisBoundary=2026-04-01|busStops=2025-08-25,가중치 0~1; Jaccard 0~1; 포함수 0~231; 순위 1~41,DSS(w)=w_cag*z(CAG)+w_bus*z(bus_inefficiency)+w_facility*z(nearest_facility_mean_m); 44동에서 z표준화 후 과거 팀 사후 대리매핑 3동을 상위8 선정에서 제외,0.05 간격 전체 비음수 simplex 231개는 실제 정책에서 타당한 가중치 집합으로 가정하지 않는다. 제한 범위 밖 극단값을 포함해 45개 결과의 경계 의존성을 반증하는 감사용이며 포함수는 확률이 아니다.,area_adjacency=AF16E5259A667F45F5BF7F6B3DF3A22E1A4837C477F6B68DDC26CDCF60E2DFF0|area_scores=455106174A3E492D501F73B8BA55EFD1B7525656638E8109AE015C290C352DE3|bus_stops=BBA5AC0E8F29538F42373B1789179B5B9D2CF0186E0D3A618537C83B74B628D5|facilities=9AA2BC9D9F9E0EC421FB7D23A9C9BF0BD5EDB59EB173A91CB27E6EB2655A1E07|grid_scores=F2B4631D6C4DB1C379BB9CAA13D29A9C055273F1C0D682BAC13EDD19C0A9E9BF|metrics_code=7A3920ABAC99C0EEE1FA013FF751C14428D5AA95E0F1F3F32FCED6B7A49541BA|model_spec=435B1018F2D35A2B421D1827A23C0DC739DC1F827F71189F8F818CE0B0C670E4|source_manifest=86163BE779951590317AB41BE2F9DE18666BC936F1735593673513008868CEC9,population=4D1530F251B312CE6564BA5676093B1043057F46A0FE2A58CF2756AFC530DA7B|one_person=01923C6EBD7440771E4EBE20CAB0648355A18C09D198677C0E265F5E68406A7D|admdongkor_boundary=6A63D079BA8AF4701AB200AD0B54EBDEA8689808B6E0E9F17973B9BA7883DC6A|bus_stops=01B63929056B55D0A8FE372756942FB9A81A89CB121A0CDB1838DDE9ED8555BF|hira_hospital=458D04F264BFE005CB12078699156CA72AD47B52062E0F79B8140E2635086268|hira_pharmacy=65B2B1E7F65BF1EFAF20C826BC1FB03CC24B65B359F4B5B51E1A234B334505A4
boundary_wc010_wb090_wf000,0.1,0.9,0,6,0.6,"[""가좌동"",""고양동"",""능곡동"",""송포동"",""주교동"",""효자동"",""대덕동"",""장항1동""]","[""관산동"",""행주동""]","[""대덕동"",""장항1동""]",1.1.0,weight_simplex_boundary_audit_v1,goyang_mixed_20250825_20260630,population=2026-06-30|onePersonHouseholds=2026-06-30|hiraFacilities=2026-06-30|analysisBoundary=2026-04-01|busStops=2025-08-25,가중치 0~1; Jaccard 0~1; 포함수 0~231; 순위 1~41,DSS(w)=w_cag*z(CAG)+w_bus*z(bus_inefficiency)+w_facility*z(nearest_facility_mean_m); 44동에서 z표준화 후 과거 팀 사후 대리매핑 3동을 상위8 선정에서 제외,0.05 간격 전체 비음수 simplex 231개는 실제 정책에서 타당한 가중치 집합으로 가정하지 않는다. 제한 범위 밖 극단값을 포함해 45개 결과의 경계 의존성을 반증하는 감사용이며 포함수는 확률이 아니다.,area_adjacency=AF16E5259A667F45F5BF7F6B3DF3A22E1A4837C477F6B68DDC26CDCF60E2DFF0|area_scores=455106174A3E492D501F73B8BA55EFD1B7525656638E8109AE015C290C352DE3|bus_stops=BBA5AC0E8F29538F42373B1789179B5B9D2CF0186E0D3A618537C83B74B628D5|facilities=9AA2BC9D9F9E0EC421FB7D23A9C9BF0BD5EDB59EB173A91CB27E6EB2655A1E07|grid_scores=F2B4631D6C4DB1C379BB9CAA13D29A9C055273F1C0D682BAC13EDD19C0A9E9BF|metrics_code=7A3920ABAC99C0EEE1FA013FF751C14428D5AA95E0F1F3F32FCED6B7A49541BA|model_spec=435B1018F2D35A2B421D1827A23C0DC739DC1F827F71189F8F818CE0B0C670E4|source_manifest=86163BE779951590317AB41BE2F9DE18666BC936F1735593673513008868CEC9,population=4D1530F251B312CE6564BA5676093B1043057F46A0FE2A58CF2756AFC530DA7B|one_person=01923C6EBD7440771E4EBE20CAB0648355A18C09D198677C0E265F5E68406A7D|admdongkor_boundary=6A63D079BA8AF4701AB200AD0B54EBDEA8689808B6E0E9F17973B9BA7883DC6A|bus_stops=01B63929056B55D0A8FE372756942FB9A81A89CB121A0CDB1838DDE9ED8555BF|hira_hospital=458D04F264BFE005CB12078699156CA72AD47B52062E0F79B8140E2635086268|hira_pharmacy=65B2B1E7F65BF1EFAF20C826BC1FB03CC24B65B359F4B5B51E1A234B334505A4
boundary_wc015_wb000_wf085,0.15,0,0.85,6,0.6,"[""가좌동"",""고양동"",""능곡동"",""송포동"",""행주동"",""효자동"",""대덕동"",""원신동""]","[""관산동"",""주교동""]","[""대덕동"",""원신동""]",1.1.0,weight_simplex_boundary_audit_v1,goyang_mixed_20250825_20260630,population=2026-06-30|onePersonHouseholds=2026-06-30|hiraFacilities=2026-06-30|analysisBoundary=2026-04-01|busStops=2025-08-25,가중치 0~1; Jaccard 0~1; 포함수 0~231; 순위 1~41,DSS(w)=w_cag*z(CAG)+w_bus*z(bus_inefficiency)+w_facility*z(nearest_facility_mean_m); 44동에서 z표준화 후 과거 팀 사후 대리매핑 3동을 상위8 선정에서 제외,0.05 간격 전체 비음수 simplex 231개는 실제 정책에서 타당한 가중치 집합으로 가정하지 않는다. 제한 범위 밖 극단값을 포함해 45개 결과의 경계 의존성을 반증하는 감사용이며 포함수는 확률이 아니다.,area_adjacency=AF16E5259A667F45F5BF7F6B3DF3A22E1A4837C477F6B68DDC26CDCF60E2DFF0|area_scores=455106174A3E492D501F73B8BA55EFD1B7525656638E8109AE015C290C352DE3|bus_stops=BBA5AC0E8F29538F42373B1789179B5B9D2CF0186E0D3A618537C83B74B628D5|facilities=9AA2BC9D9F9E0EC421FB7D23A9C9BF0BD5EDB59EB173A91CB27E6EB2655A1E07|grid_scores=F2B4631D6C4DB1C379BB9CAA13D29A9C055273F1C0D682BAC13EDD19C0A9E9BF|metrics_code=7A3920ABAC99C0EEE1FA013FF751C14428D5AA95E0F1F3F32FCED6B7A49541BA|model_spec=435B1018F2D35A2B421D1827A23C0DC739DC1F827F71189F8F818CE0B0C670E4|source_manifest=86163BE779951590317AB41BE2F9DE18666BC936F1735593673513008868CEC9,population=4D1530F251B312CE6564BA5676093B1043057F46A0FE2A58CF2756AFC530DA7B|one_person=01923C6EBD7440771E4EBE20CAB0648355A18C09D198677C0E265F5E68406A7D|admdongkor_boundary=6A63D079BA8AF4701AB200AD0B54EBDEA8689808B6E0E9F17973B9BA7883DC6A|bus_stops=01B63929056B55D0A8FE372756942FB9A81A89CB121A0CDB1838DDE9ED8555BF|hira_hospital=458D04F264BFE005CB12078699156CA72AD47B52062E0F79B8140E2635086268|hira_pharmacy=65B2B1E7F65BF1EFAF20C826BC1FB03CC24B65B359F4B5B51E1A234B334505A4
boundary_wc015_wb005_wf080,0.15,0.05,0.8,6,0.6,"[""가좌동"",""고양동"",""능곡동"",""송포동"",""행주동"",""효자동"",""대덕동"",""원신동""]","[""관산동"",""주교동""]","[""대덕동"",""원신동""]",1.1.0,weight_simplex_boundary_audit_v1,goyang_mixed_20250825_20260630,population=2026-06-30|onePersonHouseholds=2026-06-30|hiraFacilities=2026-06-30|analysisBoundary=2026-04-01|busStops=2025-08-25,가중치 0~1; Jaccard 0~1; 포함수 0~231; 순위 1~41,DSS(w)=w_cag*z(CAG)+w_bus*z(bus_inefficiency)+w_facility*z(nearest_facility_mean_m); 44동에서 z표준화 후 과거 팀 사후 대리매핑 3동을 상위8 선정에서 제외,0.05 간격 전체 비음수 simplex 231개는 실제 정책에서 타당한 가중치 집합으로 가정하지 않는다. 제한 범위 밖 극단값을 포함해 45개 결과의 경계 의존성을 반증하는 감사용이며 포함수는 확률이 아니다.,area_adjacency=AF16E5259A667F45F5BF7F6B3DF3A22E1A4837C477F6B68DDC26CDCF60E2DFF0|area_scores=455106174A3E492D501F73B8BA55EFD1B7525656638E8109AE015C290C352DE3|bus_stops=BBA5AC0E8F29538F42373B1789179B5B9D2CF0186E0D3A618537C83B74B628D5|facilities=9AA2BC9D9F9E0EC421FB7D23A9C9BF0BD5EDB59EB173A91CB27E6EB2655A1E07|grid_scores=F2B4631D6C4DB1C379BB9CAA13D29A9C055273F1C0D682BAC13EDD19C0A9E9BF|metrics_code=7A3920ABAC99C0EEE1FA013FF751C14428D5AA95E0F1F3F32FCED6B7A49541BA|model_spec=435B1018F2D35A2B421D1827A23C0DC739DC1F827F71189F8F818CE0B0C670E4|source_manifest=86163BE779951590317AB41BE2F9DE18666BC936F1735593673513008868CEC9,population=4D1530F251B312CE6564BA5676093B1043057F46A0FE2A58CF2756AFC530DA7B|one_person=01923C6EBD7440771E4EBE20CAB0648355A18C09D198677C0E265F5E68406A7D|admdongkor_boundary=6A63D079BA8AF4701AB200AD0B54EBDEA8689808B6E0E9F17973B9BA7883DC6A|bus_stops=01B63929056B55D0A8FE372756942FB9A81A89CB121A0CDB1838DDE9ED8555BF|hira_hospital=458D04F264BFE005CB12078699156CA72AD47B52062E0F79B8140E2635086268|hira_pharmacy=65B2B1E7F65BF1EFAF20C826BC1FB03CC24B65B359F4B5B51E1A234B334505A4
boundary_wc015_wb010_wf075,0.15,0.1,0.75,6,0.6,"[""가좌동"",""고양동"",""능곡동"",""송포동"",""행주동"",""효자동"",""대덕동"",""원신동""]","[""관산동"",""주교동""]","[""대덕동"",""원신동""]",1.1.0,weight_simplex_boundary_audit_v1,goyang_mixed_20250825_20260630,population=2026-06-30|onePersonHouseholds=2026-06-30|hiraFacilities=2026-06-30|analysisBoundary=2026-04-01|busStops=2025-08-25,가중치 0~1; Jaccard 0~1; 포함수 0~231; 순위 1~41,DSS(w)=w_cag*z(CAG)+w_bus*z(bus_inefficiency)+w_facility*z(nearest_facility_mean_m); 44동에서 z표준화 후 과거 팀 사후 대리매핑 3동을 상위8 선정에서 제외,0.05 간격 전체 비음수 simplex 231개는 실제 정책에서 타당한 가중치 집합으로 가정하지 않는다. 제한 범위 밖 극단값을 포함해 45개 결과의 경계 의존성을 반증하는 감사용이며 포함수는 확률이 아니다.,area_adjacency=AF16E5259A667F45F5BF7F6B3DF3A22E1A4837C477F6B68DDC26CDCF60E2DFF0|area_scores=455106174A3E492D501F73B8BA55EFD1B7525656638E8109AE015C290C352DE3|bus_stops=BBA5AC0E8F29538F42373B1789179B5B9D2CF0186E0D3A618537C83B74B628D5|facilities=9AA2BC9D9F9E0EC421FB7D23A9C9BF0BD5EDB59EB173A91CB27E6EB2655A1E07|grid_scores=F2B4631D6C4DB1C379BB9CAA13D29A9C055273F1C0D682BAC13EDD19C0A9E9BF|metrics_code=7A3920ABAC99C0EEE1FA013FF751C14428D5AA95E0F1F3F32FCED6B7A49541BA|model_spec=435B1018F2D35A2B421D1827A23C0DC739DC1F827F71189F8F818CE0B0C670E4|source_manifest=86163BE779951590317AB41BE2F9DE18666BC936F1735593673513008868CEC9,population=4D1530F251B312CE6564BA5676093B1043057F46A0FE2A58CF2756AFC530DA7B|one_person=01923C6EBD7440771E4EBE20CAB0648355A18C09D198677C0E265F5E68406A7D|admdongkor_boundary=6A63D079BA8AF4701AB200AD0B54EBDEA8689808B6E0E9F17973B9BA7883DC6A|bus_stops=01B63929056B55D0A8FE372756942FB9A81A89CB121A0CDB1838DDE9ED8555BF|hira_hospital=458D04F264BFE005CB12078699156CA72AD47B52062E0F79B8140E2635086268|hira_pharmacy=65B2B1E7F65BF1EFAF20C826BC1FB03CC24B65B359F4B5B51E1A234B334505A4
boundary_wc015_wb015_wf070,0.15,0.15,0.7,6,0.6,"[""가좌동"",""고양동"",""능곡동"",""송포동"",""행주동"",""효자동"",""대덕동"",""원신동""]","[""관산동"",""주교동""]","[""대덕동"",""원신동""]",1.1.0,weight_simplex_boundary_audit_v1,goyang_mixed_20250825_20260630,population=2026-06-30|onePersonHouseholds=2026-06-30|hiraFacilities=2026-06-30|analysisBoundary=2026-04-01|busStops=2025-08-25,가중치 0~1; Jaccard 0~1; 포함수 0~231; 순위 1~41,DSS(w)=w_cag*z(CAG)+w_bus*z(bus_inefficiency)+w_facility*z(nearest_facility_mean_m); 44동에서 z표준화 후 과거 팀 사후 대리매핑 3동을 상위8 선정에서 제외,0.05 간격 전체 비음수 simplex 231개는 실제 정책에서 타당한 가중치 집합으로 가정하지 않는다. 제한 범위 밖 극단값을 포함해 45개 결과의 경계 의존성을 반증하는 감사용이며 포함수는 확률이 아니다.,area_adjacency=AF16E5259A667F45F5BF7F6B3DF3A22E1A4837C477F6B68DDC26CDCF60E2DFF0|area_scores=455106174A3E492D501F73B8BA55EFD1B7525656638E8109AE015C290C352DE3|bus_stops=BBA5AC0E8F29538F42373B1789179B5B9D2CF0186E0D3A618537C83B74B628D5|facilities=9AA2BC9D9F9E0EC421FB7D23A9C9BF0BD5EDB59EB173A91CB27E6EB2655A1E07|grid_scores=F2B4631D6C4DB1C379BB9CAA13D29A9C055273F1C0D682BAC13EDD19C0A9E9BF|metrics_code=7A3920ABAC99C0EEE1FA013FF751C14428D5AA95E0F1F3F32FCED6B7A49541BA|model_spec=435B1018F2D35A2B421D1827A23C0DC739DC1F827F71189F8F818CE0B0C670E4|source_manifest=86163BE779951590317AB41BE2F9DE18666BC936F1735593673513008868CEC9,population=4D1530F251B312CE6564BA5676093B1043057F46A0FE2A58CF2756AFC530DA7B|one_person=01923C6EBD7440771E4EBE20CAB0648355A18C09D198677C0E265F5E68406A7D|admdongkor_boundary=6A63D079BA8AF4701AB200AD0B54EBDEA8689808B6E0E9F17973B9BA7883DC6A|bus_stops=01B63929056B55D0A8FE372756942FB9A81A89CB121A0CDB1838DDE9ED8555BF|hira_hospital=458D04F264BFE005CB12078699156CA72AD47B52062E0F79B8140E2635086268|hira_pharmacy=65B2B1E7F65BF1EFAF20C826BC1FB03CC24B65B359F4B5B51E1A234B334505A4
boundary_wc015_wb020_wf065,0.15,0.2,0.65,6,0.6,"[""가좌동"",""고양동"",""능곡동"",""송포동"",""행주동"",""효자동"",""대덕동"",""원신동""]","[""관산동"",""주교동""]","[""대덕동"",""원신동""]",1.1.0,weight_simplex_boundary_audit_v1,goyang_mixed_20250825_20260630,population=2026-06-30|onePersonHouseholds=2026-06-30|hiraFacilities=2026-06-30|analysisBoundary=2026-04-01|busStops=2025-08-25,가중치 0~1; Jaccard 0~1; 포함수 0~231; 순위 1~41,DSS(w)=w_cag*z(CAG)+w_bus*z(bus_inefficiency)+w_facility*z(nearest_facility_mean_m); 44동에서 z표준화 후 과거 팀 사후 대리매핑 3동을 상위8 선정에서 제외,0.05 간격 전체 비음수 simplex 231개는 실제 정책에서 타당한 가중치 집합으로 가정하지 않는다. 제한 범위 밖 극단값을 포함해 45개 결과의 경계 의존성을 반증하는 감사용이며 포함수는 확률이 아니다.,area_adjacency=AF16E5259A667F45F5BF7F6B3DF3A22E1A4837C477F6B68DDC26CDCF60E2DFF0|area_scores=455106174A3E492D501F73B8BA55EFD1B7525656638E8109AE015C290C352DE3|bus_stops=BBA5AC0E8F29538F42373B1789179B5B9D2CF0186E0D3A618537C83B74B628D5|facilities=9AA2BC9D9F9E0EC421FB7D23A9C9BF0BD5EDB59EB173A91CB27E6EB2655A1E07|grid_scores=F2B4631D6C4DB1C379BB9CAA13D29A9C055273F1C0D682BAC13EDD19C0A9E9BF|metrics_code=7A3920ABAC99C0EEE1FA013FF751C14428D5AA95E0F1F3F32FCED6B7A49541BA|model_spec=435B1018F2D35A2B421D1827A23C0DC739DC1F827F71189F8F818CE0B0C670E4|source_manifest=86163BE779951590317AB41BE2F9DE18666BC936F1735593673513008868CEC9,population=4D1530F251B312CE6564BA5676093B1043057F46A0FE2A58CF2756AFC530DA7B|one_person=01923C6EBD7440771E4EBE20CAB0648355A18C09D198677C0E265F5E68406A7D|admdongkor_boundary=6A63D079BA8AF4701AB200AD0B54EBDEA8689808B6E0E9F17973B9BA7883DC6A|bus_stops=01B63929056B55D0A8FE372756942FB9A81A89CB121A0CDB1838DDE9ED8555BF|hira_hospital=458D04F264BFE005CB12078699156CA72AD47B52062E0F79B8140E2635086268|hira_pharmacy=65B2B1E7F65BF1EFAF20C826BC1FB03CC24B65B359F4B5B51E1A234B334505A4
boundary_wc015_wb025_wf060,0.15,0.25,0.6,7,0.777777777777778,"[""가좌동"",""고양동"",""능곡동"",""송포동"",""주교동"",""행주동"",""효자동"",""대덕동""]","[""관산동""]","[""대덕동""]",1.1.0,weight_simplex_boundary_audit_v1,goyang_mixed_20250825_20260630,population=2026-06-30|onePersonHouseholds=2026-06-30|hiraFacilities=2026-06-30|analysisBoundary=2026-04-01|busStops=2025-08-25,가중치 0~1; Jaccard 0~1; 포함수 0~231; 순위 1~41,DSS(w)=w_cag*z(CAG)+w_bus*z(bus_inefficiency)+w_facility*z(nearest_facility_mean_m); 44동에서 z표준화 후 과거 팀 사후 대리매핑 3동을 상위8 선정에서 제외,0.05 간격 전체 비음수 simplex 231개는 실제 정책에서 타당한 가중치 집합으로 가정하지 않는다. 제한 범위 밖 극단값을 포함해 45개 결과의 경계 의존성을 반증하는 감사용이며 포함수는 확률이 아니다.,area_adjacency=AF16E5259A667F45F5BF7F6B3DF3A22E1A4837C477F6B68DDC26CDCF60E2DFF0|area_scores=455106174A3E492D501F73B8BA55EFD1B7525656638E8109AE015C290C352DE3|bus_stops=BBA5AC0E8F29538F42373B1789179B5B9D2CF0186E0D3A618537C83B74B628D5|facilities=9AA2BC9D9F9E0EC421FB7D23A9C9BF0BD5EDB59EB173A91CB27E6EB2655A1E07|grid_scores=F2B4631D6C4DB1C379BB9CAA13D29A9C055273F1C0D682BAC13EDD19C0A9E9BF|metrics_code=7A3920ABAC99C0EEE1FA013FF751C14428D5AA95E0F1F3F32FCED6B7A49541BA|model_spec=435B1018F2D35A2B421D1827A23C0DC739DC1F827F71189F8F818CE0B0C670E4|source_manifest=86163BE779951590317AB41BE2F9DE18666BC936F1735593673513008868CEC9,population=4D1530F251B312CE6564BA5676093B1043057F46A0FE2A58CF2756AFC530DA7B|one_person=01923C6EBD7440771E4EBE20CAB0648355A18C09D198677C0E265F5E68406A7D|admdongkor_boundary=6A63D079BA8AF4701AB200AD0B54EBDEA8689808B6E0E9F17973B9BA7883DC6A|bus_stops=01B63929056B55D0A8FE372756942FB9A81A89CB121A0CDB1838DDE9ED8555BF|hira_hospital=458D04F264BFE005CB12078699156CA72AD47B52062E0F79B8140E2635086268|hira_pharmacy=65B2B1E7F65BF1EFAF20C826BC1FB03CC24B65B359F4B5B51E1A234B334505A4
boundary_wc015_wb030_wf055,0.15,0.3,0.55,7,0.777777777777778,"[""가좌동"",""고양동"",""능곡동"",""송포동"",""주교동"",""행주동"",""효자동"",""대덕동""]","[""관산동""]","[""대덕동""]",1.1.0,weight_simplex_boundary_audit_v1,goyang_mixed_20250825_20260630,population=2026-06-30|onePersonHouseholds=2026-06-30|hiraFacilities=2026-06-30|analysisBoundary=2026-04-01|busStops=2025-08-25,가중치 0~1; Jaccard 0~1; 포함수 0~231; 순위 1~41,DSS(w)=w_cag*z(CAG)+w_bus*z(bus_inefficiency)+w_facility*z(nearest_facility_mean_m); 44동에서 z표준화 후 과거 팀 사후 대리매핑 3동을 상위8 선정에서 제외,0.05 간격 전체 비음수 simplex 231개는 실제 정책에서 타당한 가중치 집합으로 가정하지 않는다. 제한 범위 밖 극단값을 포함해 45개 결과의 경계 의존성을 반증하는 감사용이며 포함수는 확률이 아니다.,area_adjacency=AF16E5259A667F45F5BF7F6B3DF3A22E1A4837C477F6B68DDC26CDCF60E2DFF0|area_scores=455106174A3E492D501F73B8BA55EFD1B7525656638E8109AE015C290C352DE3|bus_stops=BBA5AC0E8F29538F42373B1789179B5B9D2CF0186E0D3A618537C83B74B628D5|facilities=9AA2BC9D9F9E0EC421FB7D23A9C9BF0BD5EDB59EB173A91CB27E6EB2655A1E07|grid_scores=F2B4631D6C4DB1C379BB9CAA13D29A9C055273F1C0D682BAC13EDD19C0A9E9BF|metrics_code=7A3920ABAC99C0EEE1FA013FF751C14428D5AA95E0F1F3F32FCED6B7A49541BA|model_spec=435B1018F2D35A2B421D1827A23C0DC739DC1F827F71189F8F818CE0B0C670E4|source_manifest=86163BE779951590317AB41BE2F9DE18666BC936F1735593673513008868CEC9,population=4D1530F251B312CE6564BA5676093B1043057F46A0FE2A58CF2756AFC530DA7B|one_person=01923C6EBD7440771E4EBE20CAB0648355A18C09D198677C0E265F5E68406A7D|admdongkor_boundary=6A63D079BA8AF4701AB200AD0B54EBDEA8689808B6E0E9F17973B9BA7883DC6A|bus_stops=01B63929056B55D0A8FE372756942FB9A81A89CB121A0CDB1838DDE9ED8555BF|hira_hospital=458D04F264BFE005CB12078699156CA72AD47B52062E0F79B8140E2635086268|hira_pharmacy=65B2B1E7F65BF1EFAF20C826BC1FB03CC24B65B359F4B5B51E1A234B334505A4
boundary_wc015_wb035_wf050,0.15,0.35,0.5,7,0.777777777777778,"[""가좌동"",""고양동"",""능곡동"",""송포동"",""주교동"",""행주동"",""효자동"",""대덕동""]","[""관산동""]","[""대덕동""]",1.1.0,weight_simplex_boundary_audit_v1,goyang_mixed_20250825_20260630,population=2026-06-30|onePersonHouseholds=2026-06-30|hiraFacilities=2026-06-30|analysisBoundary=2026-04-01|busStops=2025-08-25,가중치 0~1; Jaccard 0~1; 포함수 0~231; 순위 1~41,DSS(w)=w_cag*z(CAG)+w_bus*z(bus_inefficiency)+w_facility*z(nearest_facility_mean_m); 44동에서 z표준화 후 과거 팀 사후 대리매핑 3동을 상위8 선정에서 제외,0.05 간격 전체 비음수 simplex 231개는 실제 정책에서 타당한 가중치 집합으로 가정하지 않는다. 제한 범위 밖 극단값을 포함해 45개 결과의 경계 의존성을 반증하는 감사용이며 포함수는 확률이 아니다.,area_adjacency=AF16E5259A667F45F5BF7F6B3DF3A22E1A4837C477F6B68DDC26CDCF60E2DFF0|area_scores=455106174A3E492D501F73B8BA55EFD1B7525656638E8109AE015C290C352DE3|bus_stops=BBA5AC0E8F29538F42373B1789179B5B9D2CF0186E0D3A618537C83B74B628D5|facilities=9AA2BC9D9F9E0EC421FB7D23A9C9BF0BD5EDB59EB173A91CB27E6EB2655A1E07|grid_scores=F2B4631D6C4DB1C379BB9CAA13D29A9C055273F1C0D682BAC13EDD19C0A9E9BF|metrics_code=7A3920ABAC99C0EEE1FA013FF751C14428D5AA95E0F1F3F32FCED6B7A49541BA|model_spec=435B1018F2D35A2B421D1827A23C0DC739DC1F827F71189F8F818CE0B0C670E4|source_manifest=86163BE779951590317AB41BE2F9DE18666BC936F1735593673513008868CEC9,population=4D1530F251B312CE6564BA5676093B1043057F46A0FE2A58CF2756AFC530DA7B|one_person=01923C6EBD7440771E4EBE20CAB0648355A18C09D198677C0E265F5E68406A7D|admdongkor_boundary=6A63D079BA8AF4701AB200AD0B54EBDEA8689808B6E0E9F17973B9BA7883DC6A|bus_stops=01B63929056B55D0A8FE372756942FB9A81A89CB121A0CDB1838DDE9ED8555BF|hira_hospital=458D04F264BFE005CB12078699156CA72AD47B52062E0F79B8140E2635086268|hira_pharmacy=65B2B1E7F65BF1EFAF20C826BC1FB03CC24B65B359F4B5B51E1A234B334505A4
boundary_wc015_wb040_wf045,0.15,0.4,0.45,7,0.777777777777778,"[""가좌동"",""고양동"",""능곡동"",""송포동"",""주교동"",""행주동"",""효자동"",""대덕동""]","[""관산동""]","[""대덕동""]",1.1.0,weight_simplex_boundary_audit_v1,goyang_mixed_20250825_20260630,population=2026-06-30|onePersonHouseholds=2026-06-30|hiraFacilities=2026-06-30|analysisBoundary=2026-04-01|busStops=2025-08-25,가중치 0~1; Jaccard 0~1; 포함수 0~231; 순위 1~41,DSS(w)=w_cag*z(CAG)+w_bus*z(bus_inefficiency)+w_facility*z(nearest_facility_mean_m); 44동에서 z표준화 후 과거 팀 사후 대리매핑 3동을 상위8 선정에서 제외,0.05 간격 전체 비음수 simplex 231개는 실제 정책에서 타당한 가중치 집합으로 가정하지 않는다. 제한 범위 밖 극단값을 포함해 45개 결과의 경계 의존성을 반증하는 감사용이며 포함수는 확률이 아니다.,area_adjacency=AF16E5259A667F45F5BF7F6B3DF3A22E1A4837C477F6B68DDC26CDCF60E2DFF0|area_scores=455106174A3E492D501F73B8BA55EFD1B7525656638E8109AE015C290C352DE3|bus_stops=BBA5AC0E8F29538F42373B1789179B5B9D2CF0186E0D3A618537C83B74B628D5|facilities=9AA2BC9D9F9E0EC421FB7D23A9C9BF0BD5EDB59EB173A91CB27E6EB2655A1E07|grid_scores=F2B4631D6C4DB1C379BB9CAA13D29A9C055273F1C0D682BAC13EDD19C0A9E9BF|metrics_code=7A3920ABAC99C0EEE1FA013FF751C14428D5AA95E0F1F3F32FCED6B7A49541BA|model_spec=435B1018F2D35A2B421D1827A23C0DC739DC1F827F71189F8F818CE0B0C670E4|source_manifest=86163BE779951590317AB41BE2F9DE18666BC936F1735593673513008868CEC9,population=4D1530F251B312CE6564BA5676093B1043057F46A0FE2A58CF2756AFC530DA7B|one_person=01923C6EBD7440771E4EBE20CAB0648355A18C09D198677C0E265F5E68406A7D|admdongkor_boundary=6A63D079BA8AF4701AB200AD0B54EBDEA8689808B6E0E9F17973B9BA7883DC6A|bus_stops=01B63929056B55D0A8FE372756942FB9A81A89CB121A0CDB1838DDE9ED8555BF|hira_hospital=458D04F264BFE005CB12078699156CA72AD47B52062E0F79B8140E2635086268|hira_pharmacy=65B2B1E7F65BF1EFAF20C826BC1FB03CC24B65B359F4B5B51E1A234B334505A4
boundary_wc015_wb045_wf040,0.15,0.45,0.4,7,0.777777777777778,"[""가좌동"",""고양동"",""능곡동"",""송포동"",""주교동"",""행주동"",""효자동"",""대덕동""]","[""관산동""]","[""대덕동""]",1.1.0,weight_simplex_boundary_audit_v1,goyang_mixed_20250825_20260630,population=2026-06-30|onePersonHouseholds=2026-06-30|hiraFacilities=2026-06-30|analysisBoundary=2026-04-01|busStops=2025-08-25,가중치 0~1; Jaccard 0~1; 포함수 0~231; 순위 1~41,DSS(w)=w_cag*z(CAG)+w_bus*z(bus_inefficiency)+w_facility*z(nearest_facility_mean_m); 44동에서 z표준화 후 과거 팀 사후 대리매핑 3동을 상위8 선정에서 제외,0.05 간격 전체 비음수 simplex 231개는 실제 정책에서 타당한 가중치 집합으로 가정하지 않는다. 제한 범위 밖 극단값을 포함해 45개 결과의 경계 의존성을 반증하는 감사용이며 포함수는 확률이 아니다.,area_adjacency=AF16E5259A667F45F5BF7F6B3DF3A22E1A4837C477F6B68DDC26CDCF60E2DFF0|area_scores=455106174A3E492D501F73B8BA55EFD1B7525656638E8109AE015C290C352DE3|bus_stops=BBA5AC0E8F29538F42373B1789179B5B9D2CF0186E0D3A618537C83B74B628D5|facilities=9AA2BC9D9F9E0EC421FB7D23A9C9BF0BD5EDB59EB173A91CB27E6EB2655A1E07|grid_scores=F2B4631D6C4DB1C379BB9CAA13D29A9C055273F1C0D682BAC13EDD19C0A9E9BF|metrics_code=7A3920ABAC99C0EEE1FA013FF751C14428D5AA95E0F1F3F32FCED6B7A49541BA|model_spec=435B1018F2D35A2B421D1827A23C0DC739DC1F827F71189F8F818CE0B0C670E4|source_manifest=86163BE779951590317AB41BE2F9DE18666BC936F1735593673513008868CEC9,population=4D1530F251B312CE6564BA5676093B1043057F46A0FE2A58CF2756AFC530DA7B|one_person=01923C6EBD7440771E4EBE20CAB0648355A18C09D198677C0E265F5E68406A7D|admdongkor_boundary=6A63D079BA8AF4701AB200AD0B54EBDEA8689808B6E0E9F17973B9BA7883DC6A|bus_stops=01B63929056B55D0A8FE372756942FB9A81A89CB121A0CDB1838DDE9ED8555BF|hira_hospital=458D04F264BFE005CB12078699156CA72AD47B52062E0F79B8140E2635086268|hira_pharmacy=65B2B1E7F65BF1EFAF20C826BC1FB03CC24B65B359F4B5B51E1A234B334505A4
boundary_wc015_wb050_wf035,0.15,0.5,0.35,7,0.777777777777778,"[""가좌동"",""고양동"",""능곡동"",""송포동"",""주교동"",""행주동"",""효자동"",""대덕동""]","[""관산동""]","[""대덕동""]",1.1.0,weight_simplex_boundary_audit_v1,goyang_mixed_20250825_20260630,population=2026-06-30|onePersonHouseholds=2026-06-30|hiraFacilities=2026-06-30|analysisBoundary=2026-04-01|busStops=2025-08-25,가중치 0~1; Jaccard 0~1; 포함수 0~231; 순위 1~41,DSS(w)=w_cag*z(CAG)+w_bus*z(bus_inefficiency)+w_facility*z(nearest_facility_mean_m); 44동에서 z표준화 후 과거 팀 사후 대리매핑 3동을 상위8 선정에서 제외,0.05 간격 전체 비음수 simplex 231개는 실제 정책에서 타당한 가중치 집합으로 가정하지 않는다. 제한 범위 밖 극단값을 포함해 45개 결과의 경계 의존성을 반증하는 감사용이며 포함수는 확률이 아니다.,area_adjacency=AF16E5259A667F45F5BF7F6B3DF3A22E1A4837C477F6B68DDC26CDCF60E2DFF0|area_scores=455106174A3E492D501F73B8BA55EFD1B7525656638E8109AE015C290C352DE3|bus_stops=BBA5AC0E8F29538F42373B1789179B5B9D2CF0186E0D3A618537C83B74B628D5|facilities=9AA2BC9D9F9E0EC421FB7D23A9C9BF0BD5EDB59EB173A91CB27E6EB2655A1E07|grid_scores=F2B4631D6C4DB1C379BB9CAA13D29A9C055273F1C0D682BAC13EDD19C0A9E9BF|metrics_code=7A3920ABAC99C0EEE1FA013FF751C14428D5AA95E0F1F3F32FCED6B7A49541BA|model_spec=435B1018F2D35A2B421D1827A23C0DC739DC1F827F71189F8F818CE0B0C670E4|source_manifest=86163BE779951590317AB41BE2F9DE18666BC936F1735593673513008868CEC9,population=4D1530F251B312CE6564BA5676093B1043057F46A0FE2A58CF2756AFC530DA7B|one_person=01923C6EBD7440771E4EBE20CAB0648355A18C09D198677C0E265F5E68406A7D|admdongkor_boundary=6A63D079BA8AF4701AB200AD0B54EBDEA8689808B6E0E9F17973B9BA7883DC6A|bus_stops=01B63929056B55D0A8FE372756942FB9A81A89CB121A0CDB1838DDE9ED8555BF|hira_hospital=458D04F264BFE005CB12078699156CA72AD47B52062E0F79B8140E2635086268|hira_pharmacy=65B2B1E7F65BF1EFAF20C826BC1FB03CC24B65B359F4B5B51E1A234B334505A4
boundary_wc015_wb055_wf030,0.15,0.55,0.3,7,0.777777777777778,"[""가좌동"",""고양동"",""능곡동"",""송포동"",""주교동"",""행주동"",""효자동"",""대덕동""]","[""관산동""]","[""대덕동""]",1.1.0,weight_simplex_boundary_audit_v1,goyang_mixed_20250825_20260630,population=2026-06-30|onePersonHouseholds=2026-06-30|hiraFacilities=2026-06-30|analysisBoundary=2026-04-01|busStops=2025-08-25,가중치 0~1; Jaccard 0~1; 포함수 0~231; 순위 1~41,DSS(w)=w_cag*z(CAG)+w_bus*z(bus_inefficiency)+w_facility*z(nearest_facility_mean_m); 44동에서 z표준화 후 과거 팀 사후 대리매핑 3동을 상위8 선정에서 제외,0.05 간격 전체 비음수 simplex 231개는 실제 정책에서 타당한 가중치 집합으로 가정하지 않는다. 제한 범위 밖 극단값을 포함해 45개 결과의 경계 의존성을 반증하는 감사용이며 포함수는 확률이 아니다.,area_adjacency=AF16E5259A667F45F5BF7F6B3DF3A22E1A4837C477F6B68DDC26CDCF60E2DFF0|area_scores=455106174A3E492D501F73B8BA55EFD1B7525656638E8109AE015C290C352DE3|bus_stops=BBA5AC0E8F29538F42373B1789179B5B9D2CF0186E0D3A618537C83B74B628D5|facilities=9AA2BC9D9F9E0EC421FB7D23A9C9BF0BD5EDB59EB173A91CB27E6EB2655A1E07|grid_scores=F2B4631D6C4DB1C379BB9CAA13D29A9C055273F1C0D682BAC13EDD19C0A9E9BF|metrics_code=7A3920ABAC99C0EEE1FA013FF751C14428D5AA95E0F1F3F32FCED6B7A49541BA|model_spec=435B1018F2D35A2B421D1827A23C0DC739DC1F827F71189F8F818CE0B0C670E4|source_manifest=86163BE779951590317AB41BE2F9DE18666BC936F1735593673513008868CEC9,population=4D1530F251B312CE6564BA5676093B1043057F46A0FE2A58CF2756AFC530DA7B|one_person=01923C6EBD7440771E4EBE20CAB0648355A18C09D198677C0E265F5E68406A7D|admdongkor_boundary=6A63D079BA8AF4701AB200AD0B54EBDEA8689808B6E0E9F17973B9BA7883DC6A|bus_stops=01B63929056B55D0A8FE372756942FB9A81A89CB121A0CDB1838DDE9ED8555BF|hira_hospital=458D04F264BFE005CB12078699156CA72AD47B52062E0F79B8140E2635086268|hira_pharmacy=65B2B1E7F65BF1EFAF20C826BC1FB03CC24B65B359F4B5B51E1A234B334505A4
boundary_wc015_wb060_wf025,0.15,0.6,0.25,7,0.777777777777778,"[""가좌동"",""고양동"",""능곡동"",""송포동"",""주교동"",""행주동"",""효자동"",""대덕동""]","[""관산동""]","[""대덕동""]",1.1.0,weight_simplex_boundary_audit_v1,goyang_mixed_20250825_20260630,population=2026-06-30|onePersonHouseholds=2026-06-30|hiraFacilities=2026-06-30|analysisBoundary=2026-04-01|busStops=2025-08-25,가중치 0~1; Jaccard 0~1; 포함수 0~231; 순위 1~41,DSS(w)=w_cag*z(CAG)+w_bus*z(bus_inefficiency)+w_facility*z(nearest_facility_mean_m); 44동에서 z표준화 후 과거 팀 사후 대리매핑 3동을 상위8 선정에서 제외,0.05 간격 전체 비음수 simplex 231개는 실제 정책에서 타당한 가중치 집합으로 가정하지 않는다. 제한 범위 밖 극단값을 포함해 45개 결과의 경계 의존성을 반증하는 감사용이며 포함수는 확률이 아니다.,area_adjacency=AF16E5259A667F45F5BF7F6B3DF3A22E1A4837C477F6B68DDC26CDCF60E2DFF0|area_scores=455106174A3E492D501F73B8BA55EFD1B7525656638E8109AE015C290C352DE3|bus_stops=BBA5AC0E8F29538F42373B1789179B5B9D2CF0186E0D3A618537C83B74B628D5|facilities=9AA2BC9D9F9E0EC421FB7D23A9C9BF0BD5EDB59EB173A91CB27E6EB2655A1E07|grid_scores=F2B4631D6C4DB1C379BB9CAA13D29A9C055273F1C0D682BAC13EDD19C0A9E9BF|metrics_code=7A3920ABAC99C0EEE1FA013FF751C14428D5AA95E0F1F3F32FCED6B7A49541BA|model_spec=435B1018F2D35A2B421D1827A23C0DC739DC1F827F71189F8F818CE0B0C670E4|source_manifest=86163BE779951590317AB41BE2F9DE18666BC936F1735593673513008868CEC9,population=4D1530F251B312CE6564BA5676093B1043057F46A0FE2A58CF2756AFC530DA7B|one_person=01923C6EBD7440771E4EBE20CAB0648355A18C09D198677C0E265F5E68406A7D|admdongkor_boundary=6A63D079BA8AF4701AB200AD0B54EBDEA8689808B6E0E9F17973B9BA7883DC6A|bus_stops=01B63929056B55D0A8FE372756942FB9A81A89CB121A0CDB1838DDE9ED8555BF|hira_hospital=458D04F264BFE005CB12078699156CA72AD47B52062E0F79B8140E2635086268|hira_pharmacy=65B2B1E7F65BF1EFAF20C826BC1FB03CC24B65B359F4B5B51E1A234B334505A4
boundary_wc015_wb065_wf020,0.15,0.65,0.2,6,0.6,"[""가좌동"",""고양동"",""능곡동"",""주교동"",""행주동"",""효자동"",""대덕동"",""장항1동""]","[""관산동"",""송포동""]","[""대덕동"",""장항1동""]",1.1.0,weight_simplex_boundary_audit_v1,goyang_mixed_20250825_20260630,population=2026-06-30|onePersonHouseholds=2026-06-30|hiraFacilities=2026-06-30|analysisBoundary=2026-04-01|busStops=2025-08-25,가중치 0~1; Jaccard 0~1; 포함수 0~231; 순위 1~41,DSS(w)=w_cag*z(CAG)+w_bus*z(bus_inefficiency)+w_facility*z(nearest_facility_mean_m); 44동에서 z표준화 후 과거 팀 사후 대리매핑 3동을 상위8 선정에서 제외,0.05 간격 전체 비음수 simplex 231개는 실제 정책에서 타당한 가중치 집합으로 가정하지 않는다. 제한 범위 밖 극단값을 포함해 45개 결과의 경계 의존성을 반증하는 감사용이며 포함수는 확률이 아니다.,area_adjacency=AF16E5259A667F45F5BF7F6B3DF3A22E1A4837C477F6B68DDC26CDCF60E2DFF0|area_scores=455106174A3E492D501F73B8BA55EFD1B7525656638E8109AE015C290C352DE3|bus_stops=BBA5AC0E8F29538F42373B1789179B5B9D2CF0186E0D3A618537C83B74B628D5|facilities=9AA2BC9D9F9E0EC421FB7D23A9C9BF0BD5EDB59EB173A91CB27E6EB2655A1E07|grid_scores=F2B4631D6C4DB1C379BB9CAA13D29A9C055273F1C0D682BAC13EDD19C0A9E9BF|metrics_code=7A3920ABAC99C0EEE1FA013FF751C14428D5AA95E0F1F3F32FCED6B7A49541BA|model_spec=435B1018F2D35A2B421D1827A23C0DC739DC1F827F71189F8F818CE0B0C670E4|source_manifest=86163BE779951590317AB41BE2F9DE18666BC936F1735593673513008868CEC9,population=4D1530F251B312CE6564BA5676093B1043057F46A0FE2A58CF2756AFC530DA7B|one_person=01923C6EBD7440771E4EBE20CAB0648355A18C09D198677C0E265F5E68406A7D|admdongkor_boundary=6A63D079BA8AF4701AB200AD0B54EBDEA8689808B6E0E9F17973B9BA7883DC6A|bus_stops=01B63929056B55D0A8FE372756942FB9A81A89CB121A0CDB1838DDE9ED8555BF|hira_hospital=458D04F264BFE005CB12078699156CA72AD47B52062E0F79B8140E2635086268|hira_pharmacy=65B2B1E7F65BF1EFAF20C826BC1FB03CC24B65B359F4B5B51E1A234B334505A4
boundary_wc015_wb070_wf015,0.15,0.7,0.15,6,0.6,"[""가좌동"",""고양동"",""능곡동"",""주교동"",""행주동"",""효자동"",""대덕동"",""장항1동""]","[""관산동"",""송포동""]","[""대덕동"",""장항1동""]",1.1.0,weight_simplex_boundary_audit_v1,goyang_mixed_20250825_20260630,population=2026-06-30|onePersonHouseholds=2026-06-30|hiraFacilities=2026-06-30|analysisBoundary=2026-04-01|busStops=2025-08-25,가중치 0~1; Jaccard 0~1; 포함수 0~231; 순위 1~41,DSS(w)=w_cag*z(CAG)+w_bus*z(bus_inefficiency)+w_facility*z(nearest_facility_mean_m); 44동에서 z표준화 후 과거 팀 사후 대리매핑 3동을 상위8 선정에서 제외,0.05 간격 전체 비음수 simplex 231개는 실제 정책에서 타당한 가중치 집합으로 가정하지 않는다. 제한 범위 밖 극단값을 포함해 45개 결과의 경계 의존성을 반증하는 감사용이며 포함수는 확률이 아니다.,area_adjacency=AF16E5259A667F45F5BF7F6B3DF3A22E1A4837C477F6B68DDC26CDCF60E2DFF0|area_scores=455106174A3E492D501F73B8BA55EFD1B7525656638E8109AE015C290C352DE3|bus_stops=BBA5AC0E8F29538F42373B1789179B5B9D2CF0186E0D3A618537C83B74B628D5|facilities=9AA2BC9D9F9E0EC421FB7D23A9C9BF0BD5EDB59EB173A91CB27E6EB2655A1E07|grid_scores=F2B4631D6C4DB1C379BB9CAA13D29A9C055273F1C0D682BAC13EDD19C0A9E9BF|metrics_code=7A3920ABAC99C0EEE1FA013FF751C14428D5AA95E0F1F3F32FCED6B7A49541BA|model_spec=435B1018F2D35A2B421D1827A23C0DC739DC1F827F71189F8F818CE0B0C670E4|source_manifest=86163BE779951590317AB41BE2F9DE18666BC936F1735593673513008868CEC9,population=4D1530F251B312CE6564BA5676093B1043057F46A0FE2A58CF2756AFC530DA7B|one_person=01923C6EBD7440771E4EBE20CAB0648355A18C09D198677C0E265F5E68406A7D|admdongkor_boundary=6A63D079BA8AF4701AB200AD0B54EBDEA8689808B6E0E9F17973B9BA7883DC6A|bus_stops=01B63929056B55D0A8FE372756942FB9A81A89CB121A0CDB1838DDE9ED8555BF|hira_hospital=458D04F264BFE005CB12078699156CA72AD47B52062E0F79B8140E2635086268|hira_pharmacy=65B2B1E7F65BF1EFAF20C826BC1FB03CC24B65B359F4B5B51E1A234B334505A4
boundary_wc015_wb075_wf010,0.15,0.75,0.1,6,0.6,"[""가좌동"",""고양동"",""능곡동"",""주교동"",""행주동"",""효자동"",""대덕동"",""장항1동""]","[""관산동"",""송포동""]","[""대덕동"",""장항1동""]",1.1.0,weight_simplex_boundary_audit_v1,goyang_mixed_20250825_20260630,population=2026-06-30|onePersonHouseholds=2026-06-30|hiraFacilities=2026-06-30|analysisBoundary=2026-04-01|busStops=2025-08-25,가중치 0~1; Jaccard 0~1; 포함수 0~231; 순위 1~41,DSS(w)=w_cag*z(CAG)+w_bus*z(bus_inefficiency)+w_facility*z(nearest_facility_mean_m); 44동에서 z표준화 후 과거 팀 사후 대리매핑 3동을 상위8 선정에서 제외,0.05 간격 전체 비음수 simplex 231개는 실제 정책에서 타당한 가중치 집합으로 가정하지 않는다. 제한 범위 밖 극단값을 포함해 45개 결과의 경계 의존성을 반증하는 감사용이며 포함수는 확률이 아니다.,area_adjacency=AF16E5259A667F45F5BF7F6B3DF3A22E1A4837C477F6B68DDC26CDCF60E2DFF0|area_scores=455106174A3E492D501F73B8BA55EFD1B7525656638E8109AE015C290C352DE3|bus_stops=BBA5AC0E8F29538F42373B1789179B5B9D2CF0186E0D3A618537C83B74B628D5|facilities=9AA2BC9D9F9E0EC421FB7D23A9C9BF0BD5EDB59EB173A91CB27E6EB2655A1E07|grid_scores=F2B4631D6C4DB1C379BB9CAA13D29A9C055273F1C0D682BAC13EDD19C0A9E9BF|metrics_code=7A3920ABAC99C0EEE1FA013FF751C14428D5AA95E0F1F3F32FCED6B7A49541BA|model_spec=435B1018F2D35A2B421D1827A23C0DC739DC1F827F71189F8F818CE0B0C670E4|source_manifest=86163BE779951590317AB41BE2F9DE18666BC936F1735593673513008868CEC9,population=4D1530F251B312CE6564BA5676093B1043057F46A0FE2A58CF2756AFC530DA7B|one_person=01923C6EBD7440771E4EBE20CAB0648355A18C09D198677C0E265F5E68406A7D|admdongkor_boundary=6A63D079BA8AF4701AB200AD0B54EBDEA8689808B6E0E9F17973B9BA7883DC6A|bus_stops=01B63929056B55D0A8FE372756942FB9A81A89CB121A0CDB1838DDE9ED8555BF|hira_hospital=458D04F264BFE005CB12078699156CA72AD47B52062E0F79B8140E2635086268|hira_pharmacy=65B2B1E7F65BF1EFAF20C826BC1FB03CC24B65B359F4B5B51E1A234B334505A4
boundary_wc015_wb080_wf005,0.15,0.8,0.05,6,0.6,"[""가좌동"",""고양동"",""능곡동"",""주교동"",""행주동"",""효자동"",""대덕동"",""장항1동""]","[""관산동"",""송포동""]","[""대덕동"",""장항1동""]",1.1.0,weight_simplex_boundary_audit_v1,goyang_mixed_20250825_20260630,population=2026-06-30|onePersonHouseholds=2026-06-30|hiraFacilities=2026-06-30|analysisBoundary=2026-04-01|busStops=2025-08-25,가중치 0~1; Jaccard 0~1; 포함수 0~231; 순위 1~41,DSS(w)=w_cag*z(CAG)+w_bus*z(bus_inefficiency)+w_facility*z(nearest_facility_mean_m); 44동에서 z표준화 후 과거 팀 사후 대리매핑 3동을 상위8 선정에서 제외,0.05 간격 전체 비음수 simplex 231개는 실제 정책에서 타당한 가중치 집합으로 가정하지 않는다. 제한 범위 밖 극단값을 포함해 45개 결과의 경계 의존성을 반증하는 감사용이며 포함수는 확률이 아니다.,area_adjacency=AF16E5259A667F45F5BF7F6B3DF3A22E1A4837C477F6B68DDC26CDCF60E2DFF0|area_scores=455106174A3E492D501F73B8BA55EFD1B7525656638E8109AE015C290C352DE3|bus_stops=BBA5AC0E8F29538F42373B1789179B5B9D2CF0186E0D3A618537C83B74B628D5|facilities=9AA2BC9D9F9E0EC421FB7D23A9C9BF0BD5EDB59EB173A91CB27E6EB2655A1E07|grid_scores=F2B4631D6C4DB1C379BB9CAA13D29A9C055273F1C0D682BAC13EDD19C0A9E9BF|metrics_code=7A3920ABAC99C0EEE1FA013FF751C14428D5AA95E0F1F3F32FCED6B7A49541BA|model_spec=435B1018F2D35A2B421D1827A23C0DC739DC1F827F71189F8F818CE0B0C670E4|source_manifest=86163BE779951590317AB41BE2F9DE18666BC936F1735593673513008868CEC9,population=4D1530F251B312CE6564BA5676093B1043057F46A0FE2A58CF2756AFC530DA7B|one_person=01923C6EBD7440771E4EBE20CAB0648355A18C09D198677C0E265F5E68406A7D|admdongkor_boundary=6A63D079BA8AF4701AB200AD0B54EBDEA8689808B6E0E9F17973B9BA7883DC6A|bus_stops=01B63929056B55D0A8FE372756942FB9A81A89CB121A0CDB1838DDE9ED8555BF|hira_hospital=458D04F264BFE005CB12078699156CA72AD47B52062E0F79B8140E2635086268|hira_pharmacy=65B2B1E7F65BF1EFAF20C826BC1FB03CC24B65B359F4B5B51E1A234B334505A4
boundary_wc015_wb085_wf000,0.15,0.85,0,6,0.6,"[""가좌동"",""고양동"",""능곡동"",""주교동"",""행주동"",""효자동"",""대덕동"",""장항1동""]","[""관산동"",""송포동""]","[""대덕동"",""장항1동""]",1.1.0,weight_simplex_boundary_audit_v1,goyang_mixed_20250825_20260630,population=2026-06-30|onePersonHouseholds=2026-06-30|hiraFacilities=2026-06-30|analysisBoundary=2026-04-01|busStops=2025-08-25,가중치 0~1; Jaccard 0~1; 포함수 0~231; 순위 1~41,DSS(w)=w_cag*z(CAG)+w_bus*z(bus_inefficiency)+w_facility*z(nearest_facility_mean_m); 44동에서 z표준화 후 과거 팀 사후 대리매핑 3동을 상위8 선정에서 제외,0.05 간격 전체 비음수 simplex 231개는 실제 정책에서 타당한 가중치 집합으로 가정하지 않는다. 제한 범위 밖 극단값을 포함해 45개 결과의 경계 의존성을 반증하는 감사용이며 포함수는 확률이 아니다.,area_adjacency=AF16E5259A667F45F5BF7F6B3DF3A22E1A4837C477F6B68DDC26CDCF60E2DFF0|area_scores=455106174A3E492D501F73B8BA55EFD1B7525656638E8109AE015C290C352DE3|bus_stops=BBA5AC0E8F29538F42373B1789179B5B9D2CF0186E0D3A618537C83B74B628D5|facilities=9AA2BC9D9F9E0EC421FB7D23A9C9BF0BD5EDB59EB173A91CB27E6EB2655A1E07|grid_scores=F2B4631D6C4DB1C379BB9CAA13D29A9C055273F1C0D682BAC13EDD19C0A9E9BF|metrics_code=7A3920ABAC99C0EEE1FA013FF751C14428D5AA95E0F1F3F32FCED6B7A49541BA|model_spec=435B1018F2D35A2B421D1827A23C0DC739DC1F827F71189F8F818CE0B0C670E4|source_manifest=86163BE779951590317AB41BE2F9DE18666BC936F1735593673513008868CEC9,population=4D1530F251B312CE6564BA5676093B1043057F46A0FE2A58CF2756AFC530DA7B|one_person=01923C6EBD7440771E4EBE20CAB0648355A18C09D198677C0E265F5E68406A7D|admdongkor_boundary=6A63D079BA8AF4701AB200AD0B54EBDEA8689808B6E0E9F17973B9BA7883DC6A|bus_stops=01B63929056B55D0A8FE372756942FB9A81A89CB121A0CDB1838DDE9ED8555BF|hira_hospital=458D04F264BFE005CB12078699156CA72AD47B52062E0F79B8140E2635086268|hira_pharmacy=65B2B1E7F65BF1EFAF20C826BC1FB03CC24B65B359F4B5B51E1A234B334505A4
boundary_wc020_wb000_wf080,0.2,0,0.8,7,0.777777777777778,"[""가좌동"",""고양동"",""관산동"",""능곡동"",""송포동"",""행주동"",""효자동"",""원신동""]","[""주교동""]","[""원신동""]",1.1.0,weight_simplex_boundary_audit_v1,goyang_mixed_20250825_20260630,population=2026-06-30|onePersonHouseholds=2026-06-30|hiraFacilities=2026-06-30|analysisBoundary=2026-04-01|busStops=2025-08-25,가중치 0~1; Jaccard 0~1; 포함수 0~231; 순위 1~41,DSS(w)=w_cag*z(CAG)+w_bus*z(bus_inefficiency)+w_facility*z(nearest_facility_mean_m); 44동에서 z표준화 후 과거 팀 사후 대리매핑 3동을 상위8 선정에서 제외,0.05 간격 전체 비음수 simplex 231개는 실제 정책에서 타당한 가중치 집합으로 가정하지 않는다. 제한 범위 밖 극단값을 포함해 45개 결과의 경계 의존성을 반증하는 감사용이며 포함수는 확률이 아니다.,area_adjacency=AF16E5259A667F45F5BF7F6B3DF3A22E1A4837C477F6B68DDC26CDCF60E2DFF0|area_scores=455106174A3E492D501F73B8BA55EFD1B7525656638E8109AE015C290C352DE3|bus_stops=BBA5AC0E8F29538F42373B1789179B5B9D2CF0186E0D3A618537C83B74B628D5|facilities=9AA2BC9D9F9E0EC421FB7D23A9C9BF0BD5EDB59EB173A91CB27E6EB2655A1E07|grid_scores=F2B4631D6C4DB1C379BB9CAA13D29A9C055273F1C0D682BAC13EDD19C0A9E9BF|metrics_code=7A3920ABAC99C0EEE1FA013FF751C14428D5AA95E0F1F3F32FCED6B7A49541BA|model_spec=435B1018F2D35A2B421D1827A23C0DC739DC1F827F71189F8F818CE0B0C670E4|source_manifest=86163BE779951590317AB41BE2F9DE18666BC936F1735593673513008868CEC9,population=4D1530F251B312CE6564BA5676093B1043057F46A0FE2A58CF2756AFC530DA7B|one_person=01923C6EBD7440771E4EBE20CAB0648355A18C09D198677C0E265F5E68406A7D|admdongkor_boundary=6A63D079BA8AF4701AB200AD0B54EBDEA8689808B6E0E9F17973B9BA7883DC6A|bus_stops=01B63929056B55D0A8FE372756942FB9A81A89CB121A0CDB1838DDE9ED8555BF|hira_hospital=458D04F264BFE005CB12078699156CA72AD47B52062E0F79B8140E2635086268|hira_pharmacy=65B2B1E7F65BF1EFAF20C826BC1FB03CC24B65B359F4B5B51E1A234B334505A4
boundary_wc020_wb005_wf075,0.2,0.05,0.75,6,0.6,"[""가좌동"",""고양동"",""능곡동"",""송포동"",""행주동"",""효자동"",""대덕동"",""원신동""]","[""관산동"",""주교동""]","[""대덕동"",""원신동""]",1.1.0,weight_simplex_boundary_audit_v1,goyang_mixed_20250825_20260630,population=2026-06-30|onePersonHouseholds=2026-06-30|hiraFacilities=2026-06-30|analysisBoundary=2026-04-01|busStops=2025-08-25,가중치 0~1; Jaccard 0~1; 포함수 0~231; 순위 1~41,DSS(w)=w_cag*z(CAG)+w_bus*z(bus_inefficiency)+w_facility*z(nearest_facility_mean_m); 44동에서 z표준화 후 과거 팀 사후 대리매핑 3동을 상위8 선정에서 제외,0.05 간격 전체 비음수 simplex 231개는 실제 정책에서 타당한 가중치 집합으로 가정하지 않는다. 제한 범위 밖 극단값을 포함해 45개 결과의 경계 의존성을 반증하는 감사용이며 포함수는 확률이 아니다.,area_adjacency=AF16E5259A667F45F5BF7F6B3DF3A22E1A4837C477F6B68DDC26CDCF60E2DFF0|area_scores=455106174A3E492D501F73B8BA55EFD1B7525656638E8109AE015C290C352DE3|bus_stops=BBA5AC0E8F29538F42373B1789179B5B9D2CF0186E0D3A618537C83B74B628D5|facilities=9AA2BC9D9F9E0EC421FB7D23A9C9BF0BD5EDB59EB173A91CB27E6EB2655A1E07|grid_scores=F2B4631D6C4DB1C379BB9CAA13D29A9C055273F1C0D682BAC13EDD19C0A9E9BF|metrics_code=7A3920ABAC99C0EEE1FA013FF751C14428D5AA95E0F1F3F32FCED6B7A49541BA|model_spec=435B1018F2D35A2B421D1827A23C0DC739DC1F827F71189F8F818CE0B0C670E4|source_manifest=86163BE779951590317AB41BE2F9DE18666BC936F1735593673513008868CEC9,population=4D1530F251B312CE6564BA5676093B1043057F46A0FE2A58CF2756AFC530DA7B|one_person=01923C6EBD7440771E4EBE20CAB0648355A18C09D198677C0E265F5E68406A7D|admdongkor_boundary=6A63D079BA8AF4701AB200AD0B54EBDEA8689808B6E0E9F17973B9BA7883DC6A|bus_stops=01B63929056B55D0A8FE372756942FB9A81A89CB121A0CDB1838DDE9ED8555BF|hira_hospital=458D04F264BFE005CB12078699156CA72AD47B52062E0F79B8140E2635086268|hira_pharmacy=65B2B1E7F65BF1EFAF20C826BC1FB03CC24B65B359F4B5B51E1A234B334505A4
boundary_wc020_wb010_wf070,0.2,0.1,0.7,6,0.6,"[""가좌동"",""고양동"",""능곡동"",""송포동"",""행주동"",""효자동"",""대덕동"",""원신동""]","[""관산동"",""주교동""]","[""대덕동"",""원신동""]",1.1.0,weight_simplex_boundary_audit_v1,goyang_mixed_20250825_20260630,population=2026-06-30|onePersonHouseholds=2026-06-30|hiraFacilities=2026-06-30|analysisBoundary=2026-04-01|busStops=2025-08-25,가중치 0~1; Jaccard 0~1; 포함수 0~231; 순위 1~41,DSS(w)=w_cag*z(CAG)+w_bus*z(bus_inefficiency)+w_facility*z(nearest_facility_mean_m); 44동에서 z표준화 후 과거 팀 사후 대리매핑 3동을 상위8 선정에서 제외,0.05 간격 전체 비음수 simplex 231개는 실제 정책에서 타당한 가중치 집합으로 가정하지 않는다. 제한 범위 밖 극단값을 포함해 45개 결과의 경계 의존성을 반증하는 감사용이며 포함수는 확률이 아니다.,area_adjacency=AF16E5259A667F45F5BF7F6B3DF3A22E1A4837C477F6B68DDC26CDCF60E2DFF0|area_scores=455106174A3E492D501F73B8BA55EFD1B7525656638E8109AE015C290C352DE3|bus_stops=BBA5AC0E8F29538F42373B1789179B5B9D2CF0186E0D3A618537C83B74B628D5|facilities=9AA2BC9D9F9E0EC421FB7D23A9C9BF0BD5EDB59EB173A91CB27E6EB2655A1E07|grid_scores=F2B4631D6C4DB1C379BB9CAA13D29A9C055273F1C0D682BAC13EDD19C0A9E9BF|metrics_code=7A3920ABAC99C0EEE1FA013FF751C14428D5AA95E0F1F3F32FCED6B7A49541BA|model_spec=435B1018F2D35A2B421D1827A23C0DC739DC1F827F71189F8F818CE0B0C670E4|source_manifest=86163BE779951590317AB41BE2F9DE18666BC936F1735593673513008868CEC9,population=4D1530F251B312CE6564BA5676093B1043057F46A0FE2A58CF2756AFC530DA7B|one_person=01923C6EBD7440771E4EBE20CAB0648355A18C09D198677C0E265F5E68406A7D|admdongkor_boundary=6A63D079BA8AF4701AB200AD0B54EBDEA8689808B6E0E9F17973B9BA7883DC6A|bus_stops=01B63929056B55D0A8FE372756942FB9A81A89CB121A0CDB1838DDE9ED8555BF|hira_hospital=458D04F264BFE005CB12078699156CA72AD47B52062E0F79B8140E2635086268|hira_pharmacy=65B2B1E7F65BF1EFAF20C826BC1FB03CC24B65B359F4B5B51E1A234B334505A4
boundary_wc020_wb015_wf065,0.2,0.15,0.65,6,0.6,"[""가좌동"",""고양동"",""능곡동"",""송포동"",""행주동"",""효자동"",""대덕동"",""원신동""]","[""관산동"",""주교동""]","[""대덕동"",""원신동""]",1.1.0,weight_simplex_boundary_audit_v1,goyang_mixed_20250825_20260630,population=2026-06-30|onePersonHouseholds=2026-06-30|hiraFacilities=2026-06-30|analysisBoundary=2026-04-01|busStops=2025-08-25,가중치 0~1; Jaccard 0~1; 포함수 0~231; 순위 1~41,DSS(w)=w_cag*z(CAG)+w_bus*z(bus_inefficiency)+w_facility*z(nearest_facility_mean_m); 44동에서 z표준화 후 과거 팀 사후 대리매핑 3동을 상위8 선정에서 제외,0.05 간격 전체 비음수 simplex 231개는 실제 정책에서 타당한 가중치 집합으로 가정하지 않는다. 제한 범위 밖 극단값을 포함해 45개 결과의 경계 의존성을 반증하는 감사용이며 포함수는 확률이 아니다.,area_adjacency=AF16E5259A667F45F5BF7F6B3DF3A22E1A4837C477F6B68DDC26CDCF60E2DFF0|area_scores=455106174A3E492D501F73B8BA55EFD1B7525656638E8109AE015C290C352DE3|bus_stops=BBA5AC0E8F29538F42373B1789179B5B9D2CF0186E0D3A618537C83B74B628D5|facilities=9AA2BC9D9F9E0EC421FB7D23A9C9BF0BD5EDB59EB173A91CB27E6EB2655A1E07|grid_scores=F2B4631D6C4DB1C379BB9CAA13D29A9C055273F1C0D682BAC13EDD19C0A9E9BF|metrics_code=7A3920ABAC99C0EEE1FA013FF751C14428D5AA95E0F1F3F32FCED6B7A49541BA|model_spec=435B1018F2D35A2B421D1827A23C0DC739DC1F827F71189F8F818CE0B0C670E4|source_manifest=86163BE779951590317AB41BE2F9DE18666BC936F1735593673513008868CEC9,population=4D1530F251B312CE6564BA5676093B1043057F46A0FE2A58CF2756AFC530DA7B|one_person=01923C6EBD7440771E4EBE20CAB0648355A18C09D198677C0E265F5E68406A7D|admdongkor_boundary=6A63D079BA8AF4701AB200AD0B54EBDEA8689808B6E0E9F17973B9BA7883DC6A|bus_stops=01B63929056B55D0A8FE372756942FB9A81A89CB121A0CDB1838DDE9ED8555BF|hira_hospital=458D04F264BFE005CB12078699156CA72AD47B52062E0F79B8140E2635086268|hira_pharmacy=65B2B1E7F65BF1EFAF20C826BC1FB03CC24B65B359F4B5B51E1A234B334505A4
boundary_wc020_wb020_wf060,0.2,0.2,0.6,7,0.777777777777778,"[""가좌동"",""고양동"",""능곡동"",""송포동"",""주교동"",""행주동"",""효자동"",""대덕동""]","[""관산동""]","[""대덕동""]",1.1.0,weight_simplex_boundary_audit_v1,goyang_mixed_20250825_20260630,population=2026-06-30|onePersonHouseholds=2026-06-30|hiraFacilities=2026-06-30|analysisBoundary=2026-04-01|busStops=2025-08-25,가중치 0~1; Jaccard 0~1; 포함수 0~231; 순위 1~41,DSS(w)=w_cag*z(CAG)+w_bus*z(bus_inefficiency)+w_facility*z(nearest_facility_mean_m); 44동에서 z표준화 후 과거 팀 사후 대리매핑 3동을 상위8 선정에서 제외,0.05 간격 전체 비음수 simplex 231개는 실제 정책에서 타당한 가중치 집합으로 가정하지 않는다. 제한 범위 밖 극단값을 포함해 45개 결과의 경계 의존성을 반증하는 감사용이며 포함수는 확률이 아니다.,area_adjacency=AF16E5259A667F45F5BF7F6B3DF3A22E1A4837C477F6B68DDC26CDCF60E2DFF0|area_scores=455106174A3E492D501F73B8BA55EFD1B7525656638E8109AE015C290C352DE3|bus_stops=BBA5AC0E8F29538F42373B1789179B5B9D2CF0186E0D3A618537C83B74B628D5|facilities=9AA2BC9D9F9E0EC421FB7D23A9C9BF0BD5EDB59EB173A91CB27E6EB2655A1E07|grid_scores=F2B4631D6C4DB1C379BB9CAA13D29A9C055273F1C0D682BAC13EDD19C0A9E9BF|metrics_code=7A3920ABAC99C0EEE1FA013FF751C14428D5AA95E0F1F3F32FCED6B7A49541BA|model_spec=435B1018F2D35A2B421D1827A23C0DC739DC1F827F71189F8F818CE0B0C670E4|source_manifest=86163BE779951590317AB41BE2F9DE18666BC936F1735593673513008868CEC9,population=4D1530F251B312CE6564BA5676093B1043057F46A0FE2A58CF2756AFC530DA7B|one_person=01923C6EBD7440771E4EBE20CAB0648355A18C09D198677C0E265F5E68406A7D|admdongkor_boundary=6A63D079BA8AF4701AB200AD0B54EBDEA8689808B6E0E9F17973B9BA7883DC6A|bus_stops=01B63929056B55D0A8FE372756942FB9A81A89CB121A0CDB1838DDE9ED8555BF|hira_hospital=458D04F264BFE005CB12078699156CA72AD47B52062E0F79B8140E2635086268|hira_pharmacy=65B2B1E7F65BF1EFAF20C826BC1FB03CC24B65B359F4B5B51E1A234B334505A4
boundary_wc020_wb025_wf055,0.2,0.25,0.55,7,0.777777777777778,"[""가좌동"",""고양동"",""능곡동"",""송포동"",""주교동"",""행주동"",""효자동"",""대덕동""]","[""관산동""]","[""대덕동""]",1.1.0,weight_simplex_boundary_audit_v1,goyang_mixed_20250825_20260630,population=2026-06-30|onePersonHouseholds=2026-06-30|hiraFacilities=2026-06-30|analysisBoundary=2026-04-01|busStops=2025-08-25,가중치 0~1; Jaccard 0~1; 포함수 0~231; 순위 1~41,DSS(w)=w_cag*z(CAG)+w_bus*z(bus_inefficiency)+w_facility*z(nearest_facility_mean_m); 44동에서 z표준화 후 과거 팀 사후 대리매핑 3동을 상위8 선정에서 제외,0.05 간격 전체 비음수 simplex 231개는 실제 정책에서 타당한 가중치 집합으로 가정하지 않는다. 제한 범위 밖 극단값을 포함해 45개 결과의 경계 의존성을 반증하는 감사용이며 포함수는 확률이 아니다.,area_adjacency=AF16E5259A667F45F5BF7F6B3DF3A22E1A4837C477F6B68DDC26CDCF60E2DFF0|area_scores=455106174A3E492D501F73B8BA55EFD1B7525656638E8109AE015C290C352DE3|bus_stops=BBA5AC0E8F29538F42373B1789179B5B9D2CF0186E0D3A618537C83B74B628D5|facilities=9AA2BC9D9F9E0EC421FB7D23A9C9BF0BD5EDB59EB173A91CB27E6EB2655A1E07|grid_scores=F2B4631D6C4DB1C379BB9CAA13D29A9C055273F1C0D682BAC13EDD19C0A9E9BF|metrics_code=7A3920ABAC99C0EEE1FA013FF751C14428D5AA95E0F1F3F32FCED6B7A49541BA|model_spec=435B1018F2D35A2B421D1827A23C0DC739DC1F827F71189F8F818CE0B0C670E4|source_manifest=86163BE779951590317AB41BE2F9DE18666BC936F1735593673513008868CEC9,population=4D1530F251B312CE6564BA5676093B1043057F46A0FE2A58CF2756AFC530DA7B|one_person=01923C6EBD7440771E4EBE20CAB0648355A18C09D198677C0E265F5E68406A7D|admdongkor_boundary=6A63D079BA8AF4701AB200AD0B54EBDEA8689808B6E0E9F17973B9BA7883DC6A|bus_stops=01B63929056B55D0A8FE372756942FB9A81A89CB121A0CDB1838DDE9ED8555BF|hira_hospital=458D04F264BFE005CB12078699156CA72AD47B52062E0F79B8140E2635086268|hira_pharmacy=65B2B1E7F65BF1EFAF20C826BC1FB03CC24B65B359F4B5B51E1A234B334505A4
boundary_wc020_wb030_wf050,0.2,0.3,0.5,7,0.777777777777778,"[""가좌동"",""고양동"",""능곡동"",""송포동"",""주교동"",""행주동"",""효자동"",""대덕동""]","[""관산동""]","[""대덕동""]",1.1.0,weight_simplex_boundary_audit_v1,goyang_mixed_20250825_20260630,population=2026-06-30|onePersonHouseholds=2026-06-30|hiraFacilities=2026-06-30|analysisBoundary=2026-04-01|busStops=2025-08-25,가중치 0~1; Jaccard 0~1; 포함수 0~231; 순위 1~41,DSS(w)=w_cag*z(CAG)+w_bus*z(bus_inefficiency)+w_facility*z(nearest_facility_mean_m); 44동에서 z표준화 후 과거 팀 사후 대리매핑 3동을 상위8 선정에서 제외,0.05 간격 전체 비음수 simplex 231개는 실제 정책에서 타당한 가중치 집합으로 가정하지 않는다. 제한 범위 밖 극단값을 포함해 45개 결과의 경계 의존성을 반증하는 감사용이며 포함수는 확률이 아니다.,area_adjacency=AF16E5259A667F45F5BF7F6B3DF3A22E1A4837C477F6B68DDC26CDCF60E2DFF0|area_scores=455106174A3E492D501F73B8BA55EFD1B7525656638E8109AE015C290C352DE3|bus_stops=BBA5AC0E8F29538F42373B1789179B5B9D2CF0186E0D3A618537C83B74B628D5|facilities=9AA2BC9D9F9E0EC421FB7D23A9C9BF0BD5EDB59EB173A91CB27E6EB2655A1E07|grid_scores=F2B4631D6C4DB1C379BB9CAA13D29A9C055273F1C0D682BAC13EDD19C0A9E9BF|metrics_code=7A3920ABAC99C0EEE1FA013FF751C14428D5AA95E0F1F3F32FCED6B7A49541BA|model_spec=435B1018F2D35A2B421D1827A23C0DC739DC1F827F71189F8F818CE0B0C670E4|source_manifest=86163BE779951590317AB41BE2F9DE18666BC936F1735593673513008868CEC9,population=4D1530F251B312CE6564BA5676093B1043057F46A0FE2A58CF2756AFC530DA7B|one_person=01923C6EBD7440771E4EBE20CAB0648355A18C09D198677C0E265F5E68406A7D|admdongkor_boundary=6A63D079BA8AF4701AB200AD0B54EBDEA8689808B6E0E9F17973B9BA7883DC6A|bus_stops=01B63929056B55D0A8FE372756942FB9A81A89CB121A0CDB1838DDE9ED8555BF|hira_hospital=458D04F264BFE005CB12078699156CA72AD47B52062E0F79B8140E2635086268|hira_pharmacy=65B2B1E7F65BF1EFAF20C826BC1FB03CC24B65B359F4B5B51E1A234B334505A4
boundary_wc020_wb035_wf045,0.2,0.35,0.45,7,0.777777777777778,"[""가좌동"",""고양동"",""능곡동"",""송포동"",""주교동"",""행주동"",""효자동"",""대덕동""]","[""관산동""]","[""대덕동""]",1.1.0,weight_simplex_boundary_audit_v1,goyang_mixed_20250825_20260630,population=2026-06-30|onePersonHouseholds=2026-06-30|hiraFacilities=2026-06-30|analysisBoundary=2026-04-01|busStops=2025-08-25,가중치 0~1; Jaccard 0~1; 포함수 0~231; 순위 1~41,DSS(w)=w_cag*z(CAG)+w_bus*z(bus_inefficiency)+w_facility*z(nearest_facility_mean_m); 44동에서 z표준화 후 과거 팀 사후 대리매핑 3동을 상위8 선정에서 제외,0.05 간격 전체 비음수 simplex 231개는 실제 정책에서 타당한 가중치 집합으로 가정하지 않는다. 제한 범위 밖 극단값을 포함해 45개 결과의 경계 의존성을 반증하는 감사용이며 포함수는 확률이 아니다.,area_adjacency=AF16E5259A667F45F5BF7F6B3DF3A22E1A4837C477F6B68DDC26CDCF60E2DFF0|area_scores=455106174A3E492D501F73B8BA55EFD1B7525656638E8109AE015C290C352DE3|bus_stops=BBA5AC0E8F29538F42373B1789179B5B9D2CF0186E0D3A618537C83B74B628D5|facilities=9AA2BC9D9F9E0EC421FB7D23A9C9BF0BD5EDB59EB173A91CB27E6EB2655A1E07|grid_scores=F2B4631D6C4DB1C379BB9CAA13D29A9C055273F1C0D682BAC13EDD19C0A9E9BF|metrics_code=7A3920ABAC99C0EEE1FA013FF751C14428D5AA95E0F1F3F32FCED6B7A49541BA|model_spec=435B1018F2D35A2B421D1827A23C0DC739DC1F827F71189F8F818CE0B0C670E4|source_manifest=86163BE779951590317AB41BE2F9DE18666BC936F1735593673513008868CEC9,population=4D1530F251B312CE6564BA5676093B1043057F46A0FE2A58CF2756AFC530DA7B|one_person=01923C6EBD7440771E4EBE20CAB0648355A18C09D198677C0E265F5E68406A7D|admdongkor_boundary=6A63D079BA8AF4701AB200AD0B54EBDEA8689808B6E0E9F17973B9BA7883DC6A|bus_stops=01B63929056B55D0A8FE372756942FB9A81A89CB121A0CDB1838DDE9ED8555BF|hira_hospital=458D04F264BFE005CB12078699156CA72AD47B52062E0F79B8140E2635086268|hira_pharmacy=65B2B1E7F65BF1EFAF20C826BC1FB03CC24B65B359F4B5B51E1A234B334505A4
boundary_wc020_wb040_wf040,0.2,0.4,0.4,7,0.777777777777778,"[""가좌동"",""고양동"",""능곡동"",""송포동"",""주교동"",""행주동"",""효자동"",""대덕동""]","[""관산동""]","[""대덕동""]",1.1.0,weight_simplex_boundary_audit_v1,goyang_mixed_20250825_20260630,population=2026-06-30|onePersonHouseholds=2026-06-30|hiraFacilities=2026-06-30|analysisBoundary=2026-04-01|busStops=2025-08-25,가중치 0~1; Jaccard 0~1; 포함수 0~231; 순위 1~41,DSS(w)=w_cag*z(CAG)+w_bus*z(bus_inefficiency)+w_facility*z(nearest_facility_mean_m); 44동에서 z표준화 후 과거 팀 사후 대리매핑 3동을 상위8 선정에서 제외,0.05 간격 전체 비음수 simplex 231개는 실제 정책에서 타당한 가중치 집합으로 가정하지 않는다. 제한 범위 밖 극단값을 포함해 45개 결과의 경계 의존성을 반증하는 감사용이며 포함수는 확률이 아니다.,area_adjacency=AF16E5259A667F45F5BF7F6B3DF3A22E1A4837C477F6B68DDC26CDCF60E2DFF0|area_scores=455106174A3E492D501F73B8BA55EFD1B7525656638E8109AE015C290C352DE3|bus_stops=BBA5AC0E8F29538F42373B1789179B5B9D2CF0186E0D3A618537C83B74B628D5|facilities=9AA2BC9D9F9E0EC421FB7D23A9C9BF0BD5EDB59EB173A91CB27E6EB2655A1E07|grid_scores=F2B4631D6C4DB1C379BB9CAA13D29A9C055273F1C0D682BAC13EDD19C0A9E9BF|metrics_code=7A3920ABAC99C0EEE1FA013FF751C14428D5AA95E0F1F3F32FCED6B7A49541BA|model_spec=435B1018F2D35A2B421D1827A23C0DC739DC1F827F71189F8F818CE0B0C670E4|source_manifest=86163BE779951590317AB41BE2F9DE18666BC936F1735593673513008868CEC9,population=4D1530F251B312CE6564BA5676093B1043057F46A0FE2A58CF2756AFC530DA7B|one_person=01923C6EBD7440771E4EBE20CAB0648355A18C09D198677C0E265F5E68406A7D|admdongkor_boundary=6A63D079BA8AF4701AB200AD0B54EBDEA8689808B6E0E9F17973B9BA7883DC6A|bus_stops=01B63929056B55D0A8FE372756942FB9A81A89CB121A0CDB1838DDE9ED8555BF|hira_hospital=458D04F264BFE005CB12078699156CA72AD47B52062E0F79B8140E2635086268|hira_pharmacy=65B2B1E7F65BF1EFAF20C826BC1FB03CC24B65B359F4B5B51E1A234B334505A4
boundary_wc020_wb045_wf035,0.2,0.45,0.35,7,0.777777777777778,"[""가좌동"",""고양동"",""능곡동"",""송포동"",""주교동"",""행주동"",""효자동"",""대덕동""]","[""관산동""]","[""대덕동""]",1.1.0,weight_simplex_boundary_audit_v1,goyang_mixed_20250825_20260630,population=2026-06-30|onePersonHouseholds=2026-06-30|hiraFacilities=2026-06-30|analysisBoundary=2026-04-01|busStops=2025-08-25,가중치 0~1; Jaccard 0~1; 포함수 0~231; 순위 1~41,DSS(w)=w_cag*z(CAG)+w_bus*z(bus_inefficiency)+w_facility*z(nearest_facility_mean_m); 44동에서 z표준화 후 과거 팀 사후 대리매핑 3동을 상위8 선정에서 제외,0.05 간격 전체 비음수 simplex 231개는 실제 정책에서 타당한 가중치 집합으로 가정하지 않는다. 제한 범위 밖 극단값을 포함해 45개 결과의 경계 의존성을 반증하는 감사용이며 포함수는 확률이 아니다.,area_adjacency=AF16E5259A667F45F5BF7F6B3DF3A22E1A4837C477F6B68DDC26CDCF60E2DFF0|area_scores=455106174A3E492D501F73B8BA55EFD1B7525656638E8109AE015C290C352DE3|bus_stops=BBA5AC0E8F29538F42373B1789179B5B9D2CF0186E0D3A618537C83B74B628D5|facilities=9AA2BC9D9F9E0EC421FB7D23A9C9BF0BD5EDB59EB173A91CB27E6EB2655A1E07|grid_scores=F2B4631D6C4DB1C379BB9CAA13D29A9C055273F1C0D682BAC13EDD19C0A9E9BF|metrics_code=7A3920ABAC99C0EEE1FA013FF751C14428D5AA95E0F1F3F32FCED6B7A49541BA|model_spec=435B1018F2D35A2B421D1827A23C0DC739DC1F827F71189F8F818CE0B0C670E4|source_manifest=86163BE779951590317AB41BE2F9DE18666BC936F1735593673513008868CEC9,population=4D1530F251B312CE6564BA5676093B1043057F46A0FE2A58CF2756AFC530DA7B|one_person=01923C6EBD7440771E4EBE20CAB0648355A18C09D198677C0E265F5E68406A7D|admdongkor_boundary=6A63D079BA8AF4701AB200AD0B54EBDEA8689808B6E0E9F17973B9BA7883DC6A|bus_stops=01B63929056B55D0A8FE372756942FB9A81A89CB121A0CDB1838DDE9ED8555BF|hira_hospital=458D04F264BFE005CB12078699156CA72AD47B52062E0F79B8140E2635086268|hira_pharmacy=65B2B1E7F65BF1EFAF20C826BC1FB03CC24B65B359F4B5B51E1A234B334505A4
boundary_wc020_wb050_wf030,0.2,0.5,0.3,7,0.777777777777778,"[""가좌동"",""고양동"",""능곡동"",""송포동"",""주교동"",""행주동"",""효자동"",""대덕동""]","[""관산동""]","[""대덕동""]",1.1.0,weight_simplex_boundary_audit_v1,goyang_mixed_20250825_20260630,population=2026-06-30|onePersonHouseholds=2026-06-30|hiraFacilities=2026-06-30|analysisBoundary=2026-04-01|busStops=2025-08-25,가중치 0~1; Jaccard 0~1; 포함수 0~231; 순위 1~41,DSS(w)=w_cag*z(CAG)+w_bus*z(bus_inefficiency)+w_facility*z(nearest_facility_mean_m); 44동에서 z표준화 후 과거 팀 사후 대리매핑 3동을 상위8 선정에서 제외,0.05 간격 전체 비음수 simplex 231개는 실제 정책에서 타당한 가중치 집합으로 가정하지 않는다. 제한 범위 밖 극단값을 포함해 45개 결과의 경계 의존성을 반증하는 감사용이며 포함수는 확률이 아니다.,area_adjacency=AF16E5259A667F45F5BF7F6B3DF3A22E1A4837C477F6B68DDC26CDCF60E2DFF0|area_scores=455106174A3E492D501F73B8BA55EFD1B7525656638E8109AE015C290C352DE3|bus_stops=BBA5AC0E8F29538F42373B1789179B5B9D2CF0186E0D3A618537C83B74B628D5|facilities=9AA2BC9D9F9E0EC421FB7D23A9C9BF0BD5EDB59EB173A91CB27E6EB2655A1E07|grid_scores=F2B4631D6C4DB1C379BB9CAA13D29A9C055273F1C0D682BAC13EDD19C0A9E9BF|metrics_code=7A3920ABAC99C0EEE1FA013FF751C14428D5AA95E0F1F3F32FCED6B7A49541BA|model_spec=435B1018F2D35A2B421D1827A23C0DC739DC1F827F71189F8F818CE0B0C670E4|source_manifest=86163BE779951590317AB41BE2F9DE18666BC936F1735593673513008868CEC9,population=4D1530F251B312CE6564BA5676093B1043057F46A0FE2A58CF2756AFC530DA7B|one_person=01923C6EBD7440771E4EBE20CAB0648355A18C09D198677C0E265F5E68406A7D|admdongkor_boundary=6A63D079BA8AF4701AB200AD0B54EBDEA8689808B6E0E9F17973B9BA7883DC6A|bus_stops=01B63929056B55D0A8FE372756942FB9A81A89CB121A0CDB1838DDE9ED8555BF|hira_hospital=458D04F264BFE005CB12078699156CA72AD47B52062E0F79B8140E2635086268|hira_pharmacy=65B2B1E7F65BF1EFAF20C826BC1FB03CC24B65B359F4B5B51E1A234B334505A4
boundary_wc020_wb055_wf025,0.2,0.55,0.25,7,0.777777777777778,"[""가좌동"",""고양동"",""능곡동"",""송포동"",""주교동"",""행주동"",""효자동"",""대덕동""]","[""관산동""]","[""대덕동""]",1.1.0,weight_simplex_boundary_audit_v1,goyang_mixed_20250825_20260630,population=2026-06-30|onePersonHouseholds=2026-06-30|hiraFacilities=2026-06-30|analysisBoundary=2026-04-01|busStops=2025-08-25,가중치 0~1; Jaccard 0~1; 포함수 0~231; 순위 1~41,DSS(w)=w_cag*z(CAG)+w_bus*z(bus_inefficiency)+w_facility*z(nearest_facility_mean_m); 44동에서 z표준화 후 과거 팀 사후 대리매핑 3동을 상위8 선정에서 제외,0.05 간격 전체 비음수 simplex 231개는 실제 정책에서 타당한 가중치 집합으로 가정하지 않는다. 제한 범위 밖 극단값을 포함해 45개 결과의 경계 의존성을 반증하는 감사용이며 포함수는 확률이 아니다.,area_adjacency=AF16E5259A667F45F5BF7F6B3DF3A22E1A4837C477F6B68DDC26CDCF60E2DFF0|area_scores=455106174A3E492D501F73B8BA55EFD1B7525656638E8109AE015C290C352DE3|bus_stops=BBA5AC0E8F29538F42373B1789179B5B9D2CF0186E0D3A618537C83B74B628D5|facilities=9AA2BC9D9F9E0EC421FB7D23A9C9BF0BD5EDB59EB173A91CB27E6EB2655A1E07|grid_scores=F2B4631D6C4DB1C379BB9CAA13D29A9C055273F1C0D682BAC13EDD19C0A9E9BF|metrics_code=7A3920ABAC99C0EEE1FA013FF751C14428D5AA95E0F1F3F32FCED6B7A49541BA|model_spec=435B1018F2D35A2B421D1827A23C0DC739DC1F827F71189F8F818CE0B0C670E4|source_manifest=86163BE779951590317AB41BE2F9DE18666BC936F1735593673513008868CEC9,population=4D1530F251B312CE6564BA5676093B1043057F46A0FE2A58CF2756AFC530DA7B|one_person=01923C6EBD7440771E4EBE20CAB0648355A18C09D198677C0E265F5E68406A7D|admdongkor_boundary=6A63D079BA8AF4701AB200AD0B54EBDEA8689808B6E0E9F17973B9BA7883DC6A|bus_stops=01B63929056B55D0A8FE372756942FB9A81A89CB121A0CDB1838DDE9ED8555BF|hira_hospital=458D04F264BFE005CB12078699156CA72AD47B52062E0F79B8140E2635086268|hira_pharmacy=65B2B1E7F65BF1EFAF20C826BC1FB03CC24B65B359F4B5B51E1A234B334505A4
boundary_wc020_wb060_wf020,0.2,0.6,0.2,7,0.777777777777778,"[""가좌동"",""고양동"",""능곡동"",""송포동"",""주교동"",""행주동"",""효자동"",""대덕동""]","[""관산동""]","[""대덕동""]",1.1.0,weight_simplex_boundary_audit_v1,goyang_mixed_20250825_20260630,population=2026-06-30|onePersonHouseholds=2026-06-30|hiraFacilities=2026-06-30|analysisBoundary=2026-04-01|busStops=2025-08-25,가중치 0~1; Jaccard 0~1; 포함수 0~231; 순위 1~41,DSS(w)=w_cag*z(CAG)+w_bus*z(bus_inefficiency)+w_facility*z(nearest_facility_mean_m); 44동에서 z표준화 후 과거 팀 사후 대리매핑 3동을 상위8 선정에서 제외,0.05 간격 전체 비음수 simplex 231개는 실제 정책에서 타당한 가중치 집합으로 가정하지 않는다. 제한 범위 밖 극단값을 포함해 45개 결과의 경계 의존성을 반증하는 감사용이며 포함수는 확률이 아니다.,area_adjacency=AF16E5259A667F45F5BF7F6B3DF3A22E1A4837C477F6B68DDC26CDCF60E2DFF0|area_scores=455106174A3E492D501F73B8BA55EFD1B7525656638E8109AE015C290C352DE3|bus_stops=BBA5AC0E8F29538F42373B1789179B5B9D2CF0186E0D3A618537C83B74B628D5|facilities=9AA2BC9D9F9E0EC421FB7D23A9C9BF0BD5EDB59EB173A91CB27E6EB2655A1E07|grid_scores=F2B4631D6C4DB1C379BB9CAA13D29A9C055273F1C0D682BAC13EDD19C0A9E9BF|metrics_code=7A3920ABAC99C0EEE1FA013FF751C14428D5AA95E0F1F3F32FCED6B7A49541BA|model_spec=435B1018F2D35A2B421D1827A23C0DC739DC1F827F71189F8F818CE0B0C670E4|source_manifest=86163BE779951590317AB41BE2F9DE18666BC936F1735593673513008868CEC9,population=4D1530F251B312CE6564BA5676093B1043057F46A0FE2A58CF2756AFC530DA7B|one_person=01923C6EBD7440771E4EBE20CAB0648355A18C09D198677C0E265F5E68406A7D|admdongkor_boundary=6A63D079BA8AF4701AB200AD0B54EBDEA8689808B6E0E9F17973B9BA7883DC6A|bus_stops=01B63929056B55D0A8FE372756942FB9A81A89CB121A0CDB1838DDE9ED8555BF|hira_hospital=458D04F264BFE005CB12078699156CA72AD47B52062E0F79B8140E2635086268|hira_pharmacy=65B2B1E7F65BF1EFAF20C826BC1FB03CC24B65B359F4B5B51E1A234B334505A4
boundary_wc020_wb065_wf015,0.2,0.65,0.15,7,0.777777777777778,"[""가좌동"",""고양동"",""능곡동"",""송포동"",""주교동"",""행주동"",""효자동"",""대덕동""]","[""관산동""]","[""대덕동""]",1.1.0,weight_simplex_boundary_audit_v1,goyang_mixed_20250825_20260630,population=2026-06-30|onePersonHouseholds=2026-06-30|hiraFacilities=2026-06-30|analysisBoundary=2026-04-01|busStops=2025-08-25,가중치 0~1; Jaccard 0~1; 포함수 0~231; 순위 1~41,DSS(w)=w_cag*z(CAG)+w_bus*z(bus_inefficiency)+w_facility*z(nearest_facility_mean_m); 44동에서 z표준화 후 과거 팀 사후 대리매핑 3동을 상위8 선정에서 제외,0.05 간격 전체 비음수 simplex 231개는 실제 정책에서 타당한 가중치 집합으로 가정하지 않는다. 제한 범위 밖 극단값을 포함해 45개 결과의 경계 의존성을 반증하는 감사용이며 포함수는 확률이 아니다.,area_adjacency=AF16E5259A667F45F5BF7F6B3DF3A22E1A4837C477F6B68DDC26CDCF60E2DFF0|area_scores=455106174A3E492D501F73B8BA55EFD1B7525656638E8109AE015C290C352DE3|bus_stops=BBA5AC0E8F29538F42373B1789179B5B9D2CF0186E0D3A618537C83B74B628D5|facilities=9AA2BC9D9F9E0EC421FB7D23A9C9BF0BD5EDB59EB173A91CB27E6EB2655A1E07|grid_scores=F2B4631D6C4DB1C379BB9CAA13D29A9C055273F1C0D682BAC13EDD19C0A9E9BF|metrics_code=7A3920ABAC99C0EEE1FA013FF751C14428D5AA95E0F1F3F32FCED6B7A49541BA|model_spec=435B1018F2D35A2B421D1827A23C0DC739DC1F827F71189F8F818CE0B0C670E4|source_manifest=86163BE779951590317AB41BE2F9DE18666BC936F1735593673513008868CEC9,population=4D1530F251B312CE6564BA5676093B1043057F46A0FE2A58CF2756AFC530DA7B|one_person=01923C6EBD7440771E4EBE20CAB0648355A18C09D198677C0E265F5E68406A7D|admdongkor_boundary=6A63D079BA8AF4701AB200AD0B54EBDEA8689808B6E0E9F17973B9BA7883DC6A|bus_stops=01B63929056B55D0A8FE372756942FB9A81A89CB121A0CDB1838DDE9ED8555BF|hira_hospital=458D04F264BFE005CB12078699156CA72AD47B52062E0F79B8140E2635086268|hira_pharmacy=65B2B1E7F65BF1EFAF20C826BC1FB03CC24B65B359F4B5B51E1A234B334505A4
boundary_wc020_wb070_wf010,0.2,0.7,0.1,6,0.6,"[""가좌동"",""고양동"",""능곡동"",""주교동"",""행주동"",""효자동"",""대덕동"",""장항1동""]","[""관산동"",""송포동""]","[""대덕동"",""장항1동""]",1.1.0,weight_simplex_boundary_audit_v1,goyang_mixed_20250825_20260630,population=2026-06-30|onePersonHouseholds=2026-06-30|hiraFacilities=2026-06-30|analysisBoundary=2026-04-01|busStops=2025-08-25,가중치 0~1; Jaccard 0~1; 포함수 0~231; 순위 1~41,DSS(w)=w_cag*z(CAG)+w_bus*z(bus_inefficiency)+w_facility*z(nearest_facility_mean_m); 44동에서 z표준화 후 과거 팀 사후 대리매핑 3동을 상위8 선정에서 제외,0.05 간격 전체 비음수 simplex 231개는 실제 정책에서 타당한 가중치 집합으로 가정하지 않는다. 제한 범위 밖 극단값을 포함해 45개 결과의 경계 의존성을 반증하는 감사용이며 포함수는 확률이 아니다.,area_adjacency=AF16E5259A667F45F5BF7F6B3DF3A22E1A4837C477F6B68DDC26CDCF60E2DFF0|area_scores=455106174A3E492D501F73B8BA55EFD1B7525656638E8109AE015C290C352DE3|bus_stops=BBA5AC0E8F29538F42373B1789179B5B9D2CF0186E0D3A618537C83B74B628D5|facilities=9AA2BC9D9F9E0EC421FB7D23A9C9BF0BD5EDB59EB173A91CB27E6EB2655A1E07|grid_scores=F2B4631D6C4DB1C379BB9CAA13D29A9C055273F1C0D682BAC13EDD19C0A9E9BF|metrics_code=7A3920ABAC99C0EEE1FA013FF751C14428D5AA95E0F1F3F32FCED6B7A49541BA|model_spec=435B1018F2D35A2B421D1827A23C0DC739DC1F827F71189F8F818CE0B0C670E4|source_manifest=86163BE779951590317AB41BE2F9DE18666BC936F1735593673513008868CEC9,population=4D1530F251B312CE6564BA5676093B1043057F46A0FE2A58CF2756AFC530DA7B|one_person=01923C6EBD7440771E4EBE20CAB0648355A18C09D198677C0E265F5E68406A7D|admdongkor_boundary=6A63D079BA8AF4701AB200AD0B54EBDEA8689808B6E0E9F17973B9BA7883DC6A|bus_stops=01B63929056B55D0A8FE372756942FB9A81A89CB121A0CDB1838DDE9ED8555BF|hira_hospital=458D04F264BFE005CB12078699156CA72AD47B52062E0F79B8140E2635086268|hira_pharmacy=65B2B1E7F65BF1EFAF20C826BC1FB03CC24B65B359F4B5B51E1A234B334505A4
boundary_wc020_wb075_wf005,0.2,0.75,0.05,6,0.6,"[""가좌동"",""고양동"",""능곡동"",""주교동"",""행주동"",""효자동"",""대덕동"",""장항1동""]","[""관산동"",""송포동""]","[""대덕동"",""장항1동""]",1.1.0,weight_simplex_boundary_audit_v1,goyang_mixed_20250825_20260630,population=2026-06-30|onePersonHouseholds=2026-06-30|hiraFacilities=2026-06-30|analysisBoundary=2026-04-01|busStops=2025-08-25,가중치 0~1; Jaccard 0~1; 포함수 0~231; 순위 1~41,DSS(w)=w_cag*z(CAG)+w_bus*z(bus_inefficiency)+w_facility*z(nearest_facility_mean_m); 44동에서 z표준화 후 과거 팀 사후 대리매핑 3동을 상위8 선정에서 제외,0.05 간격 전체 비음수 simplex 231개는 실제 정책에서 타당한 가중치 집합으로 가정하지 않는다. 제한 범위 밖 극단값을 포함해 45개 결과의 경계 의존성을 반증하는 감사용이며 포함수는 확률이 아니다.,area_adjacency=AF16E5259A667F45F5BF7F6B3DF3A22E1A4837C477F6B68DDC26CDCF60E2DFF0|area_scores=455106174A3E492D501F73B8BA55EFD1B7525656638E8109AE015C290C352DE3|bus_stops=BBA5AC0E8F29538F42373B1789179B5B9D2CF0186E0D3A618537C83B74B628D5|facilities=9AA2BC9D9F9E0EC421FB7D23A9C9BF0BD5EDB59EB173A91CB27E6EB2655A1E07|grid_scores=F2B4631D6C4DB1C379BB9CAA13D29A9C055273F1C0D682BAC13EDD19C0A9E9BF|metrics_code=7A3920ABAC99C0EEE1FA013FF751C14428D5AA95E0F1F3F32FCED6B7A49541BA|model_spec=435B1018F2D35A2B421D1827A23C0DC739DC1F827F71189F8F818CE0B0C670E4|source_manifest=86163BE779951590317AB41BE2F9DE18666BC936F1735593673513008868CEC9,population=4D1530F251B312CE6564BA5676093B1043057F46A0FE2A58CF2756AFC530DA7B|one_person=01923C6EBD7440771E4EBE20CAB0648355A18C09D198677C0E265F5E68406A7D|admdongkor_boundary=6A63D079BA8AF4701AB200AD0B54EBDEA8689808B6E0E9F17973B9BA7883DC6A|bus_stops=01B63929056B55D0A8FE372756942FB9A81A89CB121A0CDB1838DDE9ED8555BF|hira_hospital=458D04F264BFE005CB12078699156CA72AD47B52062E0F79B8140E2635086268|hira_pharmacy=65B2B1E7F65BF1EFAF20C826BC1FB03CC24B65B359F4B5B51E1A234B334505A4
boundary_wc020_wb080_wf000,0.2,0.8,0,6,0.6,"[""가좌동"",""고양동"",""능곡동"",""주교동"",""행주동"",""효자동"",""대덕동"",""장항1동""]","[""관산동"",""송포동""]","[""대덕동"",""장항1동""]",1.1.0,weight_simplex_boundary_audit_v1,goyang_mixed_20250825_20260630,population=2026-06-30|onePersonHouseholds=2026-06-30|hiraFacilities=2026-06-30|analysisBoundary=2026-04-01|busStops=2025-08-25,가중치 0~1; Jaccard 0~1; 포함수 0~231; 순위 1~41,DSS(w)=w_cag*z(CAG)+w_bus*z(bus_inefficiency)+w_facility*z(nearest_facility_mean_m); 44동에서 z표준화 후 과거 팀 사후 대리매핑 3동을 상위8 선정에서 제외,0.05 간격 전체 비음수 simplex 231개는 실제 정책에서 타당한 가중치 집합으로 가정하지 않는다. 제한 범위 밖 극단값을 포함해 45개 결과의 경계 의존성을 반증하는 감사용이며 포함수는 확률이 아니다.,area_adjacency=AF16E5259A667F45F5BF7F6B3DF3A22E1A4837C477F6B68DDC26CDCF60E2DFF0|area_scores=455106174A3E492D501F73B8BA55EFD1B7525656638E8109AE015C290C352DE3|bus_stops=BBA5AC0E8F29538F42373B1789179B5B9D2CF0186E0D3A618537C83B74B628D5|facilities=9AA2BC9D9F9E0EC421FB7D23A9C9BF0BD5EDB59EB173A91CB27E6EB2655A1E07|grid_scores=F2B4631D6C4DB1C379BB9CAA13D29A9C055273F1C0D682BAC13EDD19C0A9E9BF|metrics_code=7A3920ABAC99C0EEE1FA013FF751C14428D5AA95E0F1F3F32FCED6B7A49541BA|model_spec=435B1018F2D35A2B421D1827A23C0DC739DC1F827F71189F8F818CE0B0C670E4|source_manifest=86163BE779951590317AB41BE2F9DE18666BC936F1735593673513008868CEC9,population=4D1530F251B312CE6564BA5676093B1043057F46A0FE2A58CF2756AFC530DA7B|one_person=01923C6EBD7440771E4EBE20CAB0648355A18C09D198677C0E265F5E68406A7D|admdongkor_boundary=6A63D079BA8AF4701AB200AD0B54EBDEA8689808B6E0E9F17973B9BA7883DC6A|bus_stops=01B63929056B55D0A8FE372756942FB9A81A89CB121A0CDB1838DDE9ED8555BF|hira_hospital=458D04F264BFE005CB12078699156CA72AD47B52062E0F79B8140E2635086268|hira_pharmacy=65B2B1E7F65BF1EFAF20C826BC1FB03CC24B65B359F4B5B51E1A234B334505A4
boundary_wc025_wb000_wf075,0.25,0,0.75,7,0.777777777777778,"[""가좌동"",""고양동"",""관산동"",""능곡동"",""송포동"",""행주동"",""효자동"",""원신동""]","[""주교동""]","[""원신동""]",1.1.0,weight_simplex_boundary_audit_v1,goyang_mixed_20250825_20260630,population=2026-06-30|onePersonHouseholds=2026-06-30|hiraFacilities=2026-06-30|analysisBoundary=2026-04-01|busStops=2025-08-25,가중치 0~1; Jaccard 0~1; 포함수 0~231; 순위 1~41,DSS(w)=w_cag*z(CAG)+w_bus*z(bus_inefficiency)+w_facility*z(nearest_facility_mean_m); 44동에서 z표준화 후 과거 팀 사후 대리매핑 3동을 상위8 선정에서 제외,0.05 간격 전체 비음수 simplex 231개는 실제 정책에서 타당한 가중치 집합으로 가정하지 않는다. 제한 범위 밖 극단값을 포함해 45개 결과의 경계 의존성을 반증하는 감사용이며 포함수는 확률이 아니다.,area_adjacency=AF16E5259A667F45F5BF7F6B3DF3A22E1A4837C477F6B68DDC26CDCF60E2DFF0|area_scores=455106174A3E492D501F73B8BA55EFD1B7525656638E8109AE015C290C352DE3|bus_stops=BBA5AC0E8F29538F42373B1789179B5B9D2CF0186E0D3A618537C83B74B628D5|facilities=9AA2BC9D9F9E0EC421FB7D23A9C9BF0BD5EDB59EB173A91CB27E6EB2655A1E07|grid_scores=F2B4631D6C4DB1C379BB9CAA13D29A9C055273F1C0D682BAC13EDD19C0A9E9BF|metrics_code=7A3920ABAC99C0EEE1FA013FF751C14428D5AA95E0F1F3F32FCED6B7A49541BA|model_spec=435B1018F2D35A2B421D1827A23C0DC739DC1F827F71189F8F818CE0B0C670E4|source_manifest=86163BE779951590317AB41BE2F9DE18666BC936F1735593673513008868CEC9,population=4D1530F251B312CE6564BA5676093B1043057F46A0FE2A58CF2756AFC530DA7B|one_person=01923C6EBD7440771E4EBE20CAB0648355A18C09D198677C0E265F5E68406A7D|admdongkor_boundary=6A63D079BA8AF4701AB200AD0B54EBDEA8689808B6E0E9F17973B9BA7883DC6A|bus_stops=01B63929056B55D0A8FE372756942FB9A81A89CB121A0CDB1838DDE9ED8555BF|hira_hospital=458D04F264BFE005CB12078699156CA72AD47B52062E0F79B8140E2635086268|hira_pharmacy=65B2B1E7F65BF1EFAF20C826BC1FB03CC24B65B359F4B5B51E1A234B334505A4
boundary_wc025_wb005_wf070,0.25,0.05,0.7,7,0.777777777777778,"[""가좌동"",""고양동"",""관산동"",""능곡동"",""송포동"",""행주동"",""효자동"",""원신동""]","[""주교동""]","[""원신동""]",1.1.0,weight_simplex_boundary_audit_v1,goyang_mixed_20250825_20260630,population=2026-06-30|onePersonHouseholds=2026-06-30|hiraFacilities=2026-06-30|analysisBoundary=2026-04-01|busStops=2025-08-25,가중치 0~1; Jaccard 0~1; 포함수 0~231; 순위 1~41,DSS(w)=w_cag*z(CAG)+w_bus*z(bus_inefficiency)+w_facility*z(nearest_facility_mean_m); 44동에서 z표준화 후 과거 팀 사후 대리매핑 3동을 상위8 선정에서 제외,0.05 간격 전체 비음수 simplex 231개는 실제 정책에서 타당한 가중치 집합으로 가정하지 않는다. 제한 범위 밖 극단값을 포함해 45개 결과의 경계 의존성을 반증하는 감사용이며 포함수는 확률이 아니다.,area_adjacency=AF16E5259A667F45F5BF7F6B3DF3A22E1A4837C477F6B68DDC26CDCF60E2DFF0|area_scores=455106174A3E492D501F73B8BA55EFD1B7525656638E8109AE015C290C352DE3|bus_stops=BBA5AC0E8F29538F42373B1789179B5B9D2CF0186E0D3A618537C83B74B628D5|facilities=9AA2BC9D9F9E0EC421FB7D23A9C9BF0BD5EDB59EB173A91CB27E6EB2655A1E07|grid_scores=F2B4631D6C4DB1C379BB9CAA13D29A9C055273F1C0D682BAC13EDD19C0A9E9BF|metrics_code=7A3920ABAC99C0EEE1FA013FF751C14428D5AA95E0F1F3F32FCED6B7A49541BA|model_spec=435B1018F2D35A2B421D1827A23C0DC739DC1F827F71189F8F818CE0B0C670E4|source_manifest=86163BE779951590317AB41BE2F9DE18666BC936F1735593673513008868CEC9,population=4D1530F251B312CE6564BA5676093B1043057F46A0FE2A58CF2756AFC530DA7B|one_person=01923C6EBD7440771E4EBE20CAB0648355A18C09D198677C0E265F5E68406A7D|admdongkor_boundary=6A63D079BA8AF4701AB200AD0B54EBDEA8689808B6E0E9F17973B9BA7883DC6A|bus_stops=01B63929056B55D0A8FE372756942FB9A81A89CB121A0CDB1838DDE9ED8555BF|hira_hospital=458D04F264BFE005CB12078699156CA72AD47B52062E0F79B8140E2635086268|hira_pharmacy=65B2B1E7F65BF1EFAF20C826BC1FB03CC24B65B359F4B5B51E1A234B334505A4
boundary_wc025_wb010_wf065,0.25,0.1,0.65,7,0.777777777777778,"[""가좌동"",""고양동"",""관산동"",""능곡동"",""송포동"",""행주동"",""효자동"",""원신동""]","[""주교동""]","[""원신동""]",1.1.0,weight_simplex_boundary_audit_v1,goyang_mixed_20250825_20260630,population=2026-06-30|onePersonHouseholds=2026-06-30|hiraFacilities=2026-06-30|analysisBoundary=2026-04-01|busStops=2025-08-25,가중치 0~1; Jaccard 0~1; 포함수 0~231; 순위 1~41,DSS(w)=w_cag*z(CAG)+w_bus*z(bus_inefficiency)+w_facility*z(nearest_facility_mean_m); 44동에서 z표준화 후 과거 팀 사후 대리매핑 3동을 상위8 선정에서 제외,0.05 간격 전체 비음수 simplex 231개는 실제 정책에서 타당한 가중치 집합으로 가정하지 않는다. 제한 범위 밖 극단값을 포함해 45개 결과의 경계 의존성을 반증하는 감사용이며 포함수는 확률이 아니다.,area_adjacency=AF16E5259A667F45F5BF7F6B3DF3A22E1A4837C477F6B68DDC26CDCF60E2DFF0|area_scores=455106174A3E492D501F73B8BA55EFD1B7525656638E8109AE015C290C352DE3|bus_stops=BBA5AC0E8F29538F42373B1789179B5B9D2CF0186E0D3A618537C83B74B628D5|facilities=9AA2BC9D9F9E0EC421FB7D23A9C9BF0BD5EDB59EB173A91CB27E6EB2655A1E07|grid_scores=F2B4631D6C4DB1C379BB9CAA13D29A9C055273F1C0D682BAC13EDD19C0A9E9BF|metrics_code=7A3920ABAC99C0EEE1FA013FF751C14428D5AA95E0F1F3F32FCED6B7A49541BA|model_spec=435B1018F2D35A2B421D1827A23C0DC739DC1F827F71189F8F818CE0B0C670E4|source_manifest=86163BE779951590317AB41BE2F9DE18666BC936F1735593673513008868CEC9,population=4D1530F251B312CE6564BA5676093B1043057F46A0FE2A58CF2756AFC530DA7B|one_person=01923C6EBD7440771E4EBE20CAB0648355A18C09D198677C0E265F5E68406A7D|admdongkor_boundary=6A63D079BA8AF4701AB200AD0B54EBDEA8689808B6E0E9F17973B9BA7883DC6A|bus_stops=01B63929056B55D0A8FE372756942FB9A81A89CB121A0CDB1838DDE9ED8555BF|hira_hospital=458D04F264BFE005CB12078699156CA72AD47B52062E0F79B8140E2635086268|hira_pharmacy=65B2B1E7F65BF1EFAF20C826BC1FB03CC24B65B359F4B5B51E1A234B334505A4
boundary_wc025_wb015_wf060,0.25,0.15,0.6,8,1,"[""가좌동"",""고양동"",""관산동"",""능곡동"",""송포동"",""주교동"",""행주동"",""효자동""]",[],[],1.1.0,weight_simplex_boundary_audit_v1,goyang_mixed_20250825_20260630,population=2026-06-30|onePersonHouseholds=2026-06-30|hiraFacilities=2026-06-30|analysisBoundary=2026-04-01|busStops=2025-08-25,가중치 0~1; Jaccard 0~1; 포함수 0~231; 순위 1~41,DSS(w)=w_cag*z(CAG)+w_bus*z(bus_inefficiency)+w_facility*z(nearest_facility_mean_m); 44동에서 z표준화 후 과거 팀 사후 대리매핑 3동을 상위8 선정에서 제외,0.05 간격 전체 비음수 simplex 231개는 실제 정책에서 타당한 가중치 집합으로 가정하지 않는다. 제한 범위 밖 극단값을 포함해 45개 결과의 경계 의존성을 반증하는 감사용이며 포함수는 확률이 아니다.,area_adjacency=AF16E5259A667F45F5BF7F6B3DF3A22E1A4837C477F6B68DDC26CDCF60E2DFF0|area_scores=455106174A3E492D501F73B8BA55EFD1B7525656638E8109AE015C290C352DE3|bus_stops=BBA5AC0E8F29538F42373B1789179B5B9D2CF0186E0D3A618537C83B74B628D5|facilities=9AA2BC9D9F9E0EC421FB7D23A9C9BF0BD5EDB59EB173A91CB27E6EB2655A1E07|grid_scores=F2B4631D6C4DB1C379BB9CAA13D29A9C055273F1C0D682BAC13EDD19C0A9E9BF|metrics_code=7A3920ABAC99C0EEE1FA013FF751C14428D5AA95E0F1F3F32FCED6B7A49541BA|model_spec=435B1018F2D35A2B421D1827A23C0DC739DC1F827F71189F8F818CE0B0C670E4|source_manifest=86163BE779951590317AB41BE2F9DE18666BC936F1735593673513008868CEC9,population=4D1530F251B312CE6564BA5676093B1043057F46A0FE2A58CF2756AFC530DA7B|one_person=01923C6EBD7440771E4EBE20CAB0648355A18C09D198677C0E265F5E68406A7D|admdongkor_boundary=6A63D079BA8AF4701AB200AD0B54EBDEA8689808B6E0E9F17973B9BA7883DC6A|bus_stops=01B63929056B55D0A8FE372756942FB9A81A89CB121A0CDB1838DDE9ED8555BF|hira_hospital=458D04F264BFE005CB12078699156CA72AD47B52062E0F79B8140E2635086268|hira_pharmacy=65B2B1E7F65BF1EFAF20C826BC1FB03CC24B65B359F4B5B51E1A234B334505A4
boundary_wc025_wb020_wf055,0.25,0.2,0.55,8,1,"[""가좌동"",""고양동"",""관산동"",""능곡동"",""송포동"",""주교동"",""행주동"",""효자동""]",[],[],1.1.0,weight_simplex_boundary_audit_v1,goyang_mixed_20250825_20260630,population=2026-06-30|onePersonHouseholds=2026-06-30|hiraFacilities=2026-06-30|analysisBoundary=2026-04-01|busStops=2025-08-25,가중치 0~1; Jaccard 0~1; 포함수 0~231; 순위 1~41,DSS(w)=w_cag*z(CAG)+w_bus*z(bus_inefficiency)+w_facility*z(nearest_facility_mean_m); 44동에서 z표준화 후 과거 팀 사후 대리매핑 3동을 상위8 선정에서 제외,0.05 간격 전체 비음수 simplex 231개는 실제 정책에서 타당한 가중치 집합으로 가정하지 않는다. 제한 범위 밖 극단값을 포함해 45개 결과의 경계 의존성을 반증하는 감사용이며 포함수는 확률이 아니다.,area_adjacency=AF16E5259A667F45F5BF7F6B3DF3A22E1A4837C477F6B68DDC26CDCF60E2DFF0|area_scores=455106174A3E492D501F73B8BA55EFD1B7525656638E8109AE015C290C352DE3|bus_stops=BBA5AC0E8F29538F42373B1789179B5B9D2CF0186E0D3A618537C83B74B628D5|facilities=9AA2BC9D9F9E0EC421FB7D23A9C9BF0BD5EDB59EB173A91CB27E6EB2655A1E07|grid_scores=F2B4631D6C4DB1C379BB9CAA13D29A9C055273F1C0D682BAC13EDD19C0A9E9BF|metrics_code=7A3920ABAC99C0EEE1FA013FF751C14428D5AA95E0F1F3F32FCED6B7A49541BA|model_spec=435B1018F2D35A2B421D1827A23C0DC739DC1F827F71189F8F818CE0B0C670E4|source_manifest=86163BE779951590317AB41BE2F9DE18666BC936F1735593673513008868CEC9,population=4D1530F251B312CE6564BA5676093B1043057F46A0FE2A58CF2756AFC530DA7B|one_person=01923C6EBD7440771E4EBE20CAB0648355A18C09D198677C0E265F5E68406A7D|admdongkor_boundary=6A63D079BA8AF4701AB200AD0B54EBDEA8689808B6E0E9F17973B9BA7883DC6A|bus_stops=01B63929056B55D0A8FE372756942FB9A81A89CB121A0CDB1838DDE9ED8555BF|hira_hospital=458D04F264BFE005CB12078699156CA72AD47B52062E0F79B8140E2635086268|hira_pharmacy=65B2B1E7F65BF1EFAF20C826BC1FB03CC24B65B359F4B5B51E1A234B334505A4
boundary_wc025_wb025_wf050,0.25,0.25,0.5,8,1,"[""가좌동"",""고양동"",""관산동"",""능곡동"",""송포동"",""주교동"",""행주동"",""효자동""]",[],[],1.1.0,weight_simplex_boundary_audit_v1,goyang_mixed_20250825_20260630,population=2026-06-30|onePersonHouseholds=2026-06-30|hiraFacilities=2026-06-30|analysisBoundary=2026-04-01|busStops=2025-08-25,가중치 0~1; Jaccard 0~1; 포함수 0~231; 순위 1~41,DSS(w)=w_cag*z(CAG)+w_bus*z(bus_inefficiency)+w_facility*z(nearest_facility_mean_m); 44동에서 z표준화 후 과거 팀 사후 대리매핑 3동을 상위8 선정에서 제외,0.05 간격 전체 비음수 simplex 231개는 실제 정책에서 타당한 가중치 집합으로 가정하지 않는다. 제한 범위 밖 극단값을 포함해 45개 결과의 경계 의존성을 반증하는 감사용이며 포함수는 확률이 아니다.,area_adjacency=AF16E5259A667F45F5BF7F6B3DF3A22E1A4837C477F6B68DDC26CDCF60E2DFF0|area_scores=455106174A3E492D501F73B8BA55EFD1B7525656638E8109AE015C290C352DE3|bus_stops=BBA5AC0E8F29538F42373B1789179B5B9D2CF0186E0D3A618537C83B74B628D5|facilities=9AA2BC9D9F9E0EC421FB7D23A9C9BF0BD5EDB59EB173A91CB27E6EB2655A1E07|grid_scores=F2B4631D6C4DB1C379BB9CAA13D29A9C055273F1C0D682BAC13EDD19C0A9E9BF|metrics_code=7A3920ABAC99C0EEE1FA013FF751C14428D5AA95E0F1F3F32FCED6B7A49541BA|model_spec=435B1018F2D35A2B421D1827A23C0DC739DC1F827F71189F8F818CE0B0C670E4|source_manifest=86163BE779951590317AB41BE2F9DE18666BC936F1735593673513008868CEC9,population=4D1530F251B312CE6564BA5676093B1043057F46A0FE2A58CF2756AFC530DA7B|one_person=01923C6EBD7440771E4EBE20CAB0648355A18C09D198677C0E265F5E68406A7D|admdongkor_boundary=6A63D079BA8AF4701AB200AD0B54EBDEA8689808B6E0E9F17973B9BA7883DC6A|bus_stops=01B63929056B55D0A8FE372756942FB9A81A89CB121A0CDB1838DDE9ED8555BF|hira_hospital=458D04F264BFE005CB12078699156CA72AD47B52062E0F79B8140E2635086268|hira_pharmacy=65B2B1E7F65BF1EFAF20C826BC1FB03CC24B65B359F4B5B51E1A234B334505A4
boundary_wc025_wb030_wf045,0.25,0.3,0.45,7,0.777777777777778,"[""가좌동"",""고양동"",""능곡동"",""송포동"",""주교동"",""행주동"",""효자동"",""대덕동""]","[""관산동""]","[""대덕동""]",1.1.0,weight_simplex_boundary_audit_v1,goyang_mixed_20250825_20260630,population=2026-06-30|onePersonHouseholds=2026-06-30|hiraFacilities=2026-06-30|analysisBoundary=2026-04-01|busStops=2025-08-25,가중치 0~1; Jaccard 0~1; 포함수 0~231; 순위 1~41,DSS(w)=w_cag*z(CAG)+w_bus*z(bus_inefficiency)+w_facility*z(nearest_facility_mean_m); 44동에서 z표준화 후 과거 팀 사후 대리매핑 3동을 상위8 선정에서 제외,0.05 간격 전체 비음수 simplex 231개는 실제 정책에서 타당한 가중치 집합으로 가정하지 않는다. 제한 범위 밖 극단값을 포함해 45개 결과의 경계 의존성을 반증하는 감사용이며 포함수는 확률이 아니다.,area_adjacency=AF16E5259A667F45F5BF7F6B3DF3A22E1A4837C477F6B68DDC26CDCF60E2DFF0|area_scores=455106174A3E492D501F73B8BA55EFD1B7525656638E8109AE015C290C352DE3|bus_stops=BBA5AC0E8F29538F42373B1789179B5B9D2CF0186E0D3A618537C83B74B628D5|facilities=9AA2BC9D9F9E0EC421FB7D23A9C9BF0BD5EDB59EB173A91CB27E6EB2655A1E07|grid_scores=F2B4631D6C4DB1C379BB9CAA13D29A9C055273F1C0D682BAC13EDD19C0A9E9BF|metrics_code=7A3920ABAC99C0EEE1FA013FF751C14428D5AA95E0F1F3F32FCED6B7A49541BA|model_spec=435B1018F2D35A2B421D1827A23C0DC739DC1F827F71189F8F818CE0B0C670E4|source_manifest=86163BE779951590317AB41BE2F9DE18666BC936F1735593673513008868CEC9,population=4D1530F251B312CE6564BA5676093B1043057F46A0FE2A58CF2756AFC530DA7B|one_person=01923C6EBD7440771E4EBE20CAB0648355A18C09D198677C0E265F5E68406A7D|admdongkor_boundary=6A63D079BA8AF4701AB200AD0B54EBDEA8689808B6E0E9F17973B9BA7883DC6A|bus_stops=01B63929056B55D0A8FE372756942FB9A81A89CB121A0CDB1838DDE9ED8555BF|hira_hospital=458D04F264BFE005CB12078699156CA72AD47B52062E0F79B8140E2635086268|hira_pharmacy=65B2B1E7F65BF1EFAF20C826BC1FB03CC24B65B359F4B5B51E1A234B334505A4
boundary_wc025_wb035_wf040,0.25,0.35,0.4,7,0.777777777777778,"[""가좌동"",""고양동"",""능곡동"",""송포동"",""주교동"",""행주동"",""효자동"",""대덕동""]","[""관산동""]","[""대덕동""]",1.1.0,weight_simplex_boundary_audit_v1,goyang_mixed_20250825_20260630,population=2026-06-30|onePersonHouseholds=2026-06-30|hiraFacilities=2026-06-30|analysisBoundary=2026-04-01|busStops=2025-08-25,가중치 0~1; Jaccard 0~1; 포함수 0~231; 순위 1~41,DSS(w)=w_cag*z(CAG)+w_bus*z(bus_inefficiency)+w_facility*z(nearest_facility_mean_m); 44동에서 z표준화 후 과거 팀 사후 대리매핑 3동을 상위8 선정에서 제외,0.05 간격 전체 비음수 simplex 231개는 실제 정책에서 타당한 가중치 집합으로 가정하지 않는다. 제한 범위 밖 극단값을 포함해 45개 결과의 경계 의존성을 반증하는 감사용이며 포함수는 확률이 아니다.,area_adjacency=AF16E5259A667F45F5BF7F6B3DF3A22E1A4837C477F6B68DDC26CDCF60E2DFF0|area_scores=455106174A3E492D501F73B8BA55EFD1B7525656638E8109AE015C290C352DE3|bus_stops=BBA5AC0E8F29538F42373B1789179B5B9D2CF0186E0D3A618537C83B74B628D5|facilities=9AA2BC9D9F9E0EC421FB7D23A9C9BF0BD5EDB59EB173A91CB27E6EB2655A1E07|grid_scores=F2B4631D6C4DB1C379BB9CAA13D29A9C055273F1C0D682BAC13EDD19C0A9E9BF|metrics_code=7A3920ABAC99C0EEE1FA013FF751C14428D5AA95E0F1F3F32FCED6B7A49541BA|model_spec=435B1018F2D35A2B421D1827A23C0DC739DC1F827F71189F8F818CE0B0C670E4|source_manifest=86163BE779951590317AB41BE2F9DE18666BC936F1735593673513008868CEC9,population=4D1530F251B312CE6564BA5676093B1043057F46A0FE2A58CF2756AFC530DA7B|one_person=01923C6EBD7440771E4EBE20CAB0648355A18C09D198677C0E265F5E68406A7D|admdongkor_boundary=6A63D079BA8AF4701AB200AD0B54EBDEA8689808B6E0E9F17973B9BA7883DC6A|bus_stops=01B63929056B55D0A8FE372756942FB9A81A89CB121A0CDB1838DDE9ED8555BF|hira_hospital=458D04F264BFE005CB12078699156CA72AD47B52062E0F79B8140E2635086268|hira_pharmacy=65B2B1E7F65BF1EFAF20C826BC1FB03CC24B65B359F4B5B51E1A234B334505A4
boundary_wc025_wb040_wf035,0.25,0.4,0.35,7,0.777777777777778,"[""가좌동"",""고양동"",""능곡동"",""송포동"",""주교동"",""행주동"",""효자동"",""대덕동""]","[""관산동""]","[""대덕동""]",1.1.0,weight_simplex_boundary_audit_v1,goyang_mixed_20250825_20260630,population=2026-06-30|onePersonHouseholds=2026-06-30|hiraFacilities=2026-06-30|analysisBoundary=2026-04-01|busStops=2025-08-25,가중치 0~1; Jaccard 0~1; 포함수 0~231; 순위 1~41,DSS(w)=w_cag*z(CAG)+w_bus*z(bus_inefficiency)+w_facility*z(nearest_facility_mean_m); 44동에서 z표준화 후 과거 팀 사후 대리매핑 3동을 상위8 선정에서 제외,0.05 간격 전체 비음수 simplex 231개는 실제 정책에서 타당한 가중치 집합으로 가정하지 않는다. 제한 범위 밖 극단값을 포함해 45개 결과의 경계 의존성을 반증하는 감사용이며 포함수는 확률이 아니다.,area_adjacency=AF16E5259A667F45F5BF7F6B3DF3A22E1A4837C477F6B68DDC26CDCF60E2DFF0|area_scores=455106174A3E492D501F73B8BA55EFD1B7525656638E8109AE015C290C352DE3|bus_stops=BBA5AC0E8F29538F42373B1789179B5B9D2CF0186E0D3A618537C83B74B628D5|facilities=9AA2BC9D9F9E0EC421FB7D23A9C9BF0BD5EDB59EB173A91CB27E6EB2655A1E07|grid_scores=F2B4631D6C4DB1C379BB9CAA13D29A9C055273F1C0D682BAC13EDD19C0A9E9BF|metrics_code=7A3920ABAC99C0EEE1FA013FF751C14428D5AA95E0F1F3F32FCED6B7A49541BA|model_spec=435B1018F2D35A2B421D1827A23C0DC739DC1F827F71189F8F818CE0B0C670E4|source_manifest=86163BE779951590317AB41BE2F9DE18666BC936F1735593673513008868CEC9,population=4D1530F251B312CE6564BA5676093B1043057F46A0FE2A58CF2756AFC530DA7B|one_person=01923C6EBD7440771E4EBE20CAB0648355A18C09D198677C0E265F5E68406A7D|admdongkor_boundary=6A63D079BA8AF4701AB200AD0B54EBDEA8689808B6E0E9F17973B9BA7883DC6A|bus_stops=01B63929056B55D0A8FE372756942FB9A81A89CB121A0CDB1838DDE9ED8555BF|hira_hospital=458D04F264BFE005CB12078699156CA72AD47B52062E0F79B8140E2635086268|hira_pharmacy=65B2B1E7F65BF1EFAF20C826BC1FB03CC24B65B359F4B5B51E1A234B334505A4
boundary_wc025_wb045_wf030,0.25,0.45,0.3,7,0.777777777777778,"[""가좌동"",""고양동"",""능곡동"",""송포동"",""주교동"",""행주동"",""효자동"",""대덕동""]","[""관산동""]","[""대덕동""]",1.1.0,weight_simplex_boundary_audit_v1,goyang_mixed_20250825_20260630,population=2026-06-30|onePersonHouseholds=2026-06-30|hiraFacilities=2026-06-30|analysisBoundary=2026-04-01|busStops=2025-08-25,가중치 0~1; Jaccard 0~1; 포함수 0~231; 순위 1~41,DSS(w)=w_cag*z(CAG)+w_bus*z(bus_inefficiency)+w_facility*z(nearest_facility_mean_m); 44동에서 z표준화 후 과거 팀 사후 대리매핑 3동을 상위8 선정에서 제외,0.05 간격 전체 비음수 simplex 231개는 실제 정책에서 타당한 가중치 집합으로 가정하지 않는다. 제한 범위 밖 극단값을 포함해 45개 결과의 경계 의존성을 반증하는 감사용이며 포함수는 확률이 아니다.,area_adjacency=AF16E5259A667F45F5BF7F6B3DF3A22E1A4837C477F6B68DDC26CDCF60E2DFF0|area_scores=455106174A3E492D501F73B8BA55EFD1B7525656638E8109AE015C290C352DE3|bus_stops=BBA5AC0E8F29538F42373B1789179B5B9D2CF0186E0D3A618537C83B74B628D5|facilities=9AA2BC9D9F9E0EC421FB7D23A9C9BF0BD5EDB59EB173A91CB27E6EB2655A1E07|grid_scores=F2B4631D6C4DB1C379BB9CAA13D29A9C055273F1C0D682BAC13EDD19C0A9E9BF|metrics_code=7A3920ABAC99C0EEE1FA013FF751C14428D5AA95E0F1F3F32FCED6B7A49541BA|model_spec=435B1018F2D35A2B421D1827A23C0DC739DC1F827F71189F8F818CE0B0C670E4|source_manifest=86163BE779951590317AB41BE2F9DE18666BC936F1735593673513008868CEC9,population=4D1530F251B312CE6564BA5676093B1043057F46A0FE2A58CF2756AFC530DA7B|one_person=01923C6EBD7440771E4EBE20CAB0648355A18C09D198677C0E265F5E68406A7D|admdongkor_boundary=6A63D079BA8AF4701AB200AD0B54EBDEA8689808B6E0E9F17973B9BA7883DC6A|bus_stops=01B63929056B55D0A8FE372756942FB9A81A89CB121A0CDB1838DDE9ED8555BF|hira_hospital=458D04F264BFE005CB12078699156CA72AD47B52062E0F79B8140E2635086268|hira_pharmacy=65B2B1E7F65BF1EFAF20C826BC1FB03CC24B65B359F4B5B51E1A234B334505A4
boundary_wc025_wb050_wf025,0.25,0.5,0.25,7,0.777777777777778,"[""가좌동"",""고양동"",""능곡동"",""송포동"",""주교동"",""행주동"",""효자동"",""대덕동""]","[""관산동""]","[""대덕동""]",1.1.0,weight_simplex_boundary_audit_v1,goyang_mixed_20250825_20260630,population=2026-06-30|onePersonHouseholds=2026-06-30|hiraFacilities=2026-06-30|analysisBoundary=2026-04-01|busStops=2025-08-25,가중치 0~1; Jaccard 0~1; 포함수 0~231; 순위 1~41,DSS(w)=w_cag*z(CAG)+w_bus*z(bus_inefficiency)+w_facility*z(nearest_facility_mean_m); 44동에서 z표준화 후 과거 팀 사후 대리매핑 3동을 상위8 선정에서 제외,0.05 간격 전체 비음수 simplex 231개는 실제 정책에서 타당한 가중치 집합으로 가정하지 않는다. 제한 범위 밖 극단값을 포함해 45개 결과의 경계 의존성을 반증하는 감사용이며 포함수는 확률이 아니다.,area_adjacency=AF16E5259A667F45F5BF7F6B3DF3A22E1A4837C477F6B68DDC26CDCF60E2DFF0|area_scores=455106174A3E492D501F73B8BA55EFD1B7525656638E8109AE015C290C352DE3|bus_stops=BBA5AC0E8F29538F42373B1789179B5B9D2CF0186E0D3A618537C83B74B628D5|facilities=9AA2BC9D9F9E0EC421FB7D23A9C9BF0BD5EDB59EB173A91CB27E6EB2655A1E07|grid_scores=F2B4631D6C4DB1C379BB9CAA13D29A9C055273F1C0D682BAC13EDD19C0A9E9BF|metrics_code=7A3920ABAC99C0EEE1FA013FF751C14428D5AA95E0F1F3F32FCED6B7A49541BA|model_spec=435B1018F2D35A2B421D1827A23C0DC739DC1F827F71189F8F818CE0B0C670E4|source_manifest=86163BE779951590317AB41BE2F9DE18666BC936F1735593673513008868CEC9,population=4D1530F251B312CE6564BA5676093B1043057F46A0FE2A58CF2756AFC530DA7B|one_person=01923C6EBD7440771E4EBE20CAB0648355A18C09D198677C0E265F5E68406A7D|admdongkor_boundary=6A63D079BA8AF4701AB200AD0B54EBDEA8689808B6E0E9F17973B9BA7883DC6A|bus_stops=01B63929056B55D0A8FE372756942FB9A81A89CB121A0CDB1838DDE9ED8555BF|hira_hospital=458D04F264BFE005CB12078699156CA72AD47B52062E0F79B8140E2635086268|hira_pharmacy=65B2B1E7F65BF1EFAF20C826BC1FB03CC24B65B359F4B5B51E1A234B334505A4
boundary_wc025_wb055_wf020,0.25,0.55,0.2,7,0.777777777777778,"[""가좌동"",""고양동"",""능곡동"",""송포동"",""주교동"",""행주동"",""효자동"",""대덕동""]","[""관산동""]","[""대덕동""]",1.1.0,weight_simplex_boundary_audit_v1,goyang_mixed_20250825_20260630,population=2026-06-30|onePersonHouseholds=2026-06-30|hiraFacilities=2026-06-30|analysisBoundary=2026-04-01|busStops=2025-08-25,가중치 0~1; Jaccard 0~1; 포함수 0~231; 순위 1~41,DSS(w)=w_cag*z(CAG)+w_bus*z(bus_inefficiency)+w_facility*z(nearest_facility_mean_m); 44동에서 z표준화 후 과거 팀 사후 대리매핑 3동을 상위8 선정에서 제외,0.05 간격 전체 비음수 simplex 231개는 실제 정책에서 타당한 가중치 집합으로 가정하지 않는다. 제한 범위 밖 극단값을 포함해 45개 결과의 경계 의존성을 반증하는 감사용이며 포함수는 확률이 아니다.,area_adjacency=AF16E5259A667F45F5BF7F6B3DF3A22E1A4837C477F6B68DDC26CDCF60E2DFF0|area_scores=455106174A3E492D501F73B8BA55EFD1B7525656638E8109AE015C290C352DE3|bus_stops=BBA5AC0E8F29538F42373B1789179B5B9D2CF0186E0D3A618537C83B74B628D5|facilities=9AA2BC9D9F9E0EC421FB7D23A9C9BF0BD5EDB59EB173A91CB27E6EB2655A1E07|grid_scores=F2B4631D6C4DB1C379BB9CAA13D29A9C055273F1C0D682BAC13EDD19C0A9E9BF|metrics_code=7A3920ABAC99C0EEE1FA013FF751C14428D5AA95E0F1F3F32FCED6B7A49541BA|model_spec=435B1018F2D35A2B421D1827A23C0DC739DC1F827F71189F8F818CE0B0C670E4|source_manifest=86163BE779951590317AB41BE2F9DE18666BC936F1735593673513008868CEC9,population=4D1530F251B312CE6564BA5676093B1043057F46A0FE2A58CF2756AFC530DA7B|one_person=01923C6EBD7440771E4EBE20CAB0648355A18C09D198677C0E265F5E68406A7D|admdongkor_boundary=6A63D079BA8AF4701AB200AD0B54EBDEA8689808B6E0E9F17973B9BA7883DC6A|bus_stops=01B63929056B55D0A8FE372756942FB9A81A89CB121A0CDB1838DDE9ED8555BF|hira_hospital=458D04F264BFE005CB12078699156CA72AD47B52062E0F79B8140E2635086268|hira_pharmacy=65B2B1E7F65BF1EFAF20C826BC1FB03CC24B65B359F4B5B51E1A234B334505A4
boundary_wc025_wb060_wf015,0.25,0.6,0.15,7,0.777777777777778,"[""가좌동"",""고양동"",""능곡동"",""송포동"",""주교동"",""행주동"",""효자동"",""대덕동""]","[""관산동""]","[""대덕동""]",1.1.0,weight_simplex_boundary_audit_v1,goyang_mixed_20250825_20260630,population=2026-06-30|onePersonHouseholds=2026-06-30|hiraFacilities=2026-06-30|analysisBoundary=2026-04-01|busStops=2025-08-25,가중치 0~1; Jaccard 0~1; 포함수 0~231; 순위 1~41,DSS(w)=w_cag*z(CAG)+w_bus*z(bus_inefficiency)+w_facility*z(nearest_facility_mean_m); 44동에서 z표준화 후 과거 팀 사후 대리매핑 3동을 상위8 선정에서 제외,0.05 간격 전체 비음수 simplex 231개는 실제 정책에서 타당한 가중치 집합으로 가정하지 않는다. 제한 범위 밖 극단값을 포함해 45개 결과의 경계 의존성을 반증하는 감사용이며 포함수는 확률이 아니다.,area_adjacency=AF16E5259A667F45F5BF7F6B3DF3A22E1A4837C477F6B68DDC26CDCF60E2DFF0|area_scores=455106174A3E492D501F73B8BA55EFD1B7525656638E8109AE015C290C352DE3|bus_stops=BBA5AC0E8F29538F42373B1789179B5B9D2CF0186E0D3A618537C83B74B628D5|facilities=9AA2BC9D9F9E0EC421FB7D23A9C9BF0BD5EDB59EB173A91CB27E6EB2655A1E07|grid_scores=F2B4631D6C4DB1C379BB9CAA13D29A9C055273F1C0D682BAC13EDD19C0A9E9BF|metrics_code=7A3920ABAC99C0EEE1FA013FF751C14428D5AA95E0F1F3F32FCED6B7A49541BA|model_spec=435B1018F2D35A2B421D1827A23C0DC739DC1F827F71189F8F818CE0B0C670E4|source_manifest=86163BE779951590317AB41BE2F9DE18666BC936F1735593673513008868CEC9,population=4D1530F251B312CE6564BA5676093B1043057F46A0FE2A58CF2756AFC530DA7B|one_person=01923C6EBD7440771E4EBE20CAB0648355A18C09D198677C0E265F5E68406A7D|admdongkor_boundary=6A63D079BA8AF4701AB200AD0B54EBDEA8689808B6E0E9F17973B9BA7883DC6A|bus_stops=01B63929056B55D0A8FE372756942FB9A81A89CB121A0CDB1838DDE9ED8555BF|hira_hospital=458D04F264BFE005CB12078699156CA72AD47B52062E0F79B8140E2635086268|hira_pharmacy=65B2B1E7F65BF1EFAF20C826BC1FB03CC24B65B359F4B5B51E1A234B334505A4
boundary_wc025_wb065_wf010,0.25,0.65,0.1,7,0.777777777777778,"[""가좌동"",""고양동"",""능곡동"",""송포동"",""주교동"",""행주동"",""효자동"",""대덕동""]","[""관산동""]","[""대덕동""]",1.1.0,weight_simplex_boundary_audit_v1,goyang_mixed_20250825_20260630,population=2026-06-30|onePersonHouseholds=2026-06-30|hiraFacilities=2026-06-30|analysisBoundary=2026-04-01|busStops=2025-08-25,가중치 0~1; Jaccard 0~1; 포함수 0~231; 순위 1~41,DSS(w)=w_cag*z(CAG)+w_bus*z(bus_inefficiency)+w_facility*z(nearest_facility_mean_m); 44동에서 z표준화 후 과거 팀 사후 대리매핑 3동을 상위8 선정에서 제외,0.05 간격 전체 비음수 simplex 231개는 실제 정책에서 타당한 가중치 집합으로 가정하지 않는다. 제한 범위 밖 극단값을 포함해 45개 결과의 경계 의존성을 반증하는 감사용이며 포함수는 확률이 아니다.,area_adjacency=AF16E5259A667F45F5BF7F6B3DF3A22E1A4837C477F6B68DDC26CDCF60E2DFF0|area_scores=455106174A3E492D501F73B8BA55EFD1B7525656638E8109AE015C290C352DE3|bus_stops=BBA5AC0E8F29538F42373B1789179B5B9D2CF0186E0D3A618537C83B74B628D5|facilities=9AA2BC9D9F9E0EC421FB7D23A9C9BF0BD5EDB59EB173A91CB27E6EB2655A1E07|grid_scores=F2B4631D6C4DB1C379BB9CAA13D29A9C055273F1C0D682BAC13EDD19C0A9E9BF|metrics_code=7A3920ABAC99C0EEE1FA013FF751C14428D5AA95E0F1F3F32FCED6B7A49541BA|model_spec=435B1018F2D35A2B421D1827A23C0DC739DC1F827F71189F8F818CE0B0C670E4|source_manifest=86163BE779951590317AB41BE2F9DE18666BC936F1735593673513008868CEC9,population=4D1530F251B312CE6564BA5676093B1043057F46A0FE2A58CF2756AFC530DA7B|one_person=01923C6EBD7440771E4EBE20CAB0648355A18C09D198677C0E265F5E68406A7D|admdongkor_boundary=6A63D079BA8AF4701AB200AD0B54EBDEA8689808B6E0E9F17973B9BA7883DC6A|bus_stops=01B63929056B55D0A8FE372756942FB9A81A89CB121A0CDB1838DDE9ED8555BF|hira_hospital=458D04F264BFE005CB12078699156CA72AD47B52062E0F79B8140E2635086268|hira_pharmacy=65B2B1E7F65BF1EFAF20C826BC1FB03CC24B65B359F4B5B51E1A234B334505A4
boundary_wc025_wb070_wf005,0.25,0.7,0.05,7,0.777777777777778,"[""가좌동"",""고양동"",""능곡동"",""송포동"",""주교동"",""행주동"",""효자동"",""대덕동""]","[""관산동""]","[""대덕동""]",1.1.0,weight_simplex_boundary_audit_v1,goyang_mixed_20250825_20260630,population=2026-06-30|onePersonHouseholds=2026-06-30|hiraFacilities=2026-06-30|analysisBoundary=2026-04-01|busStops=2025-08-25,가중치 0~1; Jaccard 0~1; 포함수 0~231; 순위 1~41,DSS(w)=w_cag*z(CAG)+w_bus*z(bus_inefficiency)+w_facility*z(nearest_facility_mean_m); 44동에서 z표준화 후 과거 팀 사후 대리매핑 3동을 상위8 선정에서 제외,0.05 간격 전체 비음수 simplex 231개는 실제 정책에서 타당한 가중치 집합으로 가정하지 않는다. 제한 범위 밖 극단값을 포함해 45개 결과의 경계 의존성을 반증하는 감사용이며 포함수는 확률이 아니다.,area_adjacency=AF16E5259A667F45F5BF7F6B3DF3A22E1A4837C477F6B68DDC26CDCF60E2DFF0|area_scores=455106174A3E492D501F73B8BA55EFD1B7525656638E8109AE015C290C352DE3|bus_stops=BBA5AC0E8F29538F42373B1789179B5B9D2CF0186E0D3A618537C83B74B628D5|facilities=9AA2BC9D9F9E0EC421FB7D23A9C9BF0BD5EDB59EB173A91CB27E6EB2655A1E07|grid_scores=F2B4631D6C4DB1C379BB9CAA13D29A9C055273F1C0D682BAC13EDD19C0A9E9BF|metrics_code=7A3920ABAC99C0EEE1FA013FF751C14428D5AA95E0F1F3F32FCED6B7A49541BA|model_spec=435B1018F2D35A2B421D1827A23C0DC739DC1F827F71189F8F818CE0B0C670E4|source_manifest=86163BE779951590317AB41BE2F9DE18666BC936F1735593673513008868CEC9,population=4D1530F251B312CE6564BA5676093B1043057F46A0FE2A58CF2756AFC530DA7B|one_person=01923C6EBD7440771E4EBE20CAB0648355A18C09D198677C0E265F5E68406A7D|admdongkor_boundary=6A63D079BA8AF4701AB200AD0B54EBDEA8689808B6E0E9F17973B9BA7883DC6A|bus_stops=01B63929056B55D0A8FE372756942FB9A81A89CB121A0CDB1838DDE9ED8555BF|hira_hospital=458D04F264BFE005CB12078699156CA72AD47B52062E0F79B8140E2635086268|hira_pharmacy=65B2B1E7F65BF1EFAF20C826BC1FB03CC24B65B359F4B5B51E1A234B334505A4
boundary_wc025_wb075_wf000,0.25,0.75,0,6,0.6,"[""가좌동"",""고양동"",""능곡동"",""주교동"",""행주동"",""효자동"",""대덕동"",""장항1동""]","[""관산동"",""송포동""]","[""대덕동"",""장항1동""]",1.1.0,weight_simplex_boundary_audit_v1,goyang_mixed_20250825_20260630,population=2026-06-30|onePersonHouseholds=2026-06-30|hiraFacilities=2026-06-30|analysisBoundary=2026-04-01|busStops=2025-08-25,가중치 0~1; Jaccard 0~1; 포함수 0~231; 순위 1~41,DSS(w)=w_cag*z(CAG)+w_bus*z(bus_inefficiency)+w_facility*z(nearest_facility_mean_m); 44동에서 z표준화 후 과거 팀 사후 대리매핑 3동을 상위8 선정에서 제외,0.05 간격 전체 비음수 simplex 231개는 실제 정책에서 타당한 가중치 집합으로 가정하지 않는다. 제한 범위 밖 극단값을 포함해 45개 결과의 경계 의존성을 반증하는 감사용이며 포함수는 확률이 아니다.,area_adjacency=AF16E5259A667F45F5BF7F6B3DF3A22E1A4837C477F6B68DDC26CDCF60E2DFF0|area_scores=455106174A3E492D501F73B8BA55EFD1B7525656638E8109AE015C290C352DE3|bus_stops=BBA5AC0E8F29538F42373B1789179B5B9D2CF0186E0D3A618537C83B74B628D5|facilities=9AA2BC9D9F9E0EC421FB7D23A9C9BF0BD5EDB59EB173A91CB27E6EB2655A1E07|grid_scores=F2B4631D6C4DB1C379BB9CAA13D29A9C055273F1C0D682BAC13EDD19C0A9E9BF|metrics_code=7A3920ABAC99C0EEE1FA013FF751C14428D5AA95E0F1F3F32FCED6B7A49541BA|model_spec=435B1018F2D35A2B421D1827A23C0DC739DC1F827F71189F8F818CE0B0C670E4|source_manifest=86163BE779951590317AB41BE2F9DE18666BC936F1735593673513008868CEC9,population=4D1530F251B312CE6564BA5676093B1043057F46A0FE2A58CF2756AFC530DA7B|one_person=01923C6EBD7440771E4EBE20CAB0648355A18C09D198677C0E265F5E68406A7D|admdongkor_boundary=6A63D079BA8AF4701AB200AD0B54EBDEA8689808B6E0E9F17973B9BA7883DC6A|bus_stops=01B63929056B55D0A8FE372756942FB9A81A89CB121A0CDB1838DDE9ED8555BF|hira_hospital=458D04F264BFE005CB12078699156CA72AD47B52062E0F79B8140E2635086268|hira_pharmacy=65B2B1E7F65BF1EFAF20C826BC1FB03CC24B65B359F4B5B51E1A234B334505A4
boundary_wc030_wb000_wf070,0.3,0,0.7,7,0.777777777777778,"[""가좌동"",""고양동"",""관산동"",""능곡동"",""송포동"",""행주동"",""효자동"",""원신동""]","[""주교동""]","[""원신동""]",1.1.0,weight_simplex_boundary_audit_v1,goyang_mixed_20250825_20260630,population=2026-06-30|onePersonHouseholds=2026-06-30|hiraFacilities=2026-06-30|analysisBoundary=2026-04-01|busStops=2025-08-25,가중치 0~1; Jaccard 0~1; 포함수 0~231; 순위 1~41,DSS(w)=w_cag*z(CAG)+w_bus*z(bus_inefficiency)+w_facility*z(nearest_facility_mean_m); 44동에서 z표준화 후 과거 팀 사후 대리매핑 3동을 상위8 선정에서 제외,0.05 간격 전체 비음수 simplex 231개는 실제 정책에서 타당한 가중치 집합으로 가정하지 않는다. 제한 범위 밖 극단값을 포함해 45개 결과의 경계 의존성을 반증하는 감사용이며 포함수는 확률이 아니다.,area_adjacency=AF16E5259A667F45F5BF7F6B3DF3A22E1A4837C477F6B68DDC26CDCF60E2DFF0|area_scores=455106174A3E492D501F73B8BA55EFD1B7525656638E8109AE015C290C352DE3|bus_stops=BBA5AC0E8F29538F42373B1789179B5B9D2CF0186E0D3A618537C83B74B628D5|facilities=9AA2BC9D9F9E0EC421FB7D23A9C9BF0BD5EDB59EB173A91CB27E6EB2655A1E07|grid_scores=F2B4631D6C4DB1C379BB9CAA13D29A9C055273F1C0D682BAC13EDD19C0A9E9BF|metrics_code=7A3920ABAC99C0EEE1FA013FF751C14428D5AA95E0F1F3F32FCED6B7A49541BA|model_spec=435B1018F2D35A2B421D1827A23C0DC739DC1F827F71189F8F818CE0B0C670E4|source_manifest=86163BE779951590317AB41BE2F9DE18666BC936F1735593673513008868CEC9,population=4D1530F251B312CE6564BA5676093B1043057F46A0FE2A58CF2756AFC530DA7B|one_person=01923C6EBD7440771E4EBE20CAB0648355A18C09D198677C0E265F5E68406A7D|admdongkor_boundary=6A63D079BA8AF4701AB200AD0B54EBDEA8689808B6E0E9F17973B9BA7883DC6A|bus_stops=01B63929056B55D0A8FE372756942FB9A81A89CB121A0CDB1838DDE9ED8555BF|hira_hospital=458D04F264BFE005CB12078699156CA72AD47B52062E0F79B8140E2635086268|hira_pharmacy=65B2B1E7F65BF1EFAF20C826BC1FB03CC24B65B359F4B5B51E1A234B334505A4
boundary_wc030_wb005_wf065,0.3,0.05,0.65,7,0.777777777777778,"[""가좌동"",""고양동"",""관산동"",""능곡동"",""송포동"",""행주동"",""효자동"",""원신동""]","[""주교동""]","[""원신동""]",1.1.0,weight_simplex_boundary_audit_v1,goyang_mixed_20250825_20260630,population=2026-06-30|onePersonHouseholds=2026-06-30|hiraFacilities=2026-06-30|analysisBoundary=2026-04-01|busStops=2025-08-25,가중치 0~1; Jaccard 0~1; 포함수 0~231; 순위 1~41,DSS(w)=w_cag*z(CAG)+w_bus*z(bus_inefficiency)+w_facility*z(nearest_facility_mean_m); 44동에서 z표준화 후 과거 팀 사후 대리매핑 3동을 상위8 선정에서 제외,0.05 간격 전체 비음수 simplex 231개는 실제 정책에서 타당한 가중치 집합으로 가정하지 않는다. 제한 범위 밖 극단값을 포함해 45개 결과의 경계 의존성을 반증하는 감사용이며 포함수는 확률이 아니다.,area_adjacency=AF16E5259A667F45F5BF7F6B3DF3A22E1A4837C477F6B68DDC26CDCF60E2DFF0|area_scores=455106174A3E492D501F73B8BA55EFD1B7525656638E8109AE015C290C352DE3|bus_stops=BBA5AC0E8F29538F42373B1789179B5B9D2CF0186E0D3A618537C83B74B628D5|facilities=9AA2BC9D9F9E0EC421FB7D23A9C9BF0BD5EDB59EB173A91CB27E6EB2655A1E07|grid_scores=F2B4631D6C4DB1C379BB9CAA13D29A9C055273F1C0D682BAC13EDD19C0A9E9BF|metrics_code=7A3920ABAC99C0EEE1FA013FF751C14428D5AA95E0F1F3F32FCED6B7A49541BA|model_spec=435B1018F2D35A2B421D1827A23C0DC739DC1F827F71189F8F818CE0B0C670E4|source_manifest=86163BE779951590317AB41BE2F9DE18666BC936F1735593673513008868CEC9,population=4D1530F251B312CE6564BA5676093B1043057F46A0FE2A58CF2756AFC530DA7B|one_person=01923C6EBD7440771E4EBE20CAB0648355A18C09D198677C0E265F5E68406A7D|admdongkor_boundary=6A63D079BA8AF4701AB200AD0B54EBDEA8689808B6E0E9F17973B9BA7883DC6A|bus_stops=01B63929056B55D0A8FE372756942FB9A81A89CB121A0CDB1838DDE9ED8555BF|hira_hospital=458D04F264BFE005CB12078699156CA72AD47B52062E0F79B8140E2635086268|hira_pharmacy=65B2B1E7F65BF1EFAF20C826BC1FB03CC24B65B359F4B5B51E1A234B334505A4
boundary_wc030_wb010_wf060,0.3,0.1,0.6,7,0.777777777777778,"[""가좌동"",""고양동"",""관산동"",""능곡동"",""송포동"",""행주동"",""효자동"",""원신동""]","[""주교동""]","[""원신동""]",1.1.0,weight_simplex_boundary_audit_v1,goyang_mixed_20250825_20260630,population=2026-06-30|onePersonHouseholds=2026-06-30|hiraFacilities=2026-06-30|analysisBoundary=2026-04-01|busStops=2025-08-25,가중치 0~1; Jaccard 0~1; 포함수 0~231; 순위 1~41,DSS(w)=w_cag*z(CAG)+w_bus*z(bus_inefficiency)+w_facility*z(nearest_facility_mean_m); 44동에서 z표준화 후 과거 팀 사후 대리매핑 3동을 상위8 선정에서 제외,0.05 간격 전체 비음수 simplex 231개는 실제 정책에서 타당한 가중치 집합으로 가정하지 않는다. 제한 범위 밖 극단값을 포함해 45개 결과의 경계 의존성을 반증하는 감사용이며 포함수는 확률이 아니다.,area_adjacency=AF16E5259A667F45F5BF7F6B3DF3A22E1A4837C477F6B68DDC26CDCF60E2DFF0|area_scores=455106174A3E492D501F73B8BA55EFD1B7525656638E8109AE015C290C352DE3|bus_stops=BBA5AC0E8F29538F42373B1789179B5B9D2CF0186E0D3A618537C83B74B628D5|facilities=9AA2BC9D9F9E0EC421FB7D23A9C9BF0BD5EDB59EB173A91CB27E6EB2655A1E07|grid_scores=F2B4631D6C4DB1C379BB9CAA13D29A9C055273F1C0D682BAC13EDD19C0A9E9BF|metrics_code=7A3920ABAC99C0EEE1FA013FF751C14428D5AA95E0F1F3F32FCED6B7A49541BA|model_spec=435B1018F2D35A2B421D1827A23C0DC739DC1F827F71189F8F818CE0B0C670E4|source_manifest=86163BE779951590317AB41BE2F9DE18666BC936F1735593673513008868CEC9,population=4D1530F251B312CE6564BA5676093B1043057F46A0FE2A58CF2756AFC530DA7B|one_person=01923C6EBD7440771E4EBE20CAB0648355A18C09D198677C0E265F5E68406A7D|admdongkor_boundary=6A63D079BA8AF4701AB200AD0B54EBDEA8689808B6E0E9F17973B9BA7883DC6A|bus_stops=01B63929056B55D0A8FE372756942FB9A81A89CB121A0CDB1838DDE9ED8555BF|hira_hospital=458D04F264BFE005CB12078699156CA72AD47B52062E0F79B8140E2635086268|hira_pharmacy=65B2B1E7F65BF1EFAF20C826BC1FB03CC24B65B359F4B5B51E1A234B334505A4
boundary_wc030_wb015_wf055,0.3,0.15,0.55,8,1,"[""가좌동"",""고양동"",""관산동"",""능곡동"",""송포동"",""주교동"",""행주동"",""효자동""]",[],[],1.1.0,weight_simplex_boundary_audit_v1,goyang_mixed_20250825_20260630,population=2026-06-30|onePersonHouseholds=2026-06-30|hiraFacilities=2026-06-30|analysisBoundary=2026-04-01|busStops=2025-08-25,가중치 0~1; Jaccard 0~1; 포함수 0~231; 순위 1~41,DSS(w)=w_cag*z(CAG)+w_bus*z(bus_inefficiency)+w_facility*z(nearest_facility_mean_m); 44동에서 z표준화 후 과거 팀 사후 대리매핑 3동을 상위8 선정에서 제외,0.05 간격 전체 비음수 simplex 231개는 실제 정책에서 타당한 가중치 집합으로 가정하지 않는다. 제한 범위 밖 극단값을 포함해 45개 결과의 경계 의존성을 반증하는 감사용이며 포함수는 확률이 아니다.,area_adjacency=AF16E5259A667F45F5BF7F6B3DF3A22E1A4837C477F6B68DDC26CDCF60E2DFF0|area_scores=455106174A3E492D501F73B8BA55EFD1B7525656638E8109AE015C290C352DE3|bus_stops=BBA5AC0E8F29538F42373B1789179B5B9D2CF0186E0D3A618537C83B74B628D5|facilities=9AA2BC9D9F9E0EC421FB7D23A9C9BF0BD5EDB59EB173A91CB27E6EB2655A1E07|grid_scores=F2B4631D6C4DB1C379BB9CAA13D29A9C055273F1C0D682BAC13EDD19C0A9E9BF|metrics_code=7A3920ABAC99C0EEE1FA013FF751C14428D5AA95E0F1F3F32FCED6B7A49541BA|model_spec=435B1018F2D35A2B421D1827A23C0DC739DC1F827F71189F8F818CE0B0C670E4|source_manifest=86163BE779951590317AB41BE2F9DE18666BC936F1735593673513008868CEC9,population=4D1530F251B312CE6564BA5676093B1043057F46A0FE2A58CF2756AFC530DA7B|one_person=01923C6EBD7440771E4EBE20CAB0648355A18C09D198677C0E265F5E68406A7D|admdongkor_boundary=6A63D079BA8AF4701AB200AD0B54EBDEA8689808B6E0E9F17973B9BA7883DC6A|bus_stops=01B63929056B55D0A8FE372756942FB9A81A89CB121A0CDB1838DDE9ED8555BF|hira_hospital=458D04F264BFE005CB12078699156CA72AD47B52062E0F79B8140E2635086268|hira_pharmacy=65B2B1E7F65BF1EFAF20C826BC1FB03CC24B65B359F4B5B51E1A234B334505A4
boundary_wc030_wb020_wf050,0.3,0.2,0.5,8,1,"[""가좌동"",""고양동"",""관산동"",""능곡동"",""송포동"",""주교동"",""행주동"",""효자동""]",[],[],1.1.0,weight_simplex_boundary_audit_v1,goyang_mixed_20250825_20260630,population=2026-06-30|onePersonHouseholds=2026-06-30|hiraFacilities=2026-06-30|analysisBoundary=2026-04-01|busStops=2025-08-25,가중치 0~1; Jaccard 0~1; 포함수 0~231; 순위 1~41,DSS(w)=w_cag*z(CAG)+w_bus*z(bus_inefficiency)+w_facility*z(nearest_facility_mean_m); 44동에서 z표준화 후 과거 팀 사후 대리매핑 3동을 상위8 선정에서 제외,0.05 간격 전체 비음수 simplex 231개는 실제 정책에서 타당한 가중치 집합으로 가정하지 않는다. 제한 범위 밖 극단값을 포함해 45개 결과의 경계 의존성을 반증하는 감사용이며 포함수는 확률이 아니다.,area_adjacency=AF16E5259A667F45F5BF7F6B3DF3A22E1A4837C477F6B68DDC26CDCF60E2DFF0|area_scores=455106174A3E492D501F73B8BA55EFD1B7525656638E8109AE015C290C352DE3|bus_stops=BBA5AC0E8F29538F42373B1789179B5B9D2CF0186E0D3A618537C83B74B628D5|facilities=9AA2BC9D9F9E0EC421FB7D23A9C9BF0BD5EDB59EB173A91CB27E6EB2655A1E07|grid_scores=F2B4631D6C4DB1C379BB9CAA13D29A9C055273F1C0D682BAC13EDD19C0A9E9BF|metrics_code=7A3920ABAC99C0EEE1FA013FF751C14428D5AA95E0F1F3F32FCED6B7A49541BA|model_spec=435B1018F2D35A2B421D1827A23C0DC739DC1F827F71189F8F818CE0B0C670E4|source_manifest=86163BE779951590317AB41BE2F9DE18666BC936F1735593673513008868CEC9,population=4D1530F251B312CE6564BA5676093B1043057F46A0FE2A58CF2756AFC530DA7B|one_person=01923C6EBD7440771E4EBE20CAB0648355A18C09D198677C0E265F5E68406A7D|admdongkor_boundary=6A63D079BA8AF4701AB200AD0B54EBDEA8689808B6E0E9F17973B9BA7883DC6A|bus_stops=01B63929056B55D0A8FE372756942FB9A81A89CB121A0CDB1838DDE9ED8555BF|hira_hospital=458D04F264BFE005CB12078699156CA72AD47B52062E0F79B8140E2635086268|hira_pharmacy=65B2B1E7F65BF1EFAF20C826BC1FB03CC24B65B359F4B5B51E1A234B334505A4
boundary_wc030_wb025_wf045,0.3,0.25,0.45,8,1,"[""가좌동"",""고양동"",""관산동"",""능곡동"",""송포동"",""주교동"",""행주동"",""효자동""]",[],[],1.1.0,weight_simplex_boundary_audit_v1,goyang_mixed_20250825_20260630,population=2026-06-30|onePersonHouseholds=2026-06-30|hiraFacilities=2026-06-30|analysisBoundary=2026-04-01|busStops=2025-08-25,가중치 0~1; Jaccard 0~1; 포함수 0~231; 순위 1~41,DSS(w)=w_cag*z(CAG)+w_bus*z(bus_inefficiency)+w_facility*z(nearest_facility_mean_m); 44동에서 z표준화 후 과거 팀 사후 대리매핑 3동을 상위8 선정에서 제외,0.05 간격 전체 비음수 simplex 231개는 실제 정책에서 타당한 가중치 집합으로 가정하지 않는다. 제한 범위 밖 극단값을 포함해 45개 결과의 경계 의존성을 반증하는 감사용이며 포함수는 확률이 아니다.,area_adjacency=AF16E5259A667F45F5BF7F6B3DF3A22E1A4837C477F6B68DDC26CDCF60E2DFF0|area_scores=455106174A3E492D501F73B8BA55EFD1B7525656638E8109AE015C290C352DE3|bus_stops=BBA5AC0E8F29538F42373B1789179B5B9D2CF0186E0D3A618537C83B74B628D5|facilities=9AA2BC9D9F9E0EC421FB7D23A9C9BF0BD5EDB59EB173A91CB27E6EB2655A1E07|grid_scores=F2B4631D6C4DB1C379BB9CAA13D29A9C055273F1C0D682BAC13EDD19C0A9E9BF|metrics_code=7A3920ABAC99C0EEE1FA013FF751C14428D5AA95E0F1F3F32FCED6B7A49541BA|model_spec=435B1018F2D35A2B421D1827A23C0DC739DC1F827F71189F8F818CE0B0C670E4|source_manifest=86163BE779951590317AB41BE2F9DE18666BC936F1735593673513008868CEC9,population=4D1530F251B312CE6564BA5676093B1043057F46A0FE2A58CF2756AFC530DA7B|one_person=01923C6EBD7440771E4EBE20CAB0648355A18C09D198677C0E265F5E68406A7D|admdongkor_boundary=6A63D079BA8AF4701AB200AD0B54EBDEA8689808B6E0E9F17973B9BA7883DC6A|bus_stops=01B63929056B55D0A8FE372756942FB9A81A89CB121A0CDB1838DDE9ED8555BF|hira_hospital=458D04F264BFE005CB12078699156CA72AD47B52062E0F79B8140E2635086268|hira_pharmacy=65B2B1E7F65BF1EFAF20C826BC1FB03CC24B65B359F4B5B51E1A234B334505A4
boundary_wc030_wb030_wf040,0.3,0.3,0.4,8,1,"[""가좌동"",""고양동"",""관산동"",""능곡동"",""송포동"",""주교동"",""행주동"",""효자동""]",[],[],1.1.0,weight_simplex_boundary_audit_v1,goyang_mixed_20250825_20260630,population=2026-06-30|onePersonHouseholds=2026-06-30|hiraFacilities=2026-06-30|analysisBoundary=2026-04-01|busStops=2025-08-25,가중치 0~1; Jaccard 0~1; 포함수 0~231; 순위 1~41,DSS(w)=w_cag*z(CAG)+w_bus*z(bus_inefficiency)+w_facility*z(nearest_facility_mean_m); 44동에서 z표준화 후 과거 팀 사후 대리매핑 3동을 상위8 선정에서 제외,0.05 간격 전체 비음수 simplex 231개는 실제 정책에서 타당한 가중치 집합으로 가정하지 않는다. 제한 범위 밖 극단값을 포함해 45개 결과의 경계 의존성을 반증하는 감사용이며 포함수는 확률이 아니다.,area_adjacency=AF16E5259A667F45F5BF7F6B3DF3A22E1A4837C477F6B68DDC26CDCF60E2DFF0|area_scores=455106174A3E492D501F73B8BA55EFD1B7525656638E8109AE015C290C352DE3|bus_stops=BBA5AC0E8F29538F42373B1789179B5B9D2CF0186E0D3A618537C83B74B628D5|facilities=9AA2BC9D9F9E0EC421FB7D23A9C9BF0BD5EDB59EB173A91CB27E6EB2655A1E07|grid_scores=F2B4631D6C4DB1C379BB9CAA13D29A9C055273F1C0D682BAC13EDD19C0A9E9BF|metrics_code=7A3920ABAC99C0EEE1FA013FF751C14428D5AA95E0F1F3F32FCED6B7A49541BA|model_spec=435B1018F2D35A2B421D1827A23C0DC739DC1F827F71189F8F818CE0B0C670E4|source_manifest=86163BE779951590317AB41BE2F9DE18666BC936F1735593673513008868CEC9,population=4D1530F251B312CE6564BA5676093B1043057F46A0FE2A58CF2756AFC530DA7B|one_person=01923C6EBD7440771E4EBE20CAB0648355A18C09D198677C0E265F5E68406A7D|admdongkor_boundary=6A63D079BA8AF4701AB200AD0B54EBDEA8689808B6E0E9F17973B9BA7883DC6A|bus_stops=01B63929056B55D0A8FE372756942FB9A81A89CB121A0CDB1838DDE9ED8555BF|hira_hospital=458D04F264BFE005CB12078699156CA72AD47B52062E0F79B8140E2635086268|hira_pharmacy=65B2B1E7F65BF1EFAF20C826BC1FB03CC24B65B359F4B5B51E1A234B334505A4
boundary_wc030_wb035_wf035,0.3,0.35,0.35,8,1,"[""가좌동"",""고양동"",""관산동"",""능곡동"",""송포동"",""주교동"",""행주동"",""효자동""]",[],[],1.1.0,weight_simplex_boundary_audit_v1,goyang_mixed_20250825_20260630,population=2026-06-30|onePersonHouseholds=2026-06-30|hiraFacilities=2026-06-30|analysisBoundary=2026-04-01|busStops=2025-08-25,가중치 0~1; Jaccard 0~1; 포함수 0~231; 순위 1~41,DSS(w)=w_cag*z(CAG)+w_bus*z(bus_inefficiency)+w_facility*z(nearest_facility_mean_m); 44동에서 z표준화 후 과거 팀 사후 대리매핑 3동을 상위8 선정에서 제외,0.05 간격 전체 비음수 simplex 231개는 실제 정책에서 타당한 가중치 집합으로 가정하지 않는다. 제한 범위 밖 극단값을 포함해 45개 결과의 경계 의존성을 반증하는 감사용이며 포함수는 확률이 아니다.,area_adjacency=AF16E5259A667F45F5BF7F6B3DF3A22E1A4837C477F6B68DDC26CDCF60E2DFF0|area_scores=455106174A3E492D501F73B8BA55EFD1B7525656638E8109AE015C290C352DE3|bus_stops=BBA5AC0E8F29538F42373B1789179B5B9D2CF0186E0D3A618537C83B74B628D5|facilities=9AA2BC9D9F9E0EC421FB7D23A9C9BF0BD5EDB59EB173A91CB27E6EB2655A1E07|grid_scores=F2B4631D6C4DB1C379BB9CAA13D29A9C055273F1C0D682BAC13EDD19C0A9E9BF|metrics_code=7A3920ABAC99C0EEE1FA013FF751C14428D5AA95E0F1F3F32FCED6B7A49541BA|model_spec=435B1018F2D35A2B421D1827A23C0DC739DC1F827F71189F8F818CE0B0C670E4|source_manifest=86163BE779951590317AB41BE2F9DE18666BC936F1735593673513008868CEC9,population=4D1530F251B312CE6564BA5676093B1043057F46A0FE2A58CF2756AFC530DA7B|one_person=01923C6EBD7440771E4EBE20CAB0648355A18C09D198677C0E265F5E68406A7D|admdongkor_boundary=6A63D079BA8AF4701AB200AD0B54EBDEA8689808B6E0E9F17973B9BA7883DC6A|bus_stops=01B63929056B55D0A8FE372756942FB9A81A89CB121A0CDB1838DDE9ED8555BF|hira_hospital=458D04F264BFE005CB12078699156CA72AD47B52062E0F79B8140E2635086268|hira_pharmacy=65B2B1E7F65BF1EFAF20C826BC1FB03CC24B65B359F4B5B51E1A234B334505A4
boundary_wc030_wb040_wf030,0.3,0.4,0.3,8,1,"[""가좌동"",""고양동"",""관산동"",""능곡동"",""송포동"",""주교동"",""행주동"",""효자동""]",[],[],1.1.0,weight_simplex_boundary_audit_v1,goyang_mixed_20250825_20260630,population=2026-06-30|onePersonHouseholds=2026-06-30|hiraFacilities=2026-06-30|analysisBoundary=2026-04-01|busStops=2025-08-25,가중치 0~1; Jaccard 0~1; 포함수 0~231; 순위 1~41,DSS(w)=w_cag*z(CAG)+w_bus*z(bus_inefficiency)+w_facility*z(nearest_facility_mean_m); 44동에서 z표준화 후 과거 팀 사후 대리매핑 3동을 상위8 선정에서 제외,0.05 간격 전체 비음수 simplex 231개는 실제 정책에서 타당한 가중치 집합으로 가정하지 않는다. 제한 범위 밖 극단값을 포함해 45개 결과의 경계 의존성을 반증하는 감사용이며 포함수는 확률이 아니다.,area_adjacency=AF16E5259A667F45F5BF7F6B3DF3A22E1A4837C477F6B68DDC26CDCF60E2DFF0|area_scores=455106174A3E492D501F73B8BA55EFD1B7525656638E8109AE015C290C352DE3|bus_stops=BBA5AC0E8F29538F42373B1789179B5B9D2CF0186E0D3A618537C83B74B628D5|facilities=9AA2BC9D9F9E0EC421FB7D23A9C9BF0BD5EDB59EB173A91CB27E6EB2655A1E07|grid_scores=F2B4631D6C4DB1C379BB9CAA13D29A9C055273F1C0D682BAC13EDD19C0A9E9BF|metrics_code=7A3920ABAC99C0EEE1FA013FF751C14428D5AA95E0F1F3F32FCED6B7A49541BA|model_spec=435B1018F2D35A2B421D1827A23C0DC739DC1F827F71189F8F818CE0B0C670E4|source_manifest=86163BE779951590317AB41BE2F9DE18666BC936F1735593673513008868CEC9,population=4D1530F251B312CE6564BA5676093B1043057F46A0FE2A58CF2756AFC530DA7B|one_person=01923C6EBD7440771E4EBE20CAB0648355A18C09D198677C0E265F5E68406A7D|admdongkor_boundary=6A63D079BA8AF4701AB200AD0B54EBDEA8689808B6E0E9F17973B9BA7883DC6A|bus_stops=01B63929056B55D0A8FE372756942FB9A81A89CB121A0CDB1838DDE9ED8555BF|hira_hospital=458D04F264BFE005CB12078699156CA72AD47B52062E0F79B8140E2635086268|hira_pharmacy=65B2B1E7F65BF1EFAF20C826BC1FB03CC24B65B359F4B5B51E1A234B334505A4
boundary_wc030_wb045_wf025,0.3,0.45,0.25,8,1,"[""가좌동"",""고양동"",""관산동"",""능곡동"",""송포동"",""주교동"",""행주동"",""효자동""]",[],[],1.1.0,weight_simplex_boundary_audit_v1,goyang_mixed_20250825_20260630,population=2026-06-30|onePersonHouseholds=2026-06-30|hiraFacilities=2026-06-30|analysisBoundary=2026-04-01|busStops=2025-08-25,가중치 0~1; Jaccard 0~1; 포함수 0~231; 순위 1~41,DSS(w)=w_cag*z(CAG)+w_bus*z(bus_inefficiency)+w_facility*z(nearest_facility_mean_m); 44동에서 z표준화 후 과거 팀 사후 대리매핑 3동을 상위8 선정에서 제외,0.05 간격 전체 비음수 simplex 231개는 실제 정책에서 타당한 가중치 집합으로 가정하지 않는다. 제한 범위 밖 극단값을 포함해 45개 결과의 경계 의존성을 반증하는 감사용이며 포함수는 확률이 아니다.,area_adjacency=AF16E5259A667F45F5BF7F6B3DF3A22E1A4837C477F6B68DDC26CDCF60E2DFF0|area_scores=455106174A3E492D501F73B8BA55EFD1B7525656638E8109AE015C290C352DE3|bus_stops=BBA5AC0E8F29538F42373B1789179B5B9D2CF0186E0D3A618537C83B74B628D5|facilities=9AA2BC9D9F9E0EC421FB7D23A9C9BF0BD5EDB59EB173A91CB27E6EB2655A1E07|grid_scores=F2B4631D6C4DB1C379BB9CAA13D29A9C055273F1C0D682BAC13EDD19C0A9E9BF|metrics_code=7A3920ABAC99C0EEE1FA013FF751C14428D5AA95E0F1F3F32FCED6B7A49541BA|model_spec=435B1018F2D35A2B421D1827A23C0DC739DC1F827F71189F8F818CE0B0C670E4|source_manifest=86163BE779951590317AB41BE2F9DE18666BC936F1735593673513008868CEC9,population=4D1530F251B312CE6564BA5676093B1043057F46A0FE2A58CF2756AFC530DA7B|one_person=01923C6EBD7440771E4EBE20CAB0648355A18C09D198677C0E265F5E68406A7D|admdongkor_boundary=6A63D079BA8AF4701AB200AD0B54EBDEA8689808B6E0E9F17973B9BA7883DC6A|bus_stops=01B63929056B55D0A8FE372756942FB9A81A89CB121A0CDB1838DDE9ED8555BF|hira_hospital=458D04F264BFE005CB12078699156CA72AD47B52062E0F79B8140E2635086268|hira_pharmacy=65B2B1E7F65BF1EFAF20C826BC1FB03CC24B65B359F4B5B51E1A234B334505A4
boundary_wc030_wb050_wf020,0.3,0.5,0.2,8,1,"[""가좌동"",""고양동"",""관산동"",""능곡동"",""송포동"",""주교동"",""행주동"",""효자동""]",[],[],1.1.0,weight_simplex_boundary_audit_v1,goyang_mixed_20250825_20260630,population=2026-06-30|onePersonHouseholds=2026-06-30|hiraFacilities=2026-06-30|analysisBoundary=2026-04-01|busStops=2025-08-25,가중치 0~1; Jaccard 0~1; 포함수 0~231; 순위 1~41,DSS(w)=w_cag*z(CAG)+w_bus*z(bus_inefficiency)+w_facility*z(nearest_facility_mean_m); 44동에서 z표준화 후 과거 팀 사후 대리매핑 3동을 상위8 선정에서 제외,0.05 간격 전체 비음수 simplex 231개는 실제 정책에서 타당한 가중치 집합으로 가정하지 않는다. 제한 범위 밖 극단값을 포함해 45개 결과의 경계 의존성을 반증하는 감사용이며 포함수는 확률이 아니다.,area_adjacency=AF16E5259A667F45F5BF7F6B3DF3A22E1A4837C477F6B68DDC26CDCF60E2DFF0|area_scores=455106174A3E492D501F73B8BA55EFD1B7525656638E8109AE015C290C352DE3|bus_stops=BBA5AC0E8F29538F42373B1789179B5B9D2CF0186E0D3A618537C83B74B628D5|facilities=9AA2BC9D9F9E0EC421FB7D23A9C9BF0BD5EDB59EB173A91CB27E6EB2655A1E07|grid_scores=F2B4631D6C4DB1C379BB9CAA13D29A9C055273F1C0D682BAC13EDD19C0A9E9BF|metrics_code=7A3920ABAC99C0EEE1FA013FF751C14428D5AA95E0F1F3F32FCED6B7A49541BA|model_spec=435B1018F2D35A2B421D1827A23C0DC739DC1F827F71189F8F818CE0B0C670E4|source_manifest=86163BE779951590317AB41BE2F9DE18666BC936F1735593673513008868CEC9,population=4D1530F251B312CE6564BA5676093B1043057F46A0FE2A58CF2756AFC530DA7B|one_person=01923C6EBD7440771E4EBE20CAB0648355A18C09D198677C0E265F5E68406A7D|admdongkor_boundary=6A63D079BA8AF4701AB200AD0B54EBDEA8689808B6E0E9F17973B9BA7883DC6A|bus_stops=01B63929056B55D0A8FE372756942FB9A81A89CB121A0CDB1838DDE9ED8555BF|hira_hospital=458D04F264BFE005CB12078699156CA72AD47B52062E0F79B8140E2635086268|hira_pharmacy=65B2B1E7F65BF1EFAF20C826BC1FB03CC24B65B359F4B5B51E1A234B334505A4
boundary_wc030_wb055_wf015,0.3,0.55,0.15,8,1,"[""가좌동"",""고양동"",""관산동"",""능곡동"",""송포동"",""주교동"",""행주동"",""효자동""]",[],[],1.1.0,weight_simplex_boundary_audit_v1,goyang_mixed_20250825_20260630,population=2026-06-30|onePersonHouseholds=2026-06-30|hiraFacilities=2026-06-30|analysisBoundary=2026-04-01|busStops=2025-08-25,가중치 0~1; Jaccard 0~1; 포함수 0~231; 순위 1~41,DSS(w)=w_cag*z(CAG)+w_bus*z(bus_inefficiency)+w_facility*z(nearest_facility_mean_m); 44동에서 z표준화 후 과거 팀 사후 대리매핑 3동을 상위8 선정에서 제외,0.05 간격 전체 비음수 simplex 231개는 실제 정책에서 타당한 가중치 집합으로 가정하지 않는다. 제한 범위 밖 극단값을 포함해 45개 결과의 경계 의존성을 반증하는 감사용이며 포함수는 확률이 아니다.,area_adjacency=AF16E5259A667F45F5BF7F6B3DF3A22E1A4837C477F6B68DDC26CDCF60E2DFF0|area_scores=455106174A3E492D501F73B8BA55EFD1B7525656638E8109AE015C290C352DE3|bus_stops=BBA5AC0E8F29538F42373B1789179B5B9D2CF0186E0D3A618537C83B74B628D5|facilities=9AA2BC9D9F9E0EC421FB7D23A9C9BF0BD5EDB59EB173A91CB27E6EB2655A1E07|grid_scores=F2B4631D6C4DB1C379BB9CAA13D29A9C055273F1C0D682BAC13EDD19C0A9E9BF|metrics_code=7A3920ABAC99C0EEE1FA013FF751C14428D5AA95E0F1F3F32FCED6B7A49541BA|model_spec=435B1018F2D35A2B421D1827A23C0DC739DC1F827F71189F8F818CE0B0C670E4|source_manifest=86163BE779951590317AB41BE2F9DE18666BC936F1735593673513008868CEC9,population=4D1530F251B312CE6564BA5676093B1043057F46A0FE2A58CF2756AFC530DA7B|one_person=01923C6EBD7440771E4EBE20CAB0648355A18C09D198677C0E265F5E68406A7D|admdongkor_boundary=6A63D079BA8AF4701AB200AD0B54EBDEA8689808B6E0E9F17973B9BA7883DC6A|bus_stops=01B63929056B55D0A8FE372756942FB9A81A89CB121A0CDB1838DDE9ED8555BF|hira_hospital=458D04F264BFE005CB12078699156CA72AD47B52062E0F79B8140E2635086268|hira_pharmacy=65B2B1E7F65BF1EFAF20C826BC1FB03CC24B65B359F4B5B51E1A234B334505A4
boundary_wc030_wb060_wf010,0.3,0.6,0.1,7,0.777777777777778,"[""가좌동"",""고양동"",""능곡동"",""송포동"",""주교동"",""행주동"",""효자동"",""대덕동""]","[""관산동""]","[""대덕동""]",1.1.0,weight_simplex_boundary_audit_v1,goyang_mixed_20250825_20260630,population=2026-06-30|onePersonHouseholds=2026-06-30|hiraFacilities=2026-06-30|analysisBoundary=2026-04-01|busStops=2025-08-25,가중치 0~1; Jaccard 0~1; 포함수 0~231; 순위 1~41,DSS(w)=w_cag*z(CAG)+w_bus*z(bus_inefficiency)+w_facility*z(nearest_facility_mean_m); 44동에서 z표준화 후 과거 팀 사후 대리매핑 3동을 상위8 선정에서 제외,0.05 간격 전체 비음수 simplex 231개는 실제 정책에서 타당한 가중치 집합으로 가정하지 않는다. 제한 범위 밖 극단값을 포함해 45개 결과의 경계 의존성을 반증하는 감사용이며 포함수는 확률이 아니다.,area_adjacency=AF16E5259A667F45F5BF7F6B3DF3A22E1A4837C477F6B68DDC26CDCF60E2DFF0|area_scores=455106174A3E492D501F73B8BA55EFD1B7525656638E8109AE015C290C352DE3|bus_stops=BBA5AC0E8F29538F42373B1789179B5B9D2CF0186E0D3A618537C83B74B628D5|facilities=9AA2BC9D9F9E0EC421FB7D23A9C9BF0BD5EDB59EB173A91CB27E6EB2655A1E07|grid_scores=F2B4631D6C4DB1C379BB9CAA13D29A9C055273F1C0D682BAC13EDD19C0A9E9BF|metrics_code=7A3920ABAC99C0EEE1FA013FF751C14428D5AA95E0F1F3F32FCED6B7A49541BA|model_spec=435B1018F2D35A2B421D1827A23C0DC739DC1F827F71189F8F818CE0B0C670E4|source_manifest=86163BE779951590317AB41BE2F9DE18666BC936F1735593673513008868CEC9,population=4D1530F251B312CE6564BA5676093B1043057F46A0FE2A58CF2756AFC530DA7B|one_person=01923C6EBD7440771E4EBE20CAB0648355A18C09D198677C0E265F5E68406A7D|admdongkor_boundary=6A63D079BA8AF4701AB200AD0B54EBDEA8689808B6E0E9F17973B9BA7883DC6A|bus_stops=01B63929056B55D0A8FE372756942FB9A81A89CB121A0CDB1838DDE9ED8555BF|hira_hospital=458D04F264BFE005CB12078699156CA72AD47B52062E0F79B8140E2635086268|hira_pharmacy=65B2B1E7F65BF1EFAF20C826BC1FB03CC24B65B359F4B5B51E1A234B334505A4
boundary_wc030_wb065_wf005,0.3,0.65,0.05,7,0.777777777777778,"[""가좌동"",""고양동"",""능곡동"",""송포동"",""주교동"",""행주동"",""효자동"",""대덕동""]","[""관산동""]","[""대덕동""]",1.1.0,weight_simplex_boundary_audit_v1,goyang_mixed_20250825_20260630,population=2026-06-30|onePersonHouseholds=2026-06-30|hiraFacilities=2026-06-30|analysisBoundary=2026-04-01|busStops=2025-08-25,가중치 0~1; Jaccard 0~1; 포함수 0~231; 순위 1~41,DSS(w)=w_cag*z(CAG)+w_bus*z(bus_inefficiency)+w_facility*z(nearest_facility_mean_m); 44동에서 z표준화 후 과거 팀 사후 대리매핑 3동을 상위8 선정에서 제외,0.05 간격 전체 비음수 simplex 231개는 실제 정책에서 타당한 가중치 집합으로 가정하지 않는다. 제한 범위 밖 극단값을 포함해 45개 결과의 경계 의존성을 반증하는 감사용이며 포함수는 확률이 아니다.,area_adjacency=AF16E5259A667F45F5BF7F6B3DF3A22E1A4837C477F6B68DDC26CDCF60E2DFF0|area_scores=455106174A3E492D501F73B8BA55EFD1B7525656638E8109AE015C290C352DE3|bus_stops=BBA5AC0E8F29538F42373B1789179B5B9D2CF0186E0D3A618537C83B74B628D5|facilities=9AA2BC9D9F9E0EC421FB7D23A9C9BF0BD5EDB59EB173A91CB27E6EB2655A1E07|grid_scores=F2B4631D6C4DB1C379BB9CAA13D29A9C055273F1C0D682BAC13EDD19C0A9E9BF|metrics_code=7A3920ABAC99C0EEE1FA013FF751C14428D5AA95E0F1F3F32FCED6B7A49541BA|model_spec=435B1018F2D35A2B421D1827A23C0DC739DC1F827F71189F8F818CE0B0C670E4|source_manifest=86163BE779951590317AB41BE2F9DE18666BC936F1735593673513008868CEC9,population=4D1530F251B312CE6564BA5676093B1043057F46A0FE2A58CF2756AFC530DA7B|one_person=01923C6EBD7440771E4EBE20CAB0648355A18C09D198677C0E265F5E68406A7D|admdongkor_boundary=6A63D079BA8AF4701AB200AD0B54EBDEA8689808B6E0E9F17973B9BA7883DC6A|bus_stops=01B63929056B55D0A8FE372756942FB9A81A89CB121A0CDB1838DDE9ED8555BF|hira_hospital=458D04F264BFE005CB12078699156CA72AD47B52062E0F79B8140E2635086268|hira_pharmacy=65B2B1E7F65BF1EFAF20C826BC1FB03CC24B65B359F4B5B51E1A234B334505A4
boundary_wc030_wb070_wf000,0.3,0.7,0,7,0.777777777777778,"[""가좌동"",""고양동"",""능곡동"",""송포동"",""주교동"",""행주동"",""효자동"",""대덕동""]","[""관산동""]","[""대덕동""]",1.1.0,weight_simplex_boundary_audit_v1,goyang_mixed_20250825_20260630,population=2026-06-30|onePersonHouseholds=2026-06-30|hiraFacilities=2026-06-30|analysisBoundary=2026-04-01|busStops=2025-08-25,가중치 0~1; Jaccard 0~1; 포함수 0~231; 순위 1~41,DSS(w)=w_cag*z(CAG)+w_bus*z(bus_inefficiency)+w_facility*z(nearest_facility_mean_m); 44동에서 z표준화 후 과거 팀 사후 대리매핑 3동을 상위8 선정에서 제외,0.05 간격 전체 비음수 simplex 231개는 실제 정책에서 타당한 가중치 집합으로 가정하지 않는다. 제한 범위 밖 극단값을 포함해 45개 결과의 경계 의존성을 반증하는 감사용이며 포함수는 확률이 아니다.,area_adjacency=AF16E5259A667F45F5BF7F6B3DF3A22E1A4837C477F6B68DDC26CDCF60E2DFF0|area_scores=455106174A3E492D501F73B8BA55EFD1B7525656638E8109AE015C290C352DE3|bus_stops=BBA5AC0E8F29538F42373B1789179B5B9D2CF0186E0D3A618537C83B74B628D5|facilities=9AA2BC9D9F9E0EC421FB7D23A9C9BF0BD5EDB59EB173A91CB27E6EB2655A1E07|grid_scores=F2B4631D6C4DB1C379BB9CAA13D29A9C055273F1C0D682BAC13EDD19C0A9E9BF|metrics_code=7A3920ABAC99C0EEE1FA013FF751C14428D5AA95E0F1F3F32FCED6B7A49541BA|model_spec=435B1018F2D35A2B421D1827A23C0DC739DC1F827F71189F8F818CE0B0C670E4|source_manifest=86163BE779951590317AB41BE2F9DE18666BC936F1735593673513008868CEC9,population=4D1530F251B312CE6564BA5676093B1043057F46A0FE2A58CF2756AFC530DA7B|one_person=01923C6EBD7440771E4EBE20CAB0648355A18C09D198677C0E265F5E68406A7D|admdongkor_boundary=6A63D079BA8AF4701AB200AD0B54EBDEA8689808B6E0E9F17973B9BA7883DC6A|bus_stops=01B63929056B55D0A8FE372756942FB9A81A89CB121A0CDB1838DDE9ED8555BF|hira_hospital=458D04F264BFE005CB12078699156CA72AD47B52062E0F79B8140E2635086268|hira_pharmacy=65B2B1E7F65BF1EFAF20C826BC1FB03CC24B65B359F4B5B51E1A234B334505A4
boundary_wc035_wb000_wf065,0.35,0,0.65,7,0.777777777777778,"[""가좌동"",""고양동"",""관산동"",""능곡동"",""송포동"",""행주동"",""효자동"",""원신동""]","[""주교동""]","[""원신동""]",1.1.0,weight_simplex_boundary_audit_v1,goyang_mixed_20250825_20260630,population=2026-06-30|onePersonHouseholds=2026-06-30|hiraFacilities=2026-06-30|analysisBoundary=2026-04-01|busStops=2025-08-25,가중치 0~1; Jaccard 0~1; 포함수 0~231; 순위 1~41,DSS(w)=w_cag*z(CAG)+w_bus*z(bus_inefficiency)+w_facility*z(nearest_facility_mean_m); 44동에서 z표준화 후 과거 팀 사후 대리매핑 3동을 상위8 선정에서 제외,0.05 간격 전체 비음수 simplex 231개는 실제 정책에서 타당한 가중치 집합으로 가정하지 않는다. 제한 범위 밖 극단값을 포함해 45개 결과의 경계 의존성을 반증하는 감사용이며 포함수는 확률이 아니다.,area_adjacency=AF16E5259A667F45F5BF7F6B3DF3A22E1A4837C477F6B68DDC26CDCF60E2DFF0|area_scores=455106174A3E492D501F73B8BA55EFD1B7525656638E8109AE015C290C352DE3|bus_stops=BBA5AC0E8F29538F42373B1789179B5B9D2CF0186E0D3A618537C83B74B628D5|facilities=9AA2BC9D9F9E0EC421FB7D23A9C9BF0BD5EDB59EB173A91CB27E6EB2655A1E07|grid_scores=F2B4631D6C4DB1C379BB9CAA13D29A9C055273F1C0D682BAC13EDD19C0A9E9BF|metrics_code=7A3920ABAC99C0EEE1FA013FF751C14428D5AA95E0F1F3F32FCED6B7A49541BA|model_spec=435B1018F2D35A2B421D1827A23C0DC739DC1F827F71189F8F818CE0B0C670E4|source_manifest=86163BE779951590317AB41BE2F9DE18666BC936F1735593673513008868CEC9,population=4D1530F251B312CE6564BA5676093B1043057F46A0FE2A58CF2756AFC530DA7B|one_person=01923C6EBD7440771E4EBE20CAB0648355A18C09D198677C0E265F5E68406A7D|admdongkor_boundary=6A63D079BA8AF4701AB200AD0B54EBDEA8689808B6E0E9F17973B9BA7883DC6A|bus_stops=01B63929056B55D0A8FE372756942FB9A81A89CB121A0CDB1838DDE9ED8555BF|hira_hospital=458D04F264BFE005CB12078699156CA72AD47B52062E0F79B8140E2635086268|hira_pharmacy=65B2B1E7F65BF1EFAF20C826BC1FB03CC24B65B359F4B5B51E1A234B334505A4
boundary_wc035_wb005_wf060,0.35,0.05,0.6,7,0.777777777777778,"[""가좌동"",""고양동"",""관산동"",""능곡동"",""송포동"",""행주동"",""효자동"",""원신동""]","[""주교동""]","[""원신동""]",1.1.0,weight_simplex_boundary_audit_v1,goyang_mixed_20250825_20260630,population=2026-06-30|onePersonHouseholds=2026-06-30|hiraFacilities=2026-06-30|analysisBoundary=2026-04-01|busStops=2025-08-25,가중치 0~1; Jaccard 0~1; 포함수 0~231; 순위 1~41,DSS(w)=w_cag*z(CAG)+w_bus*z(bus_inefficiency)+w_facility*z(nearest_facility_mean_m); 44동에서 z표준화 후 과거 팀 사후 대리매핑 3동을 상위8 선정에서 제외,0.05 간격 전체 비음수 simplex 231개는 실제 정책에서 타당한 가중치 집합으로 가정하지 않는다. 제한 범위 밖 극단값을 포함해 45개 결과의 경계 의존성을 반증하는 감사용이며 포함수는 확률이 아니다.,area_adjacency=AF16E5259A667F45F5BF7F6B3DF3A22E1A4837C477F6B68DDC26CDCF60E2DFF0|area_scores=455106174A3E492D501F73B8BA55EFD1B7525656638E8109AE015C290C352DE3|bus_stops=BBA5AC0E8F29538F42373B1789179B5B9D2CF0186E0D3A618537C83B74B628D5|facilities=9AA2BC9D9F9E0EC421FB7D23A9C9BF0BD5EDB59EB173A91CB27E6EB2655A1E07|grid_scores=F2B4631D6C4DB1C379BB9CAA13D29A9C055273F1C0D682BAC13EDD19C0A9E9BF|metrics_code=7A3920ABAC99C0EEE1FA013FF751C14428D5AA95E0F1F3F32FCED6B7A49541BA|model_spec=435B1018F2D35A2B421D1827A23C0DC739DC1F827F71189F8F818CE0B0C670E4|source_manifest=86163BE779951590317AB41BE2F9DE18666BC936F1735593673513008868CEC9,population=4D1530F251B312CE6564BA5676093B1043057F46A0FE2A58CF2756AFC530DA7B|one_person=01923C6EBD7440771E4EBE20CAB0648355A18C09D198677C0E265F5E68406A7D|admdongkor_boundary=6A63D079BA8AF4701AB200AD0B54EBDEA8689808B6E0E9F17973B9BA7883DC6A|bus_stops=01B63929056B55D0A8FE372756942FB9A81A89CB121A0CDB1838DDE9ED8555BF|hira_hospital=458D04F264BFE005CB12078699156CA72AD47B52062E0F79B8140E2635086268|hira_pharmacy=65B2B1E7F65BF1EFAF20C826BC1FB03CC24B65B359F4B5B51E1A234B334505A4
boundary_wc035_wb010_wf055,0.35,0.1,0.55,8,1,"[""가좌동"",""고양동"",""관산동"",""능곡동"",""송포동"",""주교동"",""행주동"",""효자동""]",[],[],1.1.0,weight_simplex_boundary_audit_v1,goyang_mixed_20250825_20260630,population=2026-06-30|onePersonHouseholds=2026-06-30|hiraFacilities=2026-06-30|analysisBoundary=2026-04-01|busStops=2025-08-25,가중치 0~1; Jaccard 0~1; 포함수 0~231; 순위 1~41,DSS(w)=w_cag*z(CAG)+w_bus*z(bus_inefficiency)+w_facility*z(nearest_facility_mean_m); 44동에서 z표준화 후 과거 팀 사후 대리매핑 3동을 상위8 선정에서 제외,0.05 간격 전체 비음수 simplex 231개는 실제 정책에서 타당한 가중치 집합으로 가정하지 않는다. 제한 범위 밖 극단값을 포함해 45개 결과의 경계 의존성을 반증하는 감사용이며 포함수는 확률이 아니다.,area_adjacency=AF16E5259A667F45F5BF7F6B3DF3A22E1A4837C477F6B68DDC26CDCF60E2DFF0|area_scores=455106174A3E492D501F73B8BA55EFD1B7525656638E8109AE015C290C352DE3|bus_stops=BBA5AC0E8F29538F42373B1789179B5B9D2CF0186E0D3A618537C83B74B628D5|facilities=9AA2BC9D9F9E0EC421FB7D23A9C9BF0BD5EDB59EB173A91CB27E6EB2655A1E07|grid_scores=F2B4631D6C4DB1C379BB9CAA13D29A9C055273F1C0D682BAC13EDD19C0A9E9BF|metrics_code=7A3920ABAC99C0EEE1FA013FF751C14428D5AA95E0F1F3F32FCED6B7A49541BA|model_spec=435B1018F2D35A2B421D1827A23C0DC739DC1F827F71189F8F818CE0B0C670E4|source_manifest=86163BE779951590317AB41BE2F9DE18666BC936F1735593673513008868CEC9,population=4D1530F251B312CE6564BA5676093B1043057F46A0FE2A58CF2756AFC530DA7B|one_person=01923C6EBD7440771E4EBE20CAB0648355A18C09D198677C0E265F5E68406A7D|admdongkor_boundary=6A63D079BA8AF4701AB200AD0B54EBDEA8689808B6E0E9F17973B9BA7883DC6A|bus_stops=01B63929056B55D0A8FE372756942FB9A81A89CB121A0CDB1838DDE9ED8555BF|hira_hospital=458D04F264BFE005CB12078699156CA72AD47B52062E0F79B8140E2635086268|hira_pharmacy=65B2B1E7F65BF1EFAF20C826BC1FB03CC24B65B359F4B5B51E1A234B334505A4
boundary_wc035_wb015_wf050,0.35,0.15,0.5,8,1,"[""가좌동"",""고양동"",""관산동"",""능곡동"",""송포동"",""주교동"",""행주동"",""효자동""]",[],[],1.1.0,weight_simplex_boundary_audit_v1,goyang_mixed_20250825_20260630,population=2026-06-30|onePersonHouseholds=2026-06-30|hiraFacilities=2026-06-30|analysisBoundary=2026-04-01|busStops=2025-08-25,가중치 0~1; Jaccard 0~1; 포함수 0~231; 순위 1~41,DSS(w)=w_cag*z(CAG)+w_bus*z(bus_inefficiency)+w_facility*z(nearest_facility_mean_m); 44동에서 z표준화 후 과거 팀 사후 대리매핑 3동을 상위8 선정에서 제외,0.05 간격 전체 비음수 simplex 231개는 실제 정책에서 타당한 가중치 집합으로 가정하지 않는다. 제한 범위 밖 극단값을 포함해 45개 결과의 경계 의존성을 반증하는 감사용이며 포함수는 확률이 아니다.,area_adjacency=AF16E5259A667F45F5BF7F6B3DF3A22E1A4837C477F6B68DDC26CDCF60E2DFF0|area_scores=455106174A3E492D501F73B8BA55EFD1B7525656638E8109AE015C290C352DE3|bus_stops=BBA5AC0E8F29538F42373B1789179B5B9D2CF0186E0D3A618537C83B74B628D5|facilities=9AA2BC9D9F9E0EC421FB7D23A9C9BF0BD5EDB59EB173A91CB27E6EB2655A1E07|grid_scores=F2B4631D6C4DB1C379BB9CAA13D29A9C055273F1C0D682BAC13EDD19C0A9E9BF|metrics_code=7A3920ABAC99C0EEE1FA013FF751C14428D5AA95E0F1F3F32FCED6B7A49541BA|model_spec=435B1018F2D35A2B421D1827A23C0DC739DC1F827F71189F8F818CE0B0C670E4|source_manifest=86163BE779951590317AB41BE2F9DE18666BC936F1735593673513008868CEC9,population=4D1530F251B312CE6564BA5676093B1043057F46A0FE2A58CF2756AFC530DA7B|one_person=01923C6EBD7440771E4EBE20CAB0648355A18C09D198677C0E265F5E68406A7D|admdongkor_boundary=6A63D079BA8AF4701AB200AD0B54EBDEA8689808B6E0E9F17973B9BA7883DC6A|bus_stops=01B63929056B55D0A8FE372756942FB9A81A89CB121A0CDB1838DDE9ED8555BF|hira_hospital=458D04F264BFE005CB12078699156CA72AD47B52062E0F79B8140E2635086268|hira_pharmacy=65B2B1E7F65BF1EFAF20C826BC1FB03CC24B65B359F4B5B51E1A234B334505A4
boundary_wc035_wb020_wf045,0.35,0.2,0.45,8,1,"[""가좌동"",""고양동"",""관산동"",""능곡동"",""송포동"",""주교동"",""행주동"",""효자동""]",[],[],1.1.0,weight_simplex_boundary_audit_v1,goyang_mixed_20250825_20260630,population=2026-06-30|onePersonHouseholds=2026-06-30|hiraFacilities=2026-06-30|analysisBoundary=2026-04-01|busStops=2025-08-25,가중치 0~1; Jaccard 0~1; 포함수 0~231; 순위 1~41,DSS(w)=w_cag*z(CAG)+w_bus*z(bus_inefficiency)+w_facility*z(nearest_facility_mean_m); 44동에서 z표준화 후 과거 팀 사후 대리매핑 3동을 상위8 선정에서 제외,0.05 간격 전체 비음수 simplex 231개는 실제 정책에서 타당한 가중치 집합으로 가정하지 않는다. 제한 범위 밖 극단값을 포함해 45개 결과의 경계 의존성을 반증하는 감사용이며 포함수는 확률이 아니다.,area_adjacency=AF16E5259A667F45F5BF7F6B3DF3A22E1A4837C477F6B68DDC26CDCF60E2DFF0|area_scores=455106174A3E492D501F73B8BA55EFD1B7525656638E8109AE015C290C352DE3|bus_stops=BBA5AC0E8F29538F42373B1789179B5B9D2CF0186E0D3A618537C83B74B628D5|facilities=9AA2BC9D9F9E0EC421FB7D23A9C9BF0BD5EDB59EB173A91CB27E6EB2655A1E07|grid_scores=F2B4631D6C4DB1C379BB9CAA13D29A9C055273F1C0D682BAC13EDD19C0A9E9BF|metrics_code=7A3920ABAC99C0EEE1FA013FF751C14428D5AA95E0F1F3F32FCED6B7A49541BA|model_spec=435B1018F2D35A2B421D1827A23C0DC739DC1F827F71189F8F818CE0B0C670E4|source_manifest=86163BE779951590317AB41BE2F9DE18666BC936F1735593673513008868CEC9,population=4D1530F251B312CE6564BA5676093B1043057F46A0FE2A58CF2756AFC530DA7B|one_person=01923C6EBD7440771E4EBE20CAB0648355A18C09D198677C0E265F5E68406A7D|admdongkor_boundary=6A63D079BA8AF4701AB200AD0B54EBDEA8689808B6E0E9F17973B9BA7883DC6A|bus_stops=01B63929056B55D0A8FE372756942FB9A81A89CB121A0CDB1838DDE9ED8555BF|hira_hospital=458D04F264BFE005CB12078699156CA72AD47B52062E0F79B8140E2635086268|hira_pharmacy=65B2B1E7F65BF1EFAF20C826BC1FB03CC24B65B359F4B5B51E1A234B334505A4
boundary_wc035_wb025_wf040,0.35,0.25,0.4,8,1,"[""가좌동"",""고양동"",""관산동"",""능곡동"",""송포동"",""주교동"",""행주동"",""효자동""]",[],[],1.1.0,weight_simplex_boundary_audit_v1,goyang_mixed_20250825_20260630,population=2026-06-30|onePersonHouseholds=2026-06-30|hiraFacilities=2026-06-30|analysisBoundary=2026-04-01|busStops=2025-08-25,가중치 0~1; Jaccard 0~1; 포함수 0~231; 순위 1~41,DSS(w)=w_cag*z(CAG)+w_bus*z(bus_inefficiency)+w_facility*z(nearest_facility_mean_m); 44동에서 z표준화 후 과거 팀 사후 대리매핑 3동을 상위8 선정에서 제외,0.05 간격 전체 비음수 simplex 231개는 실제 정책에서 타당한 가중치 집합으로 가정하지 않는다. 제한 범위 밖 극단값을 포함해 45개 결과의 경계 의존성을 반증하는 감사용이며 포함수는 확률이 아니다.,area_adjacency=AF16E5259A667F45F5BF7F6B3DF3A22E1A4837C477F6B68DDC26CDCF60E2DFF0|area_scores=455106174A3E492D501F73B8BA55EFD1B7525656638E8109AE015C290C352DE3|bus_stops=BBA5AC0E8F29538F42373B1789179B5B9D2CF0186E0D3A618537C83B74B628D5|facilities=9AA2BC9D9F9E0EC421FB7D23A9C9BF0BD5EDB59EB173A91CB27E6EB2655A1E07|grid_scores=F2B4631D6C4DB1C379BB9CAA13D29A9C055273F1C0D682BAC13EDD19C0A9E9BF|metrics_code=7A3920ABAC99C0EEE1FA013FF751C14428D5AA95E0F1F3F32FCED6B7A49541BA|model_spec=435B1018F2D35A2B421D1827A23C0DC739DC1F827F71189F8F818CE0B0C670E4|source_manifest=86163BE779951590317AB41BE2F9DE18666BC936F1735593673513008868CEC9,population=4D1530F251B312CE6564BA5676093B1043057F46A0FE2A58CF2756AFC530DA7B|one_person=01923C6EBD7440771E4EBE20CAB0648355A18C09D198677C0E265F5E68406A7D|admdongkor_boundary=6A63D079BA8AF4701AB200AD0B54EBDEA8689808B6E0E9F17973B9BA7883DC6A|bus_stops=01B63929056B55D0A8FE372756942FB9A81A89CB121A0CDB1838DDE9ED8555BF|hira_hospital=458D04F264BFE005CB12078699156CA72AD47B52062E0F79B8140E2635086268|hira_pharmacy=65B2B1E7F65BF1EFAF20C826BC1FB03CC24B65B359F4B5B51E1A234B334505A4
boundary_wc035_wb030_wf035,0.35,0.3,0.35,8,1,"[""가좌동"",""고양동"",""관산동"",""능곡동"",""송포동"",""주교동"",""행주동"",""효자동""]",[],[],1.1.0,weight_simplex_boundary_audit_v1,goyang_mixed_20250825_20260630,population=2026-06-30|onePersonHouseholds=2026-06-30|hiraFacilities=2026-06-30|analysisBoundary=2026-04-01|busStops=2025-08-25,가중치 0~1; Jaccard 0~1; 포함수 0~231; 순위 1~41,DSS(w)=w_cag*z(CAG)+w_bus*z(bus_inefficiency)+w_facility*z(nearest_facility_mean_m); 44동에서 z표준화 후 과거 팀 사후 대리매핑 3동을 상위8 선정에서 제외,0.05 간격 전체 비음수 simplex 231개는 실제 정책에서 타당한 가중치 집합으로 가정하지 않는다. 제한 범위 밖 극단값을 포함해 45개 결과의 경계 의존성을 반증하는 감사용이며 포함수는 확률이 아니다.,area_adjacency=AF16E5259A667F45F5BF7F6B3DF3A22E1A4837C477F6B68DDC26CDCF60E2DFF0|area_scores=455106174A3E492D501F73B8BA55EFD1B7525656638E8109AE015C290C352DE3|bus_stops=BBA5AC0E8F29538F42373B1789179B5B9D2CF0186E0D3A618537C83B74B628D5|facilities=9AA2BC9D9F9E0EC421FB7D23A9C9BF0BD5EDB59EB173A91CB27E6EB2655A1E07|grid_scores=F2B4631D6C4DB1C379BB9CAA13D29A9C055273F1C0D682BAC13EDD19C0A9E9BF|metrics_code=7A3920ABAC99C0EEE1FA013FF751C14428D5AA95E0F1F3F32FCED6B7A49541BA|model_spec=435B1018F2D35A2B421D1827A23C0DC739DC1F827F71189F8F818CE0B0C670E4|source_manifest=86163BE779951590317AB41BE2F9DE18666BC936F1735593673513008868CEC9,population=4D1530F251B312CE6564BA5676093B1043057F46A0FE2A58CF2756AFC530DA7B|one_person=01923C6EBD7440771E4EBE20CAB0648355A18C09D198677C0E265F5E68406A7D|admdongkor_boundary=6A63D079BA8AF4701AB200AD0B54EBDEA8689808B6E0E9F17973B9BA7883DC6A|bus_stops=01B63929056B55D0A8FE372756942FB9A81A89CB121A0CDB1838DDE9ED8555BF|hira_hospital=458D04F264BFE005CB12078699156CA72AD47B52062E0F79B8140E2635086268|hira_pharmacy=65B2B1E7F65BF1EFAF20C826BC1FB03CC24B65B359F4B5B51E1A234B334505A4
boundary_wc035_wb035_wf030,0.35,0.35,0.3,8,1,"[""가좌동"",""고양동"",""관산동"",""능곡동"",""송포동"",""주교동"",""행주동"",""효자동""]",[],[],1.1.0,weight_simplex_boundary_audit_v1,goyang_mixed_20250825_20260630,population=2026-06-30|onePersonHouseholds=2026-06-30|hiraFacilities=2026-06-30|analysisBoundary=2026-04-01|busStops=2025-08-25,가중치 0~1; Jaccard 0~1; 포함수 0~231; 순위 1~41,DSS(w)=w_cag*z(CAG)+w_bus*z(bus_inefficiency)+w_facility*z(nearest_facility_mean_m); 44동에서 z표준화 후 과거 팀 사후 대리매핑 3동을 상위8 선정에서 제외,0.05 간격 전체 비음수 simplex 231개는 실제 정책에서 타당한 가중치 집합으로 가정하지 않는다. 제한 범위 밖 극단값을 포함해 45개 결과의 경계 의존성을 반증하는 감사용이며 포함수는 확률이 아니다.,area_adjacency=AF16E5259A667F45F5BF7F6B3DF3A22E1A4837C477F6B68DDC26CDCF60E2DFF0|area_scores=455106174A3E492D501F73B8BA55EFD1B7525656638E8109AE015C290C352DE3|bus_stops=BBA5AC0E8F29538F42373B1789179B5B9D2CF0186E0D3A618537C83B74B628D5|facilities=9AA2BC9D9F9E0EC421FB7D23A9C9BF0BD5EDB59EB173A91CB27E6EB2655A1E07|grid_scores=F2B4631D6C4DB1C379BB9CAA13D29A9C055273F1C0D682BAC13EDD19C0A9E9BF|metrics_code=7A3920ABAC99C0EEE1FA013FF751C14428D5AA95E0F1F3F32FCED6B7A49541BA|model_spec=435B1018F2D35A2B421D1827A23C0DC739DC1F827F71189F8F818CE0B0C670E4|source_manifest=86163BE779951590317AB41BE2F9DE18666BC936F1735593673513008868CEC9,population=4D1530F251B312CE6564BA5676093B1043057F46A0FE2A58CF2756AFC530DA7B|one_person=01923C6EBD7440771E4EBE20CAB0648355A18C09D198677C0E265F5E68406A7D|admdongkor_boundary=6A63D079BA8AF4701AB200AD0B54EBDEA8689808B6E0E9F17973B9BA7883DC6A|bus_stops=01B63929056B55D0A8FE372756942FB9A81A89CB121A0CDB1838DDE9ED8555BF|hira_hospital=458D04F264BFE005CB12078699156CA72AD47B52062E0F79B8140E2635086268|hira_pharmacy=65B2B1E7F65BF1EFAF20C826BC1FB03CC24B65B359F4B5B51E1A234B334505A4
boundary_wc035_wb040_wf025,0.35,0.4,0.25,8,1,"[""가좌동"",""고양동"",""관산동"",""능곡동"",""송포동"",""주교동"",""행주동"",""효자동""]",[],[],1.1.0,weight_simplex_boundary_audit_v1,goyang_mixed_20250825_20260630,population=2026-06-30|onePersonHouseholds=2026-06-30|hiraFacilities=2026-06-30|analysisBoundary=2026-04-01|busStops=2025-08-25,가중치 0~1; Jaccard 0~1; 포함수 0~231; 순위 1~41,DSS(w)=w_cag*z(CAG)+w_bus*z(bus_inefficiency)+w_facility*z(nearest_facility_mean_m); 44동에서 z표준화 후 과거 팀 사후 대리매핑 3동을 상위8 선정에서 제외,0.05 간격 전체 비음수 simplex 231개는 실제 정책에서 타당한 가중치 집합으로 가정하지 않는다. 제한 범위 밖 극단값을 포함해 45개 결과의 경계 의존성을 반증하는 감사용이며 포함수는 확률이 아니다.,area_adjacency=AF16E5259A667F45F5BF7F6B3DF3A22E1A4837C477F6B68DDC26CDCF60E2DFF0|area_scores=455106174A3E492D501F73B8BA55EFD1B7525656638E8109AE015C290C352DE3|bus_stops=BBA5AC0E8F29538F42373B1789179B5B9D2CF0186E0D3A618537C83B74B628D5|facilities=9AA2BC9D9F9E0EC421FB7D23A9C9BF0BD5EDB59EB173A91CB27E6EB2655A1E07|grid_scores=F2B4631D6C4DB1C379BB9CAA13D29A9C055273F1C0D682BAC13EDD19C0A9E9BF|metrics_code=7A3920ABAC99C0EEE1FA013FF751C14428D5AA95E0F1F3F32FCED6B7A49541BA|model_spec=435B1018F2D35A2B421D1827A23C0DC739DC1F827F71189F8F818CE0B0C670E4|source_manifest=86163BE779951590317AB41BE2F9DE18666BC936F1735593673513008868CEC9,population=4D1530F251B312CE6564BA5676093B1043057F46A0FE2A58CF2756AFC530DA7B|one_person=01923C6EBD7440771E4EBE20CAB0648355A18C09D198677C0E265F5E68406A7D|admdongkor_boundary=6A63D079BA8AF4701AB200AD0B54EBDEA8689808B6E0E9F17973B9BA7883DC6A|bus_stops=01B63929056B55D0A8FE372756942FB9A81A89CB121A0CDB1838DDE9ED8555BF|hira_hospital=458D04F264BFE005CB12078699156CA72AD47B52062E0F79B8140E2635086268|hira_pharmacy=65B2B1E7F65BF1EFAF20C826BC1FB03CC24B65B359F4B5B51E1A234B334505A4
boundary_wc035_wb045_wf020,0.35,0.45,0.2,8,1,"[""가좌동"",""고양동"",""관산동"",""능곡동"",""송포동"",""주교동"",""행주동"",""효자동""]",[],[],1.1.0,weight_simplex_boundary_audit_v1,goyang_mixed_20250825_20260630,population=2026-06-30|onePersonHouseholds=2026-06-30|hiraFacilities=2026-06-30|analysisBoundary=2026-04-01|busStops=2025-08-25,가중치 0~1; Jaccard 0~1; 포함수 0~231; 순위 1~41,DSS(w)=w_cag*z(CAG)+w_bus*z(bus_inefficiency)+w_facility*z(nearest_facility_mean_m); 44동에서 z표준화 후 과거 팀 사후 대리매핑 3동을 상위8 선정에서 제외,0.05 간격 전체 비음수 simplex 231개는 실제 정책에서 타당한 가중치 집합으로 가정하지 않는다. 제한 범위 밖 극단값을 포함해 45개 결과의 경계 의존성을 반증하는 감사용이며 포함수는 확률이 아니다.,area_adjacency=AF16E5259A667F45F5BF7F6B3DF3A22E1A4837C477F6B68DDC26CDCF60E2DFF0|area_scores=455106174A3E492D501F73B8BA55EFD1B7525656638E8109AE015C290C352DE3|bus_stops=BBA5AC0E8F29538F42373B1789179B5B9D2CF0186E0D3A618537C83B74B628D5|facilities=9AA2BC9D9F9E0EC421FB7D23A9C9BF0BD5EDB59EB173A91CB27E6EB2655A1E07|grid_scores=F2B4631D6C4DB1C379BB9CAA13D29A9C055273F1C0D682BAC13EDD19C0A9E9BF|metrics_code=7A3920ABAC99C0EEE1FA013FF751C14428D5AA95E0F1F3F32FCED6B7A49541BA|model_spec=435B1018F2D35A2B421D1827A23C0DC739DC1F827F71189F8F818CE0B0C670E4|source_manifest=86163BE779951590317AB41BE2F9DE18666BC936F1735593673513008868CEC9,population=4D1530F251B312CE6564BA5676093B1043057F46A0FE2A58CF2756AFC530DA7B|one_person=01923C6EBD7440771E4EBE20CAB0648355A18C09D198677C0E265F5E68406A7D|admdongkor_boundary=6A63D079BA8AF4701AB200AD0B54EBDEA8689808B6E0E9F17973B9BA7883DC6A|bus_stops=01B63929056B55D0A8FE372756942FB9A81A89CB121A0CDB1838DDE9ED8555BF|hira_hospital=458D04F264BFE005CB12078699156CA72AD47B52062E0F79B8140E2635086268|hira_pharmacy=65B2B1E7F65BF1EFAF20C826BC1FB03CC24B65B359F4B5B51E1A234B334505A4
boundary_wc035_wb050_wf015,0.35,0.5,0.15,8,1,"[""가좌동"",""고양동"",""관산동"",""능곡동"",""송포동"",""주교동"",""행주동"",""효자동""]",[],[],1.1.0,weight_simplex_boundary_audit_v1,goyang_mixed_20250825_20260630,population=2026-06-30|onePersonHouseholds=2026-06-30|hiraFacilities=2026-06-30|analysisBoundary=2026-04-01|busStops=2025-08-25,가중치 0~1; Jaccard 0~1; 포함수 0~231; 순위 1~41,DSS(w)=w_cag*z(CAG)+w_bus*z(bus_inefficiency)+w_facility*z(nearest_facility_mean_m); 44동에서 z표준화 후 과거 팀 사후 대리매핑 3동을 상위8 선정에서 제외,0.05 간격 전체 비음수 simplex 231개는 실제 정책에서 타당한 가중치 집합으로 가정하지 않는다. 제한 범위 밖 극단값을 포함해 45개 결과의 경계 의존성을 반증하는 감사용이며 포함수는 확률이 아니다.,area_adjacency=AF16E5259A667F45F5BF7F6B3DF3A22E1A4837C477F6B68DDC26CDCF60E2DFF0|area_scores=455106174A3E492D501F73B8BA55EFD1B7525656638E8109AE015C290C352DE3|bus_stops=BBA5AC0E8F29538F42373B1789179B5B9D2CF0186E0D3A618537C83B74B628D5|facilities=9AA2BC9D9F9E0EC421FB7D23A9C9BF0BD5EDB59EB173A91CB27E6EB2655A1E07|grid_scores=F2B4631D6C4DB1C379BB9CAA13D29A9C055273F1C0D682BAC13EDD19C0A9E9BF|metrics_code=7A3920ABAC99C0EEE1FA013FF751C14428D5AA95E0F1F3F32FCED6B7A49541BA|model_spec=435B1018F2D35A2B421D1827A23C0DC739DC1F827F71189F8F818CE0B0C670E4|source_manifest=86163BE779951590317AB41BE2F9DE18666BC936F1735593673513008868CEC9,population=4D1530F251B312CE6564BA5676093B1043057F46A0FE2A58CF2756AFC530DA7B|one_person=01923C6EBD7440771E4EBE20CAB0648355A18C09D198677C0E265F5E68406A7D|admdongkor_boundary=6A63D079BA8AF4701AB200AD0B54EBDEA8689808B6E0E9F17973B9BA7883DC6A|bus_stops=01B63929056B55D0A8FE372756942FB9A81A89CB121A0CDB1838DDE9ED8555BF|hira_hospital=458D04F264BFE005CB12078699156CA72AD47B52062E0F79B8140E2635086268|hira_pharmacy=65B2B1E7F65BF1EFAF20C826BC1FB03CC24B65B359F4B5B51E1A234B334505A4
boundary_wc035_wb055_wf010,0.35,0.55,0.1,8,1,"[""가좌동"",""고양동"",""관산동"",""능곡동"",""송포동"",""주교동"",""행주동"",""효자동""]",[],[],1.1.0,weight_simplex_boundary_audit_v1,goyang_mixed_20250825_20260630,population=2026-06-30|onePersonHouseholds=2026-06-30|hiraFacilities=2026-06-30|analysisBoundary=2026-04-01|busStops=2025-08-25,가중치 0~1; Jaccard 0~1; 포함수 0~231; 순위 1~41,DSS(w)=w_cag*z(CAG)+w_bus*z(bus_inefficiency)+w_facility*z(nearest_facility_mean_m); 44동에서 z표준화 후 과거 팀 사후 대리매핑 3동을 상위8 선정에서 제외,0.05 간격 전체 비음수 simplex 231개는 실제 정책에서 타당한 가중치 집합으로 가정하지 않는다. 제한 범위 밖 극단값을 포함해 45개 결과의 경계 의존성을 반증하는 감사용이며 포함수는 확률이 아니다.,area_adjacency=AF16E5259A667F45F5BF7F6B3DF3A22E1A4837C477F6B68DDC26CDCF60E2DFF0|area_scores=455106174A3E492D501F73B8BA55EFD1B7525656638E8109AE015C290C352DE3|bus_stops=BBA5AC0E8F29538F42373B1789179B5B9D2CF0186E0D3A618537C83B74B628D5|facilities=9AA2BC9D9F9E0EC421FB7D23A9C9BF0BD5EDB59EB173A91CB27E6EB2655A1E07|grid_scores=F2B4631D6C4DB1C379BB9CAA13D29A9C055273F1C0D682BAC13EDD19C0A9E9BF|metrics_code=7A3920ABAC99C0EEE1FA013FF751C14428D5AA95E0F1F3F32FCED6B7A49541BA|model_spec=435B1018F2D35A2B421D1827A23C0DC739DC1F827F71189F8F818CE0B0C670E4|source_manifest=86163BE779951590317AB41BE2F9DE18666BC936F1735593673513008868CEC9,population=4D1530F251B312CE6564BA5676093B1043057F46A0FE2A58CF2756AFC530DA7B|one_person=01923C6EBD7440771E4EBE20CAB0648355A18C09D198677C0E265F5E68406A7D|admdongkor_boundary=6A63D079BA8AF4701AB200AD0B54EBDEA8689808B6E0E9F17973B9BA7883DC6A|bus_stops=01B63929056B55D0A8FE372756942FB9A81A89CB121A0CDB1838DDE9ED8555BF|hira_hospital=458D04F264BFE005CB12078699156CA72AD47B52062E0F79B8140E2635086268|hira_pharmacy=65B2B1E7F65BF1EFAF20C826BC1FB03CC24B65B359F4B5B51E1A234B334505A4
boundary_wc035_wb060_wf005,0.35,0.6,0.05,8,1,"[""가좌동"",""고양동"",""관산동"",""능곡동"",""송포동"",""주교동"",""행주동"",""효자동""]",[],[],1.1.0,weight_simplex_boundary_audit_v1,goyang_mixed_20250825_20260630,population=2026-06-30|onePersonHouseholds=2026-06-30|hiraFacilities=2026-06-30|analysisBoundary=2026-04-01|busStops=2025-08-25,가중치 0~1; Jaccard 0~1; 포함수 0~231; 순위 1~41,DSS(w)=w_cag*z(CAG)+w_bus*z(bus_inefficiency)+w_facility*z(nearest_facility_mean_m); 44동에서 z표준화 후 과거 팀 사후 대리매핑 3동을 상위8 선정에서 제외,0.05 간격 전체 비음수 simplex 231개는 실제 정책에서 타당한 가중치 집합으로 가정하지 않는다. 제한 범위 밖 극단값을 포함해 45개 결과의 경계 의존성을 반증하는 감사용이며 포함수는 확률이 아니다.,area_adjacency=AF16E5259A667F45F5BF7F6B3DF3A22E1A4837C477F6B68DDC26CDCF60E2DFF0|area_scores=455106174A3E492D501F73B8BA55EFD1B7525656638E8109AE015C290C352DE3|bus_stops=BBA5AC0E8F29538F42373B1789179B5B9D2CF0186E0D3A618537C83B74B628D5|facilities=9AA2BC9D9F9E0EC421FB7D23A9C9BF0BD5EDB59EB173A91CB27E6EB2655A1E07|grid_scores=F2B4631D6C4DB1C379BB9CAA13D29A9C055273F1C0D682BAC13EDD19C0A9E9BF|metrics_code=7A3920ABAC99C0EEE1FA013FF751C14428D5AA95E0F1F3F32FCED6B7A49541BA|model_spec=435B1018F2D35A2B421D1827A23C0DC739DC1F827F71189F8F818CE0B0C670E4|source_manifest=86163BE779951590317AB41BE2F9DE18666BC936F1735593673513008868CEC9,population=4D1530F251B312CE6564BA5676093B1043057F46A0FE2A58CF2756AFC530DA7B|one_person=01923C6EBD7440771E4EBE20CAB0648355A18C09D198677C0E265F5E68406A7D|admdongkor_boundary=6A63D079BA8AF4701AB200AD0B54EBDEA8689808B6E0E9F17973B9BA7883DC6A|bus_stops=01B63929056B55D0A8FE372756942FB9A81A89CB121A0CDB1838DDE9ED8555BF|hira_hospital=458D04F264BFE005CB12078699156CA72AD47B52062E0F79B8140E2635086268|hira_pharmacy=65B2B1E7F65BF1EFAF20C826BC1FB03CC24B65B359F4B5B51E1A234B334505A4
boundary_wc035_wb065_wf000,0.35,0.65,0,8,1,"[""가좌동"",""고양동"",""관산동"",""능곡동"",""송포동"",""주교동"",""행주동"",""효자동""]",[],[],1.1.0,weight_simplex_boundary_audit_v1,goyang_mixed_20250825_20260630,population=2026-06-30|onePersonHouseholds=2026-06-30|hiraFacilities=2026-06-30|analysisBoundary=2026-04-01|busStops=2025-08-25,가중치 0~1; Jaccard 0~1; 포함수 0~231; 순위 1~41,DSS(w)=w_cag*z(CAG)+w_bus*z(bus_inefficiency)+w_facility*z(nearest_facility_mean_m); 44동에서 z표준화 후 과거 팀 사후 대리매핑 3동을 상위8 선정에서 제외,0.05 간격 전체 비음수 simplex 231개는 실제 정책에서 타당한 가중치 집합으로 가정하지 않는다. 제한 범위 밖 극단값을 포함해 45개 결과의 경계 의존성을 반증하는 감사용이며 포함수는 확률이 아니다.,area_adjacency=AF16E5259A667F45F5BF7F6B3DF3A22E1A4837C477F6B68DDC26CDCF60E2DFF0|area_scores=455106174A3E492D501F73B8BA55EFD1B7525656638E8109AE015C290C352DE3|bus_stops=BBA5AC0E8F29538F42373B1789179B5B9D2CF0186E0D3A618537C83B74B628D5|facilities=9AA2BC9D9F9E0EC421FB7D23A9C9BF0BD5EDB59EB173A91CB27E6EB2655A1E07|grid_scores=F2B4631D6C4DB1C379BB9CAA13D29A9C055273F1C0D682BAC13EDD19C0A9E9BF|metrics_code=7A3920ABAC99C0EEE1FA013FF751C14428D5AA95E0F1F3F32FCED6B7A49541BA|model_spec=435B1018F2D35A2B421D1827A23C0DC739DC1F827F71189F8F818CE0B0C670E4|source_manifest=86163BE779951590317AB41BE2F9DE18666BC936F1735593673513008868CEC9,population=4D1530F251B312CE6564BA5676093B1043057F46A0FE2A58CF2756AFC530DA7B|one_person=01923C6EBD7440771E4EBE20CAB0648355A18C09D198677C0E265F5E68406A7D|admdongkor_boundary=6A63D079BA8AF4701AB200AD0B54EBDEA8689808B6E0E9F17973B9BA7883DC6A|bus_stops=01B63929056B55D0A8FE372756942FB9A81A89CB121A0CDB1838DDE9ED8555BF|hira_hospital=458D04F264BFE005CB12078699156CA72AD47B52062E0F79B8140E2635086268|hira_pharmacy=65B2B1E7F65BF1EFAF20C826BC1FB03CC24B65B359F4B5B51E1A234B334505A4
boundary_wc040_wb000_wf060,0.4,0,0.6,7,0.777777777777778,"[""가좌동"",""고양동"",""관산동"",""능곡동"",""송포동"",""행주동"",""효자동"",""원신동""]","[""주교동""]","[""원신동""]",1.1.0,weight_simplex_boundary_audit_v1,goyang_mixed_20250825_20260630,population=2026-06-30|onePersonHouseholds=2026-06-30|hiraFacilities=2026-06-30|analysisBoundary=2026-04-01|busStops=2025-08-25,가중치 0~1; Jaccard 0~1; 포함수 0~231; 순위 1~41,DSS(w)=w_cag*z(CAG)+w_bus*z(bus_inefficiency)+w_facility*z(nearest_facility_mean_m); 44동에서 z표준화 후 과거 팀 사후 대리매핑 3동을 상위8 선정에서 제외,0.05 간격 전체 비음수 simplex 231개는 실제 정책에서 타당한 가중치 집합으로 가정하지 않는다. 제한 범위 밖 극단값을 포함해 45개 결과의 경계 의존성을 반증하는 감사용이며 포함수는 확률이 아니다.,area_adjacency=AF16E5259A667F45F5BF7F6B3DF3A22E1A4837C477F6B68DDC26CDCF60E2DFF0|area_scores=455106174A3E492D501F73B8BA55EFD1B7525656638E8109AE015C290C352DE3|bus_stops=BBA5AC0E8F29538F42373B1789179B5B9D2CF0186E0D3A618537C83B74B628D5|facilities=9AA2BC9D9F9E0EC421FB7D23A9C9BF0BD5EDB59EB173A91CB27E6EB2655A1E07|grid_scores=F2B4631D6C4DB1C379BB9CAA13D29A9C055273F1C0D682BAC13EDD19C0A9E9BF|metrics_code=7A3920ABAC99C0EEE1FA013FF751C14428D5AA95E0F1F3F32FCED6B7A49541BA|model_spec=435B1018F2D35A2B421D1827A23C0DC739DC1F827F71189F8F818CE0B0C670E4|source_manifest=86163BE779951590317AB41BE2F9DE18666BC936F1735593673513008868CEC9,population=4D1530F251B312CE6564BA5676093B1043057F46A0FE2A58CF2756AFC530DA7B|one_person=01923C6EBD7440771E4EBE20CAB0648355A18C09D198677C0E265F5E68406A7D|admdongkor_boundary=6A63D079BA8AF4701AB200AD0B54EBDEA8689808B6E0E9F17973B9BA7883DC6A|bus_stops=01B63929056B55D0A8FE372756942FB9A81A89CB121A0CDB1838DDE9ED8555BF|hira_hospital=458D04F264BFE005CB12078699156CA72AD47B52062E0F79B8140E2635086268|hira_pharmacy=65B2B1E7F65BF1EFAF20C826BC1FB03CC24B65B359F4B5B51E1A234B334505A4
boundary_wc040_wb005_wf055,0.4,0.05,0.55,8,1,"[""가좌동"",""고양동"",""관산동"",""능곡동"",""송포동"",""주교동"",""행주동"",""효자동""]",[],[],1.1.0,weight_simplex_boundary_audit_v1,goyang_mixed_20250825_20260630,population=2026-06-30|onePersonHouseholds=2026-06-30|hiraFacilities=2026-06-30|analysisBoundary=2026-04-01|busStops=2025-08-25,가중치 0~1; Jaccard 0~1; 포함수 0~231; 순위 1~41,DSS(w)=w_cag*z(CAG)+w_bus*z(bus_inefficiency)+w_facility*z(nearest_facility_mean_m); 44동에서 z표준화 후 과거 팀 사후 대리매핑 3동을 상위8 선정에서 제외,0.05 간격 전체 비음수 simplex 231개는 실제 정책에서 타당한 가중치 집합으로 가정하지 않는다. 제한 범위 밖 극단값을 포함해 45개 결과의 경계 의존성을 반증하는 감사용이며 포함수는 확률이 아니다.,area_adjacency=AF16E5259A667F45F5BF7F6B3DF3A22E1A4837C477F6B68DDC26CDCF60E2DFF0|area_scores=455106174A3E492D501F73B8BA55EFD1B7525656638E8109AE015C290C352DE3|bus_stops=BBA5AC0E8F29538F42373B1789179B5B9D2CF0186E0D3A618537C83B74B628D5|facilities=9AA2BC9D9F9E0EC421FB7D23A9C9BF0BD5EDB59EB173A91CB27E6EB2655A1E07|grid_scores=F2B4631D6C4DB1C379BB9CAA13D29A9C055273F1C0D682BAC13EDD19C0A9E9BF|metrics_code=7A3920ABAC99C0EEE1FA013FF751C14428D5AA95E0F1F3F32FCED6B7A49541BA|model_spec=435B1018F2D35A2B421D1827A23C0DC739DC1F827F71189F8F818CE0B0C670E4|source_manifest=86163BE779951590317AB41BE2F9DE18666BC936F1735593673513008868CEC9,population=4D1530F251B312CE6564BA5676093B1043057F46A0FE2A58CF2756AFC530DA7B|one_person=01923C6EBD7440771E4EBE20CAB0648355A18C09D198677C0E265F5E68406A7D|admdongkor_boundary=6A63D079BA8AF4701AB200AD0B54EBDEA8689808B6E0E9F17973B9BA7883DC6A|bus_stops=01B63929056B55D0A8FE372756942FB9A81A89CB121A0CDB1838DDE9ED8555BF|hira_hospital=458D04F264BFE005CB12078699156CA72AD47B52062E0F79B8140E2635086268|hira_pharmacy=65B2B1E7F65BF1EFAF20C826BC1FB03CC24B65B359F4B5B51E1A234B334505A4
boundary_wc040_wb010_wf050,0.4,0.1,0.5,8,1,"[""가좌동"",""고양동"",""관산동"",""능곡동"",""송포동"",""주교동"",""행주동"",""효자동""]",[],[],1.1.0,weight_simplex_boundary_audit_v1,goyang_mixed_20250825_20260630,population=2026-06-30|onePersonHouseholds=2026-06-30|hiraFacilities=2026-06-30|analysisBoundary=2026-04-01|busStops=2025-08-25,가중치 0~1; Jaccard 0~1; 포함수 0~231; 순위 1~41,DSS(w)=w_cag*z(CAG)+w_bus*z(bus_inefficiency)+w_facility*z(nearest_facility_mean_m); 44동에서 z표준화 후 과거 팀 사후 대리매핑 3동을 상위8 선정에서 제외,0.05 간격 전체 비음수 simplex 231개는 실제 정책에서 타당한 가중치 집합으로 가정하지 않는다. 제한 범위 밖 극단값을 포함해 45개 결과의 경계 의존성을 반증하는 감사용이며 포함수는 확률이 아니다.,area_adjacency=AF16E5259A667F45F5BF7F6B3DF3A22E1A4837C477F6B68DDC26CDCF60E2DFF0|area_scores=455106174A3E492D501F73B8BA55EFD1B7525656638E8109AE015C290C352DE3|bus_stops=BBA5AC0E8F29538F42373B1789179B5B9D2CF0186E0D3A618537C83B74B628D5|facilities=9AA2BC9D9F9E0EC421FB7D23A9C9BF0BD5EDB59EB173A91CB27E6EB2655A1E07|grid_scores=F2B4631D6C4DB1C379BB9CAA13D29A9C055273F1C0D682BAC13EDD19C0A9E9BF|metrics_code=7A3920ABAC99C0EEE1FA013FF751C14428D5AA95E0F1F3F32FCED6B7A49541BA|model_spec=435B1018F2D35A2B421D1827A23C0DC739DC1F827F71189F8F818CE0B0C670E4|source_manifest=86163BE779951590317AB41BE2F9DE18666BC936F1735593673513008868CEC9,population=4D1530F251B312CE6564BA5676093B1043057F46A0FE2A58CF2756AFC530DA7B|one_person=01923C6EBD7440771E4EBE20CAB0648355A18C09D198677C0E265F5E68406A7D|admdongkor_boundary=6A63D079BA8AF4701AB200AD0B54EBDEA8689808B6E0E9F17973B9BA7883DC6A|bus_stops=01B63929056B55D0A8FE372756942FB9A81A89CB121A0CDB1838DDE9ED8555BF|hira_hospital=458D04F264BFE005CB12078699156CA72AD47B52062E0F79B8140E2635086268|hira_pharmacy=65B2B1E7F65BF1EFAF20C826BC1FB03CC24B65B359F4B5B51E1A234B334505A4
boundary_wc040_wb015_wf045,0.4,0.15,0.45,8,1,"[""가좌동"",""고양동"",""관산동"",""능곡동"",""송포동"",""주교동"",""행주동"",""효자동""]",[],[],1.1.0,weight_simplex_boundary_audit_v1,goyang_mixed_20250825_20260630,population=2026-06-30|onePersonHouseholds=2026-06-30|hiraFacilities=2026-06-30|analysisBoundary=2026-04-01|busStops=2025-08-25,가중치 0~1; Jaccard 0~1; 포함수 0~231; 순위 1~41,DSS(w)=w_cag*z(CAG)+w_bus*z(bus_inefficiency)+w_facility*z(nearest_facility_mean_m); 44동에서 z표준화 후 과거 팀 사후 대리매핑 3동을 상위8 선정에서 제외,0.05 간격 전체 비음수 simplex 231개는 실제 정책에서 타당한 가중치 집합으로 가정하지 않는다. 제한 범위 밖 극단값을 포함해 45개 결과의 경계 의존성을 반증하는 감사용이며 포함수는 확률이 아니다.,area_adjacency=AF16E5259A667F45F5BF7F6B3DF3A22E1A4837C477F6B68DDC26CDCF60E2DFF0|area_scores=455106174A3E492D501F73B8BA55EFD1B7525656638E8109AE015C290C352DE3|bus_stops=BBA5AC0E8F29538F42373B1789179B5B9D2CF0186E0D3A618537C83B74B628D5|facilities=9AA2BC9D9F9E0EC421FB7D23A9C9BF0BD5EDB59EB173A91CB27E6EB2655A1E07|grid_scores=F2B4631D6C4DB1C379BB9CAA13D29A9C055273F1C0D682BAC13EDD19C0A9E9BF|metrics_code=7A3920ABAC99C0EEE1FA013FF751C14428D5AA95E0F1F3F32FCED6B7A49541BA|model_spec=435B1018F2D35A2B421D1827A23C0DC739DC1F827F71189F8F818CE0B0C670E4|source_manifest=86163BE779951590317AB41BE2F9DE18666BC936F1735593673513008868CEC9,population=4D1530F251B312CE6564BA5676093B1043057F46A0FE2A58CF2756AFC530DA7B|one_person=01923C6EBD7440771E4EBE20CAB0648355A18C09D198677C0E265F5E68406A7D|admdongkor_boundary=6A63D079BA8AF4701AB200AD0B54EBDEA8689808B6E0E9F17973B9BA7883DC6A|bus_stops=01B63929056B55D0A8FE372756942FB9A81A89CB121A0CDB1838DDE9ED8555BF|hira_hospital=458D04F264BFE005CB12078699156CA72AD47B52062E0F79B8140E2635086268|hira_pharmacy=65B2B1E7F65BF1EFAF20C826BC1FB03CC24B65B359F4B5B51E1A234B334505A4
boundary_wc040_wb020_wf040,0.4,0.2,0.4,8,1,"[""가좌동"",""고양동"",""관산동"",""능곡동"",""송포동"",""주교동"",""행주동"",""효자동""]",[],[],1.1.0,weight_simplex_boundary_audit_v1,goyang_mixed_20250825_20260630,population=2026-06-30|onePersonHouseholds=2026-06-30|hiraFacilities=2026-06-30|analysisBoundary=2026-04-01|busStops=2025-08-25,가중치 0~1; Jaccard 0~1; 포함수 0~231; 순위 1~41,DSS(w)=w_cag*z(CAG)+w_bus*z(bus_inefficiency)+w_facility*z(nearest_facility_mean_m); 44동에서 z표준화 후 과거 팀 사후 대리매핑 3동을 상위8 선정에서 제외,0.05 간격 전체 비음수 simplex 231개는 실제 정책에서 타당한 가중치 집합으로 가정하지 않는다. 제한 범위 밖 극단값을 포함해 45개 결과의 경계 의존성을 반증하는 감사용이며 포함수는 확률이 아니다.,area_adjacency=AF16E5259A667F45F5BF7F6B3DF3A22E1A4837C477F6B68DDC26CDCF60E2DFF0|area_scores=455106174A3E492D501F73B8BA55EFD1B7525656638E8109AE015C290C352DE3|bus_stops=BBA5AC0E8F29538F42373B1789179B5B9D2CF0186E0D3A618537C83B74B628D5|facilities=9AA2BC9D9F9E0EC421FB7D23A9C9BF0BD5EDB59EB173A91CB27E6EB2655A1E07|grid_scores=F2B4631D6C4DB1C379BB9CAA13D29A9C055273F1C0D682BAC13EDD19C0A9E9BF|metrics_code=7A3920ABAC99C0EEE1FA013FF751C14428D5AA95E0F1F3F32FCED6B7A49541BA|model_spec=435B1018F2D35A2B421D1827A23C0DC739DC1F827F71189F8F818CE0B0C670E4|source_manifest=86163BE779951590317AB41BE2F9DE18666BC936F1735593673513008868CEC9,population=4D1530F251B312CE6564BA5676093B1043057F46A0FE2A58CF2756AFC530DA7B|one_person=01923C6EBD7440771E4EBE20CAB0648355A18C09D198677C0E265F5E68406A7D|admdongkor_boundary=6A63D079BA8AF4701AB200AD0B54EBDEA8689808B6E0E9F17973B9BA7883DC6A|bus_stops=01B63929056B55D0A8FE372756942FB9A81A89CB121A0CDB1838DDE9ED8555BF|hira_hospital=458D04F264BFE005CB12078699156CA72AD47B52062E0F79B8140E2635086268|hira_pharmacy=65B2B1E7F65BF1EFAF20C826BC1FB03CC24B65B359F4B5B51E1A234B334505A4
boundary_wc040_wb025_wf035,0.4,0.25,0.35,8,1,"[""가좌동"",""고양동"",""관산동"",""능곡동"",""송포동"",""주교동"",""행주동"",""효자동""]",[],[],1.1.0,weight_simplex_boundary_audit_v1,goyang_mixed_20250825_20260630,population=2026-06-30|onePersonHouseholds=2026-06-30|hiraFacilities=2026-06-30|analysisBoundary=2026-04-01|busStops=2025-08-25,가중치 0~1; Jaccard 0~1; 포함수 0~231; 순위 1~41,DSS(w)=w_cag*z(CAG)+w_bus*z(bus_inefficiency)+w_facility*z(nearest_facility_mean_m); 44동에서 z표준화 후 과거 팀 사후 대리매핑 3동을 상위8 선정에서 제외,0.05 간격 전체 비음수 simplex 231개는 실제 정책에서 타당한 가중치 집합으로 가정하지 않는다. 제한 범위 밖 극단값을 포함해 45개 결과의 경계 의존성을 반증하는 감사용이며 포함수는 확률이 아니다.,area_adjacency=AF16E5259A667F45F5BF7F6B3DF3A22E1A4837C477F6B68DDC26CDCF60E2DFF0|area_scores=455106174A3E492D501F73B8BA55EFD1B7525656638E8109AE015C290C352DE3|bus_stops=BBA5AC0E8F29538F42373B1789179B5B9D2CF0186E0D3A618537C83B74B628D5|facilities=9AA2BC9D9F9E0EC421FB7D23A9C9BF0BD5EDB59EB173A91CB27E6EB2655A1E07|grid_scores=F2B4631D6C4DB1C379BB9CAA13D29A9C055273F1C0D682BAC13EDD19C0A9E9BF|metrics_code=7A3920ABAC99C0EEE1FA013FF751C14428D5AA95E0F1F3F32FCED6B7A49541BA|model_spec=435B1018F2D35A2B421D1827A23C0DC739DC1F827F71189F8F818CE0B0C670E4|source_manifest=86163BE779951590317AB41BE2F9DE18666BC936F1735593673513008868CEC9,population=4D1530F251B312CE6564BA5676093B1043057F46A0FE2A58CF2756AFC530DA7B|one_person=01923C6EBD7440771E4EBE20CAB0648355A18C09D198677C0E265F5E68406A7D|admdongkor_boundary=6A63D079BA8AF4701AB200AD0B54EBDEA8689808B6E0E9F17973B9BA7883DC6A|bus_stops=01B63929056B55D0A8FE372756942FB9A81A89CB121A0CDB1838DDE9ED8555BF|hira_hospital=458D04F264BFE005CB12078699156CA72AD47B52062E0F79B8140E2635086268|hira_pharmacy=65B2B1E7F65BF1EFAF20C826BC1FB03CC24B65B359F4B5B51E1A234B334505A4
boundary_wc040_wb030_wf030,0.4,0.3,0.3,8,1,"[""가좌동"",""고양동"",""관산동"",""능곡동"",""송포동"",""주교동"",""행주동"",""효자동""]",[],[],1.1.0,weight_simplex_boundary_audit_v1,goyang_mixed_20250825_20260630,population=2026-06-30|onePersonHouseholds=2026-06-30|hiraFacilities=2026-06-30|analysisBoundary=2026-04-01|busStops=2025-08-25,가중치 0~1; Jaccard 0~1; 포함수 0~231; 순위 1~41,DSS(w)=w_cag*z(CAG)+w_bus*z(bus_inefficiency)+w_facility*z(nearest_facility_mean_m); 44동에서 z표준화 후 과거 팀 사후 대리매핑 3동을 상위8 선정에서 제외,0.05 간격 전체 비음수 simplex 231개는 실제 정책에서 타당한 가중치 집합으로 가정하지 않는다. 제한 범위 밖 극단값을 포함해 45개 결과의 경계 의존성을 반증하는 감사용이며 포함수는 확률이 아니다.,area_adjacency=AF16E5259A667F45F5BF7F6B3DF3A22E1A4837C477F6B68DDC26CDCF60E2DFF0|area_scores=455106174A3E492D501F73B8BA55EFD1B7525656638E8109AE015C290C352DE3|bus_stops=BBA5AC0E8F29538F42373B1789179B5B9D2CF0186E0D3A618537C83B74B628D5|facilities=9AA2BC9D9F9E0EC421FB7D23A9C9BF0BD5EDB59EB173A91CB27E6EB2655A1E07|grid_scores=F2B4631D6C4DB1C379BB9CAA13D29A9C055273F1C0D682BAC13EDD19C0A9E9BF|metrics_code=7A3920ABAC99C0EEE1FA013FF751C14428D5AA95E0F1F3F32FCED6B7A49541BA|model_spec=435B1018F2D35A2B421D1827A23C0DC739DC1F827F71189F8F818CE0B0C670E4|source_manifest=86163BE779951590317AB41BE2F9DE18666BC936F1735593673513008868CEC9,population=4D1530F251B312CE6564BA5676093B1043057F46A0FE2A58CF2756AFC530DA7B|one_person=01923C6EBD7440771E4EBE20CAB0648355A18C09D198677C0E265F5E68406A7D|admdongkor_boundary=6A63D079BA8AF4701AB200AD0B54EBDEA8689808B6E0E9F17973B9BA7883DC6A|bus_stops=01B63929056B55D0A8FE372756942FB9A81A89CB121A0CDB1838DDE9ED8555BF|hira_hospital=458D04F264BFE005CB12078699156CA72AD47B52062E0F79B8140E2635086268|hira_pharmacy=65B2B1E7F65BF1EFAF20C826BC1FB03CC24B65B359F4B5B51E1A234B334505A4
boundary_wc040_wb035_wf025,0.4,0.35,0.25,8,1,"[""가좌동"",""고양동"",""관산동"",""능곡동"",""송포동"",""주교동"",""행주동"",""효자동""]",[],[],1.1.0,weight_simplex_boundary_audit_v1,goyang_mixed_20250825_20260630,population=2026-06-30|onePersonHouseholds=2026-06-30|hiraFacilities=2026-06-30|analysisBoundary=2026-04-01|busStops=2025-08-25,가중치 0~1; Jaccard 0~1; 포함수 0~231; 순위 1~41,DSS(w)=w_cag*z(CAG)+w_bus*z(bus_inefficiency)+w_facility*z(nearest_facility_mean_m); 44동에서 z표준화 후 과거 팀 사후 대리매핑 3동을 상위8 선정에서 제외,0.05 간격 전체 비음수 simplex 231개는 실제 정책에서 타당한 가중치 집합으로 가정하지 않는다. 제한 범위 밖 극단값을 포함해 45개 결과의 경계 의존성을 반증하는 감사용이며 포함수는 확률이 아니다.,area_adjacency=AF16E5259A667F45F5BF7F6B3DF3A22E1A4837C477F6B68DDC26CDCF60E2DFF0|area_scores=455106174A3E492D501F73B8BA55EFD1B7525656638E8109AE015C290C352DE3|bus_stops=BBA5AC0E8F29538F42373B1789179B5B9D2CF0186E0D3A618537C83B74B628D5|facilities=9AA2BC9D9F9E0EC421FB7D23A9C9BF0BD5EDB59EB173A91CB27E6EB2655A1E07|grid_scores=F2B4631D6C4DB1C379BB9CAA13D29A9C055273F1C0D682BAC13EDD19C0A9E9BF|metrics_code=7A3920ABAC99C0EEE1FA013FF751C14428D5AA95E0F1F3F32FCED6B7A49541BA|model_spec=435B1018F2D35A2B421D1827A23C0DC739DC1F827F71189F8F818CE0B0C670E4|source_manifest=86163BE779951590317AB41BE2F9DE18666BC936F1735593673513008868CEC9,population=4D1530F251B312CE6564BA5676093B1043057F46A0FE2A58CF2756AFC530DA7B|one_person=01923C6EBD7440771E4EBE20CAB0648355A18C09D198677C0E265F5E68406A7D|admdongkor_boundary=6A63D079BA8AF4701AB200AD0B54EBDEA8689808B6E0E9F17973B9BA7883DC6A|bus_stops=01B63929056B55D0A8FE372756942FB9A81A89CB121A0CDB1838DDE9ED8555BF|hira_hospital=458D04F264BFE005CB12078699156CA72AD47B52062E0F79B8140E2635086268|hira_pharmacy=65B2B1E7F65BF1EFAF20C826BC1FB03CC24B65B359F4B5B51E1A234B334505A4
boundary_wc040_wb040_wf020,0.4,0.4,0.2,8,1,"[""가좌동"",""고양동"",""관산동"",""능곡동"",""송포동"",""주교동"",""행주동"",""효자동""]",[],[],1.1.0,weight_simplex_boundary_audit_v1,goyang_mixed_20250825_20260630,population=2026-06-30|onePersonHouseholds=2026-06-30|hiraFacilities=2026-06-30|analysisBoundary=2026-04-01|busStops=2025-08-25,가중치 0~1; Jaccard 0~1; 포함수 0~231; 순위 1~41,DSS(w)=w_cag*z(CAG)+w_bus*z(bus_inefficiency)+w_facility*z(nearest_facility_mean_m); 44동에서 z표준화 후 과거 팀 사후 대리매핑 3동을 상위8 선정에서 제외,0.05 간격 전체 비음수 simplex 231개는 실제 정책에서 타당한 가중치 집합으로 가정하지 않는다. 제한 범위 밖 극단값을 포함해 45개 결과의 경계 의존성을 반증하는 감사용이며 포함수는 확률이 아니다.,area_adjacency=AF16E5259A667F45F5BF7F6B3DF3A22E1A4837C477F6B68DDC26CDCF60E2DFF0|area_scores=455106174A3E492D501F73B8BA55EFD1B7525656638E8109AE015C290C352DE3|bus_stops=BBA5AC0E8F29538F42373B1789179B5B9D2CF0186E0D3A618537C83B74B628D5|facilities=9AA2BC9D9F9E0EC421FB7D23A9C9BF0BD5EDB59EB173A91CB27E6EB2655A1E07|grid_scores=F2B4631D6C4DB1C379BB9CAA13D29A9C055273F1C0D682BAC13EDD19C0A9E9BF|metrics_code=7A3920ABAC99C0EEE1FA013FF751C14428D5AA95E0F1F3F32FCED6B7A49541BA|model_spec=435B1018F2D35A2B421D1827A23C0DC739DC1F827F71189F8F818CE0B0C670E4|source_manifest=86163BE779951590317AB41BE2F9DE18666BC936F1735593673513008868CEC9,population=4D1530F251B312CE6564BA5676093B1043057F46A0FE2A58CF2756AFC530DA7B|one_person=01923C6EBD7440771E4EBE20CAB0648355A18C09D198677C0E265F5E68406A7D|admdongkor_boundary=6A63D079BA8AF4701AB200AD0B54EBDEA8689808B6E0E9F17973B9BA7883DC6A|bus_stops=01B63929056B55D0A8FE372756942FB9A81A89CB121A0CDB1838DDE9ED8555BF|hira_hospital=458D04F264BFE005CB12078699156CA72AD47B52062E0F79B8140E2635086268|hira_pharmacy=65B2B1E7F65BF1EFAF20C826BC1FB03CC24B65B359F4B5B51E1A234B334505A4
boundary_wc040_wb045_wf015,0.4,0.45,0.15,8,1,"[""가좌동"",""고양동"",""관산동"",""능곡동"",""송포동"",""주교동"",""행주동"",""효자동""]",[],[],1.1.0,weight_simplex_boundary_audit_v1,goyang_mixed_20250825_20260630,population=2026-06-30|onePersonHouseholds=2026-06-30|hiraFacilities=2026-06-30|analysisBoundary=2026-04-01|busStops=2025-08-25,가중치 0~1; Jaccard 0~1; 포함수 0~231; 순위 1~41,DSS(w)=w_cag*z(CAG)+w_bus*z(bus_inefficiency)+w_facility*z(nearest_facility_mean_m); 44동에서 z표준화 후 과거 팀 사후 대리매핑 3동을 상위8 선정에서 제외,0.05 간격 전체 비음수 simplex 231개는 실제 정책에서 타당한 가중치 집합으로 가정하지 않는다. 제한 범위 밖 극단값을 포함해 45개 결과의 경계 의존성을 반증하는 감사용이며 포함수는 확률이 아니다.,area_adjacency=AF16E5259A667F45F5BF7F6B3DF3A22E1A4837C477F6B68DDC26CDCF60E2DFF0|area_scores=455106174A3E492D501F73B8BA55EFD1B7525656638E8109AE015C290C352DE3|bus_stops=BBA5AC0E8F29538F42373B1789179B5B9D2CF0186E0D3A618537C83B74B628D5|facilities=9AA2BC9D9F9E0EC421FB7D23A9C9BF0BD5EDB59EB173A91CB27E6EB2655A1E07|grid_scores=F2B4631D6C4DB1C379BB9CAA13D29A9C055273F1C0D682BAC13EDD19C0A9E9BF|metrics_code=7A3920ABAC99C0EEE1FA013FF751C14428D5AA95E0F1F3F32FCED6B7A49541BA|model_spec=435B1018F2D35A2B421D1827A23C0DC739DC1F827F71189F8F818CE0B0C670E4|source_manifest=86163BE779951590317AB41BE2F9DE18666BC936F1735593673513008868CEC9,population=4D1530F251B312CE6564BA5676093B1043057F46A0FE2A58CF2756AFC530DA7B|one_person=01923C6EBD7440771E4EBE20CAB0648355A18C09D198677C0E265F5E68406A7D|admdongkor_boundary=6A63D079BA8AF4701AB200AD0B54EBDEA8689808B6E0E9F17973B9BA7883DC6A|bus_stops=01B63929056B55D0A8FE372756942FB9A81A89CB121A0CDB1838DDE9ED8555BF|hira_hospital=458D04F264BFE005CB12078699156CA72AD47B52062E0F79B8140E2635086268|hira_pharmacy=65B2B1E7F65BF1EFAF20C826BC1FB03CC24B65B359F4B5B51E1A234B334505A4
boundary_wc040_wb050_wf010,0.4,0.5,0.1,8,1,"[""가좌동"",""고양동"",""관산동"",""능곡동"",""송포동"",""주교동"",""행주동"",""효자동""]",[],[],1.1.0,weight_simplex_boundary_audit_v1,goyang_mixed_20250825_20260630,population=2026-06-30|onePersonHouseholds=2026-06-30|hiraFacilities=2026-06-30|analysisBoundary=2026-04-01|busStops=2025-08-25,가중치 0~1; Jaccard 0~1; 포함수 0~231; 순위 1~41,DSS(w)=w_cag*z(CAG)+w_bus*z(bus_inefficiency)+w_facility*z(nearest_facility_mean_m); 44동에서 z표준화 후 과거 팀 사후 대리매핑 3동을 상위8 선정에서 제외,0.05 간격 전체 비음수 simplex 231개는 실제 정책에서 타당한 가중치 집합으로 가정하지 않는다. 제한 범위 밖 극단값을 포함해 45개 결과의 경계 의존성을 반증하는 감사용이며 포함수는 확률이 아니다.,area_adjacency=AF16E5259A667F45F5BF7F6B3DF3A22E1A4837C477F6B68DDC26CDCF60E2DFF0|area_scores=455106174A3E492D501F73B8BA55EFD1B7525656638E8109AE015C290C352DE3|bus_stops=BBA5AC0E8F29538F42373B1789179B5B9D2CF0186E0D3A618537C83B74B628D5|facilities=9AA2BC9D9F9E0EC421FB7D23A9C9BF0BD5EDB59EB173A91CB27E6EB2655A1E07|grid_scores=F2B4631D6C4DB1C379BB9CAA13D29A9C055273F1C0D682BAC13EDD19C0A9E9BF|metrics_code=7A3920ABAC99C0EEE1FA013FF751C14428D5AA95E0F1F3F32FCED6B7A49541BA|model_spec=435B1018F2D35A2B421D1827A23C0DC739DC1F827F71189F8F818CE0B0C670E4|source_manifest=86163BE779951590317AB41BE2F9DE18666BC936F1735593673513008868CEC9,population=4D1530F251B312CE6564BA5676093B1043057F46A0FE2A58CF2756AFC530DA7B|one_person=01923C6EBD7440771E4EBE20CAB0648355A18C09D198677C0E265F5E68406A7D|admdongkor_boundary=6A63D079BA8AF4701AB200AD0B54EBDEA8689808B6E0E9F17973B9BA7883DC6A|bus_stops=01B63929056B55D0A8FE372756942FB9A81A89CB121A0CDB1838DDE9ED8555BF|hira_hospital=458D04F264BFE005CB12078699156CA72AD47B52062E0F79B8140E2635086268|hira_pharmacy=65B2B1E7F65BF1EFAF20C826BC1FB03CC24B65B359F4B5B51E1A234B334505A4
boundary_wc040_wb055_wf005,0.4,0.55,0.05,8,1,"[""가좌동"",""고양동"",""관산동"",""능곡동"",""송포동"",""주교동"",""행주동"",""효자동""]",[],[],1.1.0,weight_simplex_boundary_audit_v1,goyang_mixed_20250825_20260630,population=2026-06-30|onePersonHouseholds=2026-06-30|hiraFacilities=2026-06-30|analysisBoundary=2026-04-01|busStops=2025-08-25,가중치 0~1; Jaccard 0~1; 포함수 0~231; 순위 1~41,DSS(w)=w_cag*z(CAG)+w_bus*z(bus_inefficiency)+w_facility*z(nearest_facility_mean_m); 44동에서 z표준화 후 과거 팀 사후 대리매핑 3동을 상위8 선정에서 제외,0.05 간격 전체 비음수 simplex 231개는 실제 정책에서 타당한 가중치 집합으로 가정하지 않는다. 제한 범위 밖 극단값을 포함해 45개 결과의 경계 의존성을 반증하는 감사용이며 포함수는 확률이 아니다.,area_adjacency=AF16E5259A667F45F5BF7F6B3DF3A22E1A4837C477F6B68DDC26CDCF60E2DFF0|area_scores=455106174A3E492D501F73B8BA55EFD1B7525656638E8109AE015C290C352DE3|bus_stops=BBA5AC0E8F29538F42373B1789179B5B9D2CF0186E0D3A618537C83B74B628D5|facilities=9AA2BC9D9F9E0EC421FB7D23A9C9BF0BD5EDB59EB173A91CB27E6EB2655A1E07|grid_scores=F2B4631D6C4DB1C379BB9CAA13D29A9C055273F1C0D682BAC13EDD19C0A9E9BF|metrics_code=7A3920ABAC99C0EEE1FA013FF751C14428D5AA95E0F1F3F32FCED6B7A49541BA|model_spec=435B1018F2D35A2B421D1827A23C0DC739DC1F827F71189F8F818CE0B0C670E4|source_manifest=86163BE779951590317AB41BE2F9DE18666BC936F1735593673513008868CEC9,population=4D1530F251B312CE6564BA5676093B1043057F46A0FE2A58CF2756AFC530DA7B|one_person=01923C6EBD7440771E4EBE20CAB0648355A18C09D198677C0E265F5E68406A7D|admdongkor_boundary=6A63D079BA8AF4701AB200AD0B54EBDEA8689808B6E0E9F17973B9BA7883DC6A|bus_stops=01B63929056B55D0A8FE372756942FB9A81A89CB121A0CDB1838DDE9ED8555BF|hira_hospital=458D04F264BFE005CB12078699156CA72AD47B52062E0F79B8140E2635086268|hira_pharmacy=65B2B1E7F65BF1EFAF20C826BC1FB03CC24B65B359F4B5B51E1A234B334505A4
boundary_wc040_wb060_wf000,0.4,0.6,0,8,1,"[""가좌동"",""고양동"",""관산동"",""능곡동"",""송포동"",""주교동"",""행주동"",""효자동""]",[],[],1.1.0,weight_simplex_boundary_audit_v1,goyang_mixed_20250825_20260630,population=2026-06-30|onePersonHouseholds=2026-06-30|hiraFacilities=2026-06-30|analysisBoundary=2026-04-01|busStops=2025-08-25,가중치 0~1; Jaccard 0~1; 포함수 0~231; 순위 1~41,DSS(w)=w_cag*z(CAG)+w_bus*z(bus_inefficiency)+w_facility*z(nearest_facility_mean_m); 44동에서 z표준화 후 과거 팀 사후 대리매핑 3동을 상위8 선정에서 제외,0.05 간격 전체 비음수 simplex 231개는 실제 정책에서 타당한 가중치 집합으로 가정하지 않는다. 제한 범위 밖 극단값을 포함해 45개 결과의 경계 의존성을 반증하는 감사용이며 포함수는 확률이 아니다.,area_adjacency=AF16E5259A667F45F5BF7F6B3DF3A22E1A4837C477F6B68DDC26CDCF60E2DFF0|area_scores=455106174A3E492D501F73B8BA55EFD1B7525656638E8109AE015C290C352DE3|bus_stops=BBA5AC0E8F29538F42373B1789179B5B9D2CF0186E0D3A618537C83B74B628D5|facilities=9AA2BC9D9F9E0EC421FB7D23A9C9BF0BD5EDB59EB173A91CB27E6EB2655A1E07|grid_scores=F2B4631D6C4DB1C379BB9CAA13D29A9C055273F1C0D682BAC13EDD19C0A9E9BF|metrics_code=7A3920ABAC99C0EEE1FA013FF751C14428D5AA95E0F1F3F32FCED6B7A49541BA|model_spec=435B1018F2D35A2B421D1827A23C0DC739DC1F827F71189F8F818CE0B0C670E4|source_manifest=86163BE779951590317AB41BE2F9DE18666BC936F1735593673513008868CEC9,population=4D1530F251B312CE6564BA5676093B1043057F46A0FE2A58CF2756AFC530DA7B|one_person=01923C6EBD7440771E4EBE20CAB0648355A18C09D198677C0E265F5E68406A7D|admdongkor_boundary=6A63D079BA8AF4701AB200AD0B54EBDEA8689808B6E0E9F17973B9BA7883DC6A|bus_stops=01B63929056B55D0A8FE372756942FB9A81A89CB121A0CDB1838DDE9ED8555BF|hira_hospital=458D04F264BFE005CB12078699156CA72AD47B52062E0F79B8140E2635086268|hira_pharmacy=65B2B1E7F65BF1EFAF20C826BC1FB03CC24B65B359F4B5B51E1A234B334505A4
boundary_wc045_wb000_wf055,0.45,0,0.55,8,1,"[""가좌동"",""고양동"",""관산동"",""능곡동"",""송포동"",""주교동"",""행주동"",""효자동""]",[],[],1.1.0,weight_simplex_boundary_audit_v1,goyang_mixed_20250825_20260630,population=2026-06-30|onePersonHouseholds=2026-06-30|hiraFacilities=2026-06-30|analysisBoundary=2026-04-01|busStops=2025-08-25,가중치 0~1; Jaccard 0~1; 포함수 0~231; 순위 1~41,DSS(w)=w_cag*z(CAG)+w_bus*z(bus_inefficiency)+w_facility*z(nearest_facility_mean_m); 44동에서 z표준화 후 과거 팀 사후 대리매핑 3동을 상위8 선정에서 제외,0.05 간격 전체 비음수 simplex 231개는 실제 정책에서 타당한 가중치 집합으로 가정하지 않는다. 제한 범위 밖 극단값을 포함해 45개 결과의 경계 의존성을 반증하는 감사용이며 포함수는 확률이 아니다.,area_adjacency=AF16E5259A667F45F5BF7F6B3DF3A22E1A4837C477F6B68DDC26CDCF60E2DFF0|area_scores=455106174A3E492D501F73B8BA55EFD1B7525656638E8109AE015C290C352DE3|bus_stops=BBA5AC0E8F29538F42373B1789179B5B9D2CF0186E0D3A618537C83B74B628D5|facilities=9AA2BC9D9F9E0EC421FB7D23A9C9BF0BD5EDB59EB173A91CB27E6EB2655A1E07|grid_scores=F2B4631D6C4DB1C379BB9CAA13D29A9C055273F1C0D682BAC13EDD19C0A9E9BF|metrics_code=7A3920ABAC99C0EEE1FA013FF751C14428D5AA95E0F1F3F32FCED6B7A49541BA|model_spec=435B1018F2D35A2B421D1827A23C0DC739DC1F827F71189F8F818CE0B0C670E4|source_manifest=86163BE779951590317AB41BE2F9DE18666BC936F1735593673513008868CEC9,population=4D1530F251B312CE6564BA5676093B1043057F46A0FE2A58CF2756AFC530DA7B|one_person=01923C6EBD7440771E4EBE20CAB0648355A18C09D198677C0E265F5E68406A7D|admdongkor_boundary=6A63D079BA8AF4701AB200AD0B54EBDEA8689808B6E0E9F17973B9BA7883DC6A|bus_stops=01B63929056B55D0A8FE372756942FB9A81A89CB121A0CDB1838DDE9ED8555BF|hira_hospital=458D04F264BFE005CB12078699156CA72AD47B52062E0F79B8140E2635086268|hira_pharmacy=65B2B1E7F65BF1EFAF20C826BC1FB03CC24B65B359F4B5B51E1A234B334505A4
boundary_wc045_wb005_wf050,0.45,0.05,0.5,8,1,"[""가좌동"",""고양동"",""관산동"",""능곡동"",""송포동"",""주교동"",""행주동"",""효자동""]",[],[],1.1.0,weight_simplex_boundary_audit_v1,goyang_mixed_20250825_20260630,population=2026-06-30|onePersonHouseholds=2026-06-30|hiraFacilities=2026-06-30|analysisBoundary=2026-04-01|busStops=2025-08-25,가중치 0~1; Jaccard 0~1; 포함수 0~231; 순위 1~41,DSS(w)=w_cag*z(CAG)+w_bus*z(bus_inefficiency)+w_facility*z(nearest_facility_mean_m); 44동에서 z표준화 후 과거 팀 사후 대리매핑 3동을 상위8 선정에서 제외,0.05 간격 전체 비음수 simplex 231개는 실제 정책에서 타당한 가중치 집합으로 가정하지 않는다. 제한 범위 밖 극단값을 포함해 45개 결과의 경계 의존성을 반증하는 감사용이며 포함수는 확률이 아니다.,area_adjacency=AF16E5259A667F45F5BF7F6B3DF3A22E1A4837C477F6B68DDC26CDCF60E2DFF0|area_scores=455106174A3E492D501F73B8BA55EFD1B7525656638E8109AE015C290C352DE3|bus_stops=BBA5AC0E8F29538F42373B1789179B5B9D2CF0186E0D3A618537C83B74B628D5|facilities=9AA2BC9D9F9E0EC421FB7D23A9C9BF0BD5EDB59EB173A91CB27E6EB2655A1E07|grid_scores=F2B4631D6C4DB1C379BB9CAA13D29A9C055273F1C0D682BAC13EDD19C0A9E9BF|metrics_code=7A3920ABAC99C0EEE1FA013FF751C14428D5AA95E0F1F3F32FCED6B7A49541BA|model_spec=435B1018F2D35A2B421D1827A23C0DC739DC1F827F71189F8F818CE0B0C670E4|source_manifest=86163BE779951590317AB41BE2F9DE18666BC936F1735593673513008868CEC9,population=4D1530F251B312CE6564BA5676093B1043057F46A0FE2A58CF2756AFC530DA7B|one_person=01923C6EBD7440771E4EBE20CAB0648355A18C09D198677C0E265F5E68406A7D|admdongkor_boundary=6A63D079BA8AF4701AB200AD0B54EBDEA8689808B6E0E9F17973B9BA7883DC6A|bus_stops=01B63929056B55D0A8FE372756942FB9A81A89CB121A0CDB1838DDE9ED8555BF|hira_hospital=458D04F264BFE005CB12078699156CA72AD47B52062E0F79B8140E2635086268|hira_pharmacy=65B2B1E7F65BF1EFAF20C826BC1FB03CC24B65B359F4B5B51E1A234B334505A4
boundary_wc045_wb010_wf045,0.45,0.1,0.45,8,1,"[""가좌동"",""고양동"",""관산동"",""능곡동"",""송포동"",""주교동"",""행주동"",""효자동""]",[],[],1.1.0,weight_simplex_boundary_audit_v1,goyang_mixed_20250825_20260630,population=2026-06-30|onePersonHouseholds=2026-06-30|hiraFacilities=2026-06-30|analysisBoundary=2026-04-01|busStops=2025-08-25,가중치 0~1; Jaccard 0~1; 포함수 0~231; 순위 1~41,DSS(w)=w_cag*z(CAG)+w_bus*z(bus_inefficiency)+w_facility*z(nearest_facility_mean_m); 44동에서 z표준화 후 과거 팀 사후 대리매핑 3동을 상위8 선정에서 제외,0.05 간격 전체 비음수 simplex 231개는 실제 정책에서 타당한 가중치 집합으로 가정하지 않는다. 제한 범위 밖 극단값을 포함해 45개 결과의 경계 의존성을 반증하는 감사용이며 포함수는 확률이 아니다.,area_adjacency=AF16E5259A667F45F5BF7F6B3DF3A22E1A4837C477F6B68DDC26CDCF60E2DFF0|area_scores=455106174A3E492D501F73B8BA55EFD1B7525656638E8109AE015C290C352DE3|bus_stops=BBA5AC0E8F29538F42373B1789179B5B9D2CF0186E0D3A618537C83B74B628D5|facilities=9AA2BC9D9F9E0EC421FB7D23A9C9BF0BD5EDB59EB173A91CB27E6EB2655A1E07|grid_scores=F2B4631D6C4DB1C379BB9CAA13D29A9C055273F1C0D682BAC13EDD19C0A9E9BF|metrics_code=7A3920ABAC99C0EEE1FA013FF751C14428D5AA95E0F1F3F32FCED6B7A49541BA|model_spec=435B1018F2D35A2B421D1827A23C0DC739DC1F827F71189F8F818CE0B0C670E4|source_manifest=86163BE779951590317AB41BE2F9DE18666BC936F1735593673513008868CEC9,population=4D1530F251B312CE6564BA5676093B1043057F46A0FE2A58CF2756AFC530DA7B|one_person=01923C6EBD7440771E4EBE20CAB0648355A18C09D198677C0E265F5E68406A7D|admdongkor_boundary=6A63D079BA8AF4701AB200AD0B54EBDEA8689808B6E0E9F17973B9BA7883DC6A|bus_stops=01B63929056B55D0A8FE372756942FB9A81A89CB121A0CDB1838DDE9ED8555BF|hira_hospital=458D04F264BFE005CB12078699156CA72AD47B52062E0F79B8140E2635086268|hira_pharmacy=65B2B1E7F65BF1EFAF20C826BC1FB03CC24B65B359F4B5B51E1A234B334505A4
boundary_wc045_wb015_wf040,0.45,0.15,0.4,8,1,"[""가좌동"",""고양동"",""관산동"",""능곡동"",""송포동"",""주교동"",""행주동"",""효자동""]",[],[],1.1.0,weight_simplex_boundary_audit_v1,goyang_mixed_20250825_20260630,population=2026-06-30|onePersonHouseholds=2026-06-30|hiraFacilities=2026-06-30|analysisBoundary=2026-04-01|busStops=2025-08-25,가중치 0~1; Jaccard 0~1; 포함수 0~231; 순위 1~41,DSS(w)=w_cag*z(CAG)+w_bus*z(bus_inefficiency)+w_facility*z(nearest_facility_mean_m); 44동에서 z표준화 후 과거 팀 사후 대리매핑 3동을 상위8 선정에서 제외,0.05 간격 전체 비음수 simplex 231개는 실제 정책에서 타당한 가중치 집합으로 가정하지 않는다. 제한 범위 밖 극단값을 포함해 45개 결과의 경계 의존성을 반증하는 감사용이며 포함수는 확률이 아니다.,area_adjacency=AF16E5259A667F45F5BF7F6B3DF3A22E1A4837C477F6B68DDC26CDCF60E2DFF0|area_scores=455106174A3E492D501F73B8BA55EFD1B7525656638E8109AE015C290C352DE3|bus_stops=BBA5AC0E8F29538F42373B1789179B5B9D2CF0186E0D3A618537C83B74B628D5|facilities=9AA2BC9D9F9E0EC421FB7D23A9C9BF0BD5EDB59EB173A91CB27E6EB2655A1E07|grid_scores=F2B4631D6C4DB1C379BB9CAA13D29A9C055273F1C0D682BAC13EDD19C0A9E9BF|metrics_code=7A3920ABAC99C0EEE1FA013FF751C14428D5AA95E0F1F3F32FCED6B7A49541BA|model_spec=435B1018F2D35A2B421D1827A23C0DC739DC1F827F71189F8F818CE0B0C670E4|source_manifest=86163BE779951590317AB41BE2F9DE18666BC936F1735593673513008868CEC9,population=4D1530F251B312CE6564BA5676093B1043057F46A0FE2A58CF2756AFC530DA7B|one_person=01923C6EBD7440771E4EBE20CAB0648355A18C09D198677C0E265F5E68406A7D|admdongkor_boundary=6A63D079BA8AF4701AB200AD0B54EBDEA8689808B6E0E9F17973B9BA7883DC6A|bus_stops=01B63929056B55D0A8FE372756942FB9A81A89CB121A0CDB1838DDE9ED8555BF|hira_hospital=458D04F264BFE005CB12078699156CA72AD47B52062E0F79B8140E2635086268|hira_pharmacy=65B2B1E7F65BF1EFAF20C826BC1FB03CC24B65B359F4B5B51E1A234B334505A4
boundary_wc045_wb020_wf035,0.45,0.2,0.35,8,1,"[""가좌동"",""고양동"",""관산동"",""능곡동"",""송포동"",""주교동"",""행주동"",""효자동""]",[],[],1.1.0,weight_simplex_boundary_audit_v1,goyang_mixed_20250825_20260630,population=2026-06-30|onePersonHouseholds=2026-06-30|hiraFacilities=2026-06-30|analysisBoundary=2026-04-01|busStops=2025-08-25,가중치 0~1; Jaccard 0~1; 포함수 0~231; 순위 1~41,DSS(w)=w_cag*z(CAG)+w_bus*z(bus_inefficiency)+w_facility*z(nearest_facility_mean_m); 44동에서 z표준화 후 과거 팀 사후 대리매핑 3동을 상위8 선정에서 제외,0.05 간격 전체 비음수 simplex 231개는 실제 정책에서 타당한 가중치 집합으로 가정하지 않는다. 제한 범위 밖 극단값을 포함해 45개 결과의 경계 의존성을 반증하는 감사용이며 포함수는 확률이 아니다.,area_adjacency=AF16E5259A667F45F5BF7F6B3DF3A22E1A4837C477F6B68DDC26CDCF60E2DFF0|area_scores=455106174A3E492D501F73B8BA55EFD1B7525656638E8109AE015C290C352DE3|bus_stops=BBA5AC0E8F29538F42373B1789179B5B9D2CF0186E0D3A618537C83B74B628D5|facilities=9AA2BC9D9F9E0EC421FB7D23A9C9BF0BD5EDB59EB173A91CB27E6EB2655A1E07|grid_scores=F2B4631D6C4DB1C379BB9CAA13D29A9C055273F1C0D682BAC13EDD19C0A9E9BF|metrics_code=7A3920ABAC99C0EEE1FA013FF751C14428D5AA95E0F1F3F32FCED6B7A49541BA|model_spec=435B1018F2D35A2B421D1827A23C0DC739DC1F827F71189F8F818CE0B0C670E4|source_manifest=86163BE779951590317AB41BE2F9DE18666BC936F1735593673513008868CEC9,population=4D1530F251B312CE6564BA5676093B1043057F46A0FE2A58CF2756AFC530DA7B|one_person=01923C6EBD7440771E4EBE20CAB0648355A18C09D198677C0E265F5E68406A7D|admdongkor_boundary=6A63D079BA8AF4701AB200AD0B54EBDEA8689808B6E0E9F17973B9BA7883DC6A|bus_stops=01B63929056B55D0A8FE372756942FB9A81A89CB121A0CDB1838DDE9ED8555BF|hira_hospital=458D04F264BFE005CB12078699156CA72AD47B52062E0F79B8140E2635086268|hira_pharmacy=65B2B1E7F65BF1EFAF20C826BC1FB03CC24B65B359F4B5B51E1A234B334505A4
boundary_wc045_wb025_wf030,0.45,0.25,0.3,8,1,"[""가좌동"",""고양동"",""관산동"",""능곡동"",""송포동"",""주교동"",""행주동"",""효자동""]",[],[],1.1.0,weight_simplex_boundary_audit_v1,goyang_mixed_20250825_20260630,population=2026-06-30|onePersonHouseholds=2026-06-30|hiraFacilities=2026-06-30|analysisBoundary=2026-04-01|busStops=2025-08-25,가중치 0~1; Jaccard 0~1; 포함수 0~231; 순위 1~41,DSS(w)=w_cag*z(CAG)+w_bus*z(bus_inefficiency)+w_facility*z(nearest_facility_mean_m); 44동에서 z표준화 후 과거 팀 사후 대리매핑 3동을 상위8 선정에서 제외,0.05 간격 전체 비음수 simplex 231개는 실제 정책에서 타당한 가중치 집합으로 가정하지 않는다. 제한 범위 밖 극단값을 포함해 45개 결과의 경계 의존성을 반증하는 감사용이며 포함수는 확률이 아니다.,area_adjacency=AF16E5259A667F45F5BF7F6B3DF3A22E1A4837C477F6B68DDC26CDCF60E2DFF0|area_scores=455106174A3E492D501F73B8BA55EFD1B7525656638E8109AE015C290C352DE3|bus_stops=BBA5AC0E8F29538F42373B1789179B5B9D2CF0186E0D3A618537C83B74B628D5|facilities=9AA2BC9D9F9E0EC421FB7D23A9C9BF0BD5EDB59EB173A91CB27E6EB2655A1E07|grid_scores=F2B4631D6C4DB1C379BB9CAA13D29A9C055273F1C0D682BAC13EDD19C0A9E9BF|metrics_code=7A3920ABAC99C0EEE1FA013FF751C14428D5AA95E0F1F3F32FCED6B7A49541BA|model_spec=435B1018F2D35A2B421D1827A23C0DC739DC1F827F71189F8F818CE0B0C670E4|source_manifest=86163BE779951590317AB41BE2F9DE18666BC936F1735593673513008868CEC9,population=4D1530F251B312CE6564BA5676093B1043057F46A0FE2A58CF2756AFC530DA7B|one_person=01923C6EBD7440771E4EBE20CAB0648355A18C09D198677C0E265F5E68406A7D|admdongkor_boundary=6A63D079BA8AF4701AB200AD0B54EBDEA8689808B6E0E9F17973B9BA7883DC6A|bus_stops=01B63929056B55D0A8FE372756942FB9A81A89CB121A0CDB1838DDE9ED8555BF|hira_hospital=458D04F264BFE005CB12078699156CA72AD47B52062E0F79B8140E2635086268|hira_pharmacy=65B2B1E7F65BF1EFAF20C826BC1FB03CC24B65B359F4B5B51E1A234B334505A4
boundary_wc045_wb030_wf025,0.45,0.3,0.25,8,1,"[""가좌동"",""고양동"",""관산동"",""능곡동"",""송포동"",""주교동"",""행주동"",""효자동""]",[],[],1.1.0,weight_simplex_boundary_audit_v1,goyang_mixed_20250825_20260630,population=2026-06-30|onePersonHouseholds=2026-06-30|hiraFacilities=2026-06-30|analysisBoundary=2026-04-01|busStops=2025-08-25,가중치 0~1; Jaccard 0~1; 포함수 0~231; 순위 1~41,DSS(w)=w_cag*z(CAG)+w_bus*z(bus_inefficiency)+w_facility*z(nearest_facility_mean_m); 44동에서 z표준화 후 과거 팀 사후 대리매핑 3동을 상위8 선정에서 제외,0.05 간격 전체 비음수 simplex 231개는 실제 정책에서 타당한 가중치 집합으로 가정하지 않는다. 제한 범위 밖 극단값을 포함해 45개 결과의 경계 의존성을 반증하는 감사용이며 포함수는 확률이 아니다.,area_adjacency=AF16E5259A667F45F5BF7F6B3DF3A22E1A4837C477F6B68DDC26CDCF60E2DFF0|area_scores=455106174A3E492D501F73B8BA55EFD1B7525656638E8109AE015C290C352DE3|bus_stops=BBA5AC0E8F29538F42373B1789179B5B9D2CF0186E0D3A618537C83B74B628D5|facilities=9AA2BC9D9F9E0EC421FB7D23A9C9BF0BD5EDB59EB173A91CB27E6EB2655A1E07|grid_scores=F2B4631D6C4DB1C379BB9CAA13D29A9C055273F1C0D682BAC13EDD19C0A9E9BF|metrics_code=7A3920ABAC99C0EEE1FA013FF751C14428D5AA95E0F1F3F32FCED6B7A49541BA|model_spec=435B1018F2D35A2B421D1827A23C0DC739DC1F827F71189F8F818CE0B0C670E4|source_manifest=86163BE779951590317AB41BE2F9DE18666BC936F1735593673513008868CEC9,population=4D1530F251B312CE6564BA5676093B1043057F46A0FE2A58CF2756AFC530DA7B|one_person=01923C6EBD7440771E4EBE20CAB0648355A18C09D198677C0E265F5E68406A7D|admdongkor_boundary=6A63D079BA8AF4701AB200AD0B54EBDEA8689808B6E0E9F17973B9BA7883DC6A|bus_stops=01B63929056B55D0A8FE372756942FB9A81A89CB121A0CDB1838DDE9ED8555BF|hira_hospital=458D04F264BFE005CB12078699156CA72AD47B52062E0F79B8140E2635086268|hira_pharmacy=65B2B1E7F65BF1EFAF20C826BC1FB03CC24B65B359F4B5B51E1A234B334505A4
boundary_wc045_wb035_wf020,0.45,0.35,0.2,8,1,"[""가좌동"",""고양동"",""관산동"",""능곡동"",""송포동"",""주교동"",""행주동"",""효자동""]",[],[],1.1.0,weight_simplex_boundary_audit_v1,goyang_mixed_20250825_20260630,population=2026-06-30|onePersonHouseholds=2026-06-30|hiraFacilities=2026-06-30|analysisBoundary=2026-04-01|busStops=2025-08-25,가중치 0~1; Jaccard 0~1; 포함수 0~231; 순위 1~41,DSS(w)=w_cag*z(CAG)+w_bus*z(bus_inefficiency)+w_facility*z(nearest_facility_mean_m); 44동에서 z표준화 후 과거 팀 사후 대리매핑 3동을 상위8 선정에서 제외,0.05 간격 전체 비음수 simplex 231개는 실제 정책에서 타당한 가중치 집합으로 가정하지 않는다. 제한 범위 밖 극단값을 포함해 45개 결과의 경계 의존성을 반증하는 감사용이며 포함수는 확률이 아니다.,area_adjacency=AF16E5259A667F45F5BF7F6B3DF3A22E1A4837C477F6B68DDC26CDCF60E2DFF0|area_scores=455106174A3E492D501F73B8BA55EFD1B7525656638E8109AE015C290C352DE3|bus_stops=BBA5AC0E8F29538F42373B1789179B5B9D2CF0186E0D3A618537C83B74B628D5|facilities=9AA2BC9D9F9E0EC421FB7D23A9C9BF0BD5EDB59EB173A91CB27E6EB2655A1E07|grid_scores=F2B4631D6C4DB1C379BB9CAA13D29A9C055273F1C0D682BAC13EDD19C0A9E9BF|metrics_code=7A3920ABAC99C0EEE1FA013FF751C14428D5AA95E0F1F3F32FCED6B7A49541BA|model_spec=435B1018F2D35A2B421D1827A23C0DC739DC1F827F71189F8F818CE0B0C670E4|source_manifest=86163BE779951590317AB41BE2F9DE18666BC936F1735593673513008868CEC9,population=4D1530F251B312CE6564BA5676093B1043057F46A0FE2A58CF2756AFC530DA7B|one_person=01923C6EBD7440771E4EBE20CAB0648355A18C09D198677C0E265F5E68406A7D|admdongkor_boundary=6A63D079BA8AF4701AB200AD0B54EBDEA8689808B6E0E9F17973B9BA7883DC6A|bus_stops=01B63929056B55D0A8FE372756942FB9A81A89CB121A0CDB1838DDE9ED8555BF|hira_hospital=458D04F264BFE005CB12078699156CA72AD47B52062E0F79B8140E2635086268|hira_pharmacy=65B2B1E7F65BF1EFAF20C826BC1FB03CC24B65B359F4B5B51E1A234B334505A4
boundary_wc045_wb040_wf015,0.45,0.4,0.15,8,1,"[""가좌동"",""고양동"",""관산동"",""능곡동"",""송포동"",""주교동"",""행주동"",""효자동""]",[],[],1.1.0,weight_simplex_boundary_audit_v1,goyang_mixed_20250825_20260630,population=2026-06-30|onePersonHouseholds=2026-06-30|hiraFacilities=2026-06-30|analysisBoundary=2026-04-01|busStops=2025-08-25,가중치 0~1; Jaccard 0~1; 포함수 0~231; 순위 1~41,DSS(w)=w_cag*z(CAG)+w_bus*z(bus_inefficiency)+w_facility*z(nearest_facility_mean_m); 44동에서 z표준화 후 과거 팀 사후 대리매핑 3동을 상위8 선정에서 제외,0.05 간격 전체 비음수 simplex 231개는 실제 정책에서 타당한 가중치 집합으로 가정하지 않는다. 제한 범위 밖 극단값을 포함해 45개 결과의 경계 의존성을 반증하는 감사용이며 포함수는 확률이 아니다.,area_adjacency=AF16E5259A667F45F5BF7F6B3DF3A22E1A4837C477F6B68DDC26CDCF60E2DFF0|area_scores=455106174A3E492D501F73B8BA55EFD1B7525656638E8109AE015C290C352DE3|bus_stops=BBA5AC0E8F29538F42373B1789179B5B9D2CF0186E0D3A618537C83B74B628D5|facilities=9AA2BC9D9F9E0EC421FB7D23A9C9BF0BD5EDB59EB173A91CB27E6EB2655A1E07|grid_scores=F2B4631D6C4DB1C379BB9CAA13D29A9C055273F1C0D682BAC13EDD19C0A9E9BF|metrics_code=7A3920ABAC99C0EEE1FA013FF751C14428D5AA95E0F1F3F32FCED6B7A49541BA|model_spec=435B1018F2D35A2B421D1827A23C0DC739DC1F827F71189F8F818CE0B0C670E4|source_manifest=86163BE779951590317AB41BE2F9DE18666BC936F1735593673513008868CEC9,population=4D1530F251B312CE6564BA5676093B1043057F46A0FE2A58CF2756AFC530DA7B|one_person=01923C6EBD7440771E4EBE20CAB0648355A18C09D198677C0E265F5E68406A7D|admdongkor_boundary=6A63D079BA8AF4701AB200AD0B54EBDEA8689808B6E0E9F17973B9BA7883DC6A|bus_stops=01B63929056B55D0A8FE372756942FB9A81A89CB121A0CDB1838DDE9ED8555BF|hira_hospital=458D04F264BFE005CB12078699156CA72AD47B52062E0F79B8140E2635086268|hira_pharmacy=65B2B1E7F65BF1EFAF20C826BC1FB03CC24B65B359F4B5B51E1A234B334505A4
boundary_wc045_wb045_wf010,0.45,0.45,0.1,8,1,"[""가좌동"",""고양동"",""관산동"",""능곡동"",""송포동"",""주교동"",""행주동"",""효자동""]",[],[],1.1.0,weight_simplex_boundary_audit_v1,goyang_mixed_20250825_20260630,population=2026-06-30|onePersonHouseholds=2026-06-30|hiraFacilities=2026-06-30|analysisBoundary=2026-04-01|busStops=2025-08-25,가중치 0~1; Jaccard 0~1; 포함수 0~231; 순위 1~41,DSS(w)=w_cag*z(CAG)+w_bus*z(bus_inefficiency)+w_facility*z(nearest_facility_mean_m); 44동에서 z표준화 후 과거 팀 사후 대리매핑 3동을 상위8 선정에서 제외,0.05 간격 전체 비음수 simplex 231개는 실제 정책에서 타당한 가중치 집합으로 가정하지 않는다. 제한 범위 밖 극단값을 포함해 45개 결과의 경계 의존성을 반증하는 감사용이며 포함수는 확률이 아니다.,area_adjacency=AF16E5259A667F45F5BF7F6B3DF3A22E1A4837C477F6B68DDC26CDCF60E2DFF0|area_scores=455106174A3E492D501F73B8BA55EFD1B7525656638E8109AE015C290C352DE3|bus_stops=BBA5AC0E8F29538F42373B1789179B5B9D2CF0186E0D3A618537C83B74B628D5|facilities=9AA2BC9D9F9E0EC421FB7D23A9C9BF0BD5EDB59EB173A91CB27E6EB2655A1E07|grid_scores=F2B4631D6C4DB1C379BB9CAA13D29A9C055273F1C0D682BAC13EDD19C0A9E9BF|metrics_code=7A3920ABAC99C0EEE1FA013FF751C14428D5AA95E0F1F3F32FCED6B7A49541BA|model_spec=435B1018F2D35A2B421D1827A23C0DC739DC1F827F71189F8F818CE0B0C670E4|source_manifest=86163BE779951590317AB41BE2F9DE18666BC936F1735593673513008868CEC9,population=4D1530F251B312CE6564BA5676093B1043057F46A0FE2A58CF2756AFC530DA7B|one_person=01923C6EBD7440771E4EBE20CAB0648355A18C09D198677C0E265F5E68406A7D|admdongkor_boundary=6A63D079BA8AF4701AB200AD0B54EBDEA8689808B6E0E9F17973B9BA7883DC6A|bus_stops=01B63929056B55D0A8FE372756942FB9A81A89CB121A0CDB1838DDE9ED8555BF|hira_hospital=458D04F264BFE005CB12078699156CA72AD47B52062E0F79B8140E2635086268|hira_pharmacy=65B2B1E7F65BF1EFAF20C826BC1FB03CC24B65B359F4B5B51E1A234B334505A4
boundary_wc045_wb050_wf005,0.45,0.5,0.05,8,1,"[""가좌동"",""고양동"",""관산동"",""능곡동"",""송포동"",""주교동"",""행주동"",""효자동""]",[],[],1.1.0,weight_simplex_boundary_audit_v1,goyang_mixed_20250825_20260630,population=2026-06-30|onePersonHouseholds=2026-06-30|hiraFacilities=2026-06-30|analysisBoundary=2026-04-01|busStops=2025-08-25,가중치 0~1; Jaccard 0~1; 포함수 0~231; 순위 1~41,DSS(w)=w_cag*z(CAG)+w_bus*z(bus_inefficiency)+w_facility*z(nearest_facility_mean_m); 44동에서 z표준화 후 과거 팀 사후 대리매핑 3동을 상위8 선정에서 제외,0.05 간격 전체 비음수 simplex 231개는 실제 정책에서 타당한 가중치 집합으로 가정하지 않는다. 제한 범위 밖 극단값을 포함해 45개 결과의 경계 의존성을 반증하는 감사용이며 포함수는 확률이 아니다.,area_adjacency=AF16E5259A667F45F5BF7F6B3DF3A22E1A4837C477F6B68DDC26CDCF60E2DFF0|area_scores=455106174A3E492D501F73B8BA55EFD1B7525656638E8109AE015C290C352DE3|bus_stops=BBA5AC0E8F29538F42373B1789179B5B9D2CF0186E0D3A618537C83B74B628D5|facilities=9AA2BC9D9F9E0EC421FB7D23A9C9BF0BD5EDB59EB173A91CB27E6EB2655A1E07|grid_scores=F2B4631D6C4DB1C379BB9CAA13D29A9C055273F1C0D682BAC13EDD19C0A9E9BF|metrics_code=7A3920ABAC99C0EEE1FA013FF751C14428D5AA95E0F1F3F32FCED6B7A49541BA|model_spec=435B1018F2D35A2B421D1827A23C0DC739DC1F827F71189F8F818CE0B0C670E4|source_manifest=86163BE779951590317AB41BE2F9DE18666BC936F1735593673513008868CEC9,population=4D1530F251B312CE6564BA5676093B1043057F46A0FE2A58CF2756AFC530DA7B|one_person=01923C6EBD7440771E4EBE20CAB0648355A18C09D198677C0E265F5E68406A7D|admdongkor_boundary=6A63D079BA8AF4701AB200AD0B54EBDEA8689808B6E0E9F17973B9BA7883DC6A|bus_stops=01B63929056B55D0A8FE372756942FB9A81A89CB121A0CDB1838DDE9ED8555BF|hira_hospital=458D04F264BFE005CB12078699156CA72AD47B52062E0F79B8140E2635086268|hira_pharmacy=65B2B1E7F65BF1EFAF20C826BC1FB03CC24B65B359F4B5B51E1A234B334505A4
boundary_wc045_wb055_wf000,0.45,0.55,0,8,1,"[""가좌동"",""고양동"",""관산동"",""능곡동"",""송포동"",""주교동"",""행주동"",""효자동""]",[],[],1.1.0,weight_simplex_boundary_audit_v1,goyang_mixed_20250825_20260630,population=2026-06-30|onePersonHouseholds=2026-06-30|hiraFacilities=2026-06-30|analysisBoundary=2026-04-01|busStops=2025-08-25,가중치 0~1; Jaccard 0~1; 포함수 0~231; 순위 1~41,DSS(w)=w_cag*z(CAG)+w_bus*z(bus_inefficiency)+w_facility*z(nearest_facility_mean_m); 44동에서 z표준화 후 과거 팀 사후 대리매핑 3동을 상위8 선정에서 제외,0.05 간격 전체 비음수 simplex 231개는 실제 정책에서 타당한 가중치 집합으로 가정하지 않는다. 제한 범위 밖 극단값을 포함해 45개 결과의 경계 의존성을 반증하는 감사용이며 포함수는 확률이 아니다.,area_adjacency=AF16E5259A667F45F5BF7F6B3DF3A22E1A4837C477F6B68DDC26CDCF60E2DFF0|area_scores=455106174A3E492D501F73B8BA55EFD1B7525656638E8109AE015C290C352DE3|bus_stops=BBA5AC0E8F29538F42373B1789179B5B9D2CF0186E0D3A618537C83B74B628D5|facilities=9AA2BC9D9F9E0EC421FB7D23A9C9BF0BD5EDB59EB173A91CB27E6EB2655A1E07|grid_scores=F2B4631D6C4DB1C379BB9CAA13D29A9C055273F1C0D682BAC13EDD19C0A9E9BF|metrics_code=7A3920ABAC99C0EEE1FA013FF751C14428D5AA95E0F1F3F32FCED6B7A49541BA|model_spec=435B1018F2D35A2B421D1827A23C0DC739DC1F827F71189F8F818CE0B0C670E4|source_manifest=86163BE779951590317AB41BE2F9DE18666BC936F1735593673513008868CEC9,population=4D1530F251B312CE6564BA5676093B1043057F46A0FE2A58CF2756AFC530DA7B|one_person=01923C6EBD7440771E4EBE20CAB0648355A18C09D198677C0E265F5E68406A7D|admdongkor_boundary=6A63D079BA8AF4701AB200AD0B54EBDEA8689808B6E0E9F17973B9BA7883DC6A|bus_stops=01B63929056B55D0A8FE372756942FB9A81A89CB121A0CDB1838DDE9ED8555BF|hira_hospital=458D04F264BFE005CB12078699156CA72AD47B52062E0F79B8140E2635086268|hira_pharmacy=65B2B1E7F65BF1EFAF20C826BC1FB03CC24B65B359F4B5B51E1A234B334505A4
boundary_wc050_wb000_wf050,0.5,0,0.5,8,1,"[""가좌동"",""고양동"",""관산동"",""능곡동"",""송포동"",""주교동"",""행주동"",""효자동""]",[],[],1.1.0,weight_simplex_boundary_audit_v1,goyang_mixed_20250825_20260630,population=2026-06-30|onePersonHouseholds=2026-06-30|hiraFacilities=2026-06-30|analysisBoundary=2026-04-01|busStops=2025-08-25,가중치 0~1; Jaccard 0~1; 포함수 0~231; 순위 1~41,DSS(w)=w_cag*z(CAG)+w_bus*z(bus_inefficiency)+w_facility*z(nearest_facility_mean_m); 44동에서 z표준화 후 과거 팀 사후 대리매핑 3동을 상위8 선정에서 제외,0.05 간격 전체 비음수 simplex 231개는 실제 정책에서 타당한 가중치 집합으로 가정하지 않는다. 제한 범위 밖 극단값을 포함해 45개 결과의 경계 의존성을 반증하는 감사용이며 포함수는 확률이 아니다.,area_adjacency=AF16E5259A667F45F5BF7F6B3DF3A22E1A4837C477F6B68DDC26CDCF60E2DFF0|area_scores=455106174A3E492D501F73B8BA55EFD1B7525656638E8109AE015C290C352DE3|bus_stops=BBA5AC0E8F29538F42373B1789179B5B9D2CF0186E0D3A618537C83B74B628D5|facilities=9AA2BC9D9F9E0EC421FB7D23A9C9BF0BD5EDB59EB173A91CB27E6EB2655A1E07|grid_scores=F2B4631D6C4DB1C379BB9CAA13D29A9C055273F1C0D682BAC13EDD19C0A9E9BF|metrics_code=7A3920ABAC99C0EEE1FA013FF751C14428D5AA95E0F1F3F32FCED6B7A49541BA|model_spec=435B1018F2D35A2B421D1827A23C0DC739DC1F827F71189F8F818CE0B0C670E4|source_manifest=86163BE779951590317AB41BE2F9DE18666BC936F1735593673513008868CEC9,population=4D1530F251B312CE6564BA5676093B1043057F46A0FE2A58CF2756AFC530DA7B|one_person=01923C6EBD7440771E4EBE20CAB0648355A18C09D198677C0E265F5E68406A7D|admdongkor_boundary=6A63D079BA8AF4701AB200AD0B54EBDEA8689808B6E0E9F17973B9BA7883DC6A|bus_stops=01B63929056B55D0A8FE372756942FB9A81A89CB121A0CDB1838DDE9ED8555BF|hira_hospital=458D04F264BFE005CB12078699156CA72AD47B52062E0F79B8140E2635086268|hira_pharmacy=65B2B1E7F65BF1EFAF20C826BC1FB03CC24B65B359F4B5B51E1A234B334505A4
boundary_wc050_wb005_wf045,0.5,0.05,0.45,8,1,"[""가좌동"",""고양동"",""관산동"",""능곡동"",""송포동"",""주교동"",""행주동"",""효자동""]",[],[],1.1.0,weight_simplex_boundary_audit_v1,goyang_mixed_20250825_20260630,population=2026-06-30|onePersonHouseholds=2026-06-30|hiraFacilities=2026-06-30|analysisBoundary=2026-04-01|busStops=2025-08-25,가중치 0~1; Jaccard 0~1; 포함수 0~231; 순위 1~41,DSS(w)=w_cag*z(CAG)+w_bus*z(bus_inefficiency)+w_facility*z(nearest_facility_mean_m); 44동에서 z표준화 후 과거 팀 사후 대리매핑 3동을 상위8 선정에서 제외,0.05 간격 전체 비음수 simplex 231개는 실제 정책에서 타당한 가중치 집합으로 가정하지 않는다. 제한 범위 밖 극단값을 포함해 45개 결과의 경계 의존성을 반증하는 감사용이며 포함수는 확률이 아니다.,area_adjacency=AF16E5259A667F45F5BF7F6B3DF3A22E1A4837C477F6B68DDC26CDCF60E2DFF0|area_scores=455106174A3E492D501F73B8BA55EFD1B7525656638E8109AE015C290C352DE3|bus_stops=BBA5AC0E8F29538F42373B1789179B5B9D2CF0186E0D3A618537C83B74B628D5|facilities=9AA2BC9D9F9E0EC421FB7D23A9C9BF0BD5EDB59EB173A91CB27E6EB2655A1E07|grid_scores=F2B4631D6C4DB1C379BB9CAA13D29A9C055273F1C0D682BAC13EDD19C0A9E9BF|metrics_code=7A3920ABAC99C0EEE1FA013FF751C14428D5AA95E0F1F3F32FCED6B7A49541BA|model_spec=435B1018F2D35A2B421D1827A23C0DC739DC1F827F71189F8F818CE0B0C670E4|source_manifest=86163BE779951590317AB41BE2F9DE18666BC936F1735593673513008868CEC9,population=4D1530F251B312CE6564BA5676093B1043057F46A0FE2A58CF2756AFC530DA7B|one_person=01923C6EBD7440771E4EBE20CAB0648355A18C09D198677C0E265F5E68406A7D|admdongkor_boundary=6A63D079BA8AF4701AB200AD0B54EBDEA8689808B6E0E9F17973B9BA7883DC6A|bus_stops=01B63929056B55D0A8FE372756942FB9A81A89CB121A0CDB1838DDE9ED8555BF|hira_hospital=458D04F264BFE005CB12078699156CA72AD47B52062E0F79B8140E2635086268|hira_pharmacy=65B2B1E7F65BF1EFAF20C826BC1FB03CC24B65B359F4B5B51E1A234B334505A4
boundary_wc050_wb010_wf040,0.5,0.1,0.4,8,1,"[""가좌동"",""고양동"",""관산동"",""능곡동"",""송포동"",""주교동"",""행주동"",""효자동""]",[],[],1.1.0,weight_simplex_boundary_audit_v1,goyang_mixed_20250825_20260630,population=2026-06-30|onePersonHouseholds=2026-06-30|hiraFacilities=2026-06-30|analysisBoundary=2026-04-01|busStops=2025-08-25,가중치 0~1; Jaccard 0~1; 포함수 0~231; 순위 1~41,DSS(w)=w_cag*z(CAG)+w_bus*z(bus_inefficiency)+w_facility*z(nearest_facility_mean_m); 44동에서 z표준화 후 과거 팀 사후 대리매핑 3동을 상위8 선정에서 제외,0.05 간격 전체 비음수 simplex 231개는 실제 정책에서 타당한 가중치 집합으로 가정하지 않는다. 제한 범위 밖 극단값을 포함해 45개 결과의 경계 의존성을 반증하는 감사용이며 포함수는 확률이 아니다.,area_adjacency=AF16E5259A667F45F5BF7F6B3DF3A22E1A4837C477F6B68DDC26CDCF60E2DFF0|area_scores=455106174A3E492D501F73B8BA55EFD1B7525656638E8109AE015C290C352DE3|bus_stops=BBA5AC0E8F29538F42373B1789179B5B9D2CF0186E0D3A618537C83B74B628D5|facilities=9AA2BC9D9F9E0EC421FB7D23A9C9BF0BD5EDB59EB173A91CB27E6EB2655A1E07|grid_scores=F2B4631D6C4DB1C379BB9CAA13D29A9C055273F1C0D682BAC13EDD19C0A9E9BF|metrics_code=7A3920ABAC99C0EEE1FA013FF751C14428D5AA95E0F1F3F32FCED6B7A49541BA|model_spec=435B1018F2D35A2B421D1827A23C0DC739DC1F827F71189F8F818CE0B0C670E4|source_manifest=86163BE779951590317AB41BE2F9DE18666BC936F1735593673513008868CEC9,population=4D1530F251B312CE6564BA5676093B1043057F46A0FE2A58CF2756AFC530DA7B|one_person=01923C6EBD7440771E4EBE20CAB0648355A18C09D198677C0E265F5E68406A7D|admdongkor_boundary=6A63D079BA8AF4701AB200AD0B54EBDEA8689808B6E0E9F17973B9BA7883DC6A|bus_stops=01B63929056B55D0A8FE372756942FB9A81A89CB121A0CDB1838DDE9ED8555BF|hira_hospital=458D04F264BFE005CB12078699156CA72AD47B52062E0F79B8140E2635086268|hira_pharmacy=65B2B1E7F65BF1EFAF20C826BC1FB03CC24B65B359F4B5B51E1A234B334505A4
boundary_wc050_wb015_wf035,0.5,0.15,0.35,8,1,"[""가좌동"",""고양동"",""관산동"",""능곡동"",""송포동"",""주교동"",""행주동"",""효자동""]",[],[],1.1.0,weight_simplex_boundary_audit_v1,goyang_mixed_20250825_20260630,population=2026-06-30|onePersonHouseholds=2026-06-30|hiraFacilities=2026-06-30|analysisBoundary=2026-04-01|busStops=2025-08-25,가중치 0~1; Jaccard 0~1; 포함수 0~231; 순위 1~41,DSS(w)=w_cag*z(CAG)+w_bus*z(bus_inefficiency)+w_facility*z(nearest_facility_mean_m); 44동에서 z표준화 후 과거 팀 사후 대리매핑 3동을 상위8 선정에서 제외,0.05 간격 전체 비음수 simplex 231개는 실제 정책에서 타당한 가중치 집합으로 가정하지 않는다. 제한 범위 밖 극단값을 포함해 45개 결과의 경계 의존성을 반증하는 감사용이며 포함수는 확률이 아니다.,area_adjacency=AF16E5259A667F45F5BF7F6B3DF3A22E1A4837C477F6B68DDC26CDCF60E2DFF0|area_scores=455106174A3E492D501F73B8BA55EFD1B7525656638E8109AE015C290C352DE3|bus_stops=BBA5AC0E8F29538F42373B1789179B5B9D2CF0186E0D3A618537C83B74B628D5|facilities=9AA2BC9D9F9E0EC421FB7D23A9C9BF0BD5EDB59EB173A91CB27E6EB2655A1E07|grid_scores=F2B4631D6C4DB1C379BB9CAA13D29A9C055273F1C0D682BAC13EDD19C0A9E9BF|metrics_code=7A3920ABAC99C0EEE1FA013FF751C14428D5AA95E0F1F3F32FCED6B7A49541BA|model_spec=435B1018F2D35A2B421D1827A23C0DC739DC1F827F71189F8F818CE0B0C670E4|source_manifest=86163BE779951590317AB41BE2F9DE18666BC936F1735593673513008868CEC9,population=4D1530F251B312CE6564BA5676093B1043057F46A0FE2A58CF2756AFC530DA7B|one_person=01923C6EBD7440771E4EBE20CAB0648355A18C09D198677C0E265F5E68406A7D|admdongkor_boundary=6A63D079BA8AF4701AB200AD0B54EBDEA8689808B6E0E9F17973B9BA7883DC6A|bus_stops=01B63929056B55D0A8FE372756942FB9A81A89CB121A0CDB1838DDE9ED8555BF|hira_hospital=458D04F264BFE005CB12078699156CA72AD47B52062E0F79B8140E2635086268|hira_pharmacy=65B2B1E7F65BF1EFAF20C826BC1FB03CC24B65B359F4B5B51E1A234B334505A4
boundary_wc050_wb020_wf030,0.5,0.2,0.3,8,1,"[""가좌동"",""고양동"",""관산동"",""능곡동"",""송포동"",""주교동"",""행주동"",""효자동""]",[],[],1.1.0,weight_simplex_boundary_audit_v1,goyang_mixed_20250825_20260630,population=2026-06-30|onePersonHouseholds=2026-06-30|hiraFacilities=2026-06-30|analysisBoundary=2026-04-01|busStops=2025-08-25,가중치 0~1; Jaccard 0~1; 포함수 0~231; 순위 1~41,DSS(w)=w_cag*z(CAG)+w_bus*z(bus_inefficiency)+w_facility*z(nearest_facility_mean_m); 44동에서 z표준화 후 과거 팀 사후 대리매핑 3동을 상위8 선정에서 제외,0.05 간격 전체 비음수 simplex 231개는 실제 정책에서 타당한 가중치 집합으로 가정하지 않는다. 제한 범위 밖 극단값을 포함해 45개 결과의 경계 의존성을 반증하는 감사용이며 포함수는 확률이 아니다.,area_adjacency=AF16E5259A667F45F5BF7F6B3DF3A22E1A4837C477F6B68DDC26CDCF60E2DFF0|area_scores=455106174A3E492D501F73B8BA55EFD1B7525656638E8109AE015C290C352DE3|bus_stops=BBA5AC0E8F29538F42373B1789179B5B9D2CF0186E0D3A618537C83B74B628D5|facilities=9AA2BC9D9F9E0EC421FB7D23A9C9BF0BD5EDB59EB173A91CB27E6EB2655A1E07|grid_scores=F2B4631D6C4DB1C379BB9CAA13D29A9C055273F1C0D682BAC13EDD19C0A9E9BF|metrics_code=7A3920ABAC99C0EEE1FA013FF751C14428D5AA95E0F1F3F32FCED6B7A49541BA|model_spec=435B1018F2D35A2B421D1827A23C0DC739DC1F827F71189F8F818CE0B0C670E4|source_manifest=86163BE779951590317AB41BE2F9DE18666BC936F1735593673513008868CEC9,population=4D1530F251B312CE6564BA5676093B1043057F46A0FE2A58CF2756AFC530DA7B|one_person=01923C6EBD7440771E4EBE20CAB0648355A18C09D198677C0E265F5E68406A7D|admdongkor_boundary=6A63D079BA8AF4701AB200AD0B54EBDEA8689808B6E0E9F17973B9BA7883DC6A|bus_stops=01B63929056B55D0A8FE372756942FB9A81A89CB121A0CDB1838DDE9ED8555BF|hira_hospital=458D04F264BFE005CB12078699156CA72AD47B52062E0F79B8140E2635086268|hira_pharmacy=65B2B1E7F65BF1EFAF20C826BC1FB03CC24B65B359F4B5B51E1A234B334505A4
boundary_wc050_wb025_wf025,0.5,0.25,0.25,8,1,"[""가좌동"",""고양동"",""관산동"",""능곡동"",""송포동"",""주교동"",""행주동"",""효자동""]",[],[],1.1.0,weight_simplex_boundary_audit_v1,goyang_mixed_20250825_20260630,population=2026-06-30|onePersonHouseholds=2026-06-30|hiraFacilities=2026-06-30|analysisBoundary=2026-04-01|busStops=2025-08-25,가중치 0~1; Jaccard 0~1; 포함수 0~231; 순위 1~41,DSS(w)=w_cag*z(CAG)+w_bus*z(bus_inefficiency)+w_facility*z(nearest_facility_mean_m); 44동에서 z표준화 후 과거 팀 사후 대리매핑 3동을 상위8 선정에서 제외,0.05 간격 전체 비음수 simplex 231개는 실제 정책에서 타당한 가중치 집합으로 가정하지 않는다. 제한 범위 밖 극단값을 포함해 45개 결과의 경계 의존성을 반증하는 감사용이며 포함수는 확률이 아니다.,area_adjacency=AF16E5259A667F45F5BF7F6B3DF3A22E1A4837C477F6B68DDC26CDCF60E2DFF0|area_scores=455106174A3E492D501F73B8BA55EFD1B7525656638E8109AE015C290C352DE3|bus_stops=BBA5AC0E8F29538F42373B1789179B5B9D2CF0186E0D3A618537C83B74B628D5|facilities=9AA2BC9D9F9E0EC421FB7D23A9C9BF0BD5EDB59EB173A91CB27E6EB2655A1E07|grid_scores=F2B4631D6C4DB1C379BB9CAA13D29A9C055273F1C0D682BAC13EDD19C0A9E9BF|metrics_code=7A3920ABAC99C0EEE1FA013FF751C14428D5AA95E0F1F3F32FCED6B7A49541BA|model_spec=435B1018F2D35A2B421D1827A23C0DC739DC1F827F71189F8F818CE0B0C670E4|source_manifest=86163BE779951590317AB41BE2F9DE18666BC936F1735593673513008868CEC9,population=4D1530F251B312CE6564BA5676093B1043057F46A0FE2A58CF2756AFC530DA7B|one_person=01923C6EBD7440771E4EBE20CAB0648355A18C09D198677C0E265F5E68406A7D|admdongkor_boundary=6A63D079BA8AF4701AB200AD0B54EBDEA8689808B6E0E9F17973B9BA7883DC6A|bus_stops=01B63929056B55D0A8FE372756942FB9A81A89CB121A0CDB1838DDE9ED8555BF|hira_hospital=458D04F264BFE005CB12078699156CA72AD47B52062E0F79B8140E2635086268|hira_pharmacy=65B2B1E7F65BF1EFAF20C826BC1FB03CC24B65B359F4B5B51E1A234B334505A4
boundary_wc050_wb030_wf020,0.5,0.3,0.2,8,1,"[""가좌동"",""고양동"",""관산동"",""능곡동"",""송포동"",""주교동"",""행주동"",""효자동""]",[],[],1.1.0,weight_simplex_boundary_audit_v1,goyang_mixed_20250825_20260630,population=2026-06-30|onePersonHouseholds=2026-06-30|hiraFacilities=2026-06-30|analysisBoundary=2026-04-01|busStops=2025-08-25,가중치 0~1; Jaccard 0~1; 포함수 0~231; 순위 1~41,DSS(w)=w_cag*z(CAG)+w_bus*z(bus_inefficiency)+w_facility*z(nearest_facility_mean_m); 44동에서 z표준화 후 과거 팀 사후 대리매핑 3동을 상위8 선정에서 제외,0.05 간격 전체 비음수 simplex 231개는 실제 정책에서 타당한 가중치 집합으로 가정하지 않는다. 제한 범위 밖 극단값을 포함해 45개 결과의 경계 의존성을 반증하는 감사용이며 포함수는 확률이 아니다.,area_adjacency=AF16E5259A667F45F5BF7F6B3DF3A22E1A4837C477F6B68DDC26CDCF60E2DFF0|area_scores=455106174A3E492D501F73B8BA55EFD1B7525656638E8109AE015C290C352DE3|bus_stops=BBA5AC0E8F29538F42373B1789179B5B9D2CF0186E0D3A618537C83B74B628D5|facilities=9AA2BC9D9F9E0EC421FB7D23A9C9BF0BD5EDB59EB173A91CB27E6EB2655A1E07|grid_scores=F2B4631D6C4DB1C379BB9CAA13D29A9C055273F1C0D682BAC13EDD19C0A9E9BF|metrics_code=7A3920ABAC99C0EEE1FA013FF751C14428D5AA95E0F1F3F32FCED6B7A49541BA|model_spec=435B1018F2D35A2B421D1827A23C0DC739DC1F827F71189F8F818CE0B0C670E4|source_manifest=86163BE779951590317AB41BE2F9DE18666BC936F1735593673513008868CEC9,population=4D1530F251B312CE6564BA5676093B1043057F46A0FE2A58CF2756AFC530DA7B|one_person=01923C6EBD7440771E4EBE20CAB0648355A18C09D198677C0E265F5E68406A7D|admdongkor_boundary=6A63D079BA8AF4701AB200AD0B54EBDEA8689808B6E0E9F17973B9BA7883DC6A|bus_stops=01B63929056B55D0A8FE372756942FB9A81A89CB121A0CDB1838DDE9ED8555BF|hira_hospital=458D04F264BFE005CB12078699156CA72AD47B52062E0F79B8140E2635086268|hira_pharmacy=65B2B1E7F65BF1EFAF20C826BC1FB03CC24B65B359F4B5B51E1A234B334505A4
boundary_wc050_wb035_wf015,0.5,0.35,0.15,8,1,"[""가좌동"",""고양동"",""관산동"",""능곡동"",""송포동"",""주교동"",""행주동"",""효자동""]",[],[],1.1.0,weight_simplex_boundary_audit_v1,goyang_mixed_20250825_20260630,population=2026-06-30|onePersonHouseholds=2026-06-30|hiraFacilities=2026-06-30|analysisBoundary=2026-04-01|busStops=2025-08-25,가중치 0~1; Jaccard 0~1; 포함수 0~231; 순위 1~41,DSS(w)=w_cag*z(CAG)+w_bus*z(bus_inefficiency)+w_facility*z(nearest_facility_mean_m); 44동에서 z표준화 후 과거 팀 사후 대리매핑 3동을 상위8 선정에서 제외,0.05 간격 전체 비음수 simplex 231개는 실제 정책에서 타당한 가중치 집합으로 가정하지 않는다. 제한 범위 밖 극단값을 포함해 45개 결과의 경계 의존성을 반증하는 감사용이며 포함수는 확률이 아니다.,area_adjacency=AF16E5259A667F45F5BF7F6B3DF3A22E1A4837C477F6B68DDC26CDCF60E2DFF0|area_scores=455106174A3E492D501F73B8BA55EFD1B7525656638E8109AE015C290C352DE3|bus_stops=BBA5AC0E8F29538F42373B1789179B5B9D2CF0186E0D3A618537C83B74B628D5|facilities=9AA2BC9D9F9E0EC421FB7D23A9C9BF0BD5EDB59EB173A91CB27E6EB2655A1E07|grid_scores=F2B4631D6C4DB1C379BB9CAA13D29A9C055273F1C0D682BAC13EDD19C0A9E9BF|metrics_code=7A3920ABAC99C0EEE1FA013FF751C14428D5AA95E0F1F3F32FCED6B7A49541BA|model_spec=435B1018F2D35A2B421D1827A23C0DC739DC1F827F71189F8F818CE0B0C670E4|source_manifest=86163BE779951590317AB41BE2F9DE18666BC936F1735593673513008868CEC9,population=4D1530F251B312CE6564BA5676093B1043057F46A0FE2A58CF2756AFC530DA7B|one_person=01923C6EBD7440771E4EBE20CAB0648355A18C09D198677C0E265F5E68406A7D|admdongkor_boundary=6A63D079BA8AF4701AB200AD0B54EBDEA8689808B6E0E9F17973B9BA7883DC6A|bus_stops=01B63929056B55D0A8FE372756942FB9A81A89CB121A0CDB1838DDE9ED8555BF|hira_hospital=458D04F264BFE005CB12078699156CA72AD47B52062E0F79B8140E2635086268|hira_pharmacy=65B2B1E7F65BF1EFAF20C826BC1FB03CC24B65B359F4B5B51E1A234B334505A4
boundary_wc050_wb040_wf010,0.5,0.4,0.1,8,1,"[""가좌동"",""고양동"",""관산동"",""능곡동"",""송포동"",""주교동"",""행주동"",""효자동""]",[],[],1.1.0,weight_simplex_boundary_audit_v1,goyang_mixed_20250825_20260630,population=2026-06-30|onePersonHouseholds=2026-06-30|hiraFacilities=2026-06-30|analysisBoundary=2026-04-01|busStops=2025-08-25,가중치 0~1; Jaccard 0~1; 포함수 0~231; 순위 1~41,DSS(w)=w_cag*z(CAG)+w_bus*z(bus_inefficiency)+w_facility*z(nearest_facility_mean_m); 44동에서 z표준화 후 과거 팀 사후 대리매핑 3동을 상위8 선정에서 제외,0.05 간격 전체 비음수 simplex 231개는 실제 정책에서 타당한 가중치 집합으로 가정하지 않는다. 제한 범위 밖 극단값을 포함해 45개 결과의 경계 의존성을 반증하는 감사용이며 포함수는 확률이 아니다.,area_adjacency=AF16E5259A667F45F5BF7F6B3DF3A22E1A4837C477F6B68DDC26CDCF60E2DFF0|area_scores=455106174A3E492D501F73B8BA55EFD1B7525656638E8109AE015C290C352DE3|bus_stops=BBA5AC0E8F29538F42373B1789179B5B9D2CF0186E0D3A618537C83B74B628D5|facilities=9AA2BC9D9F9E0EC421FB7D23A9C9BF0BD5EDB59EB173A91CB27E6EB2655A1E07|grid_scores=F2B4631D6C4DB1C379BB9CAA13D29A9C055273F1C0D682BAC13EDD19C0A9E9BF|metrics_code=7A3920ABAC99C0EEE1FA013FF751C14428D5AA95E0F1F3F32FCED6B7A49541BA|model_spec=435B1018F2D35A2B421D1827A23C0DC739DC1F827F71189F8F818CE0B0C670E4|source_manifest=86163BE779951590317AB41BE2F9DE18666BC936F1735593673513008868CEC9,population=4D1530F251B312CE6564BA5676093B1043057F46A0FE2A58CF2756AFC530DA7B|one_person=01923C6EBD7440771E4EBE20CAB0648355A18C09D198677C0E265F5E68406A7D|admdongkor_boundary=6A63D079BA8AF4701AB200AD0B54EBDEA8689808B6E0E9F17973B9BA7883DC6A|bus_stops=01B63929056B55D0A8FE372756942FB9A81A89CB121A0CDB1838DDE9ED8555BF|hira_hospital=458D04F264BFE005CB12078699156CA72AD47B52062E0F79B8140E2635086268|hira_pharmacy=65B2B1E7F65BF1EFAF20C826BC1FB03CC24B65B359F4B5B51E1A234B334505A4
boundary_wc050_wb045_wf005,0.5,0.45,0.05,8,1,"[""가좌동"",""고양동"",""관산동"",""능곡동"",""송포동"",""주교동"",""행주동"",""효자동""]",[],[],1.1.0,weight_simplex_boundary_audit_v1,goyang_mixed_20250825_20260630,population=2026-06-30|onePersonHouseholds=2026-06-30|hiraFacilities=2026-06-30|analysisBoundary=2026-04-01|busStops=2025-08-25,가중치 0~1; Jaccard 0~1; 포함수 0~231; 순위 1~41,DSS(w)=w_cag*z(CAG)+w_bus*z(bus_inefficiency)+w_facility*z(nearest_facility_mean_m); 44동에서 z표준화 후 과거 팀 사후 대리매핑 3동을 상위8 선정에서 제외,0.05 간격 전체 비음수 simplex 231개는 실제 정책에서 타당한 가중치 집합으로 가정하지 않는다. 제한 범위 밖 극단값을 포함해 45개 결과의 경계 의존성을 반증하는 감사용이며 포함수는 확률이 아니다.,area_adjacency=AF16E5259A667F45F5BF7F6B3DF3A22E1A4837C477F6B68DDC26CDCF60E2DFF0|area_scores=455106174A3E492D501F73B8BA55EFD1B7525656638E8109AE015C290C352DE3|bus_stops=BBA5AC0E8F29538F42373B1789179B5B9D2CF0186E0D3A618537C83B74B628D5|facilities=9AA2BC9D9F9E0EC421FB7D23A9C9BF0BD5EDB59EB173A91CB27E6EB2655A1E07|grid_scores=F2B4631D6C4DB1C379BB9CAA13D29A9C055273F1C0D682BAC13EDD19C0A9E9BF|metrics_code=7A3920ABAC99C0EEE1FA013FF751C14428D5AA95E0F1F3F32FCED6B7A49541BA|model_spec=435B1018F2D35A2B421D1827A23C0DC739DC1F827F71189F8F818CE0B0C670E4|source_manifest=86163BE779951590317AB41BE2F9DE18666BC936F1735593673513008868CEC9,population=4D1530F251B312CE6564BA5676093B1043057F46A0FE2A58CF2756AFC530DA7B|one_person=01923C6EBD7440771E4EBE20CAB0648355A18C09D198677C0E265F5E68406A7D|admdongkor_boundary=6A63D079BA8AF4701AB200AD0B54EBDEA8689808B6E0E9F17973B9BA7883DC6A|bus_stops=01B63929056B55D0A8FE372756942FB9A81A89CB121A0CDB1838DDE9ED8555BF|hira_hospital=458D04F264BFE005CB12078699156CA72AD47B52062E0F79B8140E2635086268|hira_pharmacy=65B2B1E7F65BF1EFAF20C826BC1FB03CC24B65B359F4B5B51E1A234B334505A4
boundary_wc050_wb050_wf000,0.5,0.5,0,8,1,"[""가좌동"",""고양동"",""관산동"",""능곡동"",""송포동"",""주교동"",""행주동"",""효자동""]",[],[],1.1.0,weight_simplex_boundary_audit_v1,goyang_mixed_20250825_20260630,population=2026-06-30|onePersonHouseholds=2026-06-30|hiraFacilities=2026-06-30|analysisBoundary=2026-04-01|busStops=2025-08-25,가중치 0~1; Jaccard 0~1; 포함수 0~231; 순위 1~41,DSS(w)=w_cag*z(CAG)+w_bus*z(bus_inefficiency)+w_facility*z(nearest_facility_mean_m); 44동에서 z표준화 후 과거 팀 사후 대리매핑 3동을 상위8 선정에서 제외,0.05 간격 전체 비음수 simplex 231개는 실제 정책에서 타당한 가중치 집합으로 가정하지 않는다. 제한 범위 밖 극단값을 포함해 45개 결과의 경계 의존성을 반증하는 감사용이며 포함수는 확률이 아니다.,area_adjacency=AF16E5259A667F45F5BF7F6B3DF3A22E1A4837C477F6B68DDC26CDCF60E2DFF0|area_scores=455106174A3E492D501F73B8BA55EFD1B7525656638E8109AE015C290C352DE3|bus_stops=BBA5AC0E8F29538F42373B1789179B5B9D2CF0186E0D3A618537C83B74B628D5|facilities=9AA2BC9D9F9E0EC421FB7D23A9C9BF0BD5EDB59EB173A91CB27E6EB2655A1E07|grid_scores=F2B4631D6C4DB1C379BB9CAA13D29A9C055273F1C0D682BAC13EDD19C0A9E9BF|metrics_code=7A3920ABAC99C0EEE1FA013FF751C14428D5AA95E0F1F3F32FCED6B7A49541BA|model_spec=435B1018F2D35A2B421D1827A23C0DC739DC1F827F71189F8F818CE0B0C670E4|source_manifest=86163BE779951590317AB41BE2F9DE18666BC936F1735593673513008868CEC9,population=4D1530F251B312CE6564BA5676093B1043057F46A0FE2A58CF2756AFC530DA7B|one_person=01923C6EBD7440771E4EBE20CAB0648355A18C09D198677C0E265F5E68406A7D|admdongkor_boundary=6A63D079BA8AF4701AB200AD0B54EBDEA8689808B6E0E9F17973B9BA7883DC6A|bus_stops=01B63929056B55D0A8FE372756942FB9A81A89CB121A0CDB1838DDE9ED8555BF|hira_hospital=458D04F264BFE005CB12078699156CA72AD47B52062E0F79B8140E2635086268|hira_pharmacy=65B2B1E7F65BF1EFAF20C826BC1FB03CC24B65B359F4B5B51E1A234B334505A4
boundary_wc055_wb000_wf045,0.55,0,0.45,7,0.777777777777778,"[""가좌동"",""고양동"",""관산동"",""능곡동"",""주교동"",""행주동"",""효자동"",""성사2동""]","[""송포동""]","[""성사2동""]",1.1.0,weight_simplex_boundary_audit_v1,goyang_mixed_20250825_20260630,population=2026-06-30|onePersonHouseholds=2026-06-30|hiraFacilities=2026-06-30|analysisBoundary=2026-04-01|busStops=2025-08-25,가중치 0~1; Jaccard 0~1; 포함수 0~231; 순위 1~41,DSS(w)=w_cag*z(CAG)+w_bus*z(bus_inefficiency)+w_facility*z(nearest_facility_mean_m); 44동에서 z표준화 후 과거 팀 사후 대리매핑 3동을 상위8 선정에서 제외,0.05 간격 전체 비음수 simplex 231개는 실제 정책에서 타당한 가중치 집합으로 가정하지 않는다. 제한 범위 밖 극단값을 포함해 45개 결과의 경계 의존성을 반증하는 감사용이며 포함수는 확률이 아니다.,area_adjacency=AF16E5259A667F45F5BF7F6B3DF3A22E1A4837C477F6B68DDC26CDCF60E2DFF0|area_scores=455106174A3E492D501F73B8BA55EFD1B7525656638E8109AE015C290C352DE3|bus_stops=BBA5AC0E8F29538F42373B1789179B5B9D2CF0186E0D3A618537C83B74B628D5|facilities=9AA2BC9D9F9E0EC421FB7D23A9C9BF0BD5EDB59EB173A91CB27E6EB2655A1E07|grid_scores=F2B4631D6C4DB1C379BB9CAA13D29A9C055273F1C0D682BAC13EDD19C0A9E9BF|metrics_code=7A3920ABAC99C0EEE1FA013FF751C14428D5AA95E0F1F3F32FCED6B7A49541BA|model_spec=435B1018F2D35A2B421D1827A23C0DC739DC1F827F71189F8F818CE0B0C670E4|source_manifest=86163BE779951590317AB41BE2F9DE18666BC936F1735593673513008868CEC9,population=4D1530F251B312CE6564BA5676093B1043057F46A0FE2A58CF2756AFC530DA7B|one_person=01923C6EBD7440771E4EBE20CAB0648355A18C09D198677C0E265F5E68406A7D|admdongkor_boundary=6A63D079BA8AF4701AB200AD0B54EBDEA8689808B6E0E9F17973B9BA7883DC6A|bus_stops=01B63929056B55D0A8FE372756942FB9A81A89CB121A0CDB1838DDE9ED8555BF|hira_hospital=458D04F264BFE005CB12078699156CA72AD47B52062E0F79B8140E2635086268|hira_pharmacy=65B2B1E7F65BF1EFAF20C826BC1FB03CC24B65B359F4B5B51E1A234B334505A4
boundary_wc055_wb005_wf040,0.55,0.05,0.4,7,0.777777777777778,"[""가좌동"",""고양동"",""관산동"",""능곡동"",""주교동"",""행주동"",""효자동"",""성사2동""]","[""송포동""]","[""성사2동""]",1.1.0,weight_simplex_boundary_audit_v1,goyang_mixed_20250825_20260630,population=2026-06-30|onePersonHouseholds=2026-06-30|hiraFacilities=2026-06-30|analysisBoundary=2026-04-01|busStops=2025-08-25,가중치 0~1; Jaccard 0~1; 포함수 0~231; 순위 1~41,DSS(w)=w_cag*z(CAG)+w_bus*z(bus_inefficiency)+w_facility*z(nearest_facility_mean_m); 44동에서 z표준화 후 과거 팀 사후 대리매핑 3동을 상위8 선정에서 제외,0.05 간격 전체 비음수 simplex 231개는 실제 정책에서 타당한 가중치 집합으로 가정하지 않는다. 제한 범위 밖 극단값을 포함해 45개 결과의 경계 의존성을 반증하는 감사용이며 포함수는 확률이 아니다.,area_adjacency=AF16E5259A667F45F5BF7F6B3DF3A22E1A4837C477F6B68DDC26CDCF60E2DFF0|area_scores=455106174A3E492D501F73B8BA55EFD1B7525656638E8109AE015C290C352DE3|bus_stops=BBA5AC0E8F29538F42373B1789179B5B9D2CF0186E0D3A618537C83B74B628D5|facilities=9AA2BC9D9F9E0EC421FB7D23A9C9BF0BD5EDB59EB173A91CB27E6EB2655A1E07|grid_scores=F2B4631D6C4DB1C379BB9CAA13D29A9C055273F1C0D682BAC13EDD19C0A9E9BF|metrics_code=7A3920ABAC99C0EEE1FA013FF751C14428D5AA95E0F1F3F32FCED6B7A49541BA|model_spec=435B1018F2D35A2B421D1827A23C0DC739DC1F827F71189F8F818CE0B0C670E4|source_manifest=86163BE779951590317AB41BE2F9DE18666BC936F1735593673513008868CEC9,population=4D1530F251B312CE6564BA5676093B1043057F46A0FE2A58CF2756AFC530DA7B|one_person=01923C6EBD7440771E4EBE20CAB0648355A18C09D198677C0E265F5E68406A7D|admdongkor_boundary=6A63D079BA8AF4701AB200AD0B54EBDEA8689808B6E0E9F17973B9BA7883DC6A|bus_stops=01B63929056B55D0A8FE372756942FB9A81A89CB121A0CDB1838DDE9ED8555BF|hira_hospital=458D04F264BFE005CB12078699156CA72AD47B52062E0F79B8140E2635086268|hira_pharmacy=65B2B1E7F65BF1EFAF20C826BC1FB03CC24B65B359F4B5B51E1A234B334505A4
boundary_wc055_wb010_wf035,0.55,0.1,0.35,7,0.777777777777778,"[""가좌동"",""고양동"",""관산동"",""능곡동"",""주교동"",""행주동"",""효자동"",""성사2동""]","[""송포동""]","[""성사2동""]",1.1.0,weight_simplex_boundary_audit_v1,goyang_mixed_20250825_20260630,population=2026-06-30|onePersonHouseholds=2026-06-30|hiraFacilities=2026-06-30|analysisBoundary=2026-04-01|busStops=2025-08-25,가중치 0~1; Jaccard 0~1; 포함수 0~231; 순위 1~41,DSS(w)=w_cag*z(CAG)+w_bus*z(bus_inefficiency)+w_facility*z(nearest_facility_mean_m); 44동에서 z표준화 후 과거 팀 사후 대리매핑 3동을 상위8 선정에서 제외,0.05 간격 전체 비음수 simplex 231개는 실제 정책에서 타당한 가중치 집합으로 가정하지 않는다. 제한 범위 밖 극단값을 포함해 45개 결과의 경계 의존성을 반증하는 감사용이며 포함수는 확률이 아니다.,area_adjacency=AF16E5259A667F45F5BF7F6B3DF3A22E1A4837C477F6B68DDC26CDCF60E2DFF0|area_scores=455106174A3E492D501F73B8BA55EFD1B7525656638E8109AE015C290C352DE3|bus_stops=BBA5AC0E8F29538F42373B1789179B5B9D2CF0186E0D3A618537C83B74B628D5|facilities=9AA2BC9D9F9E0EC421FB7D23A9C9BF0BD5EDB59EB173A91CB27E6EB2655A1E07|grid_scores=F2B4631D6C4DB1C379BB9CAA13D29A9C055273F1C0D682BAC13EDD19C0A9E9BF|metrics_code=7A3920ABAC99C0EEE1FA013FF751C14428D5AA95E0F1F3F32FCED6B7A49541BA|model_spec=435B1018F2D35A2B421D1827A23C0DC739DC1F827F71189F8F818CE0B0C670E4|source_manifest=86163BE779951590317AB41BE2F9DE18666BC936F1735593673513008868CEC9,population=4D1530F251B312CE6564BA5676093B1043057F46A0FE2A58CF2756AFC530DA7B|one_person=01923C6EBD7440771E4EBE20CAB0648355A18C09D198677C0E265F5E68406A7D|admdongkor_boundary=6A63D079BA8AF4701AB200AD0B54EBDEA8689808B6E0E9F17973B9BA7883DC6A|bus_stops=01B63929056B55D0A8FE372756942FB9A81A89CB121A0CDB1838DDE9ED8555BF|hira_hospital=458D04F264BFE005CB12078699156CA72AD47B52062E0F79B8140E2635086268|hira_pharmacy=65B2B1E7F65BF1EFAF20C826BC1FB03CC24B65B359F4B5B51E1A234B334505A4
boundary_wc055_wb015_wf030,0.55,0.15,0.3,7,0.777777777777778,"[""가좌동"",""고양동"",""관산동"",""능곡동"",""주교동"",""행주동"",""효자동"",""성사2동""]","[""송포동""]","[""성사2동""]",1.1.0,weight_simplex_boundary_audit_v1,goyang_mixed_20250825_20260630,population=2026-06-30|onePersonHouseholds=2026-06-30|hiraFacilities=2026-06-30|analysisBoundary=2026-04-01|busStops=2025-08-25,가중치 0~1; Jaccard 0~1; 포함수 0~231; 순위 1~41,DSS(w)=w_cag*z(CAG)+w_bus*z(bus_inefficiency)+w_facility*z(nearest_facility_mean_m); 44동에서 z표준화 후 과거 팀 사후 대리매핑 3동을 상위8 선정에서 제외,0.05 간격 전체 비음수 simplex 231개는 실제 정책에서 타당한 가중치 집합으로 가정하지 않는다. 제한 범위 밖 극단값을 포함해 45개 결과의 경계 의존성을 반증하는 감사용이며 포함수는 확률이 아니다.,area_adjacency=AF16E5259A667F45F5BF7F6B3DF3A22E1A4837C477F6B68DDC26CDCF60E2DFF0|area_scores=455106174A3E492D501F73B8BA55EFD1B7525656638E8109AE015C290C352DE3|bus_stops=BBA5AC0E8F29538F42373B1789179B5B9D2CF0186E0D3A618537C83B74B628D5|facilities=9AA2BC9D9F9E0EC421FB7D23A9C9BF0BD5EDB59EB173A91CB27E6EB2655A1E07|grid_scores=F2B4631D6C4DB1C379BB9CAA13D29A9C055273F1C0D682BAC13EDD19C0A9E9BF|metrics_code=7A3920ABAC99C0EEE1FA013FF751C14428D5AA95E0F1F3F32FCED6B7A49541BA|model_spec=435B1018F2D35A2B421D1827A23C0DC739DC1F827F71189F8F818CE0B0C670E4|source_manifest=86163BE779951590317AB41BE2F9DE18666BC936F1735593673513008868CEC9,population=4D1530F251B312CE6564BA5676093B1043057F46A0FE2A58CF2756AFC530DA7B|one_person=01923C6EBD7440771E4EBE20CAB0648355A18C09D198677C0E265F5E68406A7D|admdongkor_boundary=6A63D079BA8AF4701AB200AD0B54EBDEA8689808B6E0E9F17973B9BA7883DC6A|bus_stops=01B63929056B55D0A8FE372756942FB9A81A89CB121A0CDB1838DDE9ED8555BF|hira_hospital=458D04F264BFE005CB12078699156CA72AD47B52062E0F79B8140E2635086268|hira_pharmacy=65B2B1E7F65BF1EFAF20C826BC1FB03CC24B65B359F4B5B51E1A234B334505A4
boundary_wc055_wb020_wf025,0.55,0.2,0.25,7,0.777777777777778,"[""가좌동"",""고양동"",""관산동"",""능곡동"",""주교동"",""행주동"",""효자동"",""성사2동""]","[""송포동""]","[""성사2동""]",1.1.0,weight_simplex_boundary_audit_v1,goyang_mixed_20250825_20260630,population=2026-06-30|onePersonHouseholds=2026-06-30|hiraFacilities=2026-06-30|analysisBoundary=2026-04-01|busStops=2025-08-25,가중치 0~1; Jaccard 0~1; 포함수 0~231; 순위 1~41,DSS(w)=w_cag*z(CAG)+w_bus*z(bus_inefficiency)+w_facility*z(nearest_facility_mean_m); 44동에서 z표준화 후 과거 팀 사후 대리매핑 3동을 상위8 선정에서 제외,0.05 간격 전체 비음수 simplex 231개는 실제 정책에서 타당한 가중치 집합으로 가정하지 않는다. 제한 범위 밖 극단값을 포함해 45개 결과의 경계 의존성을 반증하는 감사용이며 포함수는 확률이 아니다.,area_adjacency=AF16E5259A667F45F5BF7F6B3DF3A22E1A4837C477F6B68DDC26CDCF60E2DFF0|area_scores=455106174A3E492D501F73B8BA55EFD1B7525656638E8109AE015C290C352DE3|bus_stops=BBA5AC0E8F29538F42373B1789179B5B9D2CF0186E0D3A618537C83B74B628D5|facilities=9AA2BC9D9F9E0EC421FB7D23A9C9BF0BD5EDB59EB173A91CB27E6EB2655A1E07|grid_scores=F2B4631D6C4DB1C379BB9CAA13D29A9C055273F1C0D682BAC13EDD19C0A9E9BF|metrics_code=7A3920ABAC99C0EEE1FA013FF751C14428D5AA95E0F1F3F32FCED6B7A49541BA|model_spec=435B1018F2D35A2B421D1827A23C0DC739DC1F827F71189F8F818CE0B0C670E4|source_manifest=86163BE779951590317AB41BE2F9DE18666BC936F1735593673513008868CEC9,population=4D1530F251B312CE6564BA5676093B1043057F46A0FE2A58CF2756AFC530DA7B|one_person=01923C6EBD7440771E4EBE20CAB0648355A18C09D198677C0E265F5E68406A7D|admdongkor_boundary=6A63D079BA8AF4701AB200AD0B54EBDEA8689808B6E0E9F17973B9BA7883DC6A|bus_stops=01B63929056B55D0A8FE372756942FB9A81A89CB121A0CDB1838DDE9ED8555BF|hira_hospital=458D04F264BFE005CB12078699156CA72AD47B52062E0F79B8140E2635086268|hira_pharmacy=65B2B1E7F65BF1EFAF20C826BC1FB03CC24B65B359F4B5B51E1A234B334505A4
boundary_wc055_wb025_wf020,0.55,0.25,0.2,7,0.777777777777778,"[""가좌동"",""고양동"",""관산동"",""능곡동"",""주교동"",""행주동"",""효자동"",""성사2동""]","[""송포동""]","[""성사2동""]",1.1.0,weight_simplex_boundary_audit_v1,goyang_mixed_20250825_20260630,population=2026-06-30|onePersonHouseholds=2026-06-30|hiraFacilities=2026-06-30|analysisBoundary=2026-04-01|busStops=2025-08-25,가중치 0~1; Jaccard 0~1; 포함수 0~231; 순위 1~41,DSS(w)=w_cag*z(CAG)+w_bus*z(bus_inefficiency)+w_facility*z(nearest_facility_mean_m); 44동에서 z표준화 후 과거 팀 사후 대리매핑 3동을 상위8 선정에서 제외,0.05 간격 전체 비음수 simplex 231개는 실제 정책에서 타당한 가중치 집합으로 가정하지 않는다. 제한 범위 밖 극단값을 포함해 45개 결과의 경계 의존성을 반증하는 감사용이며 포함수는 확률이 아니다.,area_adjacency=AF16E5259A667F45F5BF7F6B3DF3A22E1A4837C477F6B68DDC26CDCF60E2DFF0|area_scores=455106174A3E492D501F73B8BA55EFD1B7525656638E8109AE015C290C352DE3|bus_stops=BBA5AC0E8F29538F42373B1789179B5B9D2CF0186E0D3A618537C83B74B628D5|facilities=9AA2BC9D9F9E0EC421FB7D23A9C9BF0BD5EDB59EB173A91CB27E6EB2655A1E07|grid_scores=F2B4631D6C4DB1C379BB9CAA13D29A9C055273F1C0D682BAC13EDD19C0A9E9BF|metrics_code=7A3920ABAC99C0EEE1FA013FF751C14428D5AA95E0F1F3F32FCED6B7A49541BA|model_spec=435B1018F2D35A2B421D1827A23C0DC739DC1F827F71189F8F818CE0B0C670E4|source_manifest=86163BE779951590317AB41BE2F9DE18666BC936F1735593673513008868CEC9,population=4D1530F251B312CE6564BA5676093B1043057F46A0FE2A58CF2756AFC530DA7B|one_person=01923C6EBD7440771E4EBE20CAB0648355A18C09D198677C0E265F5E68406A7D|admdongkor_boundary=6A63D079BA8AF4701AB200AD0B54EBDEA8689808B6E0E9F17973B9BA7883DC6A|bus_stops=01B63929056B55D0A8FE372756942FB9A81A89CB121A0CDB1838DDE9ED8555BF|hira_hospital=458D04F264BFE005CB12078699156CA72AD47B52062E0F79B8140E2635086268|hira_pharmacy=65B2B1E7F65BF1EFAF20C826BC1FB03CC24B65B359F4B5B51E1A234B334505A4
boundary_wc055_wb030_wf015,0.55,0.3,0.15,7,0.777777777777778,"[""가좌동"",""고양동"",""관산동"",""능곡동"",""주교동"",""행주동"",""효자동"",""성사2동""]","[""송포동""]","[""성사2동""]",1.1.0,weight_simplex_boundary_audit_v1,goyang_mixed_20250825_20260630,population=2026-06-30|onePersonHouseholds=2026-06-30|hiraFacilities=2026-06-30|analysisBoundary=2026-04-01|busStops=2025-08-25,가중치 0~1; Jaccard 0~1; 포함수 0~231; 순위 1~41,DSS(w)=w_cag*z(CAG)+w_bus*z(bus_inefficiency)+w_facility*z(nearest_facility_mean_m); 44동에서 z표준화 후 과거 팀 사후 대리매핑 3동을 상위8 선정에서 제외,0.05 간격 전체 비음수 simplex 231개는 실제 정책에서 타당한 가중치 집합으로 가정하지 않는다. 제한 범위 밖 극단값을 포함해 45개 결과의 경계 의존성을 반증하는 감사용이며 포함수는 확률이 아니다.,area_adjacency=AF16E5259A667F45F5BF7F6B3DF3A22E1A4837C477F6B68DDC26CDCF60E2DFF0|area_scores=455106174A3E492D501F73B8BA55EFD1B7525656638E8109AE015C290C352DE3|bus_stops=BBA5AC0E8F29538F42373B1789179B5B9D2CF0186E0D3A618537C83B74B628D5|facilities=9AA2BC9D9F9E0EC421FB7D23A9C9BF0BD5EDB59EB173A91CB27E6EB2655A1E07|grid_scores=F2B4631D6C4DB1C379BB9CAA13D29A9C055273F1C0D682BAC13EDD19C0A9E9BF|metrics_code=7A3920ABAC99C0EEE1FA013FF751C14428D5AA95E0F1F3F32FCED6B7A49541BA|model_spec=435B1018F2D35A2B421D1827A23C0DC739DC1F827F71189F8F818CE0B0C670E4|source_manifest=86163BE779951590317AB41BE2F9DE18666BC936F1735593673513008868CEC9,population=4D1530F251B312CE6564BA5676093B1043057F46A0FE2A58CF2756AFC530DA7B|one_person=01923C6EBD7440771E4EBE20CAB0648355A18C09D198677C0E265F5E68406A7D|admdongkor_boundary=6A63D079BA8AF4701AB200AD0B54EBDEA8689808B6E0E9F17973B9BA7883DC6A|bus_stops=01B63929056B55D0A8FE372756942FB9A81A89CB121A0CDB1838DDE9ED8555BF|hira_hospital=458D04F264BFE005CB12078699156CA72AD47B52062E0F79B8140E2635086268|hira_pharmacy=65B2B1E7F65BF1EFAF20C826BC1FB03CC24B65B359F4B5B51E1A234B334505A4
boundary_wc055_wb035_wf010,0.55,0.35,0.1,7,0.777777777777778,"[""가좌동"",""고양동"",""관산동"",""능곡동"",""주교동"",""행주동"",""효자동"",""성사2동""]","[""송포동""]","[""성사2동""]",1.1.0,weight_simplex_boundary_audit_v1,goyang_mixed_20250825_20260630,population=2026-06-30|onePersonHouseholds=2026-06-30|hiraFacilities=2026-06-30|analysisBoundary=2026-04-01|busStops=2025-08-25,가중치 0~1; Jaccard 0~1; 포함수 0~231; 순위 1~41,DSS(w)=w_cag*z(CAG)+w_bus*z(bus_inefficiency)+w_facility*z(nearest_facility_mean_m); 44동에서 z표준화 후 과거 팀 사후 대리매핑 3동을 상위8 선정에서 제외,0.05 간격 전체 비음수 simplex 231개는 실제 정책에서 타당한 가중치 집합으로 가정하지 않는다. 제한 범위 밖 극단값을 포함해 45개 결과의 경계 의존성을 반증하는 감사용이며 포함수는 확률이 아니다.,area_adjacency=AF16E5259A667F45F5BF7F6B3DF3A22E1A4837C477F6B68DDC26CDCF60E2DFF0|area_scores=455106174A3E492D501F73B8BA55EFD1B7525656638E8109AE015C290C352DE3|bus_stops=BBA5AC0E8F29538F42373B1789179B5B9D2CF0186E0D3A618537C83B74B628D5|facilities=9AA2BC9D9F9E0EC421FB7D23A9C9BF0BD5EDB59EB173A91CB27E6EB2655A1E07|grid_scores=F2B4631D6C4DB1C379BB9CAA13D29A9C055273F1C0D682BAC13EDD19C0A9E9BF|metrics_code=7A3920ABAC99C0EEE1FA013FF751C14428D5AA95E0F1F3F32FCED6B7A49541BA|model_spec=435B1018F2D35A2B421D1827A23C0DC739DC1F827F71189F8F818CE0B0C670E4|source_manifest=86163BE779951590317AB41BE2F9DE18666BC936F1735593673513008868CEC9,population=4D1530F251B312CE6564BA5676093B1043057F46A0FE2A58CF2756AFC530DA7B|one_person=01923C6EBD7440771E4EBE20CAB0648355A18C09D198677C0E265F5E68406A7D|admdongkor_boundary=6A63D079BA8AF4701AB200AD0B54EBDEA8689808B6E0E9F17973B9BA7883DC6A|bus_stops=01B63929056B55D0A8FE372756942FB9A81A89CB121A0CDB1838DDE9ED8555BF|hira_hospital=458D04F264BFE005CB12078699156CA72AD47B52062E0F79B8140E2635086268|hira_pharmacy=65B2B1E7F65BF1EFAF20C826BC1FB03CC24B65B359F4B5B51E1A234B334505A4
boundary_wc055_wb040_wf005,0.55,0.4,0.05,7,0.777777777777778,"[""가좌동"",""고양동"",""관산동"",""능곡동"",""주교동"",""행주동"",""효자동"",""성사2동""]","[""송포동""]","[""성사2동""]",1.1.0,weight_simplex_boundary_audit_v1,goyang_mixed_20250825_20260630,population=2026-06-30|onePersonHouseholds=2026-06-30|hiraFacilities=2026-06-30|analysisBoundary=2026-04-01|busStops=2025-08-25,가중치 0~1; Jaccard 0~1; 포함수 0~231; 순위 1~41,DSS(w)=w_cag*z(CAG)+w_bus*z(bus_inefficiency)+w_facility*z(nearest_facility_mean_m); 44동에서 z표준화 후 과거 팀 사후 대리매핑 3동을 상위8 선정에서 제외,0.05 간격 전체 비음수 simplex 231개는 실제 정책에서 타당한 가중치 집합으로 가정하지 않는다. 제한 범위 밖 극단값을 포함해 45개 결과의 경계 의존성을 반증하는 감사용이며 포함수는 확률이 아니다.,area_adjacency=AF16E5259A667F45F5BF7F6B3DF3A22E1A4837C477F6B68DDC26CDCF60E2DFF0|area_scores=455106174A3E492D501F73B8BA55EFD1B7525656638E8109AE015C290C352DE3|bus_stops=BBA5AC0E8F29538F42373B1789179B5B9D2CF0186E0D3A618537C83B74B628D5|facilities=9AA2BC9D9F9E0EC421FB7D23A9C9BF0BD5EDB59EB173A91CB27E6EB2655A1E07|grid_scores=F2B4631D6C4DB1C379BB9CAA13D29A9C055273F1C0D682BAC13EDD19C0A9E9BF|metrics_code=7A3920ABAC99C0EEE1FA013FF751C14428D5AA95E0F1F3F32FCED6B7A49541BA|model_spec=435B1018F2D35A2B421D1827A23C0DC739DC1F827F71189F8F818CE0B0C670E4|source_manifest=86163BE779951590317AB41BE2F9DE18666BC936F1735593673513008868CEC9,population=4D1530F251B312CE6564BA5676093B1043057F46A0FE2A58CF2756AFC530DA7B|one_person=01923C6EBD7440771E4EBE20CAB0648355A18C09D198677C0E265F5E68406A7D|admdongkor_boundary=6A63D079BA8AF4701AB200AD0B54EBDEA8689808B6E0E9F17973B9BA7883DC6A|bus_stops=01B63929056B55D0A8FE372756942FB9A81A89CB121A0CDB1838DDE9ED8555BF|hira_hospital=458D04F264BFE005CB12078699156CA72AD47B52062E0F79B8140E2635086268|hira_pharmacy=65B2B1E7F65BF1EFAF20C826BC1FB03CC24B65B359F4B5B51E1A234B334505A4
boundary_wc055_wb045_wf000,0.55,0.45,0,6,0.6,"[""가좌동"",""고양동"",""관산동"",""능곡동"",""주교동"",""행주동"",""성사2동"",""일산1동""]","[""송포동"",""효자동""]","[""성사2동"",""일산1동""]",1.1.0,weight_simplex_boundary_audit_v1,goyang_mixed_20250825_20260630,population=2026-06-30|onePersonHouseholds=2026-06-30|hiraFacilities=2026-06-30|analysisBoundary=2026-04-01|busStops=2025-08-25,가중치 0~1; Jaccard 0~1; 포함수 0~231; 순위 1~41,DSS(w)=w_cag*z(CAG)+w_bus*z(bus_inefficiency)+w_facility*z(nearest_facility_mean_m); 44동에서 z표준화 후 과거 팀 사후 대리매핑 3동을 상위8 선정에서 제외,0.05 간격 전체 비음수 simplex 231개는 실제 정책에서 타당한 가중치 집합으로 가정하지 않는다. 제한 범위 밖 극단값을 포함해 45개 결과의 경계 의존성을 반증하는 감사용이며 포함수는 확률이 아니다.,area_adjacency=AF16E5259A667F45F5BF7F6B3DF3A22E1A4837C477F6B68DDC26CDCF60E2DFF0|area_scores=455106174A3E492D501F73B8BA55EFD1B7525656638E8109AE015C290C352DE3|bus_stops=BBA5AC0E8F29538F42373B1789179B5B9D2CF0186E0D3A618537C83B74B628D5|facilities=9AA2BC9D9F9E0EC421FB7D23A9C9BF0BD5EDB59EB173A91CB27E6EB2655A1E07|grid_scores=F2B4631D6C4DB1C379BB9CAA13D29A9C055273F1C0D682BAC13EDD19C0A9E9BF|metrics_code=7A3920ABAC99C0EEE1FA013FF751C14428D5AA95E0F1F3F32FCED6B7A49541BA|model_spec=435B1018F2D35A2B421D1827A23C0DC739DC1F827F71189F8F818CE0B0C670E4|source_manifest=86163BE779951590317AB41BE2F9DE18666BC936F1735593673513008868CEC9,population=4D1530F251B312CE6564BA5676093B1043057F46A0FE2A58CF2756AFC530DA7B|one_person=01923C6EBD7440771E4EBE20CAB0648355A18C09D198677C0E265F5E68406A7D|admdongkor_boundary=6A63D079BA8AF4701AB200AD0B54EBDEA8689808B6E0E9F17973B9BA7883DC6A|bus_stops=01B63929056B55D0A8FE372756942FB9A81A89CB121A0CDB1838DDE9ED8555BF|hira_hospital=458D04F264BFE005CB12078699156CA72AD47B52062E0F79B8140E2635086268|hira_pharmacy=65B2B1E7F65BF1EFAF20C826BC1FB03CC24B65B359F4B5B51E1A234B334505A4
boundary_wc060_wb000_wf040,0.6,0,0.4,6,0.6,"[""가좌동"",""고양동"",""관산동"",""주교동"",""행주동"",""효자동"",""성사2동"",""중산1동""]","[""능곡동"",""송포동""]","[""성사2동"",""중산1동""]",1.1.0,weight_simplex_boundary_audit_v1,goyang_mixed_20250825_20260630,population=2026-06-30|onePersonHouseholds=2026-06-30|hiraFacilities=2026-06-30|analysisBoundary=2026-04-01|busStops=2025-08-25,가중치 0~1; Jaccard 0~1; 포함수 0~231; 순위 1~41,DSS(w)=w_cag*z(CAG)+w_bus*z(bus_inefficiency)+w_facility*z(nearest_facility_mean_m); 44동에서 z표준화 후 과거 팀 사후 대리매핑 3동을 상위8 선정에서 제외,0.05 간격 전체 비음수 simplex 231개는 실제 정책에서 타당한 가중치 집합으로 가정하지 않는다. 제한 범위 밖 극단값을 포함해 45개 결과의 경계 의존성을 반증하는 감사용이며 포함수는 확률이 아니다.,area_adjacency=AF16E5259A667F45F5BF7F6B3DF3A22E1A4837C477F6B68DDC26CDCF60E2DFF0|area_scores=455106174A3E492D501F73B8BA55EFD1B7525656638E8109AE015C290C352DE3|bus_stops=BBA5AC0E8F29538F42373B1789179B5B9D2CF0186E0D3A618537C83B74B628D5|facilities=9AA2BC9D9F9E0EC421FB7D23A9C9BF0BD5EDB59EB173A91CB27E6EB2655A1E07|grid_scores=F2B4631D6C4DB1C379BB9CAA13D29A9C055273F1C0D682BAC13EDD19C0A9E9BF|metrics_code=7A3920ABAC99C0EEE1FA013FF751C14428D5AA95E0F1F3F32FCED6B7A49541BA|model_spec=435B1018F2D35A2B421D1827A23C0DC739DC1F827F71189F8F818CE0B0C670E4|source_manifest=86163BE779951590317AB41BE2F9DE18666BC936F1735593673513008868CEC9,population=4D1530F251B312CE6564BA5676093B1043057F46A0FE2A58CF2756AFC530DA7B|one_person=01923C6EBD7440771E4EBE20CAB0648355A18C09D198677C0E265F5E68406A7D|admdongkor_boundary=6A63D079BA8AF4701AB200AD0B54EBDEA8689808B6E0E9F17973B9BA7883DC6A|bus_stops=01B63929056B55D0A8FE372756942FB9A81A89CB121A0CDB1838DDE9ED8555BF|hira_hospital=458D04F264BFE005CB12078699156CA72AD47B52062E0F79B8140E2635086268|hira_pharmacy=65B2B1E7F65BF1EFAF20C826BC1FB03CC24B65B359F4B5B51E1A234B334505A4
boundary_wc060_wb005_wf035,0.6,0.05,0.35,6,0.6,"[""가좌동"",""고양동"",""관산동"",""주교동"",""행주동"",""효자동"",""성사2동"",""중산1동""]","[""능곡동"",""송포동""]","[""성사2동"",""중산1동""]",1.1.0,weight_simplex_boundary_audit_v1,goyang_mixed_20250825_20260630,population=2026-06-30|onePersonHouseholds=2026-06-30|hiraFacilities=2026-06-30|analysisBoundary=2026-04-01|busStops=2025-08-25,가중치 0~1; Jaccard 0~1; 포함수 0~231; 순위 1~41,DSS(w)=w_cag*z(CAG)+w_bus*z(bus_inefficiency)+w_facility*z(nearest_facility_mean_m); 44동에서 z표준화 후 과거 팀 사후 대리매핑 3동을 상위8 선정에서 제외,0.05 간격 전체 비음수 simplex 231개는 실제 정책에서 타당한 가중치 집합으로 가정하지 않는다. 제한 범위 밖 극단값을 포함해 45개 결과의 경계 의존성을 반증하는 감사용이며 포함수는 확률이 아니다.,area_adjacency=AF16E5259A667F45F5BF7F6B3DF3A22E1A4837C477F6B68DDC26CDCF60E2DFF0|area_scores=455106174A3E492D501F73B8BA55EFD1B7525656638E8109AE015C290C352DE3|bus_stops=BBA5AC0E8F29538F42373B1789179B5B9D2CF0186E0D3A618537C83B74B628D5|facilities=9AA2BC9D9F9E0EC421FB7D23A9C9BF0BD5EDB59EB173A91CB27E6EB2655A1E07|grid_scores=F2B4631D6C4DB1C379BB9CAA13D29A9C055273F1C0D682BAC13EDD19C0A9E9BF|metrics_code=7A3920ABAC99C0EEE1FA013FF751C14428D5AA95E0F1F3F32FCED6B7A49541BA|model_spec=435B1018F2D35A2B421D1827A23C0DC739DC1F827F71189F8F818CE0B0C670E4|source_manifest=86163BE779951590317AB41BE2F9DE18666BC936F1735593673513008868CEC9,population=4D1530F251B312CE6564BA5676093B1043057F46A0FE2A58CF2756AFC530DA7B|one_person=01923C6EBD7440771E4EBE20CAB0648355A18C09D198677C0E265F5E68406A7D|admdongkor_boundary=6A63D079BA8AF4701AB200AD0B54EBDEA8689808B6E0E9F17973B9BA7883DC6A|bus_stops=01B63929056B55D0A8FE372756942FB9A81A89CB121A0CDB1838DDE9ED8555BF|hira_hospital=458D04F264BFE005CB12078699156CA72AD47B52062E0F79B8140E2635086268|hira_pharmacy=65B2B1E7F65BF1EFAF20C826BC1FB03CC24B65B359F4B5B51E1A234B334505A4
boundary_wc060_wb010_wf030,0.6,0.1,0.3,6,0.6,"[""가좌동"",""고양동"",""관산동"",""주교동"",""행주동"",""효자동"",""성사2동"",""중산1동""]","[""능곡동"",""송포동""]","[""성사2동"",""중산1동""]",1.1.0,weight_simplex_boundary_audit_v1,goyang_mixed_20250825_20260630,population=2026-06-30|onePersonHouseholds=2026-06-30|hiraFacilities=2026-06-30|analysisBoundary=2026-04-01|busStops=2025-08-25,가중치 0~1; Jaccard 0~1; 포함수 0~231; 순위 1~41,DSS(w)=w_cag*z(CAG)+w_bus*z(bus_inefficiency)+w_facility*z(nearest_facility_mean_m); 44동에서 z표준화 후 과거 팀 사후 대리매핑 3동을 상위8 선정에서 제외,0.05 간격 전체 비음수 simplex 231개는 실제 정책에서 타당한 가중치 집합으로 가정하지 않는다. 제한 범위 밖 극단값을 포함해 45개 결과의 경계 의존성을 반증하는 감사용이며 포함수는 확률이 아니다.,area_adjacency=AF16E5259A667F45F5BF7F6B3DF3A22E1A4837C477F6B68DDC26CDCF60E2DFF0|area_scores=455106174A3E492D501F73B8BA55EFD1B7525656638E8109AE015C290C352DE3|bus_stops=BBA5AC0E8F29538F42373B1789179B5B9D2CF0186E0D3A618537C83B74B628D5|facilities=9AA2BC9D9F9E0EC421FB7D23A9C9BF0BD5EDB59EB173A91CB27E6EB2655A1E07|grid_scores=F2B4631D6C4DB1C379BB9CAA13D29A9C055273F1C0D682BAC13EDD19C0A9E9BF|metrics_code=7A3920ABAC99C0EEE1FA013FF751C14428D5AA95E0F1F3F32FCED6B7A49541BA|model_spec=435B1018F2D35A2B421D1827A23C0DC739DC1F827F71189F8F818CE0B0C670E4|source_manifest=86163BE779951590317AB41BE2F9DE18666BC936F1735593673513008868CEC9,population=4D1530F251B312CE6564BA5676093B1043057F46A0FE2A58CF2756AFC530DA7B|one_person=01923C6EBD7440771E4EBE20CAB0648355A18C09D198677C0E265F5E68406A7D|admdongkor_boundary=6A63D079BA8AF4701AB200AD0B54EBDEA8689808B6E0E9F17973B9BA7883DC6A|bus_stops=01B63929056B55D0A8FE372756942FB9A81A89CB121A0CDB1838DDE9ED8555BF|hira_hospital=458D04F264BFE005CB12078699156CA72AD47B52062E0F79B8140E2635086268|hira_pharmacy=65B2B1E7F65BF1EFAF20C826BC1FB03CC24B65B359F4B5B51E1A234B334505A4
boundary_wc060_wb015_wf025,0.6,0.15,0.25,6,0.6,"[""가좌동"",""고양동"",""관산동"",""주교동"",""행주동"",""효자동"",""성사2동"",""중산1동""]","[""능곡동"",""송포동""]","[""성사2동"",""중산1동""]",1.1.0,weight_simplex_boundary_audit_v1,goyang_mixed_20250825_20260630,population=2026-06-30|onePersonHouseholds=2026-06-30|hiraFacilities=2026-06-30|analysisBoundary=2026-04-01|busStops=2025-08-25,가중치 0~1; Jaccard 0~1; 포함수 0~231; 순위 1~41,DSS(w)=w_cag*z(CAG)+w_bus*z(bus_inefficiency)+w_facility*z(nearest_facility_mean_m); 44동에서 z표준화 후 과거 팀 사후 대리매핑 3동을 상위8 선정에서 제외,0.05 간격 전체 비음수 simplex 231개는 실제 정책에서 타당한 가중치 집합으로 가정하지 않는다. 제한 범위 밖 극단값을 포함해 45개 결과의 경계 의존성을 반증하는 감사용이며 포함수는 확률이 아니다.,area_adjacency=AF16E5259A667F45F5BF7F6B3DF3A22E1A4837C477F6B68DDC26CDCF60E2DFF0|area_scores=455106174A3E492D501F73B8BA55EFD1B7525656638E8109AE015C290C352DE3|bus_stops=BBA5AC0E8F29538F42373B1789179B5B9D2CF0186E0D3A618537C83B74B628D5|facilities=9AA2BC9D9F9E0EC421FB7D23A9C9BF0BD5EDB59EB173A91CB27E6EB2655A1E07|grid_scores=F2B4631D6C4DB1C379BB9CAA13D29A9C055273F1C0D682BAC13EDD19C0A9E9BF|metrics_code=7A3920ABAC99C0EEE1FA013FF751C14428D5AA95E0F1F3F32FCED6B7A49541BA|model_spec=435B1018F2D35A2B421D1827A23C0DC739DC1F827F71189F8F818CE0B0C670E4|source_manifest=86163BE779951590317AB41BE2F9DE18666BC936F1735593673513008868CEC9,population=4D1530F251B312CE6564BA5676093B1043057F46A0FE2A58CF2756AFC530DA7B|one_person=01923C6EBD7440771E4EBE20CAB0648355A18C09D198677C0E265F5E68406A7D|admdongkor_boundary=6A63D079BA8AF4701AB200AD0B54EBDEA8689808B6E0E9F17973B9BA7883DC6A|bus_stops=01B63929056B55D0A8FE372756942FB9A81A89CB121A0CDB1838DDE9ED8555BF|hira_hospital=458D04F264BFE005CB12078699156CA72AD47B52062E0F79B8140E2635086268|hira_pharmacy=65B2B1E7F65BF1EFAF20C826BC1FB03CC24B65B359F4B5B51E1A234B334505A4
boundary_wc060_wb020_wf020,0.6,0.2,0.2,6,0.6,"[""가좌동"",""고양동"",""관산동"",""주교동"",""행주동"",""효자동"",""성사2동"",""중산1동""]","[""능곡동"",""송포동""]","[""성사2동"",""중산1동""]",1.1.0,weight_simplex_boundary_audit_v1,goyang_mixed_20250825_20260630,population=2026-06-30|onePersonHouseholds=2026-06-30|hiraFacilities=2026-06-30|analysisBoundary=2026-04-01|busStops=2025-08-25,가중치 0~1; Jaccard 0~1; 포함수 0~231; 순위 1~41,DSS(w)=w_cag*z(CAG)+w_bus*z(bus_inefficiency)+w_facility*z(nearest_facility_mean_m); 44동에서 z표준화 후 과거 팀 사후 대리매핑 3동을 상위8 선정에서 제외,0.05 간격 전체 비음수 simplex 231개는 실제 정책에서 타당한 가중치 집합으로 가정하지 않는다. 제한 범위 밖 극단값을 포함해 45개 결과의 경계 의존성을 반증하는 감사용이며 포함수는 확률이 아니다.,area_adjacency=AF16E5259A667F45F5BF7F6B3DF3A22E1A4837C477F6B68DDC26CDCF60E2DFF0|area_scores=455106174A3E492D501F73B8BA55EFD1B7525656638E8109AE015C290C352DE3|bus_stops=BBA5AC0E8F29538F42373B1789179B5B9D2CF0186E0D3A618537C83B74B628D5|facilities=9AA2BC9D9F9E0EC421FB7D23A9C9BF0BD5EDB59EB173A91CB27E6EB2655A1E07|grid_scores=F2B4631D6C4DB1C379BB9CAA13D29A9C055273F1C0D682BAC13EDD19C0A9E9BF|metrics_code=7A3920ABAC99C0EEE1FA013FF751C14428D5AA95E0F1F3F32FCED6B7A49541BA|model_spec=435B1018F2D35A2B421D1827A23C0DC739DC1F827F71189F8F818CE0B0C670E4|source_manifest=86163BE779951590317AB41BE2F9DE18666BC936F1735593673513008868CEC9,population=4D1530F251B312CE6564BA5676093B1043057F46A0FE2A58CF2756AFC530DA7B|one_person=01923C6EBD7440771E4EBE20CAB0648355A18C09D198677C0E265F5E68406A7D|admdongkor_boundary=6A63D079BA8AF4701AB200AD0B54EBDEA8689808B6E0E9F17973B9BA7883DC6A|bus_stops=01B63929056B55D0A8FE372756942FB9A81A89CB121A0CDB1838DDE9ED8555BF|hira_hospital=458D04F264BFE005CB12078699156CA72AD47B52062E0F79B8140E2635086268|hira_pharmacy=65B2B1E7F65BF1EFAF20C826BC1FB03CC24B65B359F4B5B51E1A234B334505A4
boundary_wc060_wb025_wf015,0.6,0.25,0.15,6,0.6,"[""가좌동"",""고양동"",""관산동"",""주교동"",""행주동"",""효자동"",""성사2동"",""중산1동""]","[""능곡동"",""송포동""]","[""성사2동"",""중산1동""]",1.1.0,weight_simplex_boundary_audit_v1,goyang_mixed_20250825_20260630,population=2026-06-30|onePersonHouseholds=2026-06-30|hiraFacilities=2026-06-30|analysisBoundary=2026-04-01|busStops=2025-08-25,가중치 0~1; Jaccard 0~1; 포함수 0~231; 순위 1~41,DSS(w)=w_cag*z(CAG)+w_bus*z(bus_inefficiency)+w_facility*z(nearest_facility_mean_m); 44동에서 z표준화 후 과거 팀 사후 대리매핑 3동을 상위8 선정에서 제외,0.05 간격 전체 비음수 simplex 231개는 실제 정책에서 타당한 가중치 집합으로 가정하지 않는다. 제한 범위 밖 극단값을 포함해 45개 결과의 경계 의존성을 반증하는 감사용이며 포함수는 확률이 아니다.,area_adjacency=AF16E5259A667F45F5BF7F6B3DF3A22E1A4837C477F6B68DDC26CDCF60E2DFF0|area_scores=455106174A3E492D501F73B8BA55EFD1B7525656638E8109AE015C290C352DE3|bus_stops=BBA5AC0E8F29538F42373B1789179B5B9D2CF0186E0D3A618537C83B74B628D5|facilities=9AA2BC9D9F9E0EC421FB7D23A9C9BF0BD5EDB59EB173A91CB27E6EB2655A1E07|grid_scores=F2B4631D6C4DB1C379BB9CAA13D29A9C055273F1C0D682BAC13EDD19C0A9E9BF|metrics_code=7A3920ABAC99C0EEE1FA013FF751C14428D5AA95E0F1F3F32FCED6B7A49541BA|model_spec=435B1018F2D35A2B421D1827A23C0DC739DC1F827F71189F8F818CE0B0C670E4|source_manifest=86163BE779951590317AB41BE2F9DE18666BC936F1735593673513008868CEC9,population=4D1530F251B312CE6564BA5676093B1043057F46A0FE2A58CF2756AFC530DA7B|one_person=01923C6EBD7440771E4EBE20CAB0648355A18C09D198677C0E265F5E68406A7D|admdongkor_boundary=6A63D079BA8AF4701AB200AD0B54EBDEA8689808B6E0E9F17973B9BA7883DC6A|bus_stops=01B63929056B55D0A8FE372756942FB9A81A89CB121A0CDB1838DDE9ED8555BF|hira_hospital=458D04F264BFE005CB12078699156CA72AD47B52062E0F79B8140E2635086268|hira_pharmacy=65B2B1E7F65BF1EFAF20C826BC1FB03CC24B65B359F4B5B51E1A234B334505A4
boundary_wc060_wb030_wf010,0.6,0.3,0.1,7,0.777777777777778,"[""가좌동"",""고양동"",""관산동"",""능곡동"",""주교동"",""행주동"",""효자동"",""성사2동""]","[""송포동""]","[""성사2동""]",1.1.0,weight_simplex_boundary_audit_v1,goyang_mixed_20250825_20260630,population=2026-06-30|onePersonHouseholds=2026-06-30|hiraFacilities=2026-06-30|analysisBoundary=2026-04-01|busStops=2025-08-25,가중치 0~1; Jaccard 0~1; 포함수 0~231; 순위 1~41,DSS(w)=w_cag*z(CAG)+w_bus*z(bus_inefficiency)+w_facility*z(nearest_facility_mean_m); 44동에서 z표준화 후 과거 팀 사후 대리매핑 3동을 상위8 선정에서 제외,0.05 간격 전체 비음수 simplex 231개는 실제 정책에서 타당한 가중치 집합으로 가정하지 않는다. 제한 범위 밖 극단값을 포함해 45개 결과의 경계 의존성을 반증하는 감사용이며 포함수는 확률이 아니다.,area_adjacency=AF16E5259A667F45F5BF7F6B3DF3A22E1A4837C477F6B68DDC26CDCF60E2DFF0|area_scores=455106174A3E492D501F73B8BA55EFD1B7525656638E8109AE015C290C352DE3|bus_stops=BBA5AC0E8F29538F42373B1789179B5B9D2CF0186E0D3A618537C83B74B628D5|facilities=9AA2BC9D9F9E0EC421FB7D23A9C9BF0BD5EDB59EB173A91CB27E6EB2655A1E07|grid_scores=F2B4631D6C4DB1C379BB9CAA13D29A9C055273F1C0D682BAC13EDD19C0A9E9BF|metrics_code=7A3920ABAC99C0EEE1FA013FF751C14428D5AA95E0F1F3F32FCED6B7A49541BA|model_spec=435B1018F2D35A2B421D1827A23C0DC739DC1F827F71189F8F818CE0B0C670E4|source_manifest=86163BE779951590317AB41BE2F9DE18666BC936F1735593673513008868CEC9,population=4D1530F251B312CE6564BA5676093B1043057F46A0FE2A58CF2756AFC530DA7B|one_person=01923C6EBD7440771E4EBE20CAB0648355A18C09D198677C0E265F5E68406A7D|admdongkor_boundary=6A63D079BA8AF4701AB200AD0B54EBDEA8689808B6E0E9F17973B9BA7883DC6A|bus_stops=01B63929056B55D0A8FE372756942FB9A81A89CB121A0CDB1838DDE9ED8555BF|hira_hospital=458D04F264BFE005CB12078699156CA72AD47B52062E0F79B8140E2635086268|hira_pharmacy=65B2B1E7F65BF1EFAF20C826BC1FB03CC24B65B359F4B5B51E1A234B334505A4
boundary_wc060_wb035_wf005,0.6,0.35,0.05,6,0.6,"[""가좌동"",""고양동"",""관산동"",""능곡동"",""주교동"",""행주동"",""성사2동"",""일산1동""]","[""송포동"",""효자동""]","[""성사2동"",""일산1동""]",1.1.0,weight_simplex_boundary_audit_v1,goyang_mixed_20250825_20260630,population=2026-06-30|onePersonHouseholds=2026-06-30|hiraFacilities=2026-06-30|analysisBoundary=2026-04-01|busStops=2025-08-25,가중치 0~1; Jaccard 0~1; 포함수 0~231; 순위 1~41,DSS(w)=w_cag*z(CAG)+w_bus*z(bus_inefficiency)+w_facility*z(nearest_facility_mean_m); 44동에서 z표준화 후 과거 팀 사후 대리매핑 3동을 상위8 선정에서 제외,0.05 간격 전체 비음수 simplex 231개는 실제 정책에서 타당한 가중치 집합으로 가정하지 않는다. 제한 범위 밖 극단값을 포함해 45개 결과의 경계 의존성을 반증하는 감사용이며 포함수는 확률이 아니다.,area_adjacency=AF16E5259A667F45F5BF7F6B3DF3A22E1A4837C477F6B68DDC26CDCF60E2DFF0|area_scores=455106174A3E492D501F73B8BA55EFD1B7525656638E8109AE015C290C352DE3|bus_stops=BBA5AC0E8F29538F42373B1789179B5B9D2CF0186E0D3A618537C83B74B628D5|facilities=9AA2BC9D9F9E0EC421FB7D23A9C9BF0BD5EDB59EB173A91CB27E6EB2655A1E07|grid_scores=F2B4631D6C4DB1C379BB9CAA13D29A9C055273F1C0D682BAC13EDD19C0A9E9BF|metrics_code=7A3920ABAC99C0EEE1FA013FF751C14428D5AA95E0F1F3F32FCED6B7A49541BA|model_spec=435B1018F2D35A2B421D1827A23C0DC739DC1F827F71189F8F818CE0B0C670E4|source_manifest=86163BE779951590317AB41BE2F9DE18666BC936F1735593673513008868CEC9,population=4D1530F251B312CE6564BA5676093B1043057F46A0FE2A58CF2756AFC530DA7B|one_person=01923C6EBD7440771E4EBE20CAB0648355A18C09D198677C0E265F5E68406A7D|admdongkor_boundary=6A63D079BA8AF4701AB200AD0B54EBDEA8689808B6E0E9F17973B9BA7883DC6A|bus_stops=01B63929056B55D0A8FE372756942FB9A81A89CB121A0CDB1838DDE9ED8555BF|hira_hospital=458D04F264BFE005CB12078699156CA72AD47B52062E0F79B8140E2635086268|hira_pharmacy=65B2B1E7F65BF1EFAF20C826BC1FB03CC24B65B359F4B5B51E1A234B334505A4
boundary_wc060_wb040_wf000,0.6,0.4,0,6,0.6,"[""가좌동"",""고양동"",""관산동"",""능곡동"",""주교동"",""행주동"",""성사2동"",""일산1동""]","[""송포동"",""효자동""]","[""성사2동"",""일산1동""]",1.1.0,weight_simplex_boundary_audit_v1,goyang_mixed_20250825_20260630,population=2026-06-30|onePersonHouseholds=2026-06-30|hiraFacilities=2026-06-30|analysisBoundary=2026-04-01|busStops=2025-08-25,가중치 0~1; Jaccard 0~1; 포함수 0~231; 순위 1~41,DSS(w)=w_cag*z(CAG)+w_bus*z(bus_inefficiency)+w_facility*z(nearest_facility_mean_m); 44동에서 z표준화 후 과거 팀 사후 대리매핑 3동을 상위8 선정에서 제외,0.05 간격 전체 비음수 simplex 231개는 실제 정책에서 타당한 가중치 집합으로 가정하지 않는다. 제한 범위 밖 극단값을 포함해 45개 결과의 경계 의존성을 반증하는 감사용이며 포함수는 확률이 아니다.,area_adjacency=AF16E5259A667F45F5BF7F6B3DF3A22E1A4837C477F6B68DDC26CDCF60E2DFF0|area_scores=455106174A3E492D501F73B8BA55EFD1B7525656638E8109AE015C290C352DE3|bus_stops=BBA5AC0E8F29538F42373B1789179B5B9D2CF0186E0D3A618537C83B74B628D5|facilities=9AA2BC9D9F9E0EC421FB7D23A9C9BF0BD5EDB59EB173A91CB27E6EB2655A1E07|grid_scores=F2B4631D6C4DB1C379BB9CAA13D29A9C055273F1C0D682BAC13EDD19C0A9E9BF|metrics_code=7A3920ABAC99C0EEE1FA013FF751C14428D5AA95E0F1F3F32FCED6B7A49541BA|model_spec=435B1018F2D35A2B421D1827A23C0DC739DC1F827F71189F8F818CE0B0C670E4|source_manifest=86163BE779951590317AB41BE2F9DE18666BC936F1735593673513008868CEC9,population=4D1530F251B312CE6564BA5676093B1043057F46A0FE2A58CF2756AFC530DA7B|one_person=01923C6EBD7440771E4EBE20CAB0648355A18C09D198677C0E265F5E68406A7D|admdongkor_boundary=6A63D079BA8AF4701AB200AD0B54EBDEA8689808B6E0E9F17973B9BA7883DC6A|bus_stops=01B63929056B55D0A8FE372756942FB9A81A89CB121A0CDB1838DDE9ED8555BF|hira_hospital=458D04F264BFE005CB12078699156CA72AD47B52062E0F79B8140E2635086268|hira_pharmacy=65B2B1E7F65BF1EFAF20C826BC1FB03CC24B65B359F4B5B51E1A234B334505A4
boundary_wc065_wb000_wf035,0.65,0,0.35,6,0.6,"[""가좌동"",""고양동"",""관산동"",""주교동"",""행주동"",""효자동"",""성사2동"",""중산1동""]","[""능곡동"",""송포동""]","[""성사2동"",""중산1동""]",1.1.0,weight_simplex_boundary_audit_v1,goyang_mixed_20250825_20260630,population=2026-06-30|onePersonHouseholds=2026-06-30|hiraFacilities=2026-06-30|analysisBoundary=2026-04-01|busStops=2025-08-25,가중치 0~1; Jaccard 0~1; 포함수 0~231; 순위 1~41,DSS(w)=w_cag*z(CAG)+w_bus*z(bus_inefficiency)+w_facility*z(nearest_facility_mean_m); 44동에서 z표준화 후 과거 팀 사후 대리매핑 3동을 상위8 선정에서 제외,0.05 간격 전체 비음수 simplex 231개는 실제 정책에서 타당한 가중치 집합으로 가정하지 않는다. 제한 범위 밖 극단값을 포함해 45개 결과의 경계 의존성을 반증하는 감사용이며 포함수는 확률이 아니다.,area_adjacency=AF16E5259A667F45F5BF7F6B3DF3A22E1A4837C477F6B68DDC26CDCF60E2DFF0|area_scores=455106174A3E492D501F73B8BA55EFD1B7525656638E8109AE015C290C352DE3|bus_stops=BBA5AC0E8F29538F42373B1789179B5B9D2CF0186E0D3A618537C83B74B628D5|facilities=9AA2BC9D9F9E0EC421FB7D23A9C9BF0BD5EDB59EB173A91CB27E6EB2655A1E07|grid_scores=F2B4631D6C4DB1C379BB9CAA13D29A9C055273F1C0D682BAC13EDD19C0A9E9BF|metrics_code=7A3920ABAC99C0EEE1FA013FF751C14428D5AA95E0F1F3F32FCED6B7A49541BA|model_spec=435B1018F2D35A2B421D1827A23C0DC739DC1F827F71189F8F818CE0B0C670E4|source_manifest=86163BE779951590317AB41BE2F9DE18666BC936F1735593673513008868CEC9,population=4D1530F251B312CE6564BA5676093B1043057F46A0FE2A58CF2756AFC530DA7B|one_person=01923C6EBD7440771E4EBE20CAB0648355A18C09D198677C0E265F5E68406A7D|admdongkor_boundary=6A63D079BA8AF4701AB200AD0B54EBDEA8689808B6E0E9F17973B9BA7883DC6A|bus_stops=01B63929056B55D0A8FE372756942FB9A81A89CB121A0CDB1838DDE9ED8555BF|hira_hospital=458D04F264BFE005CB12078699156CA72AD47B52062E0F79B8140E2635086268|hira_pharmacy=65B2B1E7F65BF1EFAF20C826BC1FB03CC24B65B359F4B5B51E1A234B334505A4
boundary_wc065_wb005_wf030,0.65,0.05,0.3,6,0.6,"[""가좌동"",""고양동"",""관산동"",""주교동"",""행주동"",""효자동"",""성사2동"",""중산1동""]","[""능곡동"",""송포동""]","[""성사2동"",""중산1동""]",1.1.0,weight_simplex_boundary_audit_v1,goyang_mixed_20250825_20260630,population=2026-06-30|onePersonHouseholds=2026-06-30|hiraFacilities=2026-06-30|analysisBoundary=2026-04-01|busStops=2025-08-25,가중치 0~1; Jaccard 0~1; 포함수 0~231; 순위 1~41,DSS(w)=w_cag*z(CAG)+w_bus*z(bus_inefficiency)+w_facility*z(nearest_facility_mean_m); 44동에서 z표준화 후 과거 팀 사후 대리매핑 3동을 상위8 선정에서 제외,0.05 간격 전체 비음수 simplex 231개는 실제 정책에서 타당한 가중치 집합으로 가정하지 않는다. 제한 범위 밖 극단값을 포함해 45개 결과의 경계 의존성을 반증하는 감사용이며 포함수는 확률이 아니다.,area_adjacency=AF16E5259A667F45F5BF7F6B3DF3A22E1A4837C477F6B68DDC26CDCF60E2DFF0|area_scores=455106174A3E492D501F73B8BA55EFD1B7525656638E8109AE015C290C352DE3|bus_stops=BBA5AC0E8F29538F42373B1789179B5B9D2CF0186E0D3A618537C83B74B628D5|facilities=9AA2BC9D9F9E0EC421FB7D23A9C9BF0BD5EDB59EB173A91CB27E6EB2655A1E07|grid_scores=F2B4631D6C4DB1C379BB9CAA13D29A9C055273F1C0D682BAC13EDD19C0A9E9BF|metrics_code=7A3920ABAC99C0EEE1FA013FF751C14428D5AA95E0F1F3F32FCED6B7A49541BA|model_spec=435B1018F2D35A2B421D1827A23C0DC739DC1F827F71189F8F818CE0B0C670E4|source_manifest=86163BE779951590317AB41BE2F9DE18666BC936F1735593673513008868CEC9,population=4D1530F251B312CE6564BA5676093B1043057F46A0FE2A58CF2756AFC530DA7B|one_person=01923C6EBD7440771E4EBE20CAB0648355A18C09D198677C0E265F5E68406A7D|admdongkor_boundary=6A63D079BA8AF4701AB200AD0B54EBDEA8689808B6E0E9F17973B9BA7883DC6A|bus_stops=01B63929056B55D0A8FE372756942FB9A81A89CB121A0CDB1838DDE9ED8555BF|hira_hospital=458D04F264BFE005CB12078699156CA72AD47B52062E0F79B8140E2635086268|hira_pharmacy=65B2B1E7F65BF1EFAF20C826BC1FB03CC24B65B359F4B5B51E1A234B334505A4
boundary_wc065_wb010_wf025,0.65,0.1,0.25,6,0.6,"[""가좌동"",""고양동"",""관산동"",""주교동"",""행주동"",""효자동"",""성사2동"",""중산1동""]","[""능곡동"",""송포동""]","[""성사2동"",""중산1동""]",1.1.0,weight_simplex_boundary_audit_v1,goyang_mixed_20250825_20260630,population=2026-06-30|onePersonHouseholds=2026-06-30|hiraFacilities=2026-06-30|analysisBoundary=2026-04-01|busStops=2025-08-25,가중치 0~1; Jaccard 0~1; 포함수 0~231; 순위 1~41,DSS(w)=w_cag*z(CAG)+w_bus*z(bus_inefficiency)+w_facility*z(nearest_facility_mean_m); 44동에서 z표준화 후 과거 팀 사후 대리매핑 3동을 상위8 선정에서 제외,0.05 간격 전체 비음수 simplex 231개는 실제 정책에서 타당한 가중치 집합으로 가정하지 않는다. 제한 범위 밖 극단값을 포함해 45개 결과의 경계 의존성을 반증하는 감사용이며 포함수는 확률이 아니다.,area_adjacency=AF16E5259A667F45F5BF7F6B3DF3A22E1A4837C477F6B68DDC26CDCF60E2DFF0|area_scores=455106174A3E492D501F73B8BA55EFD1B7525656638E8109AE015C290C352DE3|bus_stops=BBA5AC0E8F29538F42373B1789179B5B9D2CF0186E0D3A618537C83B74B628D5|facilities=9AA2BC9D9F9E0EC421FB7D23A9C9BF0BD5EDB59EB173A91CB27E6EB2655A1E07|grid_scores=F2B4631D6C4DB1C379BB9CAA13D29A9C055273F1C0D682BAC13EDD19C0A9E9BF|metrics_code=7A3920ABAC99C0EEE1FA013FF751C14428D5AA95E0F1F3F32FCED6B7A49541BA|model_spec=435B1018F2D35A2B421D1827A23C0DC739DC1F827F71189F8F818CE0B0C670E4|source_manifest=86163BE779951590317AB41BE2F9DE18666BC936F1735593673513008868CEC9,population=4D1530F251B312CE6564BA5676093B1043057F46A0FE2A58CF2756AFC530DA7B|one_person=01923C6EBD7440771E4EBE20CAB0648355A18C09D198677C0E265F5E68406A7D|admdongkor_boundary=6A63D079BA8AF4701AB200AD0B54EBDEA8689808B6E0E9F17973B9BA7883DC6A|bus_stops=01B63929056B55D0A8FE372756942FB9A81A89CB121A0CDB1838DDE9ED8555BF|hira_hospital=458D04F264BFE005CB12078699156CA72AD47B52062E0F79B8140E2635086268|hira_pharmacy=65B2B1E7F65BF1EFAF20C826BC1FB03CC24B65B359F4B5B51E1A234B334505A4
boundary_wc065_wb015_wf020,0.65,0.15,0.2,6,0.6,"[""가좌동"",""고양동"",""관산동"",""주교동"",""행주동"",""효자동"",""성사2동"",""중산1동""]","[""능곡동"",""송포동""]","[""성사2동"",""중산1동""]",1.1.0,weight_simplex_boundary_audit_v1,goyang_mixed_20250825_20260630,population=2026-06-30|onePersonHouseholds=2026-06-30|hiraFacilities=2026-06-30|analysisBoundary=2026-04-01|busStops=2025-08-25,가중치 0~1; Jaccard 0~1; 포함수 0~231; 순위 1~41,DSS(w)=w_cag*z(CAG)+w_bus*z(bus_inefficiency)+w_facility*z(nearest_facility_mean_m); 44동에서 z표준화 후 과거 팀 사후 대리매핑 3동을 상위8 선정에서 제외,0.05 간격 전체 비음수 simplex 231개는 실제 정책에서 타당한 가중치 집합으로 가정하지 않는다. 제한 범위 밖 극단값을 포함해 45개 결과의 경계 의존성을 반증하는 감사용이며 포함수는 확률이 아니다.,area_adjacency=AF16E5259A667F45F5BF7F6B3DF3A22E1A4837C477F6B68DDC26CDCF60E2DFF0|area_scores=455106174A3E492D501F73B8BA55EFD1B7525656638E8109AE015C290C352DE3|bus_stops=BBA5AC0E8F29538F42373B1789179B5B9D2CF0186E0D3A618537C83B74B628D5|facilities=9AA2BC9D9F9E0EC421FB7D23A9C9BF0BD5EDB59EB173A91CB27E6EB2655A1E07|grid_scores=F2B4631D6C4DB1C379BB9CAA13D29A9C055273F1C0D682BAC13EDD19C0A9E9BF|metrics_code=7A3920ABAC99C0EEE1FA013FF751C14428D5AA95E0F1F3F32FCED6B7A49541BA|model_spec=435B1018F2D35A2B421D1827A23C0DC739DC1F827F71189F8F818CE0B0C670E4|source_manifest=86163BE779951590317AB41BE2F9DE18666BC936F1735593673513008868CEC9,population=4D1530F251B312CE6564BA5676093B1043057F46A0FE2A58CF2756AFC530DA7B|one_person=01923C6EBD7440771E4EBE20CAB0648355A18C09D198677C0E265F5E68406A7D|admdongkor_boundary=6A63D079BA8AF4701AB200AD0B54EBDEA8689808B6E0E9F17973B9BA7883DC6A|bus_stops=01B63929056B55D0A8FE372756942FB9A81A89CB121A0CDB1838DDE9ED8555BF|hira_hospital=458D04F264BFE005CB12078699156CA72AD47B52062E0F79B8140E2635086268|hira_pharmacy=65B2B1E7F65BF1EFAF20C826BC1FB03CC24B65B359F4B5B51E1A234B334505A4
boundary_wc065_wb020_wf015,0.65,0.2,0.15,6,0.6,"[""가좌동"",""고양동"",""관산동"",""주교동"",""행주동"",""효자동"",""성사2동"",""중산1동""]","[""능곡동"",""송포동""]","[""성사2동"",""중산1동""]",1.1.0,weight_simplex_boundary_audit_v1,goyang_mixed_20250825_20260630,population=2026-06-30|onePersonHouseholds=2026-06-30|hiraFacilities=2026-06-30|analysisBoundary=2026-04-01|busStops=2025-08-25,가중치 0~1; Jaccard 0~1; 포함수 0~231; 순위 1~41,DSS(w)=w_cag*z(CAG)+w_bus*z(bus_inefficiency)+w_facility*z(nearest_facility_mean_m); 44동에서 z표준화 후 과거 팀 사후 대리매핑 3동을 상위8 선정에서 제외,0.05 간격 전체 비음수 simplex 231개는 실제 정책에서 타당한 가중치 집합으로 가정하지 않는다. 제한 범위 밖 극단값을 포함해 45개 결과의 경계 의존성을 반증하는 감사용이며 포함수는 확률이 아니다.,area_adjacency=AF16E5259A667F45F5BF7F6B3DF3A22E1A4837C477F6B68DDC26CDCF60E2DFF0|area_scores=455106174A3E492D501F73B8BA55EFD1B7525656638E8109AE015C290C352DE3|bus_stops=BBA5AC0E8F29538F42373B1789179B5B9D2CF0186E0D3A618537C83B74B628D5|facilities=9AA2BC9D9F9E0EC421FB7D23A9C9BF0BD5EDB59EB173A91CB27E6EB2655A1E07|grid_scores=F2B4631D6C4DB1C379BB9CAA13D29A9C055273F1C0D682BAC13EDD19C0A9E9BF|metrics_code=7A3920ABAC99C0EEE1FA013FF751C14428D5AA95E0F1F3F32FCED6B7A49541BA|model_spec=435B1018F2D35A2B421D1827A23C0DC739DC1F827F71189F8F818CE0B0C670E4|source_manifest=86163BE779951590317AB41BE2F9DE18666BC936F1735593673513008868CEC9,population=4D1530F251B312CE6564BA5676093B1043057F46A0FE2A58CF2756AFC530DA7B|one_person=01923C6EBD7440771E4EBE20CAB0648355A18C09D198677C0E265F5E68406A7D|admdongkor_boundary=6A63D079BA8AF4701AB200AD0B54EBDEA8689808B6E0E9F17973B9BA7883DC6A|bus_stops=01B63929056B55D0A8FE372756942FB9A81A89CB121A0CDB1838DDE9ED8555BF|hira_hospital=458D04F264BFE005CB12078699156CA72AD47B52062E0F79B8140E2635086268|hira_pharmacy=65B2B1E7F65BF1EFAF20C826BC1FB03CC24B65B359F4B5B51E1A234B334505A4
boundary_wc065_wb025_wf010,0.65,0.25,0.1,5,0.454545454545455,"[""가좌동"",""고양동"",""관산동"",""주교동"",""행주동"",""성사2동"",""일산1동"",""중산1동""]","[""능곡동"",""송포동"",""효자동""]","[""성사2동"",""일산1동"",""중산1동""]",1.1.0,weight_simplex_boundary_audit_v1,goyang_mixed_20250825_20260630,population=2026-06-30|onePersonHouseholds=2026-06-30|hiraFacilities=2026-06-30|analysisBoundary=2026-04-01|busStops=2025-08-25,가중치 0~1; Jaccard 0~1; 포함수 0~231; 순위 1~41,DSS(w)=w_cag*z(CAG)+w_bus*z(bus_inefficiency)+w_facility*z(nearest_facility_mean_m); 44동에서 z표준화 후 과거 팀 사후 대리매핑 3동을 상위8 선정에서 제외,0.05 간격 전체 비음수 simplex 231개는 실제 정책에서 타당한 가중치 집합으로 가정하지 않는다. 제한 범위 밖 극단값을 포함해 45개 결과의 경계 의존성을 반증하는 감사용이며 포함수는 확률이 아니다.,area_adjacency=AF16E5259A667F45F5BF7F6B3DF3A22E1A4837C477F6B68DDC26CDCF60E2DFF0|area_scores=455106174A3E492D501F73B8BA55EFD1B7525656638E8109AE015C290C352DE3|bus_stops=BBA5AC0E8F29538F42373B1789179B5B9D2CF0186E0D3A618537C83B74B628D5|facilities=9AA2BC9D9F9E0EC421FB7D23A9C9BF0BD5EDB59EB173A91CB27E6EB2655A1E07|grid_scores=F2B4631D6C4DB1C379BB9CAA13D29A9C055273F1C0D682BAC13EDD19C0A9E9BF|metrics_code=7A3920ABAC99C0EEE1FA013FF751C14428D5AA95E0F1F3F32FCED6B7A49541BA|model_spec=435B1018F2D35A2B421D1827A23C0DC739DC1F827F71189F8F818CE0B0C670E4|source_manifest=86163BE779951590317AB41BE2F9DE18666BC936F1735593673513008868CEC9,population=4D1530F251B312CE6564BA5676093B1043057F46A0FE2A58CF2756AFC530DA7B|one_person=01923C6EBD7440771E4EBE20CAB0648355A18C09D198677C0E265F5E68406A7D|admdongkor_boundary=6A63D079BA8AF4701AB200AD0B54EBDEA8689808B6E0E9F17973B9BA7883DC6A|bus_stops=01B63929056B55D0A8FE372756942FB9A81A89CB121A0CDB1838DDE9ED8555BF|hira_hospital=458D04F264BFE005CB12078699156CA72AD47B52062E0F79B8140E2635086268|hira_pharmacy=65B2B1E7F65BF1EFAF20C826BC1FB03CC24B65B359F4B5B51E1A234B334505A4
boundary_wc065_wb030_wf005,0.65,0.3,0.05,5,0.454545454545455,"[""가좌동"",""고양동"",""관산동"",""주교동"",""행주동"",""성사2동"",""일산1동"",""중산1동""]","[""능곡동"",""송포동"",""효자동""]","[""성사2동"",""일산1동"",""중산1동""]",1.1.0,weight_simplex_boundary_audit_v1,goyang_mixed_20250825_20260630,population=2026-06-30|onePersonHouseholds=2026-06-30|hiraFacilities=2026-06-30|analysisBoundary=2026-04-01|busStops=2025-08-25,가중치 0~1; Jaccard 0~1; 포함수 0~231; 순위 1~41,DSS(w)=w_cag*z(CAG)+w_bus*z(bus_inefficiency)+w_facility*z(nearest_facility_mean_m); 44동에서 z표준화 후 과거 팀 사후 대리매핑 3동을 상위8 선정에서 제외,0.05 간격 전체 비음수 simplex 231개는 실제 정책에서 타당한 가중치 집합으로 가정하지 않는다. 제한 범위 밖 극단값을 포함해 45개 결과의 경계 의존성을 반증하는 감사용이며 포함수는 확률이 아니다.,area_adjacency=AF16E5259A667F45F5BF7F6B3DF3A22E1A4837C477F6B68DDC26CDCF60E2DFF0|area_scores=455106174A3E492D501F73B8BA55EFD1B7525656638E8109AE015C290C352DE3|bus_stops=BBA5AC0E8F29538F42373B1789179B5B9D2CF0186E0D3A618537C83B74B628D5|facilities=9AA2BC9D9F9E0EC421FB7D23A9C9BF0BD5EDB59EB173A91CB27E6EB2655A1E07|grid_scores=F2B4631D6C4DB1C379BB9CAA13D29A9C055273F1C0D682BAC13EDD19C0A9E9BF|metrics_code=7A3920ABAC99C0EEE1FA013FF751C14428D5AA95E0F1F3F32FCED6B7A49541BA|model_spec=435B1018F2D35A2B421D1827A23C0DC739DC1F827F71189F8F818CE0B0C670E4|source_manifest=86163BE779951590317AB41BE2F9DE18666BC936F1735593673513008868CEC9,population=4D1530F251B312CE6564BA5676093B1043057F46A0FE2A58CF2756AFC530DA7B|one_person=01923C6EBD7440771E4EBE20CAB0648355A18C09D198677C0E265F5E68406A7D|admdongkor_boundary=6A63D079BA8AF4701AB200AD0B54EBDEA8689808B6E0E9F17973B9BA7883DC6A|bus_stops=01B63929056B55D0A8FE372756942FB9A81A89CB121A0CDB1838DDE9ED8555BF|hira_hospital=458D04F264BFE005CB12078699156CA72AD47B52062E0F79B8140E2635086268|hira_pharmacy=65B2B1E7F65BF1EFAF20C826BC1FB03CC24B65B359F4B5B51E1A234B334505A4
boundary_wc065_wb035_wf000,0.65,0.35,0,5,0.454545454545455,"[""가좌동"",""고양동"",""관산동"",""주교동"",""행주동"",""성사2동"",""일산1동"",""중산1동""]","[""능곡동"",""송포동"",""효자동""]","[""성사2동"",""일산1동"",""중산1동""]",1.1.0,weight_simplex_boundary_audit_v1,goyang_mixed_20250825_20260630,population=2026-06-30|onePersonHouseholds=2026-06-30|hiraFacilities=2026-06-30|analysisBoundary=2026-04-01|busStops=2025-08-25,가중치 0~1; Jaccard 0~1; 포함수 0~231; 순위 1~41,DSS(w)=w_cag*z(CAG)+w_bus*z(bus_inefficiency)+w_facility*z(nearest_facility_mean_m); 44동에서 z표준화 후 과거 팀 사후 대리매핑 3동을 상위8 선정에서 제외,0.05 간격 전체 비음수 simplex 231개는 실제 정책에서 타당한 가중치 집합으로 가정하지 않는다. 제한 범위 밖 극단값을 포함해 45개 결과의 경계 의존성을 반증하는 감사용이며 포함수는 확률이 아니다.,area_adjacency=AF16E5259A667F45F5BF7F6B3DF3A22E1A4837C477F6B68DDC26CDCF60E2DFF0|area_scores=455106174A3E492D501F73B8BA55EFD1B7525656638E8109AE015C290C352DE3|bus_stops=BBA5AC0E8F29538F42373B1789179B5B9D2CF0186E0D3A618537C83B74B628D5|facilities=9AA2BC9D9F9E0EC421FB7D23A9C9BF0BD5EDB59EB173A91CB27E6EB2655A1E07|grid_scores=F2B4631D6C4DB1C379BB9CAA13D29A9C055273F1C0D682BAC13EDD19C0A9E9BF|metrics_code=7A3920ABAC99C0EEE1FA013FF751C14428D5AA95E0F1F3F32FCED6B7A49541BA|model_spec=435B1018F2D35A2B421D1827A23C0DC739DC1F827F71189F8F818CE0B0C670E4|source_manifest=86163BE779951590317AB41BE2F9DE18666BC936F1735593673513008868CEC9,population=4D1530F251B312CE6564BA5676093B1043057F46A0FE2A58CF2756AFC530DA7B|one_person=01923C6EBD7440771E4EBE20CAB0648355A18C09D198677C0E265F5E68406A7D|admdongkor_boundary=6A63D079BA8AF4701AB200AD0B54EBDEA8689808B6E0E9F17973B9BA7883DC6A|bus_stops=01B63929056B55D0A8FE372756942FB9A81A89CB121A0CDB1838DDE9ED8555BF|hira_hospital=458D04F264BFE005CB12078699156CA72AD47B52062E0F79B8140E2635086268|hira_pharmacy=65B2B1E7F65BF1EFAF20C826BC1FB03CC24B65B359F4B5B51E1A234B334505A4
boundary_wc070_wb000_wf030,0.7,0,0.3,5,0.454545454545455,"[""가좌동"",""고양동"",""관산동"",""행주동"",""효자동"",""성사2동"",""일산1동"",""중산1동""]","[""능곡동"",""송포동"",""주교동""]","[""성사2동"",""일산1동"",""중산1동""]",1.1.0,weight_simplex_boundary_audit_v1,goyang_mixed_20250825_20260630,population=2026-06-30|onePersonHouseholds=2026-06-30|hiraFacilities=2026-06-30|analysisBoundary=2026-04-01|busStops=2025-08-25,가중치 0~1; Jaccard 0~1; 포함수 0~231; 순위 1~41,DSS(w)=w_cag*z(CAG)+w_bus*z(bus_inefficiency)+w_facility*z(nearest_facility_mean_m); 44동에서 z표준화 후 과거 팀 사후 대리매핑 3동을 상위8 선정에서 제외,0.05 간격 전체 비음수 simplex 231개는 실제 정책에서 타당한 가중치 집합으로 가정하지 않는다. 제한 범위 밖 극단값을 포함해 45개 결과의 경계 의존성을 반증하는 감사용이며 포함수는 확률이 아니다.,area_adjacency=AF16E5259A667F45F5BF7F6B3DF3A22E1A4837C477F6B68DDC26CDCF60E2DFF0|area_scores=455106174A3E492D501F73B8BA55EFD1B7525656638E8109AE015C290C352DE3|bus_stops=BBA5AC0E8F29538F42373B1789179B5B9D2CF0186E0D3A618537C83B74B628D5|facilities=9AA2BC9D9F9E0EC421FB7D23A9C9BF0BD5EDB59EB173A91CB27E6EB2655A1E07|grid_scores=F2B4631D6C4DB1C379BB9CAA13D29A9C055273F1C0D682BAC13EDD19C0A9E9BF|metrics_code=7A3920ABAC99C0EEE1FA013FF751C14428D5AA95E0F1F3F32FCED6B7A49541BA|model_spec=435B1018F2D35A2B421D1827A23C0DC739DC1F827F71189F8F818CE0B0C670E4|source_manifest=86163BE779951590317AB41BE2F9DE18666BC936F1735593673513008868CEC9,population=4D1530F251B312CE6564BA5676093B1043057F46A0FE2A58CF2756AFC530DA7B|one_person=01923C6EBD7440771E4EBE20CAB0648355A18C09D198677C0E265F5E68406A7D|admdongkor_boundary=6A63D079BA8AF4701AB200AD0B54EBDEA8689808B6E0E9F17973B9BA7883DC6A|bus_stops=01B63929056B55D0A8FE372756942FB9A81A89CB121A0CDB1838DDE9ED8555BF|hira_hospital=458D04F264BFE005CB12078699156CA72AD47B52062E0F79B8140E2635086268|hira_pharmacy=65B2B1E7F65BF1EFAF20C826BC1FB03CC24B65B359F4B5B51E1A234B334505A4
boundary_wc070_wb005_wf025,0.7,0.05,0.25,6,0.6,"[""가좌동"",""고양동"",""관산동"",""주교동"",""행주동"",""효자동"",""성사2동"",""중산1동""]","[""능곡동"",""송포동""]","[""성사2동"",""중산1동""]",1.1.0,weight_simplex_boundary_audit_v1,goyang_mixed_20250825_20260630,population=2026-06-30|onePersonHouseholds=2026-06-30|hiraFacilities=2026-06-30|analysisBoundary=2026-04-01|busStops=2025-08-25,가중치 0~1; Jaccard 0~1; 포함수 0~231; 순위 1~41,DSS(w)=w_cag*z(CAG)+w_bus*z(bus_inefficiency)+w_facility*z(nearest_facility_mean_m); 44동에서 z표준화 후 과거 팀 사후 대리매핑 3동을 상위8 선정에서 제외,0.05 간격 전체 비음수 simplex 231개는 실제 정책에서 타당한 가중치 집합으로 가정하지 않는다. 제한 범위 밖 극단값을 포함해 45개 결과의 경계 의존성을 반증하는 감사용이며 포함수는 확률이 아니다.,area_adjacency=AF16E5259A667F45F5BF7F6B3DF3A22E1A4837C477F6B68DDC26CDCF60E2DFF0|area_scores=455106174A3E492D501F73B8BA55EFD1B7525656638E8109AE015C290C352DE3|bus_stops=BBA5AC0E8F29538F42373B1789179B5B9D2CF0186E0D3A618537C83B74B628D5|facilities=9AA2BC9D9F9E0EC421FB7D23A9C9BF0BD5EDB59EB173A91CB27E6EB2655A1E07|grid_scores=F2B4631D6C4DB1C379BB9CAA13D29A9C055273F1C0D682BAC13EDD19C0A9E9BF|metrics_code=7A3920ABAC99C0EEE1FA013FF751C14428D5AA95E0F1F3F32FCED6B7A49541BA|model_spec=435B1018F2D35A2B421D1827A23C0DC739DC1F827F71189F8F818CE0B0C670E4|source_manifest=86163BE779951590317AB41BE2F9DE18666BC936F1735593673513008868CEC9,population=4D1530F251B312CE6564BA5676093B1043057F46A0FE2A58CF2756AFC530DA7B|one_person=01923C6EBD7440771E4EBE20CAB0648355A18C09D198677C0E265F5E68406A7D|admdongkor_boundary=6A63D079BA8AF4701AB200AD0B54EBDEA8689808B6E0E9F17973B9BA7883DC6A|bus_stops=01B63929056B55D0A8FE372756942FB9A81A89CB121A0CDB1838DDE9ED8555BF|hira_hospital=458D04F264BFE005CB12078699156CA72AD47B52062E0F79B8140E2635086268|hira_pharmacy=65B2B1E7F65BF1EFAF20C826BC1FB03CC24B65B359F4B5B51E1A234B334505A4
boundary_wc070_wb010_wf020,0.7,0.1,0.2,5,0.454545454545455,"[""가좌동"",""고양동"",""관산동"",""주교동"",""행주동"",""성사2동"",""일산1동"",""중산1동""]","[""능곡동"",""송포동"",""효자동""]","[""성사2동"",""일산1동"",""중산1동""]",1.1.0,weight_simplex_boundary_audit_v1,goyang_mixed_20250825_20260630,population=2026-06-30|onePersonHouseholds=2026-06-30|hiraFacilities=2026-06-30|analysisBoundary=2026-04-01|busStops=2025-08-25,가중치 0~1; Jaccard 0~1; 포함수 0~231; 순위 1~41,DSS(w)=w_cag*z(CAG)+w_bus*z(bus_inefficiency)+w_facility*z(nearest_facility_mean_m); 44동에서 z표준화 후 과거 팀 사후 대리매핑 3동을 상위8 선정에서 제외,0.05 간격 전체 비음수 simplex 231개는 실제 정책에서 타당한 가중치 집합으로 가정하지 않는다. 제한 범위 밖 극단값을 포함해 45개 결과의 경계 의존성을 반증하는 감사용이며 포함수는 확률이 아니다.,area_adjacency=AF16E5259A667F45F5BF7F6B3DF3A22E1A4837C477F6B68DDC26CDCF60E2DFF0|area_scores=455106174A3E492D501F73B8BA55EFD1B7525656638E8109AE015C290C352DE3|bus_stops=BBA5AC0E8F29538F42373B1789179B5B9D2CF0186E0D3A618537C83B74B628D5|facilities=9AA2BC9D9F9E0EC421FB7D23A9C9BF0BD5EDB59EB173A91CB27E6EB2655A1E07|grid_scores=F2B4631D6C4DB1C379BB9CAA13D29A9C055273F1C0D682BAC13EDD19C0A9E9BF|metrics_code=7A3920ABAC99C0EEE1FA013FF751C14428D5AA95E0F1F3F32FCED6B7A49541BA|model_spec=435B1018F2D35A2B421D1827A23C0DC739DC1F827F71189F8F818CE0B0C670E4|source_manifest=86163BE779951590317AB41BE2F9DE18666BC936F1735593673513008868CEC9,population=4D1530F251B312CE6564BA5676093B1043057F46A0FE2A58CF2756AFC530DA7B|one_person=01923C6EBD7440771E4EBE20CAB0648355A18C09D198677C0E265F5E68406A7D|admdongkor_boundary=6A63D079BA8AF4701AB200AD0B54EBDEA8689808B6E0E9F17973B9BA7883DC6A|bus_stops=01B63929056B55D0A8FE372756942FB9A81A89CB121A0CDB1838DDE9ED8555BF|hira_hospital=458D04F264BFE005CB12078699156CA72AD47B52062E0F79B8140E2635086268|hira_pharmacy=65B2B1E7F65BF1EFAF20C826BC1FB03CC24B65B359F4B5B51E1A234B334505A4
boundary_wc070_wb015_wf015,0.7,0.15,0.15,5,0.454545454545455,"[""가좌동"",""고양동"",""관산동"",""주교동"",""행주동"",""성사2동"",""일산1동"",""중산1동""]","[""능곡동"",""송포동"",""효자동""]","[""성사2동"",""일산1동"",""중산1동""]",1.1.0,weight_simplex_boundary_audit_v1,goyang_mixed_20250825_20260630,population=2026-06-30|onePersonHouseholds=2026-06-30|hiraFacilities=2026-06-30|analysisBoundary=2026-04-01|busStops=2025-08-25,가중치 0~1; Jaccard 0~1; 포함수 0~231; 순위 1~41,DSS(w)=w_cag*z(CAG)+w_bus*z(bus_inefficiency)+w_facility*z(nearest_facility_mean_m); 44동에서 z표준화 후 과거 팀 사후 대리매핑 3동을 상위8 선정에서 제외,0.05 간격 전체 비음수 simplex 231개는 실제 정책에서 타당한 가중치 집합으로 가정하지 않는다. 제한 범위 밖 극단값을 포함해 45개 결과의 경계 의존성을 반증하는 감사용이며 포함수는 확률이 아니다.,area_adjacency=AF16E5259A667F45F5BF7F6B3DF3A22E1A4837C477F6B68DDC26CDCF60E2DFF0|area_scores=455106174A3E492D501F73B8BA55EFD1B7525656638E8109AE015C290C352DE3|bus_stops=BBA5AC0E8F29538F42373B1789179B5B9D2CF0186E0D3A618537C83B74B628D5|facilities=9AA2BC9D9F9E0EC421FB7D23A9C9BF0BD5EDB59EB173A91CB27E6EB2655A1E07|grid_scores=F2B4631D6C4DB1C379BB9CAA13D29A9C055273F1C0D682BAC13EDD19C0A9E9BF|metrics_code=7A3920ABAC99C0EEE1FA013FF751C14428D5AA95E0F1F3F32FCED6B7A49541BA|model_spec=435B1018F2D35A2B421D1827A23C0DC739DC1F827F71189F8F818CE0B0C670E4|source_manifest=86163BE779951590317AB41BE2F9DE18666BC936F1735593673513008868CEC9,population=4D1530F251B312CE6564BA5676093B1043057F46A0FE2A58CF2756AFC530DA7B|one_person=01923C6EBD7440771E4EBE20CAB0648355A18C09D198677C0E265F5E68406A7D|admdongkor_boundary=6A63D079BA8AF4701AB200AD0B54EBDEA8689808B6E0E9F17973B9BA7883DC6A|bus_stops=01B63929056B55D0A8FE372756942FB9A81A89CB121A0CDB1838DDE9ED8555BF|hira_hospital=458D04F264BFE005CB12078699156CA72AD47B52062E0F79B8140E2635086268|hira_pharmacy=65B2B1E7F65BF1EFAF20C826BC1FB03CC24B65B359F4B5B51E1A234B334505A4
boundary_wc070_wb020_wf010,0.7,0.2,0.1,5,0.454545454545455,"[""가좌동"",""고양동"",""관산동"",""주교동"",""행주동"",""성사2동"",""일산1동"",""중산1동""]","[""능곡동"",""송포동"",""효자동""]","[""성사2동"",""일산1동"",""중산1동""]",1.1.0,weight_simplex_boundary_audit_v1,goyang_mixed_20250825_20260630,population=2026-06-30|onePersonHouseholds=2026-06-30|hiraFacilities=2026-06-30|analysisBoundary=2026-04-01|busStops=2025-08-25,가중치 0~1; Jaccard 0~1; 포함수 0~231; 순위 1~41,DSS(w)=w_cag*z(CAG)+w_bus*z(bus_inefficiency)+w_facility*z(nearest_facility_mean_m); 44동에서 z표준화 후 과거 팀 사후 대리매핑 3동을 상위8 선정에서 제외,0.05 간격 전체 비음수 simplex 231개는 실제 정책에서 타당한 가중치 집합으로 가정하지 않는다. 제한 범위 밖 극단값을 포함해 45개 결과의 경계 의존성을 반증하는 감사용이며 포함수는 확률이 아니다.,area_adjacency=AF16E5259A667F45F5BF7F6B3DF3A22E1A4837C477F6B68DDC26CDCF60E2DFF0|area_scores=455106174A3E492D501F73B8BA55EFD1B7525656638E8109AE015C290C352DE3|bus_stops=BBA5AC0E8F29538F42373B1789179B5B9D2CF0186E0D3A618537C83B74B628D5|facilities=9AA2BC9D9F9E0EC421FB7D23A9C9BF0BD5EDB59EB173A91CB27E6EB2655A1E07|grid_scores=F2B4631D6C4DB1C379BB9CAA13D29A9C055273F1C0D682BAC13EDD19C0A9E9BF|metrics_code=7A3920ABAC99C0EEE1FA013FF751C14428D5AA95E0F1F3F32FCED6B7A49541BA|model_spec=435B1018F2D35A2B421D1827A23C0DC739DC1F827F71189F8F818CE0B0C670E4|source_manifest=86163BE779951590317AB41BE2F9DE18666BC936F1735593673513008868CEC9,population=4D1530F251B312CE6564BA5676093B1043057F46A0FE2A58CF2756AFC530DA7B|one_person=01923C6EBD7440771E4EBE20CAB0648355A18C09D198677C0E265F5E68406A7D|admdongkor_boundary=6A63D079BA8AF4701AB200AD0B54EBDEA8689808B6E0E9F17973B9BA7883DC6A|bus_stops=01B63929056B55D0A8FE372756942FB9A81A89CB121A0CDB1838DDE9ED8555BF|hira_hospital=458D04F264BFE005CB12078699156CA72AD47B52062E0F79B8140E2635086268|hira_pharmacy=65B2B1E7F65BF1EFAF20C826BC1FB03CC24B65B359F4B5B51E1A234B334505A4
boundary_wc070_wb025_wf005,0.7,0.25,0.05,5,0.454545454545455,"[""가좌동"",""고양동"",""관산동"",""주교동"",""행주동"",""성사2동"",""일산1동"",""중산1동""]","[""능곡동"",""송포동"",""효자동""]","[""성사2동"",""일산1동"",""중산1동""]",1.1.0,weight_simplex_boundary_audit_v1,goyang_mixed_20250825_20260630,population=2026-06-30|onePersonHouseholds=2026-06-30|hiraFacilities=2026-06-30|analysisBoundary=2026-04-01|busStops=2025-08-25,가중치 0~1; Jaccard 0~1; 포함수 0~231; 순위 1~41,DSS(w)=w_cag*z(CAG)+w_bus*z(bus_inefficiency)+w_facility*z(nearest_facility_mean_m); 44동에서 z표준화 후 과거 팀 사후 대리매핑 3동을 상위8 선정에서 제외,0.05 간격 전체 비음수 simplex 231개는 실제 정책에서 타당한 가중치 집합으로 가정하지 않는다. 제한 범위 밖 극단값을 포함해 45개 결과의 경계 의존성을 반증하는 감사용이며 포함수는 확률이 아니다.,area_adjacency=AF16E5259A667F45F5BF7F6B3DF3A22E1A4837C477F6B68DDC26CDCF60E2DFF0|area_scores=455106174A3E492D501F73B8BA55EFD1B7525656638E8109AE015C290C352DE3|bus_stops=BBA5AC0E8F29538F42373B1789179B5B9D2CF0186E0D3A618537C83B74B628D5|facilities=9AA2BC9D9F9E0EC421FB7D23A9C9BF0BD5EDB59EB173A91CB27E6EB2655A1E07|grid_scores=F2B4631D6C4DB1C379BB9CAA13D29A9C055273F1C0D682BAC13EDD19C0A9E9BF|metrics_code=7A3920ABAC99C0EEE1FA013FF751C14428D5AA95E0F1F3F32FCED6B7A49541BA|model_spec=435B1018F2D35A2B421D1827A23C0DC739DC1F827F71189F8F818CE0B0C670E4|source_manifest=86163BE779951590317AB41BE2F9DE18666BC936F1735593673513008868CEC9,population=4D1530F251B312CE6564BA5676093B1043057F46A0FE2A58CF2756AFC530DA7B|one_person=01923C6EBD7440771E4EBE20CAB0648355A18C09D198677C0E265F5E68406A7D|admdongkor_boundary=6A63D079BA8AF4701AB200AD0B54EBDEA8689808B6E0E9F17973B9BA7883DC6A|bus_stops=01B63929056B55D0A8FE372756942FB9A81A89CB121A0CDB1838DDE9ED8555BF|hira_hospital=458D04F264BFE005CB12078699156CA72AD47B52062E0F79B8140E2635086268|hira_pharmacy=65B2B1E7F65BF1EFAF20C826BC1FB03CC24B65B359F4B5B51E1A234B334505A4
boundary_wc070_wb030_wf000,0.7,0.3,0,5,0.454545454545455,"[""가좌동"",""고양동"",""관산동"",""주교동"",""행주동"",""성사2동"",""일산1동"",""중산1동""]","[""능곡동"",""송포동"",""효자동""]","[""성사2동"",""일산1동"",""중산1동""]",1.1.0,weight_simplex_boundary_audit_v1,goyang_mixed_20250825_20260630,population=2026-06-30|onePersonHouseholds=2026-06-30|hiraFacilities=2026-06-30|analysisBoundary=2026-04-01|busStops=2025-08-25,가중치 0~1; Jaccard 0~1; 포함수 0~231; 순위 1~41,DSS(w)=w_cag*z(CAG)+w_bus*z(bus_inefficiency)+w_facility*z(nearest_facility_mean_m); 44동에서 z표준화 후 과거 팀 사후 대리매핑 3동을 상위8 선정에서 제외,0.05 간격 전체 비음수 simplex 231개는 실제 정책에서 타당한 가중치 집합으로 가정하지 않는다. 제한 범위 밖 극단값을 포함해 45개 결과의 경계 의존성을 반증하는 감사용이며 포함수는 확률이 아니다.,area_adjacency=AF16E5259A667F45F5BF7F6B3DF3A22E1A4837C477F6B68DDC26CDCF60E2DFF0|area_scores=455106174A3E492D501F73B8BA55EFD1B7525656638E8109AE015C290C352DE3|bus_stops=BBA5AC0E8F29538F42373B1789179B5B9D2CF0186E0D3A618537C83B74B628D5|facilities=9AA2BC9D9F9E0EC421FB7D23A9C9BF0BD5EDB59EB173A91CB27E6EB2655A1E07|grid_scores=F2B4631D6C4DB1C379BB9CAA13D29A9C055273F1C0D682BAC13EDD19C0A9E9BF|metrics_code=7A3920ABAC99C0EEE1FA013FF751C14428D5AA95E0F1F3F32FCED6B7A49541BA|model_spec=435B1018F2D35A2B421D1827A23C0DC739DC1F827F71189F8F818CE0B0C670E4|source_manifest=86163BE779951590317AB41BE2F9DE18666BC936F1735593673513008868CEC9,population=4D1530F251B312CE6564BA5676093B1043057F46A0FE2A58CF2756AFC530DA7B|one_person=01923C6EBD7440771E4EBE20CAB0648355A18C09D198677C0E265F5E68406A7D|admdongkor_boundary=6A63D079BA8AF4701AB200AD0B54EBDEA8689808B6E0E9F17973B9BA7883DC6A|bus_stops=01B63929056B55D0A8FE372756942FB9A81A89CB121A0CDB1838DDE9ED8555BF|hira_hospital=458D04F264BFE005CB12078699156CA72AD47B52062E0F79B8140E2635086268|hira_pharmacy=65B2B1E7F65BF1EFAF20C826BC1FB03CC24B65B359F4B5B51E1A234B334505A4
boundary_wc075_wb000_wf025,0.75,0,0.25,5,0.454545454545455,"[""고양동"",""관산동"",""주교동"",""행주동"",""효자동"",""성사2동"",""일산1동"",""중산1동""]","[""가좌동"",""능곡동"",""송포동""]","[""성사2동"",""일산1동"",""중산1동""]",1.1.0,weight_simplex_boundary_audit_v1,goyang_mixed_20250825_20260630,population=2026-06-30|onePersonHouseholds=2026-06-30|hiraFacilities=2026-06-30|analysisBoundary=2026-04-01|busStops=2025-08-25,가중치 0~1; Jaccard 0~1; 포함수 0~231; 순위 1~41,DSS(w)=w_cag*z(CAG)+w_bus*z(bus_inefficiency)+w_facility*z(nearest_facility_mean_m); 44동에서 z표준화 후 과거 팀 사후 대리매핑 3동을 상위8 선정에서 제외,0.05 간격 전체 비음수 simplex 231개는 실제 정책에서 타당한 가중치 집합으로 가정하지 않는다. 제한 범위 밖 극단값을 포함해 45개 결과의 경계 의존성을 반증하는 감사용이며 포함수는 확률이 아니다.,area_adjacency=AF16E5259A667F45F5BF7F6B3DF3A22E1A4837C477F6B68DDC26CDCF60E2DFF0|area_scores=455106174A3E492D501F73B8BA55EFD1B7525656638E8109AE015C290C352DE3|bus_stops=BBA5AC0E8F29538F42373B1789179B5B9D2CF0186E0D3A618537C83B74B628D5|facilities=9AA2BC9D9F9E0EC421FB7D23A9C9BF0BD5EDB59EB173A91CB27E6EB2655A1E07|grid_scores=F2B4631D6C4DB1C379BB9CAA13D29A9C055273F1C0D682BAC13EDD19C0A9E9BF|metrics_code=7A3920ABAC99C0EEE1FA013FF751C14428D5AA95E0F1F3F32FCED6B7A49541BA|model_spec=435B1018F2D35A2B421D1827A23C0DC739DC1F827F71189F8F818CE0B0C670E4|source_manifest=86163BE779951590317AB41BE2F9DE18666BC936F1735593673513008868CEC9,population=4D1530F251B312CE6564BA5676093B1043057F46A0FE2A58CF2756AFC530DA7B|one_person=01923C6EBD7440771E4EBE20CAB0648355A18C09D198677C0E265F5E68406A7D|admdongkor_boundary=6A63D079BA8AF4701AB200AD0B54EBDEA8689808B6E0E9F17973B9BA7883DC6A|bus_stops=01B63929056B55D0A8FE372756942FB9A81A89CB121A0CDB1838DDE9ED8555BF|hira_hospital=458D04F264BFE005CB12078699156CA72AD47B52062E0F79B8140E2635086268|hira_pharmacy=65B2B1E7F65BF1EFAF20C826BC1FB03CC24B65B359F4B5B51E1A234B334505A4
boundary_wc075_wb005_wf020,0.75,0.05,0.2,5,0.454545454545455,"[""가좌동"",""고양동"",""관산동"",""주교동"",""행주동"",""성사2동"",""일산1동"",""중산1동""]","[""능곡동"",""송포동"",""효자동""]","[""성사2동"",""일산1동"",""중산1동""]",1.1.0,weight_simplex_boundary_audit_v1,goyang_mixed_20250825_20260630,population=2026-06-30|onePersonHouseholds=2026-06-30|hiraFacilities=2026-06-30|analysisBoundary=2026-04-01|busStops=2025-08-25,가중치 0~1; Jaccard 0~1; 포함수 0~231; 순위 1~41,DSS(w)=w_cag*z(CAG)+w_bus*z(bus_inefficiency)+w_facility*z(nearest_facility_mean_m); 44동에서 z표준화 후 과거 팀 사후 대리매핑 3동을 상위8 선정에서 제외,0.05 간격 전체 비음수 simplex 231개는 실제 정책에서 타당한 가중치 집합으로 가정하지 않는다. 제한 범위 밖 극단값을 포함해 45개 결과의 경계 의존성을 반증하는 감사용이며 포함수는 확률이 아니다.,area_adjacency=AF16E5259A667F45F5BF7F6B3DF3A22E1A4837C477F6B68DDC26CDCF60E2DFF0|area_scores=455106174A3E492D501F73B8BA55EFD1B7525656638E8109AE015C290C352DE3|bus_stops=BBA5AC0E8F29538F42373B1789179B5B9D2CF0186E0D3A618537C83B74B628D5|facilities=9AA2BC9D9F9E0EC421FB7D23A9C9BF0BD5EDB59EB173A91CB27E6EB2655A1E07|grid_scores=F2B4631D6C4DB1C379BB9CAA13D29A9C055273F1C0D682BAC13EDD19C0A9E9BF|metrics_code=7A3920ABAC99C0EEE1FA013FF751C14428D5AA95E0F1F3F32FCED6B7A49541BA|model_spec=435B1018F2D35A2B421D1827A23C0DC739DC1F827F71189F8F818CE0B0C670E4|source_manifest=86163BE779951590317AB41BE2F9DE18666BC936F1735593673513008868CEC9,population=4D1530F251B312CE6564BA5676093B1043057F46A0FE2A58CF2756AFC530DA7B|one_person=01923C6EBD7440771E4EBE20CAB0648355A18C09D198677C0E265F5E68406A7D|admdongkor_boundary=6A63D079BA8AF4701AB200AD0B54EBDEA8689808B6E0E9F17973B9BA7883DC6A|bus_stops=01B63929056B55D0A8FE372756942FB9A81A89CB121A0CDB1838DDE9ED8555BF|hira_hospital=458D04F264BFE005CB12078699156CA72AD47B52062E0F79B8140E2635086268|hira_pharmacy=65B2B1E7F65BF1EFAF20C826BC1FB03CC24B65B359F4B5B51E1A234B334505A4
boundary_wc075_wb010_wf015,0.75,0.1,0.15,5,0.454545454545455,"[""가좌동"",""고양동"",""관산동"",""주교동"",""행주동"",""성사2동"",""일산1동"",""중산1동""]","[""능곡동"",""송포동"",""효자동""]","[""성사2동"",""일산1동"",""중산1동""]",1.1.0,weight_simplex_boundary_audit_v1,goyang_mixed_20250825_20260630,population=2026-06-30|onePersonHouseholds=2026-06-30|hiraFacilities=2026-06-30|analysisBoundary=2026-04-01|busStops=2025-08-25,가중치 0~1; Jaccard 0~1; 포함수 0~231; 순위 1~41,DSS(w)=w_cag*z(CAG)+w_bus*z(bus_inefficiency)+w_facility*z(nearest_facility_mean_m); 44동에서 z표준화 후 과거 팀 사후 대리매핑 3동을 상위8 선정에서 제외,0.05 간격 전체 비음수 simplex 231개는 실제 정책에서 타당한 가중치 집합으로 가정하지 않는다. 제한 범위 밖 극단값을 포함해 45개 결과의 경계 의존성을 반증하는 감사용이며 포함수는 확률이 아니다.,area_adjacency=AF16E5259A667F45F5BF7F6B3DF3A22E1A4837C477F6B68DDC26CDCF60E2DFF0|area_scores=455106174A3E492D501F73B8BA55EFD1B7525656638E8109AE015C290C352DE3|bus_stops=BBA5AC0E8F29538F42373B1789179B5B9D2CF0186E0D3A618537C83B74B628D5|facilities=9AA2BC9D9F9E0EC421FB7D23A9C9BF0BD5EDB59EB173A91CB27E6EB2655A1E07|grid_scores=F2B4631D6C4DB1C379BB9CAA13D29A9C055273F1C0D682BAC13EDD19C0A9E9BF|metrics_code=7A3920ABAC99C0EEE1FA013FF751C14428D5AA95E0F1F3F32FCED6B7A49541BA|model_spec=435B1018F2D35A2B421D1827A23C0DC739DC1F827F71189F8F818CE0B0C670E4|source_manifest=86163BE779951590317AB41BE2F9DE18666BC936F1735593673513008868CEC9,population=4D1530F251B312CE6564BA5676093B1043057F46A0FE2A58CF2756AFC530DA7B|one_person=01923C6EBD7440771E4EBE20CAB0648355A18C09D198677C0E265F5E68406A7D|admdongkor_boundary=6A63D079BA8AF4701AB200AD0B54EBDEA8689808B6E0E9F17973B9BA7883DC6A|bus_stops=01B63929056B55D0A8FE372756942FB9A81A89CB121A0CDB1838DDE9ED8555BF|hira_hospital=458D04F264BFE005CB12078699156CA72AD47B52062E0F79B8140E2635086268|hira_pharmacy=65B2B1E7F65BF1EFAF20C826BC1FB03CC24B65B359F4B5B51E1A234B334505A4
boundary_wc075_wb015_wf010,0.75,0.15,0.1,5,0.454545454545455,"[""가좌동"",""고양동"",""관산동"",""주교동"",""행주동"",""성사2동"",""일산1동"",""중산1동""]","[""능곡동"",""송포동"",""효자동""]","[""성사2동"",""일산1동"",""중산1동""]",1.1.0,weight_simplex_boundary_audit_v1,goyang_mixed_20250825_20260630,population=2026-06-30|onePersonHouseholds=2026-06-30|hiraFacilities=2026-06-30|analysisBoundary=2026-04-01|busStops=2025-08-25,가중치 0~1; Jaccard 0~1; 포함수 0~231; 순위 1~41,DSS(w)=w_cag*z(CAG)+w_bus*z(bus_inefficiency)+w_facility*z(nearest_facility_mean_m); 44동에서 z표준화 후 과거 팀 사후 대리매핑 3동을 상위8 선정에서 제외,0.05 간격 전체 비음수 simplex 231개는 실제 정책에서 타당한 가중치 집합으로 가정하지 않는다. 제한 범위 밖 극단값을 포함해 45개 결과의 경계 의존성을 반증하는 감사용이며 포함수는 확률이 아니다.,area_adjacency=AF16E5259A667F45F5BF7F6B3DF3A22E1A4837C477F6B68DDC26CDCF60E2DFF0|area_scores=455106174A3E492D501F73B8BA55EFD1B7525656638E8109AE015C290C352DE3|bus_stops=BBA5AC0E8F29538F42373B1789179B5B9D2CF0186E0D3A618537C83B74B628D5|facilities=9AA2BC9D9F9E0EC421FB7D23A9C9BF0BD5EDB59EB173A91CB27E6EB2655A1E07|grid_scores=F2B4631D6C4DB1C379BB9CAA13D29A9C055273F1C0D682BAC13EDD19C0A9E9BF|metrics_code=7A3920ABAC99C0EEE1FA013FF751C14428D5AA95E0F1F3F32FCED6B7A49541BA|model_spec=435B1018F2D35A2B421D1827A23C0DC739DC1F827F71189F8F818CE0B0C670E4|source_manifest=86163BE779951590317AB41BE2F9DE18666BC936F1735593673513008868CEC9,population=4D1530F251B312CE6564BA5676093B1043057F46A0FE2A58CF2756AFC530DA7B|one_person=01923C6EBD7440771E4EBE20CAB0648355A18C09D198677C0E265F5E68406A7D|admdongkor_boundary=6A63D079BA8AF4701AB200AD0B54EBDEA8689808B6E0E9F17973B9BA7883DC6A|bus_stops=01B63929056B55D0A8FE372756942FB9A81A89CB121A0CDB1838DDE9ED8555BF|hira_hospital=458D04F264BFE005CB12078699156CA72AD47B52062E0F79B8140E2635086268|hira_pharmacy=65B2B1E7F65BF1EFAF20C826BC1FB03CC24B65B359F4B5B51E1A234B334505A4
boundary_wc075_wb020_wf005,0.75,0.2,0.05,5,0.454545454545455,"[""가좌동"",""고양동"",""관산동"",""주교동"",""행주동"",""성사2동"",""일산1동"",""중산1동""]","[""능곡동"",""송포동"",""효자동""]","[""성사2동"",""일산1동"",""중산1동""]",1.1.0,weight_simplex_boundary_audit_v1,goyang_mixed_20250825_20260630,population=2026-06-30|onePersonHouseholds=2026-06-30|hiraFacilities=2026-06-30|analysisBoundary=2026-04-01|busStops=2025-08-25,가중치 0~1; Jaccard 0~1; 포함수 0~231; 순위 1~41,DSS(w)=w_cag*z(CAG)+w_bus*z(bus_inefficiency)+w_facility*z(nearest_facility_mean_m); 44동에서 z표준화 후 과거 팀 사후 대리매핑 3동을 상위8 선정에서 제외,0.05 간격 전체 비음수 simplex 231개는 실제 정책에서 타당한 가중치 집합으로 가정하지 않는다. 제한 범위 밖 극단값을 포함해 45개 결과의 경계 의존성을 반증하는 감사용이며 포함수는 확률이 아니다.,area_adjacency=AF16E5259A667F45F5BF7F6B3DF3A22E1A4837C477F6B68DDC26CDCF60E2DFF0|area_scores=455106174A3E492D501F73B8BA55EFD1B7525656638E8109AE015C290C352DE3|bus_stops=BBA5AC0E8F29538F42373B1789179B5B9D2CF0186E0D3A618537C83B74B628D5|facilities=9AA2BC9D9F9E0EC421FB7D23A9C9BF0BD5EDB59EB173A91CB27E6EB2655A1E07|grid_scores=F2B4631D6C4DB1C379BB9CAA13D29A9C055273F1C0D682BAC13EDD19C0A9E9BF|metrics_code=7A3920ABAC99C0EEE1FA013FF751C14428D5AA95E0F1F3F32FCED6B7A49541BA|model_spec=435B1018F2D35A2B421D1827A23C0DC739DC1F827F71189F8F818CE0B0C670E4|source_manifest=86163BE779951590317AB41BE2F9DE18666BC936F1735593673513008868CEC9,population=4D1530F251B312CE6564BA5676093B1043057F46A0FE2A58CF2756AFC530DA7B|one_person=01923C6EBD7440771E4EBE20CAB0648355A18C09D198677C0E265F5E68406A7D|admdongkor_boundary=6A63D079BA8AF4701AB200AD0B54EBDEA8689808B6E0E9F17973B9BA7883DC6A|bus_stops=01B63929056B55D0A8FE372756942FB9A81A89CB121A0CDB1838DDE9ED8555BF|hira_hospital=458D04F264BFE005CB12078699156CA72AD47B52062E0F79B8140E2635086268|hira_pharmacy=65B2B1E7F65BF1EFAF20C826BC1FB03CC24B65B359F4B5B51E1A234B334505A4
boundary_wc075_wb025_wf000,0.75,0.25,0,5,0.454545454545455,"[""가좌동"",""고양동"",""관산동"",""주교동"",""행주동"",""성사2동"",""일산1동"",""중산1동""]","[""능곡동"",""송포동"",""효자동""]","[""성사2동"",""일산1동"",""중산1동""]",1.1.0,weight_simplex_boundary_audit_v1,goyang_mixed_20250825_20260630,population=2026-06-30|onePersonHouseholds=2026-06-30|hiraFacilities=2026-06-30|analysisBoundary=2026-04-01|busStops=2025-08-25,가중치 0~1; Jaccard 0~1; 포함수 0~231; 순위 1~41,DSS(w)=w_cag*z(CAG)+w_bus*z(bus_inefficiency)+w_facility*z(nearest_facility_mean_m); 44동에서 z표준화 후 과거 팀 사후 대리매핑 3동을 상위8 선정에서 제외,0.05 간격 전체 비음수 simplex 231개는 실제 정책에서 타당한 가중치 집합으로 가정하지 않는다. 제한 범위 밖 극단값을 포함해 45개 결과의 경계 의존성을 반증하는 감사용이며 포함수는 확률이 아니다.,area_adjacency=AF16E5259A667F45F5BF7F6B3DF3A22E1A4837C477F6B68DDC26CDCF60E2DFF0|area_scores=455106174A3E492D501F73B8BA55EFD1B7525656638E8109AE015C290C352DE3|bus_stops=BBA5AC0E8F29538F42373B1789179B5B9D2CF0186E0D3A618537C83B74B628D5|facilities=9AA2BC9D9F9E0EC421FB7D23A9C9BF0BD5EDB59EB173A91CB27E6EB2655A1E07|grid_scores=F2B4631D6C4DB1C379BB9CAA13D29A9C055273F1C0D682BAC13EDD19C0A9E9BF|metrics_code=7A3920ABAC99C0EEE1FA013FF751C14428D5AA95E0F1F3F32FCED6B7A49541BA|model_spec=435B1018F2D35A2B421D1827A23C0DC739DC1F827F71189F8F818CE0B0C670E4|source_manifest=86163BE779951590317AB41BE2F9DE18666BC936F1735593673513008868CEC9,population=4D1530F251B312CE6564BA5676093B1043057F46A0FE2A58CF2756AFC530DA7B|one_person=01923C6EBD7440771E4EBE20CAB0648355A18C09D198677C0E265F5E68406A7D|admdongkor_boundary=6A63D079BA8AF4701AB200AD0B54EBDEA8689808B6E0E9F17973B9BA7883DC6A|bus_stops=01B63929056B55D0A8FE372756942FB9A81A89CB121A0CDB1838DDE9ED8555BF|hira_hospital=458D04F264BFE005CB12078699156CA72AD47B52062E0F79B8140E2635086268|hira_pharmacy=65B2B1E7F65BF1EFAF20C826BC1FB03CC24B65B359F4B5B51E1A234B334505A4
boundary_wc080_wb000_wf020,0.8,0,0.2,4,0.333333333333333,"[""고양동"",""관산동"",""주교동"",""행주동"",""성사2동"",""일산1동"",""중산1동"",""행신4동""]","[""가좌동"",""능곡동"",""송포동"",""효자동""]","[""성사2동"",""일산1동"",""중산1동"",""행신4동""]",1.1.0,weight_simplex_boundary_audit_v1,goyang_mixed_20250825_20260630,population=2026-06-30|onePersonHouseholds=2026-06-30|hiraFacilities=2026-06-30|analysisBoundary=2026-04-01|busStops=2025-08-25,가중치 0~1; Jaccard 0~1; 포함수 0~231; 순위 1~41,DSS(w)=w_cag*z(CAG)+w_bus*z(bus_inefficiency)+w_facility*z(nearest_facility_mean_m); 44동에서 z표준화 후 과거 팀 사후 대리매핑 3동을 상위8 선정에서 제외,0.05 간격 전체 비음수 simplex 231개는 실제 정책에서 타당한 가중치 집합으로 가정하지 않는다. 제한 범위 밖 극단값을 포함해 45개 결과의 경계 의존성을 반증하는 감사용이며 포함수는 확률이 아니다.,area_adjacency=AF16E5259A667F45F5BF7F6B3DF3A22E1A4837C477F6B68DDC26CDCF60E2DFF0|area_scores=455106174A3E492D501F73B8BA55EFD1B7525656638E8109AE015C290C352DE3|bus_stops=BBA5AC0E8F29538F42373B1789179B5B9D2CF0186E0D3A618537C83B74B628D5|facilities=9AA2BC9D9F9E0EC421FB7D23A9C9BF0BD5EDB59EB173A91CB27E6EB2655A1E07|grid_scores=F2B4631D6C4DB1C379BB9CAA13D29A9C055273F1C0D682BAC13EDD19C0A9E9BF|metrics_code=7A3920ABAC99C0EEE1FA013FF751C14428D5AA95E0F1F3F32FCED6B7A49541BA|model_spec=435B1018F2D35A2B421D1827A23C0DC739DC1F827F71189F8F818CE0B0C670E4|source_manifest=86163BE779951590317AB41BE2F9DE18666BC936F1735593673513008868CEC9,population=4D1530F251B312CE6564BA5676093B1043057F46A0FE2A58CF2756AFC530DA7B|one_person=01923C6EBD7440771E4EBE20CAB0648355A18C09D198677C0E265F5E68406A7D|admdongkor_boundary=6A63D079BA8AF4701AB200AD0B54EBDEA8689808B6E0E9F17973B9BA7883DC6A|bus_stops=01B63929056B55D0A8FE372756942FB9A81A89CB121A0CDB1838DDE9ED8555BF|hira_hospital=458D04F264BFE005CB12078699156CA72AD47B52062E0F79B8140E2635086268|hira_pharmacy=65B2B1E7F65BF1EFAF20C826BC1FB03CC24B65B359F4B5B51E1A234B334505A4
boundary_wc080_wb005_wf015,0.8,0.05,0.15,4,0.333333333333333,"[""고양동"",""관산동"",""주교동"",""행주동"",""성사2동"",""일산1동"",""중산1동"",""행신4동""]","[""가좌동"",""능곡동"",""송포동"",""효자동""]","[""성사2동"",""일산1동"",""중산1동"",""행신4동""]",1.1.0,weight_simplex_boundary_audit_v1,goyang_mixed_20250825_20260630,population=2026-06-30|onePersonHouseholds=2026-06-30|hiraFacilities=2026-06-30|analysisBoundary=2026-04-01|busStops=2025-08-25,가중치 0~1; Jaccard 0~1; 포함수 0~231; 순위 1~41,DSS(w)=w_cag*z(CAG)+w_bus*z(bus_inefficiency)+w_facility*z(nearest_facility_mean_m); 44동에서 z표준화 후 과거 팀 사후 대리매핑 3동을 상위8 선정에서 제외,0.05 간격 전체 비음수 simplex 231개는 실제 정책에서 타당한 가중치 집합으로 가정하지 않는다. 제한 범위 밖 극단값을 포함해 45개 결과의 경계 의존성을 반증하는 감사용이며 포함수는 확률이 아니다.,area_adjacency=AF16E5259A667F45F5BF7F6B3DF3A22E1A4837C477F6B68DDC26CDCF60E2DFF0|area_scores=455106174A3E492D501F73B8BA55EFD1B7525656638E8109AE015C290C352DE3|bus_stops=BBA5AC0E8F29538F42373B1789179B5B9D2CF0186E0D3A618537C83B74B628D5|facilities=9AA2BC9D9F9E0EC421FB7D23A9C9BF0BD5EDB59EB173A91CB27E6EB2655A1E07|grid_scores=F2B4631D6C4DB1C379BB9CAA13D29A9C055273F1C0D682BAC13EDD19C0A9E9BF|metrics_code=7A3920ABAC99C0EEE1FA013FF751C14428D5AA95E0F1F3F32FCED6B7A49541BA|model_spec=435B1018F2D35A2B421D1827A23C0DC739DC1F827F71189F8F818CE0B0C670E4|source_manifest=86163BE779951590317AB41BE2F9DE18666BC936F1735593673513008868CEC9,population=4D1530F251B312CE6564BA5676093B1043057F46A0FE2A58CF2756AFC530DA7B|one_person=01923C6EBD7440771E4EBE20CAB0648355A18C09D198677C0E265F5E68406A7D|admdongkor_boundary=6A63D079BA8AF4701AB200AD0B54EBDEA8689808B6E0E9F17973B9BA7883DC6A|bus_stops=01B63929056B55D0A8FE372756942FB9A81A89CB121A0CDB1838DDE9ED8555BF|hira_hospital=458D04F264BFE005CB12078699156CA72AD47B52062E0F79B8140E2635086268|hira_pharmacy=65B2B1E7F65BF1EFAF20C826BC1FB03CC24B65B359F4B5B51E1A234B334505A4
boundary_wc080_wb010_wf010,0.8,0.1,0.1,4,0.333333333333333,"[""고양동"",""관산동"",""주교동"",""행주동"",""성사2동"",""일산1동"",""중산1동"",""행신4동""]","[""가좌동"",""능곡동"",""송포동"",""효자동""]","[""성사2동"",""일산1동"",""중산1동"",""행신4동""]",1.1.0,weight_simplex_boundary_audit_v1,goyang_mixed_20250825_20260630,population=2026-06-30|onePersonHouseholds=2026-06-30|hiraFacilities=2026-06-30|analysisBoundary=2026-04-01|busStops=2025-08-25,가중치 0~1; Jaccard 0~1; 포함수 0~231; 순위 1~41,DSS(w)=w_cag*z(CAG)+w_bus*z(bus_inefficiency)+w_facility*z(nearest_facility_mean_m); 44동에서 z표준화 후 과거 팀 사후 대리매핑 3동을 상위8 선정에서 제외,0.05 간격 전체 비음수 simplex 231개는 실제 정책에서 타당한 가중치 집합으로 가정하지 않는다. 제한 범위 밖 극단값을 포함해 45개 결과의 경계 의존성을 반증하는 감사용이며 포함수는 확률이 아니다.,area_adjacency=AF16E5259A667F45F5BF7F6B3DF3A22E1A4837C477F6B68DDC26CDCF60E2DFF0|area_scores=455106174A3E492D501F73B8BA55EFD1B7525656638E8109AE015C290C352DE3|bus_stops=BBA5AC0E8F29538F42373B1789179B5B9D2CF0186E0D3A618537C83B74B628D5|facilities=9AA2BC9D9F9E0EC421FB7D23A9C9BF0BD5EDB59EB173A91CB27E6EB2655A1E07|grid_scores=F2B4631D6C4DB1C379BB9CAA13D29A9C055273F1C0D682BAC13EDD19C0A9E9BF|metrics_code=7A3920ABAC99C0EEE1FA013FF751C14428D5AA95E0F1F3F32FCED6B7A49541BA|model_spec=435B1018F2D35A2B421D1827A23C0DC739DC1F827F71189F8F818CE0B0C670E4|source_manifest=86163BE779951590317AB41BE2F9DE18666BC936F1735593673513008868CEC9,population=4D1530F251B312CE6564BA5676093B1043057F46A0FE2A58CF2756AFC530DA7B|one_person=01923C6EBD7440771E4EBE20CAB0648355A18C09D198677C0E265F5E68406A7D|admdongkor_boundary=6A63D079BA8AF4701AB200AD0B54EBDEA8689808B6E0E9F17973B9BA7883DC6A|bus_stops=01B63929056B55D0A8FE372756942FB9A81A89CB121A0CDB1838DDE9ED8555BF|hira_hospital=458D04F264BFE005CB12078699156CA72AD47B52062E0F79B8140E2635086268|hira_pharmacy=65B2B1E7F65BF1EFAF20C826BC1FB03CC24B65B359F4B5B51E1A234B334505A4
boundary_wc080_wb015_wf005,0.8,0.15,0.05,5,0.454545454545455,"[""가좌동"",""고양동"",""관산동"",""주교동"",""행주동"",""성사2동"",""일산1동"",""중산1동""]","[""능곡동"",""송포동"",""효자동""]","[""성사2동"",""일산1동"",""중산1동""]",1.1.0,weight_simplex_boundary_audit_v1,goyang_mixed_20250825_20260630,population=2026-06-30|onePersonHouseholds=2026-06-30|hiraFacilities=2026-06-30|analysisBoundary=2026-04-01|busStops=2025-08-25,가중치 0~1; Jaccard 0~1; 포함수 0~231; 순위 1~41,DSS(w)=w_cag*z(CAG)+w_bus*z(bus_inefficiency)+w_facility*z(nearest_facility_mean_m); 44동에서 z표준화 후 과거 팀 사후 대리매핑 3동을 상위8 선정에서 제외,0.05 간격 전체 비음수 simplex 231개는 실제 정책에서 타당한 가중치 집합으로 가정하지 않는다. 제한 범위 밖 극단값을 포함해 45개 결과의 경계 의존성을 반증하는 감사용이며 포함수는 확률이 아니다.,area_adjacency=AF16E5259A667F45F5BF7F6B3DF3A22E1A4837C477F6B68DDC26CDCF60E2DFF0|area_scores=455106174A3E492D501F73B8BA55EFD1B7525656638E8109AE015C290C352DE3|bus_stops=BBA5AC0E8F29538F42373B1789179B5B9D2CF0186E0D3A618537C83B74B628D5|facilities=9AA2BC9D9F9E0EC421FB7D23A9C9BF0BD5EDB59EB173A91CB27E6EB2655A1E07|grid_scores=F2B4631D6C4DB1C379BB9CAA13D29A9C055273F1C0D682BAC13EDD19C0A9E9BF|metrics_code=7A3920ABAC99C0EEE1FA013FF751C14428D5AA95E0F1F3F32FCED6B7A49541BA|model_spec=435B1018F2D35A2B421D1827A23C0DC739DC1F827F71189F8F818CE0B0C670E4|source_manifest=86163BE779951590317AB41BE2F9DE18666BC936F1735593673513008868CEC9,population=4D1530F251B312CE6564BA5676093B1043057F46A0FE2A58CF2756AFC530DA7B|one_person=01923C6EBD7440771E4EBE20CAB0648355A18C09D198677C0E265F5E68406A7D|admdongkor_boundary=6A63D079BA8AF4701AB200AD0B54EBDEA8689808B6E0E9F17973B9BA7883DC6A|bus_stops=01B63929056B55D0A8FE372756942FB9A81A89CB121A0CDB1838DDE9ED8555BF|hira_hospital=458D04F264BFE005CB12078699156CA72AD47B52062E0F79B8140E2635086268|hira_pharmacy=65B2B1E7F65BF1EFAF20C826BC1FB03CC24B65B359F4B5B51E1A234B334505A4
boundary_wc080_wb020_wf000,0.8,0.2,0,5,0.454545454545455,"[""가좌동"",""고양동"",""관산동"",""주교동"",""행주동"",""성사2동"",""일산1동"",""중산1동""]","[""능곡동"",""송포동"",""효자동""]","[""성사2동"",""일산1동"",""중산1동""]",1.1.0,weight_simplex_boundary_audit_v1,goyang_mixed_20250825_20260630,population=2026-06-30|onePersonHouseholds=2026-06-30|hiraFacilities=2026-06-30|analysisBoundary=2026-04-01|busStops=2025-08-25,가중치 0~1; Jaccard 0~1; 포함수 0~231; 순위 1~41,DSS(w)=w_cag*z(CAG)+w_bus*z(bus_inefficiency)+w_facility*z(nearest_facility_mean_m); 44동에서 z표준화 후 과거 팀 사후 대리매핑 3동을 상위8 선정에서 제외,0.05 간격 전체 비음수 simplex 231개는 실제 정책에서 타당한 가중치 집합으로 가정하지 않는다. 제한 범위 밖 극단값을 포함해 45개 결과의 경계 의존성을 반증하는 감사용이며 포함수는 확률이 아니다.,area_adjacency=AF16E5259A667F45F5BF7F6B3DF3A22E1A4837C477F6B68DDC26CDCF60E2DFF0|area_scores=455106174A3E492D501F73B8BA55EFD1B7525656638E8109AE015C290C352DE3|bus_stops=BBA5AC0E8F29538F42373B1789179B5B9D2CF0186E0D3A618537C83B74B628D5|facilities=9AA2BC9D9F9E0EC421FB7D23A9C9BF0BD5EDB59EB173A91CB27E6EB2655A1E07|grid_scores=F2B4631D6C4DB1C379BB9CAA13D29A9C055273F1C0D682BAC13EDD19C0A9E9BF|metrics_code=7A3920ABAC99C0EEE1FA013FF751C14428D5AA95E0F1F3F32FCED6B7A49541BA|model_spec=435B1018F2D35A2B421D1827A23C0DC739DC1F827F71189F8F818CE0B0C670E4|source_manifest=86163BE779951590317AB41BE2F9DE18666BC936F1735593673513008868CEC9,population=4D1530F251B312CE6564BA5676093B1043057F46A0FE2A58CF2756AFC530DA7B|one_person=01923C6EBD7440771E4EBE20CAB0648355A18C09D198677C0E265F5E68406A7D|admdongkor_boundary=6A63D079BA8AF4701AB200AD0B54EBDEA8689808B6E0E9F17973B9BA7883DC6A|bus_stops=01B63929056B55D0A8FE372756942FB9A81A89CB121A0CDB1838DDE9ED8555BF|hira_hospital=458D04F264BFE005CB12078699156CA72AD47B52062E0F79B8140E2635086268|hira_pharmacy=65B2B1E7F65BF1EFAF20C826BC1FB03CC24B65B359F4B5B51E1A234B334505A4
boundary_wc085_wb000_wf015,0.85,0,0.15,4,0.333333333333333,"[""고양동"",""관산동"",""주교동"",""행주동"",""성사2동"",""일산1동"",""중산1동"",""행신4동""]","[""가좌동"",""능곡동"",""송포동"",""효자동""]","[""성사2동"",""일산1동"",""중산1동"",""행신4동""]",1.1.0,weight_simplex_boundary_audit_v1,goyang_mixed_20250825_20260630,population=2026-06-30|onePersonHouseholds=2026-06-30|hiraFacilities=2026-06-30|analysisBoundary=2026-04-01|busStops=2025-08-25,가중치 0~1; Jaccard 0~1; 포함수 0~231; 순위 1~41,DSS(w)=w_cag*z(CAG)+w_bus*z(bus_inefficiency)+w_facility*z(nearest_facility_mean_m); 44동에서 z표준화 후 과거 팀 사후 대리매핑 3동을 상위8 선정에서 제외,0.05 간격 전체 비음수 simplex 231개는 실제 정책에서 타당한 가중치 집합으로 가정하지 않는다. 제한 범위 밖 극단값을 포함해 45개 결과의 경계 의존성을 반증하는 감사용이며 포함수는 확률이 아니다.,area_adjacency=AF16E5259A667F45F5BF7F6B3DF3A22E1A4837C477F6B68DDC26CDCF60E2DFF0|area_scores=455106174A3E492D501F73B8BA55EFD1B7525656638E8109AE015C290C352DE3|bus_stops=BBA5AC0E8F29538F42373B1789179B5B9D2CF0186E0D3A618537C83B74B628D5|facilities=9AA2BC9D9F9E0EC421FB7D23A9C9BF0BD5EDB59EB173A91CB27E6EB2655A1E07|grid_scores=F2B4631D6C4DB1C379BB9CAA13D29A9C055273F1C0D682BAC13EDD19C0A9E9BF|metrics_code=7A3920ABAC99C0EEE1FA013FF751C14428D5AA95E0F1F3F32FCED6B7A49541BA|model_spec=435B1018F2D35A2B421D1827A23C0DC739DC1F827F71189F8F818CE0B0C670E4|source_manifest=86163BE779951590317AB41BE2F9DE18666BC936F1735593673513008868CEC9,population=4D1530F251B312CE6564BA5676093B1043057F46A0FE2A58CF2756AFC530DA7B|one_person=01923C6EBD7440771E4EBE20CAB0648355A18C09D198677C0E265F5E68406A7D|admdongkor_boundary=6A63D079BA8AF4701AB200AD0B54EBDEA8689808B6E0E9F17973B9BA7883DC6A|bus_stops=01B63929056B55D0A8FE372756942FB9A81A89CB121A0CDB1838DDE9ED8555BF|hira_hospital=458D04F264BFE005CB12078699156CA72AD47B52062E0F79B8140E2635086268|hira_pharmacy=65B2B1E7F65BF1EFAF20C826BC1FB03CC24B65B359F4B5B51E1A234B334505A4
boundary_wc085_wb005_wf010,0.85,0.05,0.1,4,0.333333333333333,"[""고양동"",""관산동"",""주교동"",""행주동"",""성사2동"",""일산1동"",""중산1동"",""행신4동""]","[""가좌동"",""능곡동"",""송포동"",""효자동""]","[""성사2동"",""일산1동"",""중산1동"",""행신4동""]",1.1.0,weight_simplex_boundary_audit_v1,goyang_mixed_20250825_20260630,population=2026-06-30|onePersonHouseholds=2026-06-30|hiraFacilities=2026-06-30|analysisBoundary=2026-04-01|busStops=2025-08-25,가중치 0~1; Jaccard 0~1; 포함수 0~231; 순위 1~41,DSS(w)=w_cag*z(CAG)+w_bus*z(bus_inefficiency)+w_facility*z(nearest_facility_mean_m); 44동에서 z표준화 후 과거 팀 사후 대리매핑 3동을 상위8 선정에서 제외,0.05 간격 전체 비음수 simplex 231개는 실제 정책에서 타당한 가중치 집합으로 가정하지 않는다. 제한 범위 밖 극단값을 포함해 45개 결과의 경계 의존성을 반증하는 감사용이며 포함수는 확률이 아니다.,area_adjacency=AF16E5259A667F45F5BF7F6B3DF3A22E1A4837C477F6B68DDC26CDCF60E2DFF0|area_scores=455106174A3E492D501F73B8BA55EFD1B7525656638E8109AE015C290C352DE3|bus_stops=BBA5AC0E8F29538F42373B1789179B5B9D2CF0186E0D3A618537C83B74B628D5|facilities=9AA2BC9D9F9E0EC421FB7D23A9C9BF0BD5EDB59EB173A91CB27E6EB2655A1E07|grid_scores=F2B4631D6C4DB1C379BB9CAA13D29A9C055273F1C0D682BAC13EDD19C0A9E9BF|metrics_code=7A3920ABAC99C0EEE1FA013FF751C14428D5AA95E0F1F3F32FCED6B7A49541BA|model_spec=435B1018F2D35A2B421D1827A23C0DC739DC1F827F71189F8F818CE0B0C670E4|source_manifest=86163BE779951590317AB41BE2F9DE18666BC936F1735593673513008868CEC9,population=4D1530F251B312CE6564BA5676093B1043057F46A0FE2A58CF2756AFC530DA7B|one_person=01923C6EBD7440771E4EBE20CAB0648355A18C09D198677C0E265F5E68406A7D|admdongkor_boundary=6A63D079BA8AF4701AB200AD0B54EBDEA8689808B6E0E9F17973B9BA7883DC6A|bus_stops=01B63929056B55D0A8FE372756942FB9A81A89CB121A0CDB1838DDE9ED8555BF|hira_hospital=458D04F264BFE005CB12078699156CA72AD47B52062E0F79B8140E2635086268|hira_pharmacy=65B2B1E7F65BF1EFAF20C826BC1FB03CC24B65B359F4B5B51E1A234B334505A4
boundary_wc085_wb010_wf005,0.85,0.1,0.05,4,0.333333333333333,"[""고양동"",""관산동"",""주교동"",""행주동"",""성사2동"",""일산1동"",""중산1동"",""행신4동""]","[""가좌동"",""능곡동"",""송포동"",""효자동""]","[""성사2동"",""일산1동"",""중산1동"",""행신4동""]",1.1.0,weight_simplex_boundary_audit_v1,goyang_mixed_20250825_20260630,population=2026-06-30|onePersonHouseholds=2026-06-30|hiraFacilities=2026-06-30|analysisBoundary=2026-04-01|busStops=2025-08-25,가중치 0~1; Jaccard 0~1; 포함수 0~231; 순위 1~41,DSS(w)=w_cag*z(CAG)+w_bus*z(bus_inefficiency)+w_facility*z(nearest_facility_mean_m); 44동에서 z표준화 후 과거 팀 사후 대리매핑 3동을 상위8 선정에서 제외,0.05 간격 전체 비음수 simplex 231개는 실제 정책에서 타당한 가중치 집합으로 가정하지 않는다. 제한 범위 밖 극단값을 포함해 45개 결과의 경계 의존성을 반증하는 감사용이며 포함수는 확률이 아니다.,area_adjacency=AF16E5259A667F45F5BF7F6B3DF3A22E1A4837C477F6B68DDC26CDCF60E2DFF0|area_scores=455106174A3E492D501F73B8BA55EFD1B7525656638E8109AE015C290C352DE3|bus_stops=BBA5AC0E8F29538F42373B1789179B5B9D2CF0186E0D3A618537C83B74B628D5|facilities=9AA2BC9D9F9E0EC421FB7D23A9C9BF0BD5EDB59EB173A91CB27E6EB2655A1E07|grid_scores=F2B4631D6C4DB1C379BB9CAA13D29A9C055273F1C0D682BAC13EDD19C0A9E9BF|metrics_code=7A3920ABAC99C0EEE1FA013FF751C14428D5AA95E0F1F3F32FCED6B7A49541BA|model_spec=435B1018F2D35A2B421D1827A23C0DC739DC1F827F71189F8F818CE0B0C670E4|source_manifest=86163BE779951590317AB41BE2F9DE18666BC936F1735593673513008868CEC9,population=4D1530F251B312CE6564BA5676093B1043057F46A0FE2A58CF2756AFC530DA7B|one_person=01923C6EBD7440771E4EBE20CAB0648355A18C09D198677C0E265F5E68406A7D|admdongkor_boundary=6A63D079BA8AF4701AB200AD0B54EBDEA8689808B6E0E9F17973B9BA7883DC6A|bus_stops=01B63929056B55D0A8FE372756942FB9A81A89CB121A0CDB1838DDE9ED8555BF|hira_hospital=458D04F264BFE005CB12078699156CA72AD47B52062E0F79B8140E2635086268|hira_pharmacy=65B2B1E7F65BF1EFAF20C826BC1FB03CC24B65B359F4B5B51E1A234B334505A4
boundary_wc085_wb015_wf000,0.85,0.15,0,4,0.333333333333333,"[""고양동"",""관산동"",""주교동"",""행주동"",""성사2동"",""일산1동"",""중산1동"",""행신4동""]","[""가좌동"",""능곡동"",""송포동"",""효자동""]","[""성사2동"",""일산1동"",""중산1동"",""행신4동""]",1.1.0,weight_simplex_boundary_audit_v1,goyang_mixed_20250825_20260630,population=2026-06-30|onePersonHouseholds=2026-06-30|hiraFacilities=2026-06-30|analysisBoundary=2026-04-01|busStops=2025-08-25,가중치 0~1; Jaccard 0~1; 포함수 0~231; 순위 1~41,DSS(w)=w_cag*z(CAG)+w_bus*z(bus_inefficiency)+w_facility*z(nearest_facility_mean_m); 44동에서 z표준화 후 과거 팀 사후 대리매핑 3동을 상위8 선정에서 제외,0.05 간격 전체 비음수 simplex 231개는 실제 정책에서 타당한 가중치 집합으로 가정하지 않는다. 제한 범위 밖 극단값을 포함해 45개 결과의 경계 의존성을 반증하는 감사용이며 포함수는 확률이 아니다.,area_adjacency=AF16E5259A667F45F5BF7F6B3DF3A22E1A4837C477F6B68DDC26CDCF60E2DFF0|area_scores=455106174A3E492D501F73B8BA55EFD1B7525656638E8109AE015C290C352DE3|bus_stops=BBA5AC0E8F29538F42373B1789179B5B9D2CF0186E0D3A618537C83B74B628D5|facilities=9AA2BC9D9F9E0EC421FB7D23A9C9BF0BD5EDB59EB173A91CB27E6EB2655A1E07|grid_scores=F2B4631D6C4DB1C379BB9CAA13D29A9C055273F1C0D682BAC13EDD19C0A9E9BF|metrics_code=7A3920ABAC99C0EEE1FA013FF751C14428D5AA95E0F1F3F32FCED6B7A49541BA|model_spec=435B1018F2D35A2B421D1827A23C0DC739DC1F827F71189F8F818CE0B0C670E4|source_manifest=86163BE779951590317AB41BE2F9DE18666BC936F1735593673513008868CEC9,population=4D1530F251B312CE6564BA5676093B1043057F46A0FE2A58CF2756AFC530DA7B|one_person=01923C6EBD7440771E4EBE20CAB0648355A18C09D198677C0E265F5E68406A7D|admdongkor_boundary=6A63D079BA8AF4701AB200AD0B54EBDEA8689808B6E0E9F17973B9BA7883DC6A|bus_stops=01B63929056B55D0A8FE372756942FB9A81A89CB121A0CDB1838DDE9ED8555BF|hira_hospital=458D04F264BFE005CB12078699156CA72AD47B52062E0F79B8140E2635086268|hira_pharmacy=65B2B1E7F65BF1EFAF20C826BC1FB03CC24B65B359F4B5B51E1A234B334505A4
boundary_wc090_wb000_wf010,0.9,0,0.1,4,0.333333333333333,"[""고양동"",""관산동"",""주교동"",""행주동"",""성사2동"",""일산1동"",""중산1동"",""행신4동""]","[""가좌동"",""능곡동"",""송포동"",""효자동""]","[""성사2동"",""일산1동"",""중산1동"",""행신4동""]",1.1.0,weight_simplex_boundary_audit_v1,goyang_mixed_20250825_20260630,population=2026-06-30|onePersonHouseholds=2026-06-30|hiraFacilities=2026-06-30|analysisBoundary=2026-04-01|busStops=2025-08-25,가중치 0~1; Jaccard 0~1; 포함수 0~231; 순위 1~41,DSS(w)=w_cag*z(CAG)+w_bus*z(bus_inefficiency)+w_facility*z(nearest_facility_mean_m); 44동에서 z표준화 후 과거 팀 사후 대리매핑 3동을 상위8 선정에서 제외,0.05 간격 전체 비음수 simplex 231개는 실제 정책에서 타당한 가중치 집합으로 가정하지 않는다. 제한 범위 밖 극단값을 포함해 45개 결과의 경계 의존성을 반증하는 감사용이며 포함수는 확률이 아니다.,area_adjacency=AF16E5259A667F45F5BF7F6B3DF3A22E1A4837C477F6B68DDC26CDCF60E2DFF0|area_scores=455106174A3E492D501F73B8BA55EFD1B7525656638E8109AE015C290C352DE3|bus_stops=BBA5AC0E8F29538F42373B1789179B5B9D2CF0186E0D3A618537C83B74B628D5|facilities=9AA2BC9D9F9E0EC421FB7D23A9C9BF0BD5EDB59EB173A91CB27E6EB2655A1E07|grid_scores=F2B4631D6C4DB1C379BB9CAA13D29A9C055273F1C0D682BAC13EDD19C0A9E9BF|metrics_code=7A3920ABAC99C0EEE1FA013FF751C14428D5AA95E0F1F3F32FCED6B7A49541BA|model_spec=435B1018F2D35A2B421D1827A23C0DC739DC1F827F71189F8F818CE0B0C670E4|source_manifest=86163BE779951590317AB41BE2F9DE18666BC936F1735593673513008868CEC9,population=4D1530F251B312CE6564BA5676093B1043057F46A0FE2A58CF2756AFC530DA7B|one_person=01923C6EBD7440771E4EBE20CAB0648355A18C09D198677C0E265F5E68406A7D|admdongkor_boundary=6A63D079BA8AF4701AB200AD0B54EBDEA8689808B6E0E9F17973B9BA7883DC6A|bus_stops=01B63929056B55D0A8FE372756942FB9A81A89CB121A0CDB1838DDE9ED8555BF|hira_hospital=458D04F264BFE005CB12078699156CA72AD47B52062E0F79B8140E2635086268|hira_pharmacy=65B2B1E7F65BF1EFAF20C826BC1FB03CC24B65B359F4B5B51E1A234B334505A4
boundary_wc090_wb005_wf005,0.9,0.05,0.05,4,0.333333333333333,"[""고양동"",""관산동"",""주교동"",""행주동"",""성사2동"",""일산1동"",""중산1동"",""행신4동""]","[""가좌동"",""능곡동"",""송포동"",""효자동""]","[""성사2동"",""일산1동"",""중산1동"",""행신4동""]",1.1.0,weight_simplex_boundary_audit_v1,goyang_mixed_20250825_20260630,population=2026-06-30|onePersonHouseholds=2026-06-30|hiraFacilities=2026-06-30|analysisBoundary=2026-04-01|busStops=2025-08-25,가중치 0~1; Jaccard 0~1; 포함수 0~231; 순위 1~41,DSS(w)=w_cag*z(CAG)+w_bus*z(bus_inefficiency)+w_facility*z(nearest_facility_mean_m); 44동에서 z표준화 후 과거 팀 사후 대리매핑 3동을 상위8 선정에서 제외,0.05 간격 전체 비음수 simplex 231개는 실제 정책에서 타당한 가중치 집합으로 가정하지 않는다. 제한 범위 밖 극단값을 포함해 45개 결과의 경계 의존성을 반증하는 감사용이며 포함수는 확률이 아니다.,area_adjacency=AF16E5259A667F45F5BF7F6B3DF3A22E1A4837C477F6B68DDC26CDCF60E2DFF0|area_scores=455106174A3E492D501F73B8BA55EFD1B7525656638E8109AE015C290C352DE3|bus_stops=BBA5AC0E8F29538F42373B1789179B5B9D2CF0186E0D3A618537C83B74B628D5|facilities=9AA2BC9D9F9E0EC421FB7D23A9C9BF0BD5EDB59EB173A91CB27E6EB2655A1E07|grid_scores=F2B4631D6C4DB1C379BB9CAA13D29A9C055273F1C0D682BAC13EDD19C0A9E9BF|metrics_code=7A3920ABAC99C0EEE1FA013FF751C14428D5AA95E0F1F3F32FCED6B7A49541BA|model_spec=435B1018F2D35A2B421D1827A23C0DC739DC1F827F71189F8F818CE0B0C670E4|source_manifest=86163BE779951590317AB41BE2F9DE18666BC936F1735593673513008868CEC9,population=4D1530F251B312CE6564BA5676093B1043057F46A0FE2A58CF2756AFC530DA7B|one_person=01923C6EBD7440771E4EBE20CAB0648355A18C09D198677C0E265F5E68406A7D|admdongkor_boundary=6A63D079BA8AF4701AB200AD0B54EBDEA8689808B6E0E9F17973B9BA7883DC6A|bus_stops=01B63929056B55D0A8FE372756942FB9A81A89CB121A0CDB1838DDE9ED8555BF|hira_hospital=458D04F264BFE005CB12078699156CA72AD47B52062E0F79B8140E2635086268|hira_pharmacy=65B2B1E7F65BF1EFAF20C826BC1FB03CC24B65B359F4B5B51E1A234B334505A4
boundary_wc090_wb010_wf000,0.9,0.1,0,4,0.333333333333333,"[""고양동"",""관산동"",""주교동"",""행주동"",""성사2동"",""일산1동"",""중산1동"",""행신4동""]","[""가좌동"",""능곡동"",""송포동"",""효자동""]","[""성사2동"",""일산1동"",""중산1동"",""행신4동""]",1.1.0,weight_simplex_boundary_audit_v1,goyang_mixed_20250825_20260630,population=2026-06-30|onePersonHouseholds=2026-06-30|hiraFacilities=2026-06-30|analysisBoundary=2026-04-01|busStops=2025-08-25,가중치 0~1; Jaccard 0~1; 포함수 0~231; 순위 1~41,DSS(w)=w_cag*z(CAG)+w_bus*z(bus_inefficiency)+w_facility*z(nearest_facility_mean_m); 44동에서 z표준화 후 과거 팀 사후 대리매핑 3동을 상위8 선정에서 제외,0.05 간격 전체 비음수 simplex 231개는 실제 정책에서 타당한 가중치 집합으로 가정하지 않는다. 제한 범위 밖 극단값을 포함해 45개 결과의 경계 의존성을 반증하는 감사용이며 포함수는 확률이 아니다.,area_adjacency=AF16E5259A667F45F5BF7F6B3DF3A22E1A4837C477F6B68DDC26CDCF60E2DFF0|area_scores=455106174A3E492D501F73B8BA55EFD1B7525656638E8109AE015C290C352DE3|bus_stops=BBA5AC0E8F29538F42373B1789179B5B9D2CF0186E0D3A618537C83B74B628D5|facilities=9AA2BC9D9F9E0EC421FB7D23A9C9BF0BD5EDB59EB173A91CB27E6EB2655A1E07|grid_scores=F2B4631D6C4DB1C379BB9CAA13D29A9C055273F1C0D682BAC13EDD19C0A9E9BF|metrics_code=7A3920ABAC99C0EEE1FA013FF751C14428D5AA95E0F1F3F32FCED6B7A49541BA|model_spec=435B1018F2D35A2B421D1827A23C0DC739DC1F827F71189F8F818CE0B0C670E4|source_manifest=86163BE779951590317AB41BE2F9DE18666BC936F1735593673513008868CEC9,population=4D1530F251B312CE6564BA5676093B1043057F46A0FE2A58CF2756AFC530DA7B|one_person=01923C6EBD7440771E4EBE20CAB0648355A18C09D198677C0E265F5E68406A7D|admdongkor_boundary=6A63D079BA8AF4701AB200AD0B54EBDEA8689808B6E0E9F17973B9BA7883DC6A|bus_stops=01B63929056B55D0A8FE372756942FB9A81A89CB121A0CDB1838DDE9ED8555BF|hira_hospital=458D04F264BFE005CB12078699156CA72AD47B52062E0F79B8140E2635086268|hira_pharmacy=65B2B1E7F65BF1EFAF20C826BC1FB03CC24B65B359F4B5B51E1A234B334505A4
boundary_wc095_wb000_wf005,0.95,0,0.05,4,0.333333333333333,"[""고양동"",""관산동"",""주교동"",""행주동"",""성사2동"",""일산1동"",""중산1동"",""행신4동""]","[""가좌동"",""능곡동"",""송포동"",""효자동""]","[""성사2동"",""일산1동"",""중산1동"",""행신4동""]",1.1.0,weight_simplex_boundary_audit_v1,goyang_mixed_20250825_20260630,population=2026-06-30|onePersonHouseholds=2026-06-30|hiraFacilities=2026-06-30|analysisBoundary=2026-04-01|busStops=2025-08-25,가중치 0~1; Jaccard 0~1; 포함수 0~231; 순위 1~41,DSS(w)=w_cag*z(CAG)+w_bus*z(bus_inefficiency)+w_facility*z(nearest_facility_mean_m); 44동에서 z표준화 후 과거 팀 사후 대리매핑 3동을 상위8 선정에서 제외,0.05 간격 전체 비음수 simplex 231개는 실제 정책에서 타당한 가중치 집합으로 가정하지 않는다. 제한 범위 밖 극단값을 포함해 45개 결과의 경계 의존성을 반증하는 감사용이며 포함수는 확률이 아니다.,area_adjacency=AF16E5259A667F45F5BF7F6B3DF3A22E1A4837C477F6B68DDC26CDCF60E2DFF0|area_scores=455106174A3E492D501F73B8BA55EFD1B7525656638E8109AE015C290C352DE3|bus_stops=BBA5AC0E8F29538F42373B1789179B5B9D2CF0186E0D3A618537C83B74B628D5|facilities=9AA2BC9D9F9E0EC421FB7D23A9C9BF0BD5EDB59EB173A91CB27E6EB2655A1E07|grid_scores=F2B4631D6C4DB1C379BB9CAA13D29A9C055273F1C0D682BAC13EDD19C0A9E9BF|metrics_code=7A3920ABAC99C0EEE1FA013FF751C14428D5AA95E0F1F3F32FCED6B7A49541BA|model_spec=435B1018F2D35A2B421D1827A23C0DC739DC1F827F71189F8F818CE0B0C670E4|source_manifest=86163BE779951590317AB41BE2F9DE18666BC936F1735593673513008868CEC9,population=4D1530F251B312CE6564BA5676093B1043057F46A0FE2A58CF2756AFC530DA7B|one_person=01923C6EBD7440771E4EBE20CAB0648355A18C09D198677C0E265F5E68406A7D|admdongkor_boundary=6A63D079BA8AF4701AB200AD0B54EBDEA8689808B6E0E9F17973B9BA7883DC6A|bus_stops=01B63929056B55D0A8FE372756942FB9A81A89CB121A0CDB1838DDE9ED8555BF|hira_hospital=458D04F264BFE005CB12078699156CA72AD47B52062E0F79B8140E2635086268|hira_pharmacy=65B2B1E7F65BF1EFAF20C826BC1FB03CC24B65B359F4B5B51E1A234B334505A4
boundary_wc095_wb005_wf000,0.95,0.05,0,4,0.333333333333333,"[""고양동"",""관산동"",""주교동"",""행주동"",""성사2동"",""일산1동"",""중산1동"",""행신4동""]","[""가좌동"",""능곡동"",""송포동"",""효자동""]","[""성사2동"",""일산1동"",""중산1동"",""행신4동""]",1.1.0,weight_simplex_boundary_audit_v1,goyang_mixed_20250825_20260630,population=2026-06-30|onePersonHouseholds=2026-06-30|hiraFacilities=2026-06-30|analysisBoundary=2026-04-01|busStops=2025-08-25,가중치 0~1; Jaccard 0~1; 포함수 0~231; 순위 1~41,DSS(w)=w_cag*z(CAG)+w_bus*z(bus_inefficiency)+w_facility*z(nearest_facility_mean_m); 44동에서 z표준화 후 과거 팀 사후 대리매핑 3동을 상위8 선정에서 제외,0.05 간격 전체 비음수 simplex 231개는 실제 정책에서 타당한 가중치 집합으로 가정하지 않는다. 제한 범위 밖 극단값을 포함해 45개 결과의 경계 의존성을 반증하는 감사용이며 포함수는 확률이 아니다.,area_adjacency=AF16E5259A667F45F5BF7F6B3DF3A22E1A4837C477F6B68DDC26CDCF60E2DFF0|area_scores=455106174A3E492D501F73B8BA55EFD1B7525656638E8109AE015C290C352DE3|bus_stops=BBA5AC0E8F29538F42373B1789179B5B9D2CF0186E0D3A618537C83B74B628D5|facilities=9AA2BC9D9F9E0EC421FB7D23A9C9BF0BD5EDB59EB173A91CB27E6EB2655A1E07|grid_scores=F2B4631D6C4DB1C379BB9CAA13D29A9C055273F1C0D682BAC13EDD19C0A9E9BF|metrics_code=7A3920ABAC99C0EEE1FA013FF751C14428D5AA95E0F1F3F32FCED6B7A49541BA|model_spec=435B1018F2D35A2B421D1827A23C0DC739DC1F827F71189F8F818CE0B0C670E4|source_manifest=86163BE779951590317AB41BE2F9DE18666BC936F1735593673513008868CEC9,population=4D1530F251B312CE6564BA5676093B1043057F46A0FE2A58CF2756AFC530DA7B|one_person=01923C6EBD7440771E4EBE20CAB0648355A18C09D198677C0E265F5E68406A7D|admdongkor_boundary=6A63D079BA8AF4701AB200AD0B54EBDEA8689808B6E0E9F17973B9BA7883DC6A|bus_stops=01B63929056B55D0A8FE372756942FB9A81A89CB121A0CDB1838DDE9ED8555BF|hira_hospital=458D04F264BFE005CB12078699156CA72AD47B52062E0F79B8140E2635086268|hira_pharmacy=65B2B1E7F65BF1EFAF20C826BC1FB03CC24B65B359F4B5B51E1A234B334505A4
boundary_wc100_wb000_wf000,1,0,0,4,0.333333333333333,"[""고양동"",""관산동"",""주교동"",""행주동"",""성사2동"",""일산1동"",""중산1동"",""행신4동""]","[""가좌동"",""능곡동"",""송포동"",""효자동""]","[""성사2동"",""일산1동"",""중산1동"",""행신4동""]",1.1.0,weight_simplex_boundary_audit_v1,goyang_mixed_20250825_20260630,population=2026-06-30|onePersonHouseholds=2026-06-30|hiraFacilities=2026-06-30|analysisBoundary=2026-04-01|busStops=2025-08-25,가중치 0~1; Jaccard 0~1; 포함수 0~231; 순위 1~41,DSS(w)=w_cag*z(CAG)+w_bus*z(bus_inefficiency)+w_facility*z(nearest_facility_mean_m); 44동에서 z표준화 후 과거 팀 사후 대리매핑 3동을 상위8 선정에서 제외,0.05 간격 전체 비음수 simplex 231개는 실제 정책에서 타당한 가중치 집합으로 가정하지 않는다. 제한 범위 밖 극단값을 포함해 45개 결과의 경계 의존성을 반증하는 감사용이며 포함수는 확률이 아니다.,area_adjacency=AF16E5259A667F45F5BF7F6B3DF3A22E1A4837C477F6B68DDC26CDCF60E2DFF0|area_scores=455106174A3E492D501F73B8BA55EFD1B7525656638E8109AE015C290C352DE3|bus_stops=BBA5AC0E8F29538F42373B1789179B5B9D2CF0186E0D3A618537C83B74B628D5|facilities=9AA2BC9D9F9E0EC421FB7D23A9C9BF0BD5EDB59EB173A91CB27E6EB2655A1E07|grid_scores=F2B4631D6C4DB1C379BB9CAA13D29A9C055273F1C0D682BAC13EDD19C0A9E9BF|metrics_code=7A3920ABAC99C0EEE1FA013FF751C14428D5AA95E0F1F3F32FCED6B7A49541BA|model_spec=435B1018F2D35A2B421D1827A23C0DC739DC1F827F71189F8F818CE0B0C670E4|source_manifest=86163BE779951590317AB41BE2F9DE18666BC936F1735593673513008868CEC9,population=4D1530F251B312CE6564BA5676093B1043057F46A0FE2A58CF2756AFC530DA7B|one_person=01923C6EBD7440771E4EBE20CAB0648355A18C09D198677C0E265F5E68406A7D|admdongkor_boundary=6A63D079BA8AF4701AB200AD0B54EBDEA8689808B6E0E9F17973B9BA7883DC6A|bus_stops=01B63929056B55D0A8FE372756942FB9A81A89CB121A0CDB1838DDE9ED8555BF|hira_hospital=458D04F264BFE005CB12078699156CA72AD47B52062E0F79B8140E2635086268|hira_pharmacy=65B2B1E7F65BF1EFAF20C826BC1FB03CC24B65B359F4B5B51E1A234B334505A4
