code,dong,routeName,servingStopCount,routeMentionCount,artifact_schema_version,analysis_id,snapshot_id,source_dates,unit_definition,formula,limitation,input_sha256,raw_source_sha256
4128151000,주교동,017A,14,14,1.1.0,village_bus_static_presence_screen_v1,goyang_mixed_20250825_20260630,population=2026-06-30|onePersonHouseholds=2026-06-30|hiraFacilities=2026-06-30|analysisBoundary=2026-04-01|busStops=2025-08-25,정류장 개소; 노선표기 건; 고유 노선명 개; 비율 0~1; 낮은값 순위 1~44,routes_raw를 comma로 분리하고 '노선명(유형)'을 파싱; 유형='마을' 표기를 추출; 동별 마을정류장비율=마을노선 1개 이상 표기 정류장/전체 경계내 정류장; 고유 마을노선=동별 routeName distinct count,2025-08-25 정류장 CSV의 정적 노선 존재 표기만 쓴 1차 스크리닝이다. 배차·운행횟수·방향·시간대·환승·OD·보행권·노선변경을 알 수 없으므로 공급량·접근성·서비스 품질·도입 우선순위로 해석하지 않는다. 순위는 낮은 값 탐색용이다.,area_adjacency=AF16E5259A667F45F5BF7F6B3DF3A22E1A4837C477F6B68DDC26CDCF60E2DFF0|area_scores=455106174A3E492D501F73B8BA55EFD1B7525656638E8109AE015C290C352DE3|bus_stops=BBA5AC0E8F29538F42373B1789179B5B9D2CF0186E0D3A618537C83B74B628D5|facilities=9AA2BC9D9F9E0EC421FB7D23A9C9BF0BD5EDB59EB173A91CB27E6EB2655A1E07|grid_scores=F2B4631D6C4DB1C379BB9CAA13D29A9C055273F1C0D682BAC13EDD19C0A9E9BF|metrics_code=7A3920ABAC99C0EEE1FA013FF751C14428D5AA95E0F1F3F32FCED6B7A49541BA|model_spec=435B1018F2D35A2B421D1827A23C0DC739DC1F827F71189F8F818CE0B0C670E4|source_manifest=86163BE779951590317AB41BE2F9DE18666BC936F1735593673513008868CEC9,population=4D1530F251B312CE6564BA5676093B1043057F46A0FE2A58CF2756AFC530DA7B|one_person=01923C6EBD7440771E4EBE20CAB0648355A18C09D198677C0E265F5E68406A7D|admdongkor_boundary=6A63D079BA8AF4701AB200AD0B54EBDEA8689808B6E0E9F17973B9BA7883DC6A|bus_stops=01B63929056B55D0A8FE372756942FB9A81A89CB121A0CDB1838DDE9ED8555BF|hira_hospital=458D04F264BFE005CB12078699156CA72AD47B52062E0F79B8140E2635086268|hira_pharmacy=65B2B1E7F65BF1EFAF20C826BC1FB03CC24B65B359F4B5B51E1A234B334505A4
4128151000,주교동,018,11,11,1.1.0,village_bus_static_presence_screen_v1,goyang_mixed_20250825_20260630,population=2026-06-30|onePersonHouseholds=2026-06-30|hiraFacilities=2026-06-30|analysisBoundary=2026-04-01|busStops=2025-08-25,정류장 개소; 노선표기 건; 고유 노선명 개; 비율 0~1; 낮은값 순위 1~44,routes_raw를 comma로 분리하고 '노선명(유형)'을 파싱; 유형='마을' 표기를 추출; 동별 마을정류장비율=마을노선 1개 이상 표기 정류장/전체 경계내 정류장; 고유 마을노선=동별 routeName distinct count,2025-08-25 정류장 CSV의 정적 노선 존재 표기만 쓴 1차 스크리닝이다. 배차·운행횟수·방향·시간대·환승·OD·보행권·노선변경을 알 수 없으므로 공급량·접근성·서비스 품질·도입 우선순위로 해석하지 않는다. 순위는 낮은 값 탐색용이다.,area_adjacency=AF16E5259A667F45F5BF7F6B3DF3A22E1A4837C477F6B68DDC26CDCF60E2DFF0|area_scores=455106174A3E492D501F73B8BA55EFD1B7525656638E8109AE015C290C352DE3|bus_stops=BBA5AC0E8F29538F42373B1789179B5B9D2CF0186E0D3A618537C83B74B628D5|facilities=9AA2BC9D9F9E0EC421FB7D23A9C9BF0BD5EDB59EB173A91CB27E6EB2655A1E07|grid_scores=F2B4631D6C4DB1C379BB9CAA13D29A9C055273F1C0D682BAC13EDD19C0A9E9BF|metrics_code=7A3920ABAC99C0EEE1FA013FF751C14428D5AA95E0F1F3F32FCED6B7A49541BA|model_spec=435B1018F2D35A2B421D1827A23C0DC739DC1F827F71189F8F818CE0B0C670E4|source_manifest=86163BE779951590317AB41BE2F9DE18666BC936F1735593673513008868CEC9,population=4D1530F251B312CE6564BA5676093B1043057F46A0FE2A58CF2756AFC530DA7B|one_person=01923C6EBD7440771E4EBE20CAB0648355A18C09D198677C0E265F5E68406A7D|admdongkor_boundary=6A63D079BA8AF4701AB200AD0B54EBDEA8689808B6E0E9F17973B9BA7883DC6A|bus_stops=01B63929056B55D0A8FE372756942FB9A81A89CB121A0CDB1838DDE9ED8555BF|hira_hospital=458D04F264BFE005CB12078699156CA72AD47B52062E0F79B8140E2635086268|hira_pharmacy=65B2B1E7F65BF1EFAF20C826BC1FB03CC24B65B359F4B5B51E1A234B334505A4
4128151000,주교동,019,21,21,1.1.0,village_bus_static_presence_screen_v1,goyang_mixed_20250825_20260630,population=2026-06-30|onePersonHouseholds=2026-06-30|hiraFacilities=2026-06-30|analysisBoundary=2026-04-01|busStops=2025-08-25,정류장 개소; 노선표기 건; 고유 노선명 개; 비율 0~1; 낮은값 순위 1~44,routes_raw를 comma로 분리하고 '노선명(유형)'을 파싱; 유형='마을' 표기를 추출; 동별 마을정류장비율=마을노선 1개 이상 표기 정류장/전체 경계내 정류장; 고유 마을노선=동별 routeName distinct count,2025-08-25 정류장 CSV의 정적 노선 존재 표기만 쓴 1차 스크리닝이다. 배차·운행횟수·방향·시간대·환승·OD·보행권·노선변경을 알 수 없으므로 공급량·접근성·서비스 품질·도입 우선순위로 해석하지 않는다. 순위는 낮은 값 탐색용이다.,area_adjacency=AF16E5259A667F45F5BF7F6B3DF3A22E1A4837C477F6B68DDC26CDCF60E2DFF0|area_scores=455106174A3E492D501F73B8BA55EFD1B7525656638E8109AE015C290C352DE3|bus_stops=BBA5AC0E8F29538F42373B1789179B5B9D2CF0186E0D3A618537C83B74B628D5|facilities=9AA2BC9D9F9E0EC421FB7D23A9C9BF0BD5EDB59EB173A91CB27E6EB2655A1E07|grid_scores=F2B4631D6C4DB1C379BB9CAA13D29A9C055273F1C0D682BAC13EDD19C0A9E9BF|metrics_code=7A3920ABAC99C0EEE1FA013FF751C14428D5AA95E0F1F3F32FCED6B7A49541BA|model_spec=435B1018F2D35A2B421D1827A23C0DC739DC1F827F71189F8F818CE0B0C670E4|source_manifest=86163BE779951590317AB41BE2F9DE18666BC936F1735593673513008868CEC9,population=4D1530F251B312CE6564BA5676093B1043057F46A0FE2A58CF2756AFC530DA7B|one_person=01923C6EBD7440771E4EBE20CAB0648355A18C09D198677C0E265F5E68406A7D|admdongkor_boundary=6A63D079BA8AF4701AB200AD0B54EBDEA8689808B6E0E9F17973B9BA7883DC6A|bus_stops=01B63929056B55D0A8FE372756942FB9A81A89CB121A0CDB1838DDE9ED8555BF|hira_hospital=458D04F264BFE005CB12078699156CA72AD47B52062E0F79B8140E2635086268|hira_pharmacy=65B2B1E7F65BF1EFAF20C826BC1FB03CC24B65B359F4B5B51E1A234B334505A4
4128151000,주교동,029B,1,1,1.1.0,village_bus_static_presence_screen_v1,goyang_mixed_20250825_20260630,population=2026-06-30|onePersonHouseholds=2026-06-30|hiraFacilities=2026-06-30|analysisBoundary=2026-04-01|busStops=2025-08-25,정류장 개소; 노선표기 건; 고유 노선명 개; 비율 0~1; 낮은값 순위 1~44,routes_raw를 comma로 분리하고 '노선명(유형)'을 파싱; 유형='마을' 표기를 추출; 동별 마을정류장비율=마을노선 1개 이상 표기 정류장/전체 경계내 정류장; 고유 마을노선=동별 routeName distinct count,2025-08-25 정류장 CSV의 정적 노선 존재 표기만 쓴 1차 스크리닝이다. 배차·운행횟수·방향·시간대·환승·OD·보행권·노선변경을 알 수 없으므로 공급량·접근성·서비스 품질·도입 우선순위로 해석하지 않는다. 순위는 낮은 값 탐색용이다.,area_adjacency=AF16E5259A667F45F5BF7F6B3DF3A22E1A4837C477F6B68DDC26CDCF60E2DFF0|area_scores=455106174A3E492D501F73B8BA55EFD1B7525656638E8109AE015C290C352DE3|bus_stops=BBA5AC0E8F29538F42373B1789179B5B9D2CF0186E0D3A618537C83B74B628D5|facilities=9AA2BC9D9F9E0EC421FB7D23A9C9BF0BD5EDB59EB173A91CB27E6EB2655A1E07|grid_scores=F2B4631D6C4DB1C379BB9CAA13D29A9C055273F1C0D682BAC13EDD19C0A9E9BF|metrics_code=7A3920ABAC99C0EEE1FA013FF751C14428D5AA95E0F1F3F32FCED6B7A49541BA|model_spec=435B1018F2D35A2B421D1827A23C0DC739DC1F827F71189F8F818CE0B0C670E4|source_manifest=86163BE779951590317AB41BE2F9DE18666BC936F1735593673513008868CEC9,population=4D1530F251B312CE6564BA5676093B1043057F46A0FE2A58CF2756AFC530DA7B|one_person=01923C6EBD7440771E4EBE20CAB0648355A18C09D198677C0E265F5E68406A7D|admdongkor_boundary=6A63D079BA8AF4701AB200AD0B54EBDEA8689808B6E0E9F17973B9BA7883DC6A|bus_stops=01B63929056B55D0A8FE372756942FB9A81A89CB121A0CDB1838DDE9ED8555BF|hira_hospital=458D04F264BFE005CB12078699156CA72AD47B52062E0F79B8140E2635086268|hira_pharmacy=65B2B1E7F65BF1EFAF20C826BC1FB03CC24B65B359F4B5B51E1A234B334505A4
4128151000,주교동,072A,1,1,1.1.0,village_bus_static_presence_screen_v1,goyang_mixed_20250825_20260630,population=2026-06-30|onePersonHouseholds=2026-06-30|hiraFacilities=2026-06-30|analysisBoundary=2026-04-01|busStops=2025-08-25,정류장 개소; 노선표기 건; 고유 노선명 개; 비율 0~1; 낮은값 순위 1~44,routes_raw를 comma로 분리하고 '노선명(유형)'을 파싱; 유형='마을' 표기를 추출; 동별 마을정류장비율=마을노선 1개 이상 표기 정류장/전체 경계내 정류장; 고유 마을노선=동별 routeName distinct count,2025-08-25 정류장 CSV의 정적 노선 존재 표기만 쓴 1차 스크리닝이다. 배차·운행횟수·방향·시간대·환승·OD·보행권·노선변경을 알 수 없으므로 공급량·접근성·서비스 품질·도입 우선순위로 해석하지 않는다. 순위는 낮은 값 탐색용이다.,area_adjacency=AF16E5259A667F45F5BF7F6B3DF3A22E1A4837C477F6B68DDC26CDCF60E2DFF0|area_scores=455106174A3E492D501F73B8BA55EFD1B7525656638E8109AE015C290C352DE3|bus_stops=BBA5AC0E8F29538F42373B1789179B5B9D2CF0186E0D3A618537C83B74B628D5|facilities=9AA2BC9D9F9E0EC421FB7D23A9C9BF0BD5EDB59EB173A91CB27E6EB2655A1E07|grid_scores=F2B4631D6C4DB1C379BB9CAA13D29A9C055273F1C0D682BAC13EDD19C0A9E9BF|metrics_code=7A3920ABAC99C0EEE1FA013FF751C14428D5AA95E0F1F3F32FCED6B7A49541BA|model_spec=435B1018F2D35A2B421D1827A23C0DC739DC1F827F71189F8F818CE0B0C670E4|source_manifest=86163BE779951590317AB41BE2F9DE18666BC936F1735593673513008868CEC9,population=4D1530F251B312CE6564BA5676093B1043057F46A0FE2A58CF2756AFC530DA7B|one_person=01923C6EBD7440771E4EBE20CAB0648355A18C09D198677C0E265F5E68406A7D|admdongkor_boundary=6A63D079BA8AF4701AB200AD0B54EBDEA8689808B6E0E9F17973B9BA7883DC6A|bus_stops=01B63929056B55D0A8FE372756942FB9A81A89CB121A0CDB1838DDE9ED8555BF|hira_hospital=458D04F264BFE005CB12078699156CA72AD47B52062E0F79B8140E2635086268|hira_pharmacy=65B2B1E7F65BF1EFAF20C826BC1FB03CC24B65B359F4B5B51E1A234B334505A4
4128151000,주교동,097,7,7,1.1.0,village_bus_static_presence_screen_v1,goyang_mixed_20250825_20260630,population=2026-06-30|onePersonHouseholds=2026-06-30|hiraFacilities=2026-06-30|analysisBoundary=2026-04-01|busStops=2025-08-25,정류장 개소; 노선표기 건; 고유 노선명 개; 비율 0~1; 낮은값 순위 1~44,routes_raw를 comma로 분리하고 '노선명(유형)'을 파싱; 유형='마을' 표기를 추출; 동별 마을정류장비율=마을노선 1개 이상 표기 정류장/전체 경계내 정류장; 고유 마을노선=동별 routeName distinct count,2025-08-25 정류장 CSV의 정적 노선 존재 표기만 쓴 1차 스크리닝이다. 배차·운행횟수·방향·시간대·환승·OD·보행권·노선변경을 알 수 없으므로 공급량·접근성·서비스 품질·도입 우선순위로 해석하지 않는다. 순위는 낮은 값 탐색용이다.,area_adjacency=AF16E5259A667F45F5BF7F6B3DF3A22E1A4837C477F6B68DDC26CDCF60E2DFF0|area_scores=455106174A3E492D501F73B8BA55EFD1B7525656638E8109AE015C290C352DE3|bus_stops=BBA5AC0E8F29538F42373B1789179B5B9D2CF0186E0D3A618537C83B74B628D5|facilities=9AA2BC9D9F9E0EC421FB7D23A9C9BF0BD5EDB59EB173A91CB27E6EB2655A1E07|grid_scores=F2B4631D6C4DB1C379BB9CAA13D29A9C055273F1C0D682BAC13EDD19C0A9E9BF|metrics_code=7A3920ABAC99C0EEE1FA013FF751C14428D5AA95E0F1F3F32FCED6B7A49541BA|model_spec=435B1018F2D35A2B421D1827A23C0DC739DC1F827F71189F8F818CE0B0C670E4|source_manifest=86163BE779951590317AB41BE2F9DE18666BC936F1735593673513008868CEC9,population=4D1530F251B312CE6564BA5676093B1043057F46A0FE2A58CF2756AFC530DA7B|one_person=01923C6EBD7440771E4EBE20CAB0648355A18C09D198677C0E265F5E68406A7D|admdongkor_boundary=6A63D079BA8AF4701AB200AD0B54EBDEA8689808B6E0E9F17973B9BA7883DC6A|bus_stops=01B63929056B55D0A8FE372756942FB9A81A89CB121A0CDB1838DDE9ED8555BF|hira_hospital=458D04F264BFE005CB12078699156CA72AD47B52062E0F79B8140E2635086268|hira_pharmacy=65B2B1E7F65BF1EFAF20C826BC1FB03CC24B65B359F4B5B51E1A234B334505A4
4128151000,주교동,099,7,7,1.1.0,village_bus_static_presence_screen_v1,goyang_mixed_20250825_20260630,population=2026-06-30|onePersonHouseholds=2026-06-30|hiraFacilities=2026-06-30|analysisBoundary=2026-04-01|busStops=2025-08-25,정류장 개소; 노선표기 건; 고유 노선명 개; 비율 0~1; 낮은값 순위 1~44,routes_raw를 comma로 분리하고 '노선명(유형)'을 파싱; 유형='마을' 표기를 추출; 동별 마을정류장비율=마을노선 1개 이상 표기 정류장/전체 경계내 정류장; 고유 마을노선=동별 routeName distinct count,2025-08-25 정류장 CSV의 정적 노선 존재 표기만 쓴 1차 스크리닝이다. 배차·운행횟수·방향·시간대·환승·OD·보행권·노선변경을 알 수 없으므로 공급량·접근성·서비스 품질·도입 우선순위로 해석하지 않는다. 순위는 낮은 값 탐색용이다.,area_adjacency=AF16E5259A667F45F5BF7F6B3DF3A22E1A4837C477F6B68DDC26CDCF60E2DFF0|area_scores=455106174A3E492D501F73B8BA55EFD1B7525656638E8109AE015C290C352DE3|bus_stops=BBA5AC0E8F29538F42373B1789179B5B9D2CF0186E0D3A618537C83B74B628D5|facilities=9AA2BC9D9F9E0EC421FB7D23A9C9BF0BD5EDB59EB173A91CB27E6EB2655A1E07|grid_scores=F2B4631D6C4DB1C379BB9CAA13D29A9C055273F1C0D682BAC13EDD19C0A9E9BF|metrics_code=7A3920ABAC99C0EEE1FA013FF751C14428D5AA95E0F1F3F32FCED6B7A49541BA|model_spec=435B1018F2D35A2B421D1827A23C0DC739DC1F827F71189F8F818CE0B0C670E4|source_manifest=86163BE779951590317AB41BE2F9DE18666BC936F1735593673513008868CEC9,population=4D1530F251B312CE6564BA5676093B1043057F46A0FE2A58CF2756AFC530DA7B|one_person=01923C6EBD7440771E4EBE20CAB0648355A18C09D198677C0E265F5E68406A7D|admdongkor_boundary=6A63D079BA8AF4701AB200AD0B54EBDEA8689808B6E0E9F17973B9BA7883DC6A|bus_stops=01B63929056B55D0A8FE372756942FB9A81A89CB121A0CDB1838DDE9ED8555BF|hira_hospital=458D04F264BFE005CB12078699156CA72AD47B52062E0F79B8140E2635086268|hira_pharmacy=65B2B1E7F65BF1EFAF20C826BC1FB03CC24B65B359F4B5B51E1A234B334505A4
4128152000,원신동,012,4,4,1.1.0,village_bus_static_presence_screen_v1,goyang_mixed_20250825_20260630,population=2026-06-30|onePersonHouseholds=2026-06-30|hiraFacilities=2026-06-30|analysisBoundary=2026-04-01|busStops=2025-08-25,정류장 개소; 노선표기 건; 고유 노선명 개; 비율 0~1; 낮은값 순위 1~44,routes_raw를 comma로 분리하고 '노선명(유형)'을 파싱; 유형='마을' 표기를 추출; 동별 마을정류장비율=마을노선 1개 이상 표기 정류장/전체 경계내 정류장; 고유 마을노선=동별 routeName distinct count,2025-08-25 정류장 CSV의 정적 노선 존재 표기만 쓴 1차 스크리닝이다. 배차·운행횟수·방향·시간대·환승·OD·보행권·노선변경을 알 수 없으므로 공급량·접근성·서비스 품질·도입 우선순위로 해석하지 않는다. 순위는 낮은 값 탐색용이다.,area_adjacency=AF16E5259A667F45F5BF7F6B3DF3A22E1A4837C477F6B68DDC26CDCF60E2DFF0|area_scores=455106174A3E492D501F73B8BA55EFD1B7525656638E8109AE015C290C352DE3|bus_stops=BBA5AC0E8F29538F42373B1789179B5B9D2CF0186E0D3A618537C83B74B628D5|facilities=9AA2BC9D9F9E0EC421FB7D23A9C9BF0BD5EDB59EB173A91CB27E6EB2655A1E07|grid_scores=F2B4631D6C4DB1C379BB9CAA13D29A9C055273F1C0D682BAC13EDD19C0A9E9BF|metrics_code=7A3920ABAC99C0EEE1FA013FF751C14428D5AA95E0F1F3F32FCED6B7A49541BA|model_spec=435B1018F2D35A2B421D1827A23C0DC739DC1F827F71189F8F818CE0B0C670E4|source_manifest=86163BE779951590317AB41BE2F9DE18666BC936F1735593673513008868CEC9,population=4D1530F251B312CE6564BA5676093B1043057F46A0FE2A58CF2756AFC530DA7B|one_person=01923C6EBD7440771E4EBE20CAB0648355A18C09D198677C0E265F5E68406A7D|admdongkor_boundary=6A63D079BA8AF4701AB200AD0B54EBDEA8689808B6E0E9F17973B9BA7883DC6A|bus_stops=01B63929056B55D0A8FE372756942FB9A81A89CB121A0CDB1838DDE9ED8555BF|hira_hospital=458D04F264BFE005CB12078699156CA72AD47B52062E0F79B8140E2635086268|hira_pharmacy=65B2B1E7F65BF1EFAF20C826BC1FB03CC24B65B359F4B5B51E1A234B334505A4
4128152000,원신동,013,1,1,1.1.0,village_bus_static_presence_screen_v1,goyang_mixed_20250825_20260630,population=2026-06-30|onePersonHouseholds=2026-06-30|hiraFacilities=2026-06-30|analysisBoundary=2026-04-01|busStops=2025-08-25,정류장 개소; 노선표기 건; 고유 노선명 개; 비율 0~1; 낮은값 순위 1~44,routes_raw를 comma로 분리하고 '노선명(유형)'을 파싱; 유형='마을' 표기를 추출; 동별 마을정류장비율=마을노선 1개 이상 표기 정류장/전체 경계내 정류장; 고유 마을노선=동별 routeName distinct count,2025-08-25 정류장 CSV의 정적 노선 존재 표기만 쓴 1차 스크리닝이다. 배차·운행횟수·방향·시간대·환승·OD·보행권·노선변경을 알 수 없으므로 공급량·접근성·서비스 품질·도입 우선순위로 해석하지 않는다. 순위는 낮은 값 탐색용이다.,area_adjacency=AF16E5259A667F45F5BF7F6B3DF3A22E1A4837C477F6B68DDC26CDCF60E2DFF0|area_scores=455106174A3E492D501F73B8BA55EFD1B7525656638E8109AE015C290C352DE3|bus_stops=BBA5AC0E8F29538F42373B1789179B5B9D2CF0186E0D3A618537C83B74B628D5|facilities=9AA2BC9D9F9E0EC421FB7D23A9C9BF0BD5EDB59EB173A91CB27E6EB2655A1E07|grid_scores=F2B4631D6C4DB1C379BB9CAA13D29A9C055273F1C0D682BAC13EDD19C0A9E9BF|metrics_code=7A3920ABAC99C0EEE1FA013FF751C14428D5AA95E0F1F3F32FCED6B7A49541BA|model_spec=435B1018F2D35A2B421D1827A23C0DC739DC1F827F71189F8F818CE0B0C670E4|source_manifest=86163BE779951590317AB41BE2F9DE18666BC936F1735593673513008868CEC9,population=4D1530F251B312CE6564BA5676093B1043057F46A0FE2A58CF2756AFC530DA7B|one_person=01923C6EBD7440771E4EBE20CAB0648355A18C09D198677C0E265F5E68406A7D|admdongkor_boundary=6A63D079BA8AF4701AB200AD0B54EBDEA8689808B6E0E9F17973B9BA7883DC6A|bus_stops=01B63929056B55D0A8FE372756942FB9A81A89CB121A0CDB1838DDE9ED8555BF|hira_hospital=458D04F264BFE005CB12078699156CA72AD47B52062E0F79B8140E2635086268|hira_pharmacy=65B2B1E7F65BF1EFAF20C826BC1FB03CC24B65B359F4B5B51E1A234B334505A4
4128152000,원신동,025,6,6,1.1.0,village_bus_static_presence_screen_v1,goyang_mixed_20250825_20260630,population=2026-06-30|onePersonHouseholds=2026-06-30|hiraFacilities=2026-06-30|analysisBoundary=2026-04-01|busStops=2025-08-25,정류장 개소; 노선표기 건; 고유 노선명 개; 비율 0~1; 낮은값 순위 1~44,routes_raw를 comma로 분리하고 '노선명(유형)'을 파싱; 유형='마을' 표기를 추출; 동별 마을정류장비율=마을노선 1개 이상 표기 정류장/전체 경계내 정류장; 고유 마을노선=동별 routeName distinct count,2025-08-25 정류장 CSV의 정적 노선 존재 표기만 쓴 1차 스크리닝이다. 배차·운행횟수·방향·시간대·환승·OD·보행권·노선변경을 알 수 없으므로 공급량·접근성·서비스 품질·도입 우선순위로 해석하지 않는다. 순위는 낮은 값 탐색용이다.,area_adjacency=AF16E5259A667F45F5BF7F6B3DF3A22E1A4837C477F6B68DDC26CDCF60E2DFF0|area_scores=455106174A3E492D501F73B8BA55EFD1B7525656638E8109AE015C290C352DE3|bus_stops=BBA5AC0E8F29538F42373B1789179B5B9D2CF0186E0D3A618537C83B74B628D5|facilities=9AA2BC9D9F9E0EC421FB7D23A9C9BF0BD5EDB59EB173A91CB27E6EB2655A1E07|grid_scores=F2B4631D6C4DB1C379BB9CAA13D29A9C055273F1C0D682BAC13EDD19C0A9E9BF|metrics_code=7A3920ABAC99C0EEE1FA013FF751C14428D5AA95E0F1F3F32FCED6B7A49541BA|model_spec=435B1018F2D35A2B421D1827A23C0DC739DC1F827F71189F8F818CE0B0C670E4|source_manifest=86163BE779951590317AB41BE2F9DE18666BC936F1735593673513008868CEC9,population=4D1530F251B312CE6564BA5676093B1043057F46A0FE2A58CF2756AFC530DA7B|one_person=01923C6EBD7440771E4EBE20CAB0648355A18C09D198677C0E265F5E68406A7D|admdongkor_boundary=6A63D079BA8AF4701AB200AD0B54EBDEA8689808B6E0E9F17973B9BA7883DC6A|bus_stops=01B63929056B55D0A8FE372756942FB9A81A89CB121A0CDB1838DDE9ED8555BF|hira_hospital=458D04F264BFE005CB12078699156CA72AD47B52062E0F79B8140E2635086268|hira_pharmacy=65B2B1E7F65BF1EFAF20C826BC1FB03CC24B65B359F4B5B51E1A234B334505A4
4128152000,원신동,026,6,6,1.1.0,village_bus_static_presence_screen_v1,goyang_mixed_20250825_20260630,population=2026-06-30|onePersonHouseholds=2026-06-30|hiraFacilities=2026-06-30|analysisBoundary=2026-04-01|busStops=2025-08-25,정류장 개소; 노선표기 건; 고유 노선명 개; 비율 0~1; 낮은값 순위 1~44,routes_raw를 comma로 분리하고 '노선명(유형)'을 파싱; 유형='마을' 표기를 추출; 동별 마을정류장비율=마을노선 1개 이상 표기 정류장/전체 경계내 정류장; 고유 마을노선=동별 routeName distinct count,2025-08-25 정류장 CSV의 정적 노선 존재 표기만 쓴 1차 스크리닝이다. 배차·운행횟수·방향·시간대·환승·OD·보행권·노선변경을 알 수 없으므로 공급량·접근성·서비스 품질·도입 우선순위로 해석하지 않는다. 순위는 낮은 값 탐색용이다.,area_adjacency=AF16E5259A667F45F5BF7F6B3DF3A22E1A4837C477F6B68DDC26CDCF60E2DFF0|area_scores=455106174A3E492D501F73B8BA55EFD1B7525656638E8109AE015C290C352DE3|bus_stops=BBA5AC0E8F29538F42373B1789179B5B9D2CF0186E0D3A618537C83B74B628D5|facilities=9AA2BC9D9F9E0EC421FB7D23A9C9BF0BD5EDB59EB173A91CB27E6EB2655A1E07|grid_scores=F2B4631D6C4DB1C379BB9CAA13D29A9C055273F1C0D682BAC13EDD19C0A9E9BF|metrics_code=7A3920ABAC99C0EEE1FA013FF751C14428D5AA95E0F1F3F32FCED6B7A49541BA|model_spec=435B1018F2D35A2B421D1827A23C0DC739DC1F827F71189F8F818CE0B0C670E4|source_manifest=86163BE779951590317AB41BE2F9DE18666BC936F1735593673513008868CEC9,population=4D1530F251B312CE6564BA5676093B1043057F46A0FE2A58CF2756AFC530DA7B|one_person=01923C6EBD7440771E4EBE20CAB0648355A18C09D198677C0E265F5E68406A7D|admdongkor_boundary=6A63D079BA8AF4701AB200AD0B54EBDEA8689808B6E0E9F17973B9BA7883DC6A|bus_stops=01B63929056B55D0A8FE372756942FB9A81A89CB121A0CDB1838DDE9ED8555BF|hira_hospital=458D04F264BFE005CB12078699156CA72AD47B52062E0F79B8140E2635086268|hira_pharmacy=65B2B1E7F65BF1EFAF20C826BC1FB03CC24B65B359F4B5B51E1A234B334505A4
4128152000,원신동,033,26,26,1.1.0,village_bus_static_presence_screen_v1,goyang_mixed_20250825_20260630,population=2026-06-30|onePersonHouseholds=2026-06-30|hiraFacilities=2026-06-30|analysisBoundary=2026-04-01|busStops=2025-08-25,정류장 개소; 노선표기 건; 고유 노선명 개; 비율 0~1; 낮은값 순위 1~44,routes_raw를 comma로 분리하고 '노선명(유형)'을 파싱; 유형='마을' 표기를 추출; 동별 마을정류장비율=마을노선 1개 이상 표기 정류장/전체 경계내 정류장; 고유 마을노선=동별 routeName distinct count,2025-08-25 정류장 CSV의 정적 노선 존재 표기만 쓴 1차 스크리닝이다. 배차·운행횟수·방향·시간대·환승·OD·보행권·노선변경을 알 수 없으므로 공급량·접근성·서비스 품질·도입 우선순위로 해석하지 않는다. 순위는 낮은 값 탐색용이다.,area_adjacency=AF16E5259A667F45F5BF7F6B3DF3A22E1A4837C477F6B68DDC26CDCF60E2DFF0|area_scores=455106174A3E492D501F73B8BA55EFD1B7525656638E8109AE015C290C352DE3|bus_stops=BBA5AC0E8F29538F42373B1789179B5B9D2CF0186E0D3A618537C83B74B628D5|facilities=9AA2BC9D9F9E0EC421FB7D23A9C9BF0BD5EDB59EB173A91CB27E6EB2655A1E07|grid_scores=F2B4631D6C4DB1C379BB9CAA13D29A9C055273F1C0D682BAC13EDD19C0A9E9BF|metrics_code=7A3920ABAC99C0EEE1FA013FF751C14428D5AA95E0F1F3F32FCED6B7A49541BA|model_spec=435B1018F2D35A2B421D1827A23C0DC739DC1F827F71189F8F818CE0B0C670E4|source_manifest=86163BE779951590317AB41BE2F9DE18666BC936F1735593673513008868CEC9,population=4D1530F251B312CE6564BA5676093B1043057F46A0FE2A58CF2756AFC530DA7B|one_person=01923C6EBD7440771E4EBE20CAB0648355A18C09D198677C0E265F5E68406A7D|admdongkor_boundary=6A63D079BA8AF4701AB200AD0B54EBDEA8689808B6E0E9F17973B9BA7883DC6A|bus_stops=01B63929056B55D0A8FE372756942FB9A81A89CB121A0CDB1838DDE9ED8555BF|hira_hospital=458D04F264BFE005CB12078699156CA72AD47B52062E0F79B8140E2635086268|hira_pharmacy=65B2B1E7F65BF1EFAF20C826BC1FB03CC24B65B359F4B5B51E1A234B334505A4
4128152000,원신동,037,6,6,1.1.0,village_bus_static_presence_screen_v1,goyang_mixed_20250825_20260630,population=2026-06-30|onePersonHouseholds=2026-06-30|hiraFacilities=2026-06-30|analysisBoundary=2026-04-01|busStops=2025-08-25,정류장 개소; 노선표기 건; 고유 노선명 개; 비율 0~1; 낮은값 순위 1~44,routes_raw를 comma로 분리하고 '노선명(유형)'을 파싱; 유형='마을' 표기를 추출; 동별 마을정류장비율=마을노선 1개 이상 표기 정류장/전체 경계내 정류장; 고유 마을노선=동별 routeName distinct count,2025-08-25 정류장 CSV의 정적 노선 존재 표기만 쓴 1차 스크리닝이다. 배차·운행횟수·방향·시간대·환승·OD·보행권·노선변경을 알 수 없으므로 공급량·접근성·서비스 품질·도입 우선순위로 해석하지 않는다. 순위는 낮은 값 탐색용이다.,area_adjacency=AF16E5259A667F45F5BF7F6B3DF3A22E1A4837C477F6B68DDC26CDCF60E2DFF0|area_scores=455106174A3E492D501F73B8BA55EFD1B7525656638E8109AE015C290C352DE3|bus_stops=BBA5AC0E8F29538F42373B1789179B5B9D2CF0186E0D3A618537C83B74B628D5|facilities=9AA2BC9D9F9E0EC421FB7D23A9C9BF0BD5EDB59EB173A91CB27E6EB2655A1E07|grid_scores=F2B4631D6C4DB1C379BB9CAA13D29A9C055273F1C0D682BAC13EDD19C0A9E9BF|metrics_code=7A3920ABAC99C0EEE1FA013FF751C14428D5AA95E0F1F3F32FCED6B7A49541BA|model_spec=435B1018F2D35A2B421D1827A23C0DC739DC1F827F71189F8F818CE0B0C670E4|source_manifest=86163BE779951590317AB41BE2F9DE18666BC936F1735593673513008868CEC9,population=4D1530F251B312CE6564BA5676093B1043057F46A0FE2A58CF2756AFC530DA7B|one_person=01923C6EBD7440771E4EBE20CAB0648355A18C09D198677C0E265F5E68406A7D|admdongkor_boundary=6A63D079BA8AF4701AB200AD0B54EBDEA8689808B6E0E9F17973B9BA7883DC6A|bus_stops=01B63929056B55D0A8FE372756942FB9A81A89CB121A0CDB1838DDE9ED8555BF|hira_hospital=458D04F264BFE005CB12078699156CA72AD47B52062E0F79B8140E2635086268|hira_pharmacy=65B2B1E7F65BF1EFAF20C826BC1FB03CC24B65B359F4B5B51E1A234B334505A4
4128152000,원신동,040,12,12,1.1.0,village_bus_static_presence_screen_v1,goyang_mixed_20250825_20260630,population=2026-06-30|onePersonHouseholds=2026-06-30|hiraFacilities=2026-06-30|analysisBoundary=2026-04-01|busStops=2025-08-25,정류장 개소; 노선표기 건; 고유 노선명 개; 비율 0~1; 낮은값 순위 1~44,routes_raw를 comma로 분리하고 '노선명(유형)'을 파싱; 유형='마을' 표기를 추출; 동별 마을정류장비율=마을노선 1개 이상 표기 정류장/전체 경계내 정류장; 고유 마을노선=동별 routeName distinct count,2025-08-25 정류장 CSV의 정적 노선 존재 표기만 쓴 1차 스크리닝이다. 배차·운행횟수·방향·시간대·환승·OD·보행권·노선변경을 알 수 없으므로 공급량·접근성·서비스 품질·도입 우선순위로 해석하지 않는다. 순위는 낮은 값 탐색용이다.,area_adjacency=AF16E5259A667F45F5BF7F6B3DF3A22E1A4837C477F6B68DDC26CDCF60E2DFF0|area_scores=455106174A3E492D501F73B8BA55EFD1B7525656638E8109AE015C290C352DE3|bus_stops=BBA5AC0E8F29538F42373B1789179B5B9D2CF0186E0D3A618537C83B74B628D5|facilities=9AA2BC9D9F9E0EC421FB7D23A9C9BF0BD5EDB59EB173A91CB27E6EB2655A1E07|grid_scores=F2B4631D6C4DB1C379BB9CAA13D29A9C055273F1C0D682BAC13EDD19C0A9E9BF|metrics_code=7A3920ABAC99C0EEE1FA013FF751C14428D5AA95E0F1F3F32FCED6B7A49541BA|model_spec=435B1018F2D35A2B421D1827A23C0DC739DC1F827F71189F8F818CE0B0C670E4|source_manifest=86163BE779951590317AB41BE2F9DE18666BC936F1735593673513008868CEC9,population=4D1530F251B312CE6564BA5676093B1043057F46A0FE2A58CF2756AFC530DA7B|one_person=01923C6EBD7440771E4EBE20CAB0648355A18C09D198677C0E265F5E68406A7D|admdongkor_boundary=6A63D079BA8AF4701AB200AD0B54EBDEA8689808B6E0E9F17973B9BA7883DC6A|bus_stops=01B63929056B55D0A8FE372756942FB9A81A89CB121A0CDB1838DDE9ED8555BF|hira_hospital=458D04F264BFE005CB12078699156CA72AD47B52062E0F79B8140E2635086268|hira_pharmacy=65B2B1E7F65BF1EFAF20C826BC1FB03CC24B65B359F4B5B51E1A234B334505A4
4128152000,원신동,041B,6,6,1.1.0,village_bus_static_presence_screen_v1,goyang_mixed_20250825_20260630,population=2026-06-30|onePersonHouseholds=2026-06-30|hiraFacilities=2026-06-30|analysisBoundary=2026-04-01|busStops=2025-08-25,정류장 개소; 노선표기 건; 고유 노선명 개; 비율 0~1; 낮은값 순위 1~44,routes_raw를 comma로 분리하고 '노선명(유형)'을 파싱; 유형='마을' 표기를 추출; 동별 마을정류장비율=마을노선 1개 이상 표기 정류장/전체 경계내 정류장; 고유 마을노선=동별 routeName distinct count,2025-08-25 정류장 CSV의 정적 노선 존재 표기만 쓴 1차 스크리닝이다. 배차·운행횟수·방향·시간대·환승·OD·보행권·노선변경을 알 수 없으므로 공급량·접근성·서비스 품질·도입 우선순위로 해석하지 않는다. 순위는 낮은 값 탐색용이다.,area_adjacency=AF16E5259A667F45F5BF7F6B3DF3A22E1A4837C477F6B68DDC26CDCF60E2DFF0|area_scores=455106174A3E492D501F73B8BA55EFD1B7525656638E8109AE015C290C352DE3|bus_stops=BBA5AC0E8F29538F42373B1789179B5B9D2CF0186E0D3A618537C83B74B628D5|facilities=9AA2BC9D9F9E0EC421FB7D23A9C9BF0BD5EDB59EB173A91CB27E6EB2655A1E07|grid_scores=F2B4631D6C4DB1C379BB9CAA13D29A9C055273F1C0D682BAC13EDD19C0A9E9BF|metrics_code=7A3920ABAC99C0EEE1FA013FF751C14428D5AA95E0F1F3F32FCED6B7A49541BA|model_spec=435B1018F2D35A2B421D1827A23C0DC739DC1F827F71189F8F818CE0B0C670E4|source_manifest=86163BE779951590317AB41BE2F9DE18666BC936F1735593673513008868CEC9,population=4D1530F251B312CE6564BA5676093B1043057F46A0FE2A58CF2756AFC530DA7B|one_person=01923C6EBD7440771E4EBE20CAB0648355A18C09D198677C0E265F5E68406A7D|admdongkor_boundary=6A63D079BA8AF4701AB200AD0B54EBDEA8689808B6E0E9F17973B9BA7883DC6A|bus_stops=01B63929056B55D0A8FE372756942FB9A81A89CB121A0CDB1838DDE9ED8555BF|hira_hospital=458D04F264BFE005CB12078699156CA72AD47B52062E0F79B8140E2635086268|hira_pharmacy=65B2B1E7F65BF1EFAF20C826BC1FB03CC24B65B359F4B5B51E1A234B334505A4
4128152000,원신동,043,1,1,1.1.0,village_bus_static_presence_screen_v1,goyang_mixed_20250825_20260630,population=2026-06-30|onePersonHouseholds=2026-06-30|hiraFacilities=2026-06-30|analysisBoundary=2026-04-01|busStops=2025-08-25,정류장 개소; 노선표기 건; 고유 노선명 개; 비율 0~1; 낮은값 순위 1~44,routes_raw를 comma로 분리하고 '노선명(유형)'을 파싱; 유형='마을' 표기를 추출; 동별 마을정류장비율=마을노선 1개 이상 표기 정류장/전체 경계내 정류장; 고유 마을노선=동별 routeName distinct count,2025-08-25 정류장 CSV의 정적 노선 존재 표기만 쓴 1차 스크리닝이다. 배차·운행횟수·방향·시간대·환승·OD·보행권·노선변경을 알 수 없으므로 공급량·접근성·서비스 품질·도입 우선순위로 해석하지 않는다. 순위는 낮은 값 탐색용이다.,area_adjacency=AF16E5259A667F45F5BF7F6B3DF3A22E1A4837C477F6B68DDC26CDCF60E2DFF0|area_scores=455106174A3E492D501F73B8BA55EFD1B7525656638E8109AE015C290C352DE3|bus_stops=BBA5AC0E8F29538F42373B1789179B5B9D2CF0186E0D3A618537C83B74B628D5|facilities=9AA2BC9D9F9E0EC421FB7D23A9C9BF0BD5EDB59EB173A91CB27E6EB2655A1E07|grid_scores=F2B4631D6C4DB1C379BB9CAA13D29A9C055273F1C0D682BAC13EDD19C0A9E9BF|metrics_code=7A3920ABAC99C0EEE1FA013FF751C14428D5AA95E0F1F3F32FCED6B7A49541BA|model_spec=435B1018F2D35A2B421D1827A23C0DC739DC1F827F71189F8F818CE0B0C670E4|source_manifest=86163BE779951590317AB41BE2F9DE18666BC936F1735593673513008868CEC9,population=4D1530F251B312CE6564BA5676093B1043057F46A0FE2A58CF2756AFC530DA7B|one_person=01923C6EBD7440771E4EBE20CAB0648355A18C09D198677C0E265F5E68406A7D|admdongkor_boundary=6A63D079BA8AF4701AB200AD0B54EBDEA8689808B6E0E9F17973B9BA7883DC6A|bus_stops=01B63929056B55D0A8FE372756942FB9A81A89CB121A0CDB1838DDE9ED8555BF|hira_hospital=458D04F264BFE005CB12078699156CA72AD47B52062E0F79B8140E2635086268|hira_pharmacy=65B2B1E7F65BF1EFAF20C826BC1FB03CC24B65B359F4B5B51E1A234B334505A4
4128152000,원신동,043(원당역),1,1,1.1.0,village_bus_static_presence_screen_v1,goyang_mixed_20250825_20260630,population=2026-06-30|onePersonHouseholds=2026-06-30|hiraFacilities=2026-06-30|analysisBoundary=2026-04-01|busStops=2025-08-25,정류장 개소; 노선표기 건; 고유 노선명 개; 비율 0~1; 낮은값 순위 1~44,routes_raw를 comma로 분리하고 '노선명(유형)'을 파싱; 유형='마을' 표기를 추출; 동별 마을정류장비율=마을노선 1개 이상 표기 정류장/전체 경계내 정류장; 고유 마을노선=동별 routeName distinct count,2025-08-25 정류장 CSV의 정적 노선 존재 표기만 쓴 1차 스크리닝이다. 배차·운행횟수·방향·시간대·환승·OD·보행권·노선변경을 알 수 없으므로 공급량·접근성·서비스 품질·도입 우선순위로 해석하지 않는다. 순위는 낮은 값 탐색용이다.,area_adjacency=AF16E5259A667F45F5BF7F6B3DF3A22E1A4837C477F6B68DDC26CDCF60E2DFF0|area_scores=455106174A3E492D501F73B8BA55EFD1B7525656638E8109AE015C290C352DE3|bus_stops=BBA5AC0E8F29538F42373B1789179B5B9D2CF0186E0D3A618537C83B74B628D5|facilities=9AA2BC9D9F9E0EC421FB7D23A9C9BF0BD5EDB59EB173A91CB27E6EB2655A1E07|grid_scores=F2B4631D6C4DB1C379BB9CAA13D29A9C055273F1C0D682BAC13EDD19C0A9E9BF|metrics_code=7A3920ABAC99C0EEE1FA013FF751C14428D5AA95E0F1F3F32FCED6B7A49541BA|model_spec=435B1018F2D35A2B421D1827A23C0DC739DC1F827F71189F8F818CE0B0C670E4|source_manifest=86163BE779951590317AB41BE2F9DE18666BC936F1735593673513008868CEC9,population=4D1530F251B312CE6564BA5676093B1043057F46A0FE2A58CF2756AFC530DA7B|one_person=01923C6EBD7440771E4EBE20CAB0648355A18C09D198677C0E265F5E68406A7D|admdongkor_boundary=6A63D079BA8AF4701AB200AD0B54EBDEA8689808B6E0E9F17973B9BA7883DC6A|bus_stops=01B63929056B55D0A8FE372756942FB9A81A89CB121A0CDB1838DDE9ED8555BF|hira_hospital=458D04F264BFE005CB12078699156CA72AD47B52062E0F79B8140E2635086268|hira_pharmacy=65B2B1E7F65BF1EFAF20C826BC1FB03CC24B65B359F4B5B51E1A234B334505A4
4128152000,원신동,047,10,10,1.1.0,village_bus_static_presence_screen_v1,goyang_mixed_20250825_20260630,population=2026-06-30|onePersonHouseholds=2026-06-30|hiraFacilities=2026-06-30|analysisBoundary=2026-04-01|busStops=2025-08-25,정류장 개소; 노선표기 건; 고유 노선명 개; 비율 0~1; 낮은값 순위 1~44,routes_raw를 comma로 분리하고 '노선명(유형)'을 파싱; 유형='마을' 표기를 추출; 동별 마을정류장비율=마을노선 1개 이상 표기 정류장/전체 경계내 정류장; 고유 마을노선=동별 routeName distinct count,2025-08-25 정류장 CSV의 정적 노선 존재 표기만 쓴 1차 스크리닝이다. 배차·운행횟수·방향·시간대·환승·OD·보행권·노선변경을 알 수 없으므로 공급량·접근성·서비스 품질·도입 우선순위로 해석하지 않는다. 순위는 낮은 값 탐색용이다.,area_adjacency=AF16E5259A667F45F5BF7F6B3DF3A22E1A4837C477F6B68DDC26CDCF60E2DFF0|area_scores=455106174A3E492D501F73B8BA55EFD1B7525656638E8109AE015C290C352DE3|bus_stops=BBA5AC0E8F29538F42373B1789179B5B9D2CF0186E0D3A618537C83B74B628D5|facilities=9AA2BC9D9F9E0EC421FB7D23A9C9BF0BD5EDB59EB173A91CB27E6EB2655A1E07|grid_scores=F2B4631D6C4DB1C379BB9CAA13D29A9C055273F1C0D682BAC13EDD19C0A9E9BF|metrics_code=7A3920ABAC99C0EEE1FA013FF751C14428D5AA95E0F1F3F32FCED6B7A49541BA|model_spec=435B1018F2D35A2B421D1827A23C0DC739DC1F827F71189F8F818CE0B0C670E4|source_manifest=86163BE779951590317AB41BE2F9DE18666BC936F1735593673513008868CEC9,population=4D1530F251B312CE6564BA5676093B1043057F46A0FE2A58CF2756AFC530DA7B|one_person=01923C6EBD7440771E4EBE20CAB0648355A18C09D198677C0E265F5E68406A7D|admdongkor_boundary=6A63D079BA8AF4701AB200AD0B54EBDEA8689808B6E0E9F17973B9BA7883DC6A|bus_stops=01B63929056B55D0A8FE372756942FB9A81A89CB121A0CDB1838DDE9ED8555BF|hira_hospital=458D04F264BFE005CB12078699156CA72AD47B52062E0F79B8140E2635086268|hira_pharmacy=65B2B1E7F65BF1EFAF20C826BC1FB03CC24B65B359F4B5B51E1A234B334505A4
4128152000,원신동,048,12,12,1.1.0,village_bus_static_presence_screen_v1,goyang_mixed_20250825_20260630,population=2026-06-30|onePersonHouseholds=2026-06-30|hiraFacilities=2026-06-30|analysisBoundary=2026-04-01|busStops=2025-08-25,정류장 개소; 노선표기 건; 고유 노선명 개; 비율 0~1; 낮은값 순위 1~44,routes_raw를 comma로 분리하고 '노선명(유형)'을 파싱; 유형='마을' 표기를 추출; 동별 마을정류장비율=마을노선 1개 이상 표기 정류장/전체 경계내 정류장; 고유 마을노선=동별 routeName distinct count,2025-08-25 정류장 CSV의 정적 노선 존재 표기만 쓴 1차 스크리닝이다. 배차·운행횟수·방향·시간대·환승·OD·보행권·노선변경을 알 수 없으므로 공급량·접근성·서비스 품질·도입 우선순위로 해석하지 않는다. 순위는 낮은 값 탐색용이다.,area_adjacency=AF16E5259A667F45F5BF7F6B3DF3A22E1A4837C477F6B68DDC26CDCF60E2DFF0|area_scores=455106174A3E492D501F73B8BA55EFD1B7525656638E8109AE015C290C352DE3|bus_stops=BBA5AC0E8F29538F42373B1789179B5B9D2CF0186E0D3A618537C83B74B628D5|facilities=9AA2BC9D9F9E0EC421FB7D23A9C9BF0BD5EDB59EB173A91CB27E6EB2655A1E07|grid_scores=F2B4631D6C4DB1C379BB9CAA13D29A9C055273F1C0D682BAC13EDD19C0A9E9BF|metrics_code=7A3920ABAC99C0EEE1FA013FF751C14428D5AA95E0F1F3F32FCED6B7A49541BA|model_spec=435B1018F2D35A2B421D1827A23C0DC739DC1F827F71189F8F818CE0B0C670E4|source_manifest=86163BE779951590317AB41BE2F9DE18666BC936F1735593673513008868CEC9,population=4D1530F251B312CE6564BA5676093B1043057F46A0FE2A58CF2756AFC530DA7B|one_person=01923C6EBD7440771E4EBE20CAB0648355A18C09D198677C0E265F5E68406A7D|admdongkor_boundary=6A63D079BA8AF4701AB200AD0B54EBDEA8689808B6E0E9F17973B9BA7883DC6A|bus_stops=01B63929056B55D0A8FE372756942FB9A81A89CB121A0CDB1838DDE9ED8555BF|hira_hospital=458D04F264BFE005CB12078699156CA72AD47B52062E0F79B8140E2635086268|hira_pharmacy=65B2B1E7F65BF1EFAF20C826BC1FB03CC24B65B359F4B5B51E1A234B334505A4
4128152000,원신동,053,6,6,1.1.0,village_bus_static_presence_screen_v1,goyang_mixed_20250825_20260630,population=2026-06-30|onePersonHouseholds=2026-06-30|hiraFacilities=2026-06-30|analysisBoundary=2026-04-01|busStops=2025-08-25,정류장 개소; 노선표기 건; 고유 노선명 개; 비율 0~1; 낮은값 순위 1~44,routes_raw를 comma로 분리하고 '노선명(유형)'을 파싱; 유형='마을' 표기를 추출; 동별 마을정류장비율=마을노선 1개 이상 표기 정류장/전체 경계내 정류장; 고유 마을노선=동별 routeName distinct count,2025-08-25 정류장 CSV의 정적 노선 존재 표기만 쓴 1차 스크리닝이다. 배차·운행횟수·방향·시간대·환승·OD·보행권·노선변경을 알 수 없으므로 공급량·접근성·서비스 품질·도입 우선순위로 해석하지 않는다. 순위는 낮은 값 탐색용이다.,area_adjacency=AF16E5259A667F45F5BF7F6B3DF3A22E1A4837C477F6B68DDC26CDCF60E2DFF0|area_scores=455106174A3E492D501F73B8BA55EFD1B7525656638E8109AE015C290C352DE3|bus_stops=BBA5AC0E8F29538F42373B1789179B5B9D2CF0186E0D3A618537C83B74B628D5|facilities=9AA2BC9D9F9E0EC421FB7D23A9C9BF0BD5EDB59EB173A91CB27E6EB2655A1E07|grid_scores=F2B4631D6C4DB1C379BB9CAA13D29A9C055273F1C0D682BAC13EDD19C0A9E9BF|metrics_code=7A3920ABAC99C0EEE1FA013FF751C14428D5AA95E0F1F3F32FCED6B7A49541BA|model_spec=435B1018F2D35A2B421D1827A23C0DC739DC1F827F71189F8F818CE0B0C670E4|source_manifest=86163BE779951590317AB41BE2F9DE18666BC936F1735593673513008868CEC9,population=4D1530F251B312CE6564BA5676093B1043057F46A0FE2A58CF2756AFC530DA7B|one_person=01923C6EBD7440771E4EBE20CAB0648355A18C09D198677C0E265F5E68406A7D|admdongkor_boundary=6A63D079BA8AF4701AB200AD0B54EBDEA8689808B6E0E9F17973B9BA7883DC6A|bus_stops=01B63929056B55D0A8FE372756942FB9A81A89CB121A0CDB1838DDE9ED8555BF|hira_hospital=458D04F264BFE005CB12078699156CA72AD47B52062E0F79B8140E2635086268|hira_pharmacy=65B2B1E7F65BF1EFAF20C826BC1FB03CC24B65B359F4B5B51E1A234B334505A4
4128152000,원신동,075B,10,10,1.1.0,village_bus_static_presence_screen_v1,goyang_mixed_20250825_20260630,population=2026-06-30|onePersonHouseholds=2026-06-30|hiraFacilities=2026-06-30|analysisBoundary=2026-04-01|busStops=2025-08-25,정류장 개소; 노선표기 건; 고유 노선명 개; 비율 0~1; 낮은값 순위 1~44,routes_raw를 comma로 분리하고 '노선명(유형)'을 파싱; 유형='마을' 표기를 추출; 동별 마을정류장비율=마을노선 1개 이상 표기 정류장/전체 경계내 정류장; 고유 마을노선=동별 routeName distinct count,2025-08-25 정류장 CSV의 정적 노선 존재 표기만 쓴 1차 스크리닝이다. 배차·운행횟수·방향·시간대·환승·OD·보행권·노선변경을 알 수 없으므로 공급량·접근성·서비스 품질·도입 우선순위로 해석하지 않는다. 순위는 낮은 값 탐색용이다.,area_adjacency=AF16E5259A667F45F5BF7F6B3DF3A22E1A4837C477F6B68DDC26CDCF60E2DFF0|area_scores=455106174A3E492D501F73B8BA55EFD1B7525656638E8109AE015C290C352DE3|bus_stops=BBA5AC0E8F29538F42373B1789179B5B9D2CF0186E0D3A618537C83B74B628D5|facilities=9AA2BC9D9F9E0EC421FB7D23A9C9BF0BD5EDB59EB173A91CB27E6EB2655A1E07|grid_scores=F2B4631D6C4DB1C379BB9CAA13D29A9C055273F1C0D682BAC13EDD19C0A9E9BF|metrics_code=7A3920ABAC99C0EEE1FA013FF751C14428D5AA95E0F1F3F32FCED6B7A49541BA|model_spec=435B1018F2D35A2B421D1827A23C0DC739DC1F827F71189F8F818CE0B0C670E4|source_manifest=86163BE779951590317AB41BE2F9DE18666BC936F1735593673513008868CEC9,population=4D1530F251B312CE6564BA5676093B1043057F46A0FE2A58CF2756AFC530DA7B|one_person=01923C6EBD7440771E4EBE20CAB0648355A18C09D198677C0E265F5E68406A7D|admdongkor_boundary=6A63D079BA8AF4701AB200AD0B54EBDEA8689808B6E0E9F17973B9BA7883DC6A|bus_stops=01B63929056B55D0A8FE372756942FB9A81A89CB121A0CDB1838DDE9ED8555BF|hira_hospital=458D04F264BFE005CB12078699156CA72AD47B52062E0F79B8140E2635086268|hira_pharmacy=65B2B1E7F65BF1EFAF20C826BC1FB03CC24B65B359F4B5B51E1A234B334505A4
4128152000,원신동,077A,6,6,1.1.0,village_bus_static_presence_screen_v1,goyang_mixed_20250825_20260630,population=2026-06-30|onePersonHouseholds=2026-06-30|hiraFacilities=2026-06-30|analysisBoundary=2026-04-01|busStops=2025-08-25,정류장 개소; 노선표기 건; 고유 노선명 개; 비율 0~1; 낮은값 순위 1~44,routes_raw를 comma로 분리하고 '노선명(유형)'을 파싱; 유형='마을' 표기를 추출; 동별 마을정류장비율=마을노선 1개 이상 표기 정류장/전체 경계내 정류장; 고유 마을노선=동별 routeName distinct count,2025-08-25 정류장 CSV의 정적 노선 존재 표기만 쓴 1차 스크리닝이다. 배차·운행횟수·방향·시간대·환승·OD·보행권·노선변경을 알 수 없으므로 공급량·접근성·서비스 품질·도입 우선순위로 해석하지 않는다. 순위는 낮은 값 탐색용이다.,area_adjacency=AF16E5259A667F45F5BF7F6B3DF3A22E1A4837C477F6B68DDC26CDCF60E2DFF0|area_scores=455106174A3E492D501F73B8BA55EFD1B7525656638E8109AE015C290C352DE3|bus_stops=BBA5AC0E8F29538F42373B1789179B5B9D2CF0186E0D3A618537C83B74B628D5|facilities=9AA2BC9D9F9E0EC421FB7D23A9C9BF0BD5EDB59EB173A91CB27E6EB2655A1E07|grid_scores=F2B4631D6C4DB1C379BB9CAA13D29A9C055273F1C0D682BAC13EDD19C0A9E9BF|metrics_code=7A3920ABAC99C0EEE1FA013FF751C14428D5AA95E0F1F3F32FCED6B7A49541BA|model_spec=435B1018F2D35A2B421D1827A23C0DC739DC1F827F71189F8F818CE0B0C670E4|source_manifest=86163BE779951590317AB41BE2F9DE18666BC936F1735593673513008868CEC9,population=4D1530F251B312CE6564BA5676093B1043057F46A0FE2A58CF2756AFC530DA7B|one_person=01923C6EBD7440771E4EBE20CAB0648355A18C09D198677C0E265F5E68406A7D|admdongkor_boundary=6A63D079BA8AF4701AB200AD0B54EBDEA8689808B6E0E9F17973B9BA7883DC6A|bus_stops=01B63929056B55D0A8FE372756942FB9A81A89CB121A0CDB1838DDE9ED8555BF|hira_hospital=458D04F264BFE005CB12078699156CA72AD47B52062E0F79B8140E2635086268|hira_pharmacy=65B2B1E7F65BF1EFAF20C826BC1FB03CC24B65B359F4B5B51E1A234B334505A4
4128152000,원신동,088,6,6,1.1.0,village_bus_static_presence_screen_v1,goyang_mixed_20250825_20260630,population=2026-06-30|onePersonHouseholds=2026-06-30|hiraFacilities=2026-06-30|analysisBoundary=2026-04-01|busStops=2025-08-25,정류장 개소; 노선표기 건; 고유 노선명 개; 비율 0~1; 낮은값 순위 1~44,routes_raw를 comma로 분리하고 '노선명(유형)'을 파싱; 유형='마을' 표기를 추출; 동별 마을정류장비율=마을노선 1개 이상 표기 정류장/전체 경계내 정류장; 고유 마을노선=동별 routeName distinct count,2025-08-25 정류장 CSV의 정적 노선 존재 표기만 쓴 1차 스크리닝이다. 배차·운행횟수·방향·시간대·환승·OD·보행권·노선변경을 알 수 없으므로 공급량·접근성·서비스 품질·도입 우선순위로 해석하지 않는다. 순위는 낮은 값 탐색용이다.,area_adjacency=AF16E5259A667F45F5BF7F6B3DF3A22E1A4837C477F6B68DDC26CDCF60E2DFF0|area_scores=455106174A3E492D501F73B8BA55EFD1B7525656638E8109AE015C290C352DE3|bus_stops=BBA5AC0E8F29538F42373B1789179B5B9D2CF0186E0D3A618537C83B74B628D5|facilities=9AA2BC9D9F9E0EC421FB7D23A9C9BF0BD5EDB59EB173A91CB27E6EB2655A1E07|grid_scores=F2B4631D6C4DB1C379BB9CAA13D29A9C055273F1C0D682BAC13EDD19C0A9E9BF|metrics_code=7A3920ABAC99C0EEE1FA013FF751C14428D5AA95E0F1F3F32FCED6B7A49541BA|model_spec=435B1018F2D35A2B421D1827A23C0DC739DC1F827F71189F8F818CE0B0C670E4|source_manifest=86163BE779951590317AB41BE2F9DE18666BC936F1735593673513008868CEC9,population=4D1530F251B312CE6564BA5676093B1043057F46A0FE2A58CF2756AFC530DA7B|one_person=01923C6EBD7440771E4EBE20CAB0648355A18C09D198677C0E265F5E68406A7D|admdongkor_boundary=6A63D079BA8AF4701AB200AD0B54EBDEA8689808B6E0E9F17973B9BA7883DC6A|bus_stops=01B63929056B55D0A8FE372756942FB9A81A89CB121A0CDB1838DDE9ED8555BF|hira_hospital=458D04F264BFE005CB12078699156CA72AD47B52062E0F79B8140E2635086268|hira_pharmacy=65B2B1E7F65BF1EFAF20C826BC1FB03CC24B65B359F4B5B51E1A234B334505A4
4128152000,원신동,093,5,5,1.1.0,village_bus_static_presence_screen_v1,goyang_mixed_20250825_20260630,population=2026-06-30|onePersonHouseholds=2026-06-30|hiraFacilities=2026-06-30|analysisBoundary=2026-04-01|busStops=2025-08-25,정류장 개소; 노선표기 건; 고유 노선명 개; 비율 0~1; 낮은값 순위 1~44,routes_raw를 comma로 분리하고 '노선명(유형)'을 파싱; 유형='마을' 표기를 추출; 동별 마을정류장비율=마을노선 1개 이상 표기 정류장/전체 경계내 정류장; 고유 마을노선=동별 routeName distinct count,2025-08-25 정류장 CSV의 정적 노선 존재 표기만 쓴 1차 스크리닝이다. 배차·운행횟수·방향·시간대·환승·OD·보행권·노선변경을 알 수 없으므로 공급량·접근성·서비스 품질·도입 우선순위로 해석하지 않는다. 순위는 낮은 값 탐색용이다.,area_adjacency=AF16E5259A667F45F5BF7F6B3DF3A22E1A4837C477F6B68DDC26CDCF60E2DFF0|area_scores=455106174A3E492D501F73B8BA55EFD1B7525656638E8109AE015C290C352DE3|bus_stops=BBA5AC0E8F29538F42373B1789179B5B9D2CF0186E0D3A618537C83B74B628D5|facilities=9AA2BC9D9F9E0EC421FB7D23A9C9BF0BD5EDB59EB173A91CB27E6EB2655A1E07|grid_scores=F2B4631D6C4DB1C379BB9CAA13D29A9C055273F1C0D682BAC13EDD19C0A9E9BF|metrics_code=7A3920ABAC99C0EEE1FA013FF751C14428D5AA95E0F1F3F32FCED6B7A49541BA|model_spec=435B1018F2D35A2B421D1827A23C0DC739DC1F827F71189F8F818CE0B0C670E4|source_manifest=86163BE779951590317AB41BE2F9DE18666BC936F1735593673513008868CEC9,population=4D1530F251B312CE6564BA5676093B1043057F46A0FE2A58CF2756AFC530DA7B|one_person=01923C6EBD7440771E4EBE20CAB0648355A18C09D198677C0E265F5E68406A7D|admdongkor_boundary=6A63D079BA8AF4701AB200AD0B54EBDEA8689808B6E0E9F17973B9BA7883DC6A|bus_stops=01B63929056B55D0A8FE372756942FB9A81A89CB121A0CDB1838DDE9ED8555BF|hira_hospital=458D04F264BFE005CB12078699156CA72AD47B52062E0F79B8140E2635086268|hira_pharmacy=65B2B1E7F65BF1EFAF20C826BC1FB03CC24B65B359F4B5B51E1A234B334505A4
4128152000,원신동,094,6,6,1.1.0,village_bus_static_presence_screen_v1,goyang_mixed_20250825_20260630,population=2026-06-30|onePersonHouseholds=2026-06-30|hiraFacilities=2026-06-30|analysisBoundary=2026-04-01|busStops=2025-08-25,정류장 개소; 노선표기 건; 고유 노선명 개; 비율 0~1; 낮은값 순위 1~44,routes_raw를 comma로 분리하고 '노선명(유형)'을 파싱; 유형='마을' 표기를 추출; 동별 마을정류장비율=마을노선 1개 이상 표기 정류장/전체 경계내 정류장; 고유 마을노선=동별 routeName distinct count,2025-08-25 정류장 CSV의 정적 노선 존재 표기만 쓴 1차 스크리닝이다. 배차·운행횟수·방향·시간대·환승·OD·보행권·노선변경을 알 수 없으므로 공급량·접근성·서비스 품질·도입 우선순위로 해석하지 않는다. 순위는 낮은 값 탐색용이다.,area_adjacency=AF16E5259A667F45F5BF7F6B3DF3A22E1A4837C477F6B68DDC26CDCF60E2DFF0|area_scores=455106174A3E492D501F73B8BA55EFD1B7525656638E8109AE015C290C352DE3|bus_stops=BBA5AC0E8F29538F42373B1789179B5B9D2CF0186E0D3A618537C83B74B628D5|facilities=9AA2BC9D9F9E0EC421FB7D23A9C9BF0BD5EDB59EB173A91CB27E6EB2655A1E07|grid_scores=F2B4631D6C4DB1C379BB9CAA13D29A9C055273F1C0D682BAC13EDD19C0A9E9BF|metrics_code=7A3920ABAC99C0EEE1FA013FF751C14428D5AA95E0F1F3F32FCED6B7A49541BA|model_spec=435B1018F2D35A2B421D1827A23C0DC739DC1F827F71189F8F818CE0B0C670E4|source_manifest=86163BE779951590317AB41BE2F9DE18666BC936F1735593673513008868CEC9,population=4D1530F251B312CE6564BA5676093B1043057F46A0FE2A58CF2756AFC530DA7B|one_person=01923C6EBD7440771E4EBE20CAB0648355A18C09D198677C0E265F5E68406A7D|admdongkor_boundary=6A63D079BA8AF4701AB200AD0B54EBDEA8689808B6E0E9F17973B9BA7883DC6A|bus_stops=01B63929056B55D0A8FE372756942FB9A81A89CB121A0CDB1838DDE9ED8555BF|hira_hospital=458D04F264BFE005CB12078699156CA72AD47B52062E0F79B8140E2635086268|hira_pharmacy=65B2B1E7F65BF1EFAF20C826BC1FB03CC24B65B359F4B5B51E1A234B334505A4
4128153000,흥도동,024A,27,27,1.1.0,village_bus_static_presence_screen_v1,goyang_mixed_20250825_20260630,population=2026-06-30|onePersonHouseholds=2026-06-30|hiraFacilities=2026-06-30|analysisBoundary=2026-04-01|busStops=2025-08-25,정류장 개소; 노선표기 건; 고유 노선명 개; 비율 0~1; 낮은값 순위 1~44,routes_raw를 comma로 분리하고 '노선명(유형)'을 파싱; 유형='마을' 표기를 추출; 동별 마을정류장비율=마을노선 1개 이상 표기 정류장/전체 경계내 정류장; 고유 마을노선=동별 routeName distinct count,2025-08-25 정류장 CSV의 정적 노선 존재 표기만 쓴 1차 스크리닝이다. 배차·운행횟수·방향·시간대·환승·OD·보행권·노선변경을 알 수 없으므로 공급량·접근성·서비스 품질·도입 우선순위로 해석하지 않는다. 순위는 낮은 값 탐색용이다.,area_adjacency=AF16E5259A667F45F5BF7F6B3DF3A22E1A4837C477F6B68DDC26CDCF60E2DFF0|area_scores=455106174A3E492D501F73B8BA55EFD1B7525656638E8109AE015C290C352DE3|bus_stops=BBA5AC0E8F29538F42373B1789179B5B9D2CF0186E0D3A618537C83B74B628D5|facilities=9AA2BC9D9F9E0EC421FB7D23A9C9BF0BD5EDB59EB173A91CB27E6EB2655A1E07|grid_scores=F2B4631D6C4DB1C379BB9CAA13D29A9C055273F1C0D682BAC13EDD19C0A9E9BF|metrics_code=7A3920ABAC99C0EEE1FA013FF751C14428D5AA95E0F1F3F32FCED6B7A49541BA|model_spec=435B1018F2D35A2B421D1827A23C0DC739DC1F827F71189F8F818CE0B0C670E4|source_manifest=86163BE779951590317AB41BE2F9DE18666BC936F1735593673513008868CEC9,population=4D1530F251B312CE6564BA5676093B1043057F46A0FE2A58CF2756AFC530DA7B|one_person=01923C6EBD7440771E4EBE20CAB0648355A18C09D198677C0E265F5E68406A7D|admdongkor_boundary=6A63D079BA8AF4701AB200AD0B54EBDEA8689808B6E0E9F17973B9BA7883DC6A|bus_stops=01B63929056B55D0A8FE372756942FB9A81A89CB121A0CDB1838DDE9ED8555BF|hira_hospital=458D04F264BFE005CB12078699156CA72AD47B52062E0F79B8140E2635086268|hira_pharmacy=65B2B1E7F65BF1EFAF20C826BC1FB03CC24B65B359F4B5B51E1A234B334505A4
4128153000,흥도동,024B,21,21,1.1.0,village_bus_static_presence_screen_v1,goyang_mixed_20250825_20260630,population=2026-06-30|onePersonHouseholds=2026-06-30|hiraFacilities=2026-06-30|analysisBoundary=2026-04-01|busStops=2025-08-25,정류장 개소; 노선표기 건; 고유 노선명 개; 비율 0~1; 낮은값 순위 1~44,routes_raw를 comma로 분리하고 '노선명(유형)'을 파싱; 유형='마을' 표기를 추출; 동별 마을정류장비율=마을노선 1개 이상 표기 정류장/전체 경계내 정류장; 고유 마을노선=동별 routeName distinct count,2025-08-25 정류장 CSV의 정적 노선 존재 표기만 쓴 1차 스크리닝이다. 배차·운행횟수·방향·시간대·환승·OD·보행권·노선변경을 알 수 없으므로 공급량·접근성·서비스 품질·도입 우선순위로 해석하지 않는다. 순위는 낮은 값 탐색용이다.,area_adjacency=AF16E5259A667F45F5BF7F6B3DF3A22E1A4837C477F6B68DDC26CDCF60E2DFF0|area_scores=455106174A3E492D501F73B8BA55EFD1B7525656638E8109AE015C290C352DE3|bus_stops=BBA5AC0E8F29538F42373B1789179B5B9D2CF0186E0D3A618537C83B74B628D5|facilities=9AA2BC9D9F9E0EC421FB7D23A9C9BF0BD5EDB59EB173A91CB27E6EB2655A1E07|grid_scores=F2B4631D6C4DB1C379BB9CAA13D29A9C055273F1C0D682BAC13EDD19C0A9E9BF|metrics_code=7A3920ABAC99C0EEE1FA013FF751C14428D5AA95E0F1F3F32FCED6B7A49541BA|model_spec=435B1018F2D35A2B421D1827A23C0DC739DC1F827F71189F8F818CE0B0C670E4|source_manifest=86163BE779951590317AB41BE2F9DE18666BC936F1735593673513008868CEC9,population=4D1530F251B312CE6564BA5676093B1043057F46A0FE2A58CF2756AFC530DA7B|one_person=01923C6EBD7440771E4EBE20CAB0648355A18C09D198677C0E265F5E68406A7D|admdongkor_boundary=6A63D079BA8AF4701AB200AD0B54EBDEA8689808B6E0E9F17973B9BA7883DC6A|bus_stops=01B63929056B55D0A8FE372756942FB9A81A89CB121A0CDB1838DDE9ED8555BF|hira_hospital=458D04F264BFE005CB12078699156CA72AD47B52062E0F79B8140E2635086268|hira_pharmacy=65B2B1E7F65BF1EFAF20C826BC1FB03CC24B65B359F4B5B51E1A234B334505A4
4128153000,흥도동,035,20,20,1.1.0,village_bus_static_presence_screen_v1,goyang_mixed_20250825_20260630,population=2026-06-30|onePersonHouseholds=2026-06-30|hiraFacilities=2026-06-30|analysisBoundary=2026-04-01|busStops=2025-08-25,정류장 개소; 노선표기 건; 고유 노선명 개; 비율 0~1; 낮은값 순위 1~44,routes_raw를 comma로 분리하고 '노선명(유형)'을 파싱; 유형='마을' 표기를 추출; 동별 마을정류장비율=마을노선 1개 이상 표기 정류장/전체 경계내 정류장; 고유 마을노선=동별 routeName distinct count,2025-08-25 정류장 CSV의 정적 노선 존재 표기만 쓴 1차 스크리닝이다. 배차·운행횟수·방향·시간대·환승·OD·보행권·노선변경을 알 수 없으므로 공급량·접근성·서비스 품질·도입 우선순위로 해석하지 않는다. 순위는 낮은 값 탐색용이다.,area_adjacency=AF16E5259A667F45F5BF7F6B3DF3A22E1A4837C477F6B68DDC26CDCF60E2DFF0|area_scores=455106174A3E492D501F73B8BA55EFD1B7525656638E8109AE015C290C352DE3|bus_stops=BBA5AC0E8F29538F42373B1789179B5B9D2CF0186E0D3A618537C83B74B628D5|facilities=9AA2BC9D9F9E0EC421FB7D23A9C9BF0BD5EDB59EB173A91CB27E6EB2655A1E07|grid_scores=F2B4631D6C4DB1C379BB9CAA13D29A9C055273F1C0D682BAC13EDD19C0A9E9BF|metrics_code=7A3920ABAC99C0EEE1FA013FF751C14428D5AA95E0F1F3F32FCED6B7A49541BA|model_spec=435B1018F2D35A2B421D1827A23C0DC739DC1F827F71189F8F818CE0B0C670E4|source_manifest=86163BE779951590317AB41BE2F9DE18666BC936F1735593673513008868CEC9,population=4D1530F251B312CE6564BA5676093B1043057F46A0FE2A58CF2756AFC530DA7B|one_person=01923C6EBD7440771E4EBE20CAB0648355A18C09D198677C0E265F5E68406A7D|admdongkor_boundary=6A63D079BA8AF4701AB200AD0B54EBDEA8689808B6E0E9F17973B9BA7883DC6A|bus_stops=01B63929056B55D0A8FE372756942FB9A81A89CB121A0CDB1838DDE9ED8555BF|hira_hospital=458D04F264BFE005CB12078699156CA72AD47B52062E0F79B8140E2635086268|hira_pharmacy=65B2B1E7F65BF1EFAF20C826BC1FB03CC24B65B359F4B5B51E1A234B334505A4
4128153000,흥도동,043,9,9,1.1.0,village_bus_static_presence_screen_v1,goyang_mixed_20250825_20260630,population=2026-06-30|onePersonHouseholds=2026-06-30|hiraFacilities=2026-06-30|analysisBoundary=2026-04-01|busStops=2025-08-25,정류장 개소; 노선표기 건; 고유 노선명 개; 비율 0~1; 낮은값 순위 1~44,routes_raw를 comma로 분리하고 '노선명(유형)'을 파싱; 유형='마을' 표기를 추출; 동별 마을정류장비율=마을노선 1개 이상 표기 정류장/전체 경계내 정류장; 고유 마을노선=동별 routeName distinct count,2025-08-25 정류장 CSV의 정적 노선 존재 표기만 쓴 1차 스크리닝이다. 배차·운행횟수·방향·시간대·환승·OD·보행권·노선변경을 알 수 없으므로 공급량·접근성·서비스 품질·도입 우선순위로 해석하지 않는다. 순위는 낮은 값 탐색용이다.,area_adjacency=AF16E5259A667F45F5BF7F6B3DF3A22E1A4837C477F6B68DDC26CDCF60E2DFF0|area_scores=455106174A3E492D501F73B8BA55EFD1B7525656638E8109AE015C290C352DE3|bus_stops=BBA5AC0E8F29538F42373B1789179B5B9D2CF0186E0D3A618537C83B74B628D5|facilities=9AA2BC9D9F9E0EC421FB7D23A9C9BF0BD5EDB59EB173A91CB27E6EB2655A1E07|grid_scores=F2B4631D6C4DB1C379BB9CAA13D29A9C055273F1C0D682BAC13EDD19C0A9E9BF|metrics_code=7A3920ABAC99C0EEE1FA013FF751C14428D5AA95E0F1F3F32FCED6B7A49541BA|model_spec=435B1018F2D35A2B421D1827A23C0DC739DC1F827F71189F8F818CE0B0C670E4|source_manifest=86163BE779951590317AB41BE2F9DE18666BC936F1735593673513008868CEC9,population=4D1530F251B312CE6564BA5676093B1043057F46A0FE2A58CF2756AFC530DA7B|one_person=01923C6EBD7440771E4EBE20CAB0648355A18C09D198677C0E265F5E68406A7D|admdongkor_boundary=6A63D079BA8AF4701AB200AD0B54EBDEA8689808B6E0E9F17973B9BA7883DC6A|bus_stops=01B63929056B55D0A8FE372756942FB9A81A89CB121A0CDB1838DDE9ED8555BF|hira_hospital=458D04F264BFE005CB12078699156CA72AD47B52062E0F79B8140E2635086268|hira_pharmacy=65B2B1E7F65BF1EFAF20C826BC1FB03CC24B65B359F4B5B51E1A234B334505A4
4128153000,흥도동,043(원당역),13,13,1.1.0,village_bus_static_presence_screen_v1,goyang_mixed_20250825_20260630,population=2026-06-30|onePersonHouseholds=2026-06-30|hiraFacilities=2026-06-30|analysisBoundary=2026-04-01|busStops=2025-08-25,정류장 개소; 노선표기 건; 고유 노선명 개; 비율 0~1; 낮은값 순위 1~44,routes_raw를 comma로 분리하고 '노선명(유형)'을 파싱; 유형='마을' 표기를 추출; 동별 마을정류장비율=마을노선 1개 이상 표기 정류장/전체 경계내 정류장; 고유 마을노선=동별 routeName distinct count,2025-08-25 정류장 CSV의 정적 노선 존재 표기만 쓴 1차 스크리닝이다. 배차·운행횟수·방향·시간대·환승·OD·보행권·노선변경을 알 수 없으므로 공급량·접근성·서비스 품질·도입 우선순위로 해석하지 않는다. 순위는 낮은 값 탐색용이다.,area_adjacency=AF16E5259A667F45F5BF7F6B3DF3A22E1A4837C477F6B68DDC26CDCF60E2DFF0|area_scores=455106174A3E492D501F73B8BA55EFD1B7525656638E8109AE015C290C352DE3|bus_stops=BBA5AC0E8F29538F42373B1789179B5B9D2CF0186E0D3A618537C83B74B628D5|facilities=9AA2BC9D9F9E0EC421FB7D23A9C9BF0BD5EDB59EB173A91CB27E6EB2655A1E07|grid_scores=F2B4631D6C4DB1C379BB9CAA13D29A9C055273F1C0D682BAC13EDD19C0A9E9BF|metrics_code=7A3920ABAC99C0EEE1FA013FF751C14428D5AA95E0F1F3F32FCED6B7A49541BA|model_spec=435B1018F2D35A2B421D1827A23C0DC739DC1F827F71189F8F818CE0B0C670E4|source_manifest=86163BE779951590317AB41BE2F9DE18666BC936F1735593673513008868CEC9,population=4D1530F251B312CE6564BA5676093B1043057F46A0FE2A58CF2756AFC530DA7B|one_person=01923C6EBD7440771E4EBE20CAB0648355A18C09D198677C0E265F5E68406A7D|admdongkor_boundary=6A63D079BA8AF4701AB200AD0B54EBDEA8689808B6E0E9F17973B9BA7883DC6A|bus_stops=01B63929056B55D0A8FE372756942FB9A81A89CB121A0CDB1838DDE9ED8555BF|hira_hospital=458D04F264BFE005CB12078699156CA72AD47B52062E0F79B8140E2635086268|hira_pharmacy=65B2B1E7F65BF1EFAF20C826BC1FB03CC24B65B359F4B5B51E1A234B334505A4
4128153000,흥도동,046,21,21,1.1.0,village_bus_static_presence_screen_v1,goyang_mixed_20250825_20260630,population=2026-06-30|onePersonHouseholds=2026-06-30|hiraFacilities=2026-06-30|analysisBoundary=2026-04-01|busStops=2025-08-25,정류장 개소; 노선표기 건; 고유 노선명 개; 비율 0~1; 낮은값 순위 1~44,routes_raw를 comma로 분리하고 '노선명(유형)'을 파싱; 유형='마을' 표기를 추출; 동별 마을정류장비율=마을노선 1개 이상 표기 정류장/전체 경계내 정류장; 고유 마을노선=동별 routeName distinct count,2025-08-25 정류장 CSV의 정적 노선 존재 표기만 쓴 1차 스크리닝이다. 배차·운행횟수·방향·시간대·환승·OD·보행권·노선변경을 알 수 없으므로 공급량·접근성·서비스 품질·도입 우선순위로 해석하지 않는다. 순위는 낮은 값 탐색용이다.,area_adjacency=AF16E5259A667F45F5BF7F6B3DF3A22E1A4837C477F6B68DDC26CDCF60E2DFF0|area_scores=455106174A3E492D501F73B8BA55EFD1B7525656638E8109AE015C290C352DE3|bus_stops=BBA5AC0E8F29538F42373B1789179B5B9D2CF0186E0D3A618537C83B74B628D5|facilities=9AA2BC9D9F9E0EC421FB7D23A9C9BF0BD5EDB59EB173A91CB27E6EB2655A1E07|grid_scores=F2B4631D6C4DB1C379BB9CAA13D29A9C055273F1C0D682BAC13EDD19C0A9E9BF|metrics_code=7A3920ABAC99C0EEE1FA013FF751C14428D5AA95E0F1F3F32FCED6B7A49541BA|model_spec=435B1018F2D35A2B421D1827A23C0DC739DC1F827F71189F8F818CE0B0C670E4|source_manifest=86163BE779951590317AB41BE2F9DE18666BC936F1735593673513008868CEC9,population=4D1530F251B312CE6564BA5676093B1043057F46A0FE2A58CF2756AFC530DA7B|one_person=01923C6EBD7440771E4EBE20CAB0648355A18C09D198677C0E265F5E68406A7D|admdongkor_boundary=6A63D079BA8AF4701AB200AD0B54EBDEA8689808B6E0E9F17973B9BA7883DC6A|bus_stops=01B63929056B55D0A8FE372756942FB9A81A89CB121A0CDB1838DDE9ED8555BF|hira_hospital=458D04F264BFE005CB12078699156CA72AD47B52062E0F79B8140E2635086268|hira_pharmacy=65B2B1E7F65BF1EFAF20C826BC1FB03CC24B65B359F4B5B51E1A234B334505A4
4128153000,흥도동,075B,23,23,1.1.0,village_bus_static_presence_screen_v1,goyang_mixed_20250825_20260630,population=2026-06-30|onePersonHouseholds=2026-06-30|hiraFacilities=2026-06-30|analysisBoundary=2026-04-01|busStops=2025-08-25,정류장 개소; 노선표기 건; 고유 노선명 개; 비율 0~1; 낮은값 순위 1~44,routes_raw를 comma로 분리하고 '노선명(유형)'을 파싱; 유형='마을' 표기를 추출; 동별 마을정류장비율=마을노선 1개 이상 표기 정류장/전체 경계내 정류장; 고유 마을노선=동별 routeName distinct count,2025-08-25 정류장 CSV의 정적 노선 존재 표기만 쓴 1차 스크리닝이다. 배차·운행횟수·방향·시간대·환승·OD·보행권·노선변경을 알 수 없으므로 공급량·접근성·서비스 품질·도입 우선순위로 해석하지 않는다. 순위는 낮은 값 탐색용이다.,area_adjacency=AF16E5259A667F45F5BF7F6B3DF3A22E1A4837C477F6B68DDC26CDCF60E2DFF0|area_scores=455106174A3E492D501F73B8BA55EFD1B7525656638E8109AE015C290C352DE3|bus_stops=BBA5AC0E8F29538F42373B1789179B5B9D2CF0186E0D3A618537C83B74B628D5|facilities=9AA2BC9D9F9E0EC421FB7D23A9C9BF0BD5EDB59EB173A91CB27E6EB2655A1E07|grid_scores=F2B4631D6C4DB1C379BB9CAA13D29A9C055273F1C0D682BAC13EDD19C0A9E9BF|metrics_code=7A3920ABAC99C0EEE1FA013FF751C14428D5AA95E0F1F3F32FCED6B7A49541BA|model_spec=435B1018F2D35A2B421D1827A23C0DC739DC1F827F71189F8F818CE0B0C670E4|source_manifest=86163BE779951590317AB41BE2F9DE18666BC936F1735593673513008868CEC9,population=4D1530F251B312CE6564BA5676093B1043057F46A0FE2A58CF2756AFC530DA7B|one_person=01923C6EBD7440771E4EBE20CAB0648355A18C09D198677C0E265F5E68406A7D|admdongkor_boundary=6A63D079BA8AF4701AB200AD0B54EBDEA8689808B6E0E9F17973B9BA7883DC6A|bus_stops=01B63929056B55D0A8FE372756942FB9A81A89CB121A0CDB1838DDE9ED8555BF|hira_hospital=458D04F264BFE005CB12078699156CA72AD47B52062E0F79B8140E2635086268|hira_pharmacy=65B2B1E7F65BF1EFAF20C826BC1FB03CC24B65B359F4B5B51E1A234B334505A4
4128154000,성사1동,012,16,16,1.1.0,village_bus_static_presence_screen_v1,goyang_mixed_20250825_20260630,population=2026-06-30|onePersonHouseholds=2026-06-30|hiraFacilities=2026-06-30|analysisBoundary=2026-04-01|busStops=2025-08-25,정류장 개소; 노선표기 건; 고유 노선명 개; 비율 0~1; 낮은값 순위 1~44,routes_raw를 comma로 분리하고 '노선명(유형)'을 파싱; 유형='마을' 표기를 추출; 동별 마을정류장비율=마을노선 1개 이상 표기 정류장/전체 경계내 정류장; 고유 마을노선=동별 routeName distinct count,2025-08-25 정류장 CSV의 정적 노선 존재 표기만 쓴 1차 스크리닝이다. 배차·운행횟수·방향·시간대·환승·OD·보행권·노선변경을 알 수 없으므로 공급량·접근성·서비스 품질·도입 우선순위로 해석하지 않는다. 순위는 낮은 값 탐색용이다.,area_adjacency=AF16E5259A667F45F5BF7F6B3DF3A22E1A4837C477F6B68DDC26CDCF60E2DFF0|area_scores=455106174A3E492D501F73B8BA55EFD1B7525656638E8109AE015C290C352DE3|bus_stops=BBA5AC0E8F29538F42373B1789179B5B9D2CF0186E0D3A618537C83B74B628D5|facilities=9AA2BC9D9F9E0EC421FB7D23A9C9BF0BD5EDB59EB173A91CB27E6EB2655A1E07|grid_scores=F2B4631D6C4DB1C379BB9CAA13D29A9C055273F1C0D682BAC13EDD19C0A9E9BF|metrics_code=7A3920ABAC99C0EEE1FA013FF751C14428D5AA95E0F1F3F32FCED6B7A49541BA|model_spec=435B1018F2D35A2B421D1827A23C0DC739DC1F827F71189F8F818CE0B0C670E4|source_manifest=86163BE779951590317AB41BE2F9DE18666BC936F1735593673513008868CEC9,population=4D1530F251B312CE6564BA5676093B1043057F46A0FE2A58CF2756AFC530DA7B|one_person=01923C6EBD7440771E4EBE20CAB0648355A18C09D198677C0E265F5E68406A7D|admdongkor_boundary=6A63D079BA8AF4701AB200AD0B54EBDEA8689808B6E0E9F17973B9BA7883DC6A|bus_stops=01B63929056B55D0A8FE372756942FB9A81A89CB121A0CDB1838DDE9ED8555BF|hira_hospital=458D04F264BFE005CB12078699156CA72AD47B52062E0F79B8140E2635086268|hira_pharmacy=65B2B1E7F65BF1EFAF20C826BC1FB03CC24B65B359F4B5B51E1A234B334505A4
4128154000,성사1동,013,19,19,1.1.0,village_bus_static_presence_screen_v1,goyang_mixed_20250825_20260630,population=2026-06-30|onePersonHouseholds=2026-06-30|hiraFacilities=2026-06-30|analysisBoundary=2026-04-01|busStops=2025-08-25,정류장 개소; 노선표기 건; 고유 노선명 개; 비율 0~1; 낮은값 순위 1~44,routes_raw를 comma로 분리하고 '노선명(유형)'을 파싱; 유형='마을' 표기를 추출; 동별 마을정류장비율=마을노선 1개 이상 표기 정류장/전체 경계내 정류장; 고유 마을노선=동별 routeName distinct count,2025-08-25 정류장 CSV의 정적 노선 존재 표기만 쓴 1차 스크리닝이다. 배차·운행횟수·방향·시간대·환승·OD·보행권·노선변경을 알 수 없으므로 공급량·접근성·서비스 품질·도입 우선순위로 해석하지 않는다. 순위는 낮은 값 탐색용이다.,area_adjacency=AF16E5259A667F45F5BF7F6B3DF3A22E1A4837C477F6B68DDC26CDCF60E2DFF0|area_scores=455106174A3E492D501F73B8BA55EFD1B7525656638E8109AE015C290C352DE3|bus_stops=BBA5AC0E8F29538F42373B1789179B5B9D2CF0186E0D3A618537C83B74B628D5|facilities=9AA2BC9D9F9E0EC421FB7D23A9C9BF0BD5EDB59EB173A91CB27E6EB2655A1E07|grid_scores=F2B4631D6C4DB1C379BB9CAA13D29A9C055273F1C0D682BAC13EDD19C0A9E9BF|metrics_code=7A3920ABAC99C0EEE1FA013FF751C14428D5AA95E0F1F3F32FCED6B7A49541BA|model_spec=435B1018F2D35A2B421D1827A23C0DC739DC1F827F71189F8F818CE0B0C670E4|source_manifest=86163BE779951590317AB41BE2F9DE18666BC936F1735593673513008868CEC9,population=4D1530F251B312CE6564BA5676093B1043057F46A0FE2A58CF2756AFC530DA7B|one_person=01923C6EBD7440771E4EBE20CAB0648355A18C09D198677C0E265F5E68406A7D|admdongkor_boundary=6A63D079BA8AF4701AB200AD0B54EBDEA8689808B6E0E9F17973B9BA7883DC6A|bus_stops=01B63929056B55D0A8FE372756942FB9A81A89CB121A0CDB1838DDE9ED8555BF|hira_hospital=458D04F264BFE005CB12078699156CA72AD47B52062E0F79B8140E2635086268|hira_pharmacy=65B2B1E7F65BF1EFAF20C826BC1FB03CC24B65B359F4B5B51E1A234B334505A4
4128154000,성사1동,015,15,15,1.1.0,village_bus_static_presence_screen_v1,goyang_mixed_20250825_20260630,population=2026-06-30|onePersonHouseholds=2026-06-30|hiraFacilities=2026-06-30|analysisBoundary=2026-04-01|busStops=2025-08-25,정류장 개소; 노선표기 건; 고유 노선명 개; 비율 0~1; 낮은값 순위 1~44,routes_raw를 comma로 분리하고 '노선명(유형)'을 파싱; 유형='마을' 표기를 추출; 동별 마을정류장비율=마을노선 1개 이상 표기 정류장/전체 경계내 정류장; 고유 마을노선=동별 routeName distinct count,2025-08-25 정류장 CSV의 정적 노선 존재 표기만 쓴 1차 스크리닝이다. 배차·운행횟수·방향·시간대·환승·OD·보행권·노선변경을 알 수 없으므로 공급량·접근성·서비스 품질·도입 우선순위로 해석하지 않는다. 순위는 낮은 값 탐색용이다.,area_adjacency=AF16E5259A667F45F5BF7F6B3DF3A22E1A4837C477F6B68DDC26CDCF60E2DFF0|area_scores=455106174A3E492D501F73B8BA55EFD1B7525656638E8109AE015C290C352DE3|bus_stops=BBA5AC0E8F29538F42373B1789179B5B9D2CF0186E0D3A618537C83B74B628D5|facilities=9AA2BC9D9F9E0EC421FB7D23A9C9BF0BD5EDB59EB173A91CB27E6EB2655A1E07|grid_scores=F2B4631D6C4DB1C379BB9CAA13D29A9C055273F1C0D682BAC13EDD19C0A9E9BF|metrics_code=7A3920ABAC99C0EEE1FA013FF751C14428D5AA95E0F1F3F32FCED6B7A49541BA|model_spec=435B1018F2D35A2B421D1827A23C0DC739DC1F827F71189F8F818CE0B0C670E4|source_manifest=86163BE779951590317AB41BE2F9DE18666BC936F1735593673513008868CEC9,population=4D1530F251B312CE6564BA5676093B1043057F46A0FE2A58CF2756AFC530DA7B|one_person=01923C6EBD7440771E4EBE20CAB0648355A18C09D198677C0E265F5E68406A7D|admdongkor_boundary=6A63D079BA8AF4701AB200AD0B54EBDEA8689808B6E0E9F17973B9BA7883DC6A|bus_stops=01B63929056B55D0A8FE372756942FB9A81A89CB121A0CDB1838DDE9ED8555BF|hira_hospital=458D04F264BFE005CB12078699156CA72AD47B52062E0F79B8140E2635086268|hira_pharmacy=65B2B1E7F65BF1EFAF20C826BC1FB03CC24B65B359F4B5B51E1A234B334505A4
4128154000,성사1동,016,19,19,1.1.0,village_bus_static_presence_screen_v1,goyang_mixed_20250825_20260630,population=2026-06-30|onePersonHouseholds=2026-06-30|hiraFacilities=2026-06-30|analysisBoundary=2026-04-01|busStops=2025-08-25,정류장 개소; 노선표기 건; 고유 노선명 개; 비율 0~1; 낮은값 순위 1~44,routes_raw를 comma로 분리하고 '노선명(유형)'을 파싱; 유형='마을' 표기를 추출; 동별 마을정류장비율=마을노선 1개 이상 표기 정류장/전체 경계내 정류장; 고유 마을노선=동별 routeName distinct count,2025-08-25 정류장 CSV의 정적 노선 존재 표기만 쓴 1차 스크리닝이다. 배차·운행횟수·방향·시간대·환승·OD·보행권·노선변경을 알 수 없으므로 공급량·접근성·서비스 품질·도입 우선순위로 해석하지 않는다. 순위는 낮은 값 탐색용이다.,area_adjacency=AF16E5259A667F45F5BF7F6B3DF3A22E1A4837C477F6B68DDC26CDCF60E2DFF0|area_scores=455106174A3E492D501F73B8BA55EFD1B7525656638E8109AE015C290C352DE3|bus_stops=BBA5AC0E8F29538F42373B1789179B5B9D2CF0186E0D3A618537C83B74B628D5|facilities=9AA2BC9D9F9E0EC421FB7D23A9C9BF0BD5EDB59EB173A91CB27E6EB2655A1E07|grid_scores=F2B4631D6C4DB1C379BB9CAA13D29A9C055273F1C0D682BAC13EDD19C0A9E9BF|metrics_code=7A3920ABAC99C0EEE1FA013FF751C14428D5AA95E0F1F3F32FCED6B7A49541BA|model_spec=435B1018F2D35A2B421D1827A23C0DC739DC1F827F71189F8F818CE0B0C670E4|source_manifest=86163BE779951590317AB41BE2F9DE18666BC936F1735593673513008868CEC9,population=4D1530F251B312CE6564BA5676093B1043057F46A0FE2A58CF2756AFC530DA7B|one_person=01923C6EBD7440771E4EBE20CAB0648355A18C09D198677C0E265F5E68406A7D|admdongkor_boundary=6A63D079BA8AF4701AB200AD0B54EBDEA8689808B6E0E9F17973B9BA7883DC6A|bus_stops=01B63929056B55D0A8FE372756942FB9A81A89CB121A0CDB1838DDE9ED8555BF|hira_hospital=458D04F264BFE005CB12078699156CA72AD47B52062E0F79B8140E2635086268|hira_pharmacy=65B2B1E7F65BF1EFAF20C826BC1FB03CC24B65B359F4B5B51E1A234B334505A4
4128154000,성사1동,017A,8,8,1.1.0,village_bus_static_presence_screen_v1,goyang_mixed_20250825_20260630,population=2026-06-30|onePersonHouseholds=2026-06-30|hiraFacilities=2026-06-30|analysisBoundary=2026-04-01|busStops=2025-08-25,정류장 개소; 노선표기 건; 고유 노선명 개; 비율 0~1; 낮은값 순위 1~44,routes_raw를 comma로 분리하고 '노선명(유형)'을 파싱; 유형='마을' 표기를 추출; 동별 마을정류장비율=마을노선 1개 이상 표기 정류장/전체 경계내 정류장; 고유 마을노선=동별 routeName distinct count,2025-08-25 정류장 CSV의 정적 노선 존재 표기만 쓴 1차 스크리닝이다. 배차·운행횟수·방향·시간대·환승·OD·보행권·노선변경을 알 수 없으므로 공급량·접근성·서비스 품질·도입 우선순위로 해석하지 않는다. 순위는 낮은 값 탐색용이다.,area_adjacency=AF16E5259A667F45F5BF7F6B3DF3A22E1A4837C477F6B68DDC26CDCF60E2DFF0|area_scores=455106174A3E492D501F73B8BA55EFD1B7525656638E8109AE015C290C352DE3|bus_stops=BBA5AC0E8F29538F42373B1789179B5B9D2CF0186E0D3A618537C83B74B628D5|facilities=9AA2BC9D9F9E0EC421FB7D23A9C9BF0BD5EDB59EB173A91CB27E6EB2655A1E07|grid_scores=F2B4631D6C4DB1C379BB9CAA13D29A9C055273F1C0D682BAC13EDD19C0A9E9BF|metrics_code=7A3920ABAC99C0EEE1FA013FF751C14428D5AA95E0F1F3F32FCED6B7A49541BA|model_spec=435B1018F2D35A2B421D1827A23C0DC739DC1F827F71189F8F818CE0B0C670E4|source_manifest=86163BE779951590317AB41BE2F9DE18666BC936F1735593673513008868CEC9,population=4D1530F251B312CE6564BA5676093B1043057F46A0FE2A58CF2756AFC530DA7B|one_person=01923C6EBD7440771E4EBE20CAB0648355A18C09D198677C0E265F5E68406A7D|admdongkor_boundary=6A63D079BA8AF4701AB200AD0B54EBDEA8689808B6E0E9F17973B9BA7883DC6A|bus_stops=01B63929056B55D0A8FE372756942FB9A81A89CB121A0CDB1838DDE9ED8555BF|hira_hospital=458D04F264BFE005CB12078699156CA72AD47B52062E0F79B8140E2635086268|hira_pharmacy=65B2B1E7F65BF1EFAF20C826BC1FB03CC24B65B359F4B5B51E1A234B334505A4
4128154000,성사1동,018,9,9,1.1.0,village_bus_static_presence_screen_v1,goyang_mixed_20250825_20260630,population=2026-06-30|onePersonHouseholds=2026-06-30|hiraFacilities=2026-06-30|analysisBoundary=2026-04-01|busStops=2025-08-25,정류장 개소; 노선표기 건; 고유 노선명 개; 비율 0~1; 낮은값 순위 1~44,routes_raw를 comma로 분리하고 '노선명(유형)'을 파싱; 유형='마을' 표기를 추출; 동별 마을정류장비율=마을노선 1개 이상 표기 정류장/전체 경계내 정류장; 고유 마을노선=동별 routeName distinct count,2025-08-25 정류장 CSV의 정적 노선 존재 표기만 쓴 1차 스크리닝이다. 배차·운행횟수·방향·시간대·환승·OD·보행권·노선변경을 알 수 없으므로 공급량·접근성·서비스 품질·도입 우선순위로 해석하지 않는다. 순위는 낮은 값 탐색용이다.,area_adjacency=AF16E5259A667F45F5BF7F6B3DF3A22E1A4837C477F6B68DDC26CDCF60E2DFF0|area_scores=455106174A3E492D501F73B8BA55EFD1B7525656638E8109AE015C290C352DE3|bus_stops=BBA5AC0E8F29538F42373B1789179B5B9D2CF0186E0D3A618537C83B74B628D5|facilities=9AA2BC9D9F9E0EC421FB7D23A9C9BF0BD5EDB59EB173A91CB27E6EB2655A1E07|grid_scores=F2B4631D6C4DB1C379BB9CAA13D29A9C055273F1C0D682BAC13EDD19C0A9E9BF|metrics_code=7A3920ABAC99C0EEE1FA013FF751C14428D5AA95E0F1F3F32FCED6B7A49541BA|model_spec=435B1018F2D35A2B421D1827A23C0DC739DC1F827F71189F8F818CE0B0C670E4|source_manifest=86163BE779951590317AB41BE2F9DE18666BC936F1735593673513008868CEC9,population=4D1530F251B312CE6564BA5676093B1043057F46A0FE2A58CF2756AFC530DA7B|one_person=01923C6EBD7440771E4EBE20CAB0648355A18C09D198677C0E265F5E68406A7D|admdongkor_boundary=6A63D079BA8AF4701AB200AD0B54EBDEA8689808B6E0E9F17973B9BA7883DC6A|bus_stops=01B63929056B55D0A8FE372756942FB9A81A89CB121A0CDB1838DDE9ED8555BF|hira_hospital=458D04F264BFE005CB12078699156CA72AD47B52062E0F79B8140E2635086268|hira_pharmacy=65B2B1E7F65BF1EFAF20C826BC1FB03CC24B65B359F4B5B51E1A234B334505A4
4128154000,성사1동,019,9,9,1.1.0,village_bus_static_presence_screen_v1,goyang_mixed_20250825_20260630,population=2026-06-30|onePersonHouseholds=2026-06-30|hiraFacilities=2026-06-30|analysisBoundary=2026-04-01|busStops=2025-08-25,정류장 개소; 노선표기 건; 고유 노선명 개; 비율 0~1; 낮은값 순위 1~44,routes_raw를 comma로 분리하고 '노선명(유형)'을 파싱; 유형='마을' 표기를 추출; 동별 마을정류장비율=마을노선 1개 이상 표기 정류장/전체 경계내 정류장; 고유 마을노선=동별 routeName distinct count,2025-08-25 정류장 CSV의 정적 노선 존재 표기만 쓴 1차 스크리닝이다. 배차·운행횟수·방향·시간대·환승·OD·보행권·노선변경을 알 수 없으므로 공급량·접근성·서비스 품질·도입 우선순위로 해석하지 않는다. 순위는 낮은 값 탐색용이다.,area_adjacency=AF16E5259A667F45F5BF7F6B3DF3A22E1A4837C477F6B68DDC26CDCF60E2DFF0|area_scores=455106174A3E492D501F73B8BA55EFD1B7525656638E8109AE015C290C352DE3|bus_stops=BBA5AC0E8F29538F42373B1789179B5B9D2CF0186E0D3A618537C83B74B628D5|facilities=9AA2BC9D9F9E0EC421FB7D23A9C9BF0BD5EDB59EB173A91CB27E6EB2655A1E07|grid_scores=F2B4631D6C4DB1C379BB9CAA13D29A9C055273F1C0D682BAC13EDD19C0A9E9BF|metrics_code=7A3920ABAC99C0EEE1FA013FF751C14428D5AA95E0F1F3F32FCED6B7A49541BA|model_spec=435B1018F2D35A2B421D1827A23C0DC739DC1F827F71189F8F818CE0B0C670E4|source_manifest=86163BE779951590317AB41BE2F9DE18666BC936F1735593673513008868CEC9,population=4D1530F251B312CE6564BA5676093B1043057F46A0FE2A58CF2756AFC530DA7B|one_person=01923C6EBD7440771E4EBE20CAB0648355A18C09D198677C0E265F5E68406A7D|admdongkor_boundary=6A63D079BA8AF4701AB200AD0B54EBDEA8689808B6E0E9F17973B9BA7883DC6A|bus_stops=01B63929056B55D0A8FE372756942FB9A81A89CB121A0CDB1838DDE9ED8555BF|hira_hospital=458D04F264BFE005CB12078699156CA72AD47B52062E0F79B8140E2635086268|hira_pharmacy=65B2B1E7F65BF1EFAF20C826BC1FB03CC24B65B359F4B5B51E1A234B334505A4
4128154000,성사1동,029B,5,5,1.1.0,village_bus_static_presence_screen_v1,goyang_mixed_20250825_20260630,population=2026-06-30|onePersonHouseholds=2026-06-30|hiraFacilities=2026-06-30|analysisBoundary=2026-04-01|busStops=2025-08-25,정류장 개소; 노선표기 건; 고유 노선명 개; 비율 0~1; 낮은값 순위 1~44,routes_raw를 comma로 분리하고 '노선명(유형)'을 파싱; 유형='마을' 표기를 추출; 동별 마을정류장비율=마을노선 1개 이상 표기 정류장/전체 경계내 정류장; 고유 마을노선=동별 routeName distinct count,2025-08-25 정류장 CSV의 정적 노선 존재 표기만 쓴 1차 스크리닝이다. 배차·운행횟수·방향·시간대·환승·OD·보행권·노선변경을 알 수 없으므로 공급량·접근성·서비스 품질·도입 우선순위로 해석하지 않는다. 순위는 낮은 값 탐색용이다.,area_adjacency=AF16E5259A667F45F5BF7F6B3DF3A22E1A4837C477F6B68DDC26CDCF60E2DFF0|area_scores=455106174A3E492D501F73B8BA55EFD1B7525656638E8109AE015C290C352DE3|bus_stops=BBA5AC0E8F29538F42373B1789179B5B9D2CF0186E0D3A618537C83B74B628D5|facilities=9AA2BC9D9F9E0EC421FB7D23A9C9BF0BD5EDB59EB173A91CB27E6EB2655A1E07|grid_scores=F2B4631D6C4DB1C379BB9CAA13D29A9C055273F1C0D682BAC13EDD19C0A9E9BF|metrics_code=7A3920ABAC99C0EEE1FA013FF751C14428D5AA95E0F1F3F32FCED6B7A49541BA|model_spec=435B1018F2D35A2B421D1827A23C0DC739DC1F827F71189F8F818CE0B0C670E4|source_manifest=86163BE779951590317AB41BE2F9DE18666BC936F1735593673513008868CEC9,population=4D1530F251B312CE6564BA5676093B1043057F46A0FE2A58CF2756AFC530DA7B|one_person=01923C6EBD7440771E4EBE20CAB0648355A18C09D198677C0E265F5E68406A7D|admdongkor_boundary=6A63D079BA8AF4701AB200AD0B54EBDEA8689808B6E0E9F17973B9BA7883DC6A|bus_stops=01B63929056B55D0A8FE372756942FB9A81A89CB121A0CDB1838DDE9ED8555BF|hira_hospital=458D04F264BFE005CB12078699156CA72AD47B52062E0F79B8140E2635086268|hira_pharmacy=65B2B1E7F65BF1EFAF20C826BC1FB03CC24B65B359F4B5B51E1A234B334505A4
4128154000,성사1동,035,4,4,1.1.0,village_bus_static_presence_screen_v1,goyang_mixed_20250825_20260630,population=2026-06-30|onePersonHouseholds=2026-06-30|hiraFacilities=2026-06-30|analysisBoundary=2026-04-01|busStops=2025-08-25,정류장 개소; 노선표기 건; 고유 노선명 개; 비율 0~1; 낮은값 순위 1~44,routes_raw를 comma로 분리하고 '노선명(유형)'을 파싱; 유형='마을' 표기를 추출; 동별 마을정류장비율=마을노선 1개 이상 표기 정류장/전체 경계내 정류장; 고유 마을노선=동별 routeName distinct count,2025-08-25 정류장 CSV의 정적 노선 존재 표기만 쓴 1차 스크리닝이다. 배차·운행횟수·방향·시간대·환승·OD·보행권·노선변경을 알 수 없으므로 공급량·접근성·서비스 품질·도입 우선순위로 해석하지 않는다. 순위는 낮은 값 탐색용이다.,area_adjacency=AF16E5259A667F45F5BF7F6B3DF3A22E1A4837C477F6B68DDC26CDCF60E2DFF0|area_scores=455106174A3E492D501F73B8BA55EFD1B7525656638E8109AE015C290C352DE3|bus_stops=BBA5AC0E8F29538F42373B1789179B5B9D2CF0186E0D3A618537C83B74B628D5|facilities=9AA2BC9D9F9E0EC421FB7D23A9C9BF0BD5EDB59EB173A91CB27E6EB2655A1E07|grid_scores=F2B4631D6C4DB1C379BB9CAA13D29A9C055273F1C0D682BAC13EDD19C0A9E9BF|metrics_code=7A3920ABAC99C0EEE1FA013FF751C14428D5AA95E0F1F3F32FCED6B7A49541BA|model_spec=435B1018F2D35A2B421D1827A23C0DC739DC1F827F71189F8F818CE0B0C670E4|source_manifest=86163BE779951590317AB41BE2F9DE18666BC936F1735593673513008868CEC9,population=4D1530F251B312CE6564BA5676093B1043057F46A0FE2A58CF2756AFC530DA7B|one_person=01923C6EBD7440771E4EBE20CAB0648355A18C09D198677C0E265F5E68406A7D|admdongkor_boundary=6A63D079BA8AF4701AB200AD0B54EBDEA8689808B6E0E9F17973B9BA7883DC6A|bus_stops=01B63929056B55D0A8FE372756942FB9A81A89CB121A0CDB1838DDE9ED8555BF|hira_hospital=458D04F264BFE005CB12078699156CA72AD47B52062E0F79B8140E2635086268|hira_pharmacy=65B2B1E7F65BF1EFAF20C826BC1FB03CC24B65B359F4B5B51E1A234B334505A4
4128154000,성사1동,043(원당역),4,4,1.1.0,village_bus_static_presence_screen_v1,goyang_mixed_20250825_20260630,population=2026-06-30|onePersonHouseholds=2026-06-30|hiraFacilities=2026-06-30|analysisBoundary=2026-04-01|busStops=2025-08-25,정류장 개소; 노선표기 건; 고유 노선명 개; 비율 0~1; 낮은값 순위 1~44,routes_raw를 comma로 분리하고 '노선명(유형)'을 파싱; 유형='마을' 표기를 추출; 동별 마을정류장비율=마을노선 1개 이상 표기 정류장/전체 경계내 정류장; 고유 마을노선=동별 routeName distinct count,2025-08-25 정류장 CSV의 정적 노선 존재 표기만 쓴 1차 스크리닝이다. 배차·운행횟수·방향·시간대·환승·OD·보행권·노선변경을 알 수 없으므로 공급량·접근성·서비스 품질·도입 우선순위로 해석하지 않는다. 순위는 낮은 값 탐색용이다.,area_adjacency=AF16E5259A667F45F5BF7F6B3DF3A22E1A4837C477F6B68DDC26CDCF60E2DFF0|area_scores=455106174A3E492D501F73B8BA55EFD1B7525656638E8109AE015C290C352DE3|bus_stops=BBA5AC0E8F29538F42373B1789179B5B9D2CF0186E0D3A618537C83B74B628D5|facilities=9AA2BC9D9F9E0EC421FB7D23A9C9BF0BD5EDB59EB173A91CB27E6EB2655A1E07|grid_scores=F2B4631D6C4DB1C379BB9CAA13D29A9C055273F1C0D682BAC13EDD19C0A9E9BF|metrics_code=7A3920ABAC99C0EEE1FA013FF751C14428D5AA95E0F1F3F32FCED6B7A49541BA|model_spec=435B1018F2D35A2B421D1827A23C0DC739DC1F827F71189F8F818CE0B0C670E4|source_manifest=86163BE779951590317AB41BE2F9DE18666BC936F1735593673513008868CEC9,population=4D1530F251B312CE6564BA5676093B1043057F46A0FE2A58CF2756AFC530DA7B|one_person=01923C6EBD7440771E4EBE20CAB0648355A18C09D198677C0E265F5E68406A7D|admdongkor_boundary=6A63D079BA8AF4701AB200AD0B54EBDEA8689808B6E0E9F17973B9BA7883DC6A|bus_stops=01B63929056B55D0A8FE372756942FB9A81A89CB121A0CDB1838DDE9ED8555BF|hira_hospital=458D04F264BFE005CB12078699156CA72AD47B52062E0F79B8140E2635086268|hira_pharmacy=65B2B1E7F65BF1EFAF20C826BC1FB03CC24B65B359F4B5B51E1A234B334505A4
4128154000,성사1동,097,7,7,1.1.0,village_bus_static_presence_screen_v1,goyang_mixed_20250825_20260630,population=2026-06-30|onePersonHouseholds=2026-06-30|hiraFacilities=2026-06-30|analysisBoundary=2026-04-01|busStops=2025-08-25,정류장 개소; 노선표기 건; 고유 노선명 개; 비율 0~1; 낮은값 순위 1~44,routes_raw를 comma로 분리하고 '노선명(유형)'을 파싱; 유형='마을' 표기를 추출; 동별 마을정류장비율=마을노선 1개 이상 표기 정류장/전체 경계내 정류장; 고유 마을노선=동별 routeName distinct count,2025-08-25 정류장 CSV의 정적 노선 존재 표기만 쓴 1차 스크리닝이다. 배차·운행횟수·방향·시간대·환승·OD·보행권·노선변경을 알 수 없으므로 공급량·접근성·서비스 품질·도입 우선순위로 해석하지 않는다. 순위는 낮은 값 탐색용이다.,area_adjacency=AF16E5259A667F45F5BF7F6B3DF3A22E1A4837C477F6B68DDC26CDCF60E2DFF0|area_scores=455106174A3E492D501F73B8BA55EFD1B7525656638E8109AE015C290C352DE3|bus_stops=BBA5AC0E8F29538F42373B1789179B5B9D2CF0186E0D3A618537C83B74B628D5|facilities=9AA2BC9D9F9E0EC421FB7D23A9C9BF0BD5EDB59EB173A91CB27E6EB2655A1E07|grid_scores=F2B4631D6C4DB1C379BB9CAA13D29A9C055273F1C0D682BAC13EDD19C0A9E9BF|metrics_code=7A3920ABAC99C0EEE1FA013FF751C14428D5AA95E0F1F3F32FCED6B7A49541BA|model_spec=435B1018F2D35A2B421D1827A23C0DC739DC1F827F71189F8F818CE0B0C670E4|source_manifest=86163BE779951590317AB41BE2F9DE18666BC936F1735593673513008868CEC9,population=4D1530F251B312CE6564BA5676093B1043057F46A0FE2A58CF2756AFC530DA7B|one_person=01923C6EBD7440771E4EBE20CAB0648355A18C09D198677C0E265F5E68406A7D|admdongkor_boundary=6A63D079BA8AF4701AB200AD0B54EBDEA8689808B6E0E9F17973B9BA7883DC6A|bus_stops=01B63929056B55D0A8FE372756942FB9A81A89CB121A0CDB1838DDE9ED8555BF|hira_hospital=458D04F264BFE005CB12078699156CA72AD47B52062E0F79B8140E2635086268|hira_pharmacy=65B2B1E7F65BF1EFAF20C826BC1FB03CC24B65B359F4B5B51E1A234B334505A4
4128154000,성사1동,099,7,7,1.1.0,village_bus_static_presence_screen_v1,goyang_mixed_20250825_20260630,population=2026-06-30|onePersonHouseholds=2026-06-30|hiraFacilities=2026-06-30|analysisBoundary=2026-04-01|busStops=2025-08-25,정류장 개소; 노선표기 건; 고유 노선명 개; 비율 0~1; 낮은값 순위 1~44,routes_raw를 comma로 분리하고 '노선명(유형)'을 파싱; 유형='마을' 표기를 추출; 동별 마을정류장비율=마을노선 1개 이상 표기 정류장/전체 경계내 정류장; 고유 마을노선=동별 routeName distinct count,2025-08-25 정류장 CSV의 정적 노선 존재 표기만 쓴 1차 스크리닝이다. 배차·운행횟수·방향·시간대·환승·OD·보행권·노선변경을 알 수 없으므로 공급량·접근성·서비스 품질·도입 우선순위로 해석하지 않는다. 순위는 낮은 값 탐색용이다.,area_adjacency=AF16E5259A667F45F5BF7F6B3DF3A22E1A4837C477F6B68DDC26CDCF60E2DFF0|area_scores=455106174A3E492D501F73B8BA55EFD1B7525656638E8109AE015C290C352DE3|bus_stops=BBA5AC0E8F29538F42373B1789179B5B9D2CF0186E0D3A618537C83B74B628D5|facilities=9AA2BC9D9F9E0EC421FB7D23A9C9BF0BD5EDB59EB173A91CB27E6EB2655A1E07|grid_scores=F2B4631D6C4DB1C379BB9CAA13D29A9C055273F1C0D682BAC13EDD19C0A9E9BF|metrics_code=7A3920ABAC99C0EEE1FA013FF751C14428D5AA95E0F1F3F32FCED6B7A49541BA|model_spec=435B1018F2D35A2B421D1827A23C0DC739DC1F827F71189F8F818CE0B0C670E4|source_manifest=86163BE779951590317AB41BE2F9DE18666BC936F1735593673513008868CEC9,population=4D1530F251B312CE6564BA5676093B1043057F46A0FE2A58CF2756AFC530DA7B|one_person=01923C6EBD7440771E4EBE20CAB0648355A18C09D198677C0E265F5E68406A7D|admdongkor_boundary=6A63D079BA8AF4701AB200AD0B54EBDEA8689808B6E0E9F17973B9BA7883DC6A|bus_stops=01B63929056B55D0A8FE372756942FB9A81A89CB121A0CDB1838DDE9ED8555BF|hira_hospital=458D04F264BFE005CB12078699156CA72AD47B52062E0F79B8140E2635086268|hira_pharmacy=65B2B1E7F65BF1EFAF20C826BC1FB03CC24B65B359F4B5B51E1A234B334505A4
4128155000,성사2동,015,5,5,1.1.0,village_bus_static_presence_screen_v1,goyang_mixed_20250825_20260630,population=2026-06-30|onePersonHouseholds=2026-06-30|hiraFacilities=2026-06-30|analysisBoundary=2026-04-01|busStops=2025-08-25,정류장 개소; 노선표기 건; 고유 노선명 개; 비율 0~1; 낮은값 순위 1~44,routes_raw를 comma로 분리하고 '노선명(유형)'을 파싱; 유형='마을' 표기를 추출; 동별 마을정류장비율=마을노선 1개 이상 표기 정류장/전체 경계내 정류장; 고유 마을노선=동별 routeName distinct count,2025-08-25 정류장 CSV의 정적 노선 존재 표기만 쓴 1차 스크리닝이다. 배차·운행횟수·방향·시간대·환승·OD·보행권·노선변경을 알 수 없으므로 공급량·접근성·서비스 품질·도입 우선순위로 해석하지 않는다. 순위는 낮은 값 탐색용이다.,area_adjacency=AF16E5259A667F45F5BF7F6B3DF3A22E1A4837C477F6B68DDC26CDCF60E2DFF0|area_scores=455106174A3E492D501F73B8BA55EFD1B7525656638E8109AE015C290C352DE3|bus_stops=BBA5AC0E8F29538F42373B1789179B5B9D2CF0186E0D3A618537C83B74B628D5|facilities=9AA2BC9D9F9E0EC421FB7D23A9C9BF0BD5EDB59EB173A91CB27E6EB2655A1E07|grid_scores=F2B4631D6C4DB1C379BB9CAA13D29A9C055273F1C0D682BAC13EDD19C0A9E9BF|metrics_code=7A3920ABAC99C0EEE1FA013FF751C14428D5AA95E0F1F3F32FCED6B7A49541BA|model_spec=435B1018F2D35A2B421D1827A23C0DC739DC1F827F71189F8F818CE0B0C670E4|source_manifest=86163BE779951590317AB41BE2F9DE18666BC936F1735593673513008868CEC9,population=4D1530F251B312CE6564BA5676093B1043057F46A0FE2A58CF2756AFC530DA7B|one_person=01923C6EBD7440771E4EBE20CAB0648355A18C09D198677C0E265F5E68406A7D|admdongkor_boundary=6A63D079BA8AF4701AB200AD0B54EBDEA8689808B6E0E9F17973B9BA7883DC6A|bus_stops=01B63929056B55D0A8FE372756942FB9A81A89CB121A0CDB1838DDE9ED8555BF|hira_hospital=458D04F264BFE005CB12078699156CA72AD47B52062E0F79B8140E2635086268|hira_pharmacy=65B2B1E7F65BF1EFAF20C826BC1FB03CC24B65B359F4B5B51E1A234B334505A4
4128155000,성사2동,016,6,6,1.1.0,village_bus_static_presence_screen_v1,goyang_mixed_20250825_20260630,population=2026-06-30|onePersonHouseholds=2026-06-30|hiraFacilities=2026-06-30|analysisBoundary=2026-04-01|busStops=2025-08-25,정류장 개소; 노선표기 건; 고유 노선명 개; 비율 0~1; 낮은값 순위 1~44,routes_raw를 comma로 분리하고 '노선명(유형)'을 파싱; 유형='마을' 표기를 추출; 동별 마을정류장비율=마을노선 1개 이상 표기 정류장/전체 경계내 정류장; 고유 마을노선=동별 routeName distinct count,2025-08-25 정류장 CSV의 정적 노선 존재 표기만 쓴 1차 스크리닝이다. 배차·운행횟수·방향·시간대·환승·OD·보행권·노선변경을 알 수 없으므로 공급량·접근성·서비스 품질·도입 우선순위로 해석하지 않는다. 순위는 낮은 값 탐색용이다.,area_adjacency=AF16E5259A667F45F5BF7F6B3DF3A22E1A4837C477F6B68DDC26CDCF60E2DFF0|area_scores=455106174A3E492D501F73B8BA55EFD1B7525656638E8109AE015C290C352DE3|bus_stops=BBA5AC0E8F29538F42373B1789179B5B9D2CF0186E0D3A618537C83B74B628D5|facilities=9AA2BC9D9F9E0EC421FB7D23A9C9BF0BD5EDB59EB173A91CB27E6EB2655A1E07|grid_scores=F2B4631D6C4DB1C379BB9CAA13D29A9C055273F1C0D682BAC13EDD19C0A9E9BF|metrics_code=7A3920ABAC99C0EEE1FA013FF751C14428D5AA95E0F1F3F32FCED6B7A49541BA|model_spec=435B1018F2D35A2B421D1827A23C0DC739DC1F827F71189F8F818CE0B0C670E4|source_manifest=86163BE779951590317AB41BE2F9DE18666BC936F1735593673513008868CEC9,population=4D1530F251B312CE6564BA5676093B1043057F46A0FE2A58CF2756AFC530DA7B|one_person=01923C6EBD7440771E4EBE20CAB0648355A18C09D198677C0E265F5E68406A7D|admdongkor_boundary=6A63D079BA8AF4701AB200AD0B54EBDEA8689808B6E0E9F17973B9BA7883DC6A|bus_stops=01B63929056B55D0A8FE372756942FB9A81A89CB121A0CDB1838DDE9ED8555BF|hira_hospital=458D04F264BFE005CB12078699156CA72AD47B52062E0F79B8140E2635086268|hira_pharmacy=65B2B1E7F65BF1EFAF20C826BC1FB03CC24B65B359F4B5B51E1A234B334505A4
4128155000,성사2동,029B,4,4,1.1.0,village_bus_static_presence_screen_v1,goyang_mixed_20250825_20260630,population=2026-06-30|onePersonHouseholds=2026-06-30|hiraFacilities=2026-06-30|analysisBoundary=2026-04-01|busStops=2025-08-25,정류장 개소; 노선표기 건; 고유 노선명 개; 비율 0~1; 낮은값 순위 1~44,routes_raw를 comma로 분리하고 '노선명(유형)'을 파싱; 유형='마을' 표기를 추출; 동별 마을정류장비율=마을노선 1개 이상 표기 정류장/전체 경계내 정류장; 고유 마을노선=동별 routeName distinct count,2025-08-25 정류장 CSV의 정적 노선 존재 표기만 쓴 1차 스크리닝이다. 배차·운행횟수·방향·시간대·환승·OD·보행권·노선변경을 알 수 없으므로 공급량·접근성·서비스 품질·도입 우선순위로 해석하지 않는다. 순위는 낮은 값 탐색용이다.,area_adjacency=AF16E5259A667F45F5BF7F6B3DF3A22E1A4837C477F6B68DDC26CDCF60E2DFF0|area_scores=455106174A3E492D501F73B8BA55EFD1B7525656638E8109AE015C290C352DE3|bus_stops=BBA5AC0E8F29538F42373B1789179B5B9D2CF0186E0D3A618537C83B74B628D5|facilities=9AA2BC9D9F9E0EC421FB7D23A9C9BF0BD5EDB59EB173A91CB27E6EB2655A1E07|grid_scores=F2B4631D6C4DB1C379BB9CAA13D29A9C055273F1C0D682BAC13EDD19C0A9E9BF|metrics_code=7A3920ABAC99C0EEE1FA013FF751C14428D5AA95E0F1F3F32FCED6B7A49541BA|model_spec=435B1018F2D35A2B421D1827A23C0DC739DC1F827F71189F8F818CE0B0C670E4|source_manifest=86163BE779951590317AB41BE2F9DE18666BC936F1735593673513008868CEC9,population=4D1530F251B312CE6564BA5676093B1043057F46A0FE2A58CF2756AFC530DA7B|one_person=01923C6EBD7440771E4EBE20CAB0648355A18C09D198677C0E265F5E68406A7D|admdongkor_boundary=6A63D079BA8AF4701AB200AD0B54EBDEA8689808B6E0E9F17973B9BA7883DC6A|bus_stops=01B63929056B55D0A8FE372756942FB9A81A89CB121A0CDB1838DDE9ED8555BF|hira_hospital=458D04F264BFE005CB12078699156CA72AD47B52062E0F79B8140E2635086268|hira_pharmacy=65B2B1E7F65BF1EFAF20C826BC1FB03CC24B65B359F4B5B51E1A234B334505A4
4128155000,성사2동,035,1,1,1.1.0,village_bus_static_presence_screen_v1,goyang_mixed_20250825_20260630,population=2026-06-30|onePersonHouseholds=2026-06-30|hiraFacilities=2026-06-30|analysisBoundary=2026-04-01|busStops=2025-08-25,정류장 개소; 노선표기 건; 고유 노선명 개; 비율 0~1; 낮은값 순위 1~44,routes_raw를 comma로 분리하고 '노선명(유형)'을 파싱; 유형='마을' 표기를 추출; 동별 마을정류장비율=마을노선 1개 이상 표기 정류장/전체 경계내 정류장; 고유 마을노선=동별 routeName distinct count,2025-08-25 정류장 CSV의 정적 노선 존재 표기만 쓴 1차 스크리닝이다. 배차·운행횟수·방향·시간대·환승·OD·보행권·노선변경을 알 수 없으므로 공급량·접근성·서비스 품질·도입 우선순위로 해석하지 않는다. 순위는 낮은 값 탐색용이다.,area_adjacency=AF16E5259A667F45F5BF7F6B3DF3A22E1A4837C477F6B68DDC26CDCF60E2DFF0|area_scores=455106174A3E492D501F73B8BA55EFD1B7525656638E8109AE015C290C352DE3|bus_stops=BBA5AC0E8F29538F42373B1789179B5B9D2CF0186E0D3A618537C83B74B628D5|facilities=9AA2BC9D9F9E0EC421FB7D23A9C9BF0BD5EDB59EB173A91CB27E6EB2655A1E07|grid_scores=F2B4631D6C4DB1C379BB9CAA13D29A9C055273F1C0D682BAC13EDD19C0A9E9BF|metrics_code=7A3920ABAC99C0EEE1FA013FF751C14428D5AA95E0F1F3F32FCED6B7A49541BA|model_spec=435B1018F2D35A2B421D1827A23C0DC739DC1F827F71189F8F818CE0B0C670E4|source_manifest=86163BE779951590317AB41BE2F9DE18666BC936F1735593673513008868CEC9,population=4D1530F251B312CE6564BA5676093B1043057F46A0FE2A58CF2756AFC530DA7B|one_person=01923C6EBD7440771E4EBE20CAB0648355A18C09D198677C0E265F5E68406A7D|admdongkor_boundary=6A63D079BA8AF4701AB200AD0B54EBDEA8689808B6E0E9F17973B9BA7883DC6A|bus_stops=01B63929056B55D0A8FE372756942FB9A81A89CB121A0CDB1838DDE9ED8555BF|hira_hospital=458D04F264BFE005CB12078699156CA72AD47B52062E0F79B8140E2635086268|hira_pharmacy=65B2B1E7F65BF1EFAF20C826BC1FB03CC24B65B359F4B5B51E1A234B334505A4
4128155000,성사2동,043(원당역),1,1,1.1.0,village_bus_static_presence_screen_v1,goyang_mixed_20250825_20260630,population=2026-06-30|onePersonHouseholds=2026-06-30|hiraFacilities=2026-06-30|analysisBoundary=2026-04-01|busStops=2025-08-25,정류장 개소; 노선표기 건; 고유 노선명 개; 비율 0~1; 낮은값 순위 1~44,routes_raw를 comma로 분리하고 '노선명(유형)'을 파싱; 유형='마을' 표기를 추출; 동별 마을정류장비율=마을노선 1개 이상 표기 정류장/전체 경계내 정류장; 고유 마을노선=동별 routeName distinct count,2025-08-25 정류장 CSV의 정적 노선 존재 표기만 쓴 1차 스크리닝이다. 배차·운행횟수·방향·시간대·환승·OD·보행권·노선변경을 알 수 없으므로 공급량·접근성·서비스 품질·도입 우선순위로 해석하지 않는다. 순위는 낮은 값 탐색용이다.,area_adjacency=AF16E5259A667F45F5BF7F6B3DF3A22E1A4837C477F6B68DDC26CDCF60E2DFF0|area_scores=455106174A3E492D501F73B8BA55EFD1B7525656638E8109AE015C290C352DE3|bus_stops=BBA5AC0E8F29538F42373B1789179B5B9D2CF0186E0D3A618537C83B74B628D5|facilities=9AA2BC9D9F9E0EC421FB7D23A9C9BF0BD5EDB59EB173A91CB27E6EB2655A1E07|grid_scores=F2B4631D6C4DB1C379BB9CAA13D29A9C055273F1C0D682BAC13EDD19C0A9E9BF|metrics_code=7A3920ABAC99C0EEE1FA013FF751C14428D5AA95E0F1F3F32FCED6B7A49541BA|model_spec=435B1018F2D35A2B421D1827A23C0DC739DC1F827F71189F8F818CE0B0C670E4|source_manifest=86163BE779951590317AB41BE2F9DE18666BC936F1735593673513008868CEC9,population=4D1530F251B312CE6564BA5676093B1043057F46A0FE2A58CF2756AFC530DA7B|one_person=01923C6EBD7440771E4EBE20CAB0648355A18C09D198677C0E265F5E68406A7D|admdongkor_boundary=6A63D079BA8AF4701AB200AD0B54EBDEA8689808B6E0E9F17973B9BA7883DC6A|bus_stops=01B63929056B55D0A8FE372756942FB9A81A89CB121A0CDB1838DDE9ED8555BF|hira_hospital=458D04F264BFE005CB12078699156CA72AD47B52062E0F79B8140E2635086268|hira_pharmacy=65B2B1E7F65BF1EFAF20C826BC1FB03CC24B65B359F4B5B51E1A234B334505A4
4128156000,효자동,052A,14,14,1.1.0,village_bus_static_presence_screen_v1,goyang_mixed_20250825_20260630,population=2026-06-30|onePersonHouseholds=2026-06-30|hiraFacilities=2026-06-30|analysisBoundary=2026-04-01|busStops=2025-08-25,정류장 개소; 노선표기 건; 고유 노선명 개; 비율 0~1; 낮은값 순위 1~44,routes_raw를 comma로 분리하고 '노선명(유형)'을 파싱; 유형='마을' 표기를 추출; 동별 마을정류장비율=마을노선 1개 이상 표기 정류장/전체 경계내 정류장; 고유 마을노선=동별 routeName distinct count,2025-08-25 정류장 CSV의 정적 노선 존재 표기만 쓴 1차 스크리닝이다. 배차·운행횟수·방향·시간대·환승·OD·보행권·노선변경을 알 수 없으므로 공급량·접근성·서비스 품질·도입 우선순위로 해석하지 않는다. 순위는 낮은 값 탐색용이다.,area_adjacency=AF16E5259A667F45F5BF7F6B3DF3A22E1A4837C477F6B68DDC26CDCF60E2DFF0|area_scores=455106174A3E492D501F73B8BA55EFD1B7525656638E8109AE015C290C352DE3|bus_stops=BBA5AC0E8F29538F42373B1789179B5B9D2CF0186E0D3A618537C83B74B628D5|facilities=9AA2BC9D9F9E0EC421FB7D23A9C9BF0BD5EDB59EB173A91CB27E6EB2655A1E07|grid_scores=F2B4631D6C4DB1C379BB9CAA13D29A9C055273F1C0D682BAC13EDD19C0A9E9BF|metrics_code=7A3920ABAC99C0EEE1FA013FF751C14428D5AA95E0F1F3F32FCED6B7A49541BA|model_spec=435B1018F2D35A2B421D1827A23C0DC739DC1F827F71189F8F818CE0B0C670E4|source_manifest=86163BE779951590317AB41BE2F9DE18666BC936F1735593673513008868CEC9,population=4D1530F251B312CE6564BA5676093B1043057F46A0FE2A58CF2756AFC530DA7B|one_person=01923C6EBD7440771E4EBE20CAB0648355A18C09D198677C0E265F5E68406A7D|admdongkor_boundary=6A63D079BA8AF4701AB200AD0B54EBDEA8689808B6E0E9F17973B9BA7883DC6A|bus_stops=01B63929056B55D0A8FE372756942FB9A81A89CB121A0CDB1838DDE9ED8555BF|hira_hospital=458D04F264BFE005CB12078699156CA72AD47B52062E0F79B8140E2635086268|hira_pharmacy=65B2B1E7F65BF1EFAF20C826BC1FB03CC24B65B359F4B5B51E1A234B334505A4
4128156000,효자동,052B,10,10,1.1.0,village_bus_static_presence_screen_v1,goyang_mixed_20250825_20260630,population=2026-06-30|onePersonHouseholds=2026-06-30|hiraFacilities=2026-06-30|analysisBoundary=2026-04-01|busStops=2025-08-25,정류장 개소; 노선표기 건; 고유 노선명 개; 비율 0~1; 낮은값 순위 1~44,routes_raw를 comma로 분리하고 '노선명(유형)'을 파싱; 유형='마을' 표기를 추출; 동별 마을정류장비율=마을노선 1개 이상 표기 정류장/전체 경계내 정류장; 고유 마을노선=동별 routeName distinct count,2025-08-25 정류장 CSV의 정적 노선 존재 표기만 쓴 1차 스크리닝이다. 배차·운행횟수·방향·시간대·환승·OD·보행권·노선변경을 알 수 없으므로 공급량·접근성·서비스 품질·도입 우선순위로 해석하지 않는다. 순위는 낮은 값 탐색용이다.,area_adjacency=AF16E5259A667F45F5BF7F6B3DF3A22E1A4837C477F6B68DDC26CDCF60E2DFF0|area_scores=455106174A3E492D501F73B8BA55EFD1B7525656638E8109AE015C290C352DE3|bus_stops=BBA5AC0E8F29538F42373B1789179B5B9D2CF0186E0D3A618537C83B74B628D5|facilities=9AA2BC9D9F9E0EC421FB7D23A9C9BF0BD5EDB59EB173A91CB27E6EB2655A1E07|grid_scores=F2B4631D6C4DB1C379BB9CAA13D29A9C055273F1C0D682BAC13EDD19C0A9E9BF|metrics_code=7A3920ABAC99C0EEE1FA013FF751C14428D5AA95E0F1F3F32FCED6B7A49541BA|model_spec=435B1018F2D35A2B421D1827A23C0DC739DC1F827F71189F8F818CE0B0C670E4|source_manifest=86163BE779951590317AB41BE2F9DE18666BC936F1735593673513008868CEC9,population=4D1530F251B312CE6564BA5676093B1043057F46A0FE2A58CF2756AFC530DA7B|one_person=01923C6EBD7440771E4EBE20CAB0648355A18C09D198677C0E265F5E68406A7D|admdongkor_boundary=6A63D079BA8AF4701AB200AD0B54EBDEA8689808B6E0E9F17973B9BA7883DC6A|bus_stops=01B63929056B55D0A8FE372756942FB9A81A89CB121A0CDB1838DDE9ED8555BF|hira_hospital=458D04F264BFE005CB12078699156CA72AD47B52062E0F79B8140E2635086268|hira_pharmacy=65B2B1E7F65BF1EFAF20C826BC1FB03CC24B65B359F4B5B51E1A234B334505A4
4128156000,효자동,077A,18,18,1.1.0,village_bus_static_presence_screen_v1,goyang_mixed_20250825_20260630,population=2026-06-30|onePersonHouseholds=2026-06-30|hiraFacilities=2026-06-30|analysisBoundary=2026-04-01|busStops=2025-08-25,정류장 개소; 노선표기 건; 고유 노선명 개; 비율 0~1; 낮은값 순위 1~44,routes_raw를 comma로 분리하고 '노선명(유형)'을 파싱; 유형='마을' 표기를 추출; 동별 마을정류장비율=마을노선 1개 이상 표기 정류장/전체 경계내 정류장; 고유 마을노선=동별 routeName distinct count,2025-08-25 정류장 CSV의 정적 노선 존재 표기만 쓴 1차 스크리닝이다. 배차·운행횟수·방향·시간대·환승·OD·보행권·노선변경을 알 수 없으므로 공급량·접근성·서비스 품질·도입 우선순위로 해석하지 않는다. 순위는 낮은 값 탐색용이다.,area_adjacency=AF16E5259A667F45F5BF7F6B3DF3A22E1A4837C477F6B68DDC26CDCF60E2DFF0|area_scores=455106174A3E492D501F73B8BA55EFD1B7525656638E8109AE015C290C352DE3|bus_stops=BBA5AC0E8F29538F42373B1789179B5B9D2CF0186E0D3A618537C83B74B628D5|facilities=9AA2BC9D9F9E0EC421FB7D23A9C9BF0BD5EDB59EB173A91CB27E6EB2655A1E07|grid_scores=F2B4631D6C4DB1C379BB9CAA13D29A9C055273F1C0D682BAC13EDD19C0A9E9BF|metrics_code=7A3920ABAC99C0EEE1FA013FF751C14428D5AA95E0F1F3F32FCED6B7A49541BA|model_spec=435B1018F2D35A2B421D1827A23C0DC739DC1F827F71189F8F818CE0B0C670E4|source_manifest=86163BE779951590317AB41BE2F9DE18666BC936F1735593673513008868CEC9,population=4D1530F251B312CE6564BA5676093B1043057F46A0FE2A58CF2756AFC530DA7B|one_person=01923C6EBD7440771E4EBE20CAB0648355A18C09D198677C0E265F5E68406A7D|admdongkor_boundary=6A63D079BA8AF4701AB200AD0B54EBDEA8689808B6E0E9F17973B9BA7883DC6A|bus_stops=01B63929056B55D0A8FE372756942FB9A81A89CB121A0CDB1838DDE9ED8555BF|hira_hospital=458D04F264BFE005CB12078699156CA72AD47B52062E0F79B8140E2635086268|hira_pharmacy=65B2B1E7F65BF1EFAF20C826BC1FB03CC24B65B359F4B5B51E1A234B334505A4
4128156000,효자동,077B,27,27,1.1.0,village_bus_static_presence_screen_v1,goyang_mixed_20250825_20260630,population=2026-06-30|onePersonHouseholds=2026-06-30|hiraFacilities=2026-06-30|analysisBoundary=2026-04-01|busStops=2025-08-25,정류장 개소; 노선표기 건; 고유 노선명 개; 비율 0~1; 낮은값 순위 1~44,routes_raw를 comma로 분리하고 '노선명(유형)'을 파싱; 유형='마을' 표기를 추출; 동별 마을정류장비율=마을노선 1개 이상 표기 정류장/전체 경계내 정류장; 고유 마을노선=동별 routeName distinct count,2025-08-25 정류장 CSV의 정적 노선 존재 표기만 쓴 1차 스크리닝이다. 배차·운행횟수·방향·시간대·환승·OD·보행권·노선변경을 알 수 없으므로 공급량·접근성·서비스 품질·도입 우선순위로 해석하지 않는다. 순위는 낮은 값 탐색용이다.,area_adjacency=AF16E5259A667F45F5BF7F6B3DF3A22E1A4837C477F6B68DDC26CDCF60E2DFF0|area_scores=455106174A3E492D501F73B8BA55EFD1B7525656638E8109AE015C290C352DE3|bus_stops=BBA5AC0E8F29538F42373B1789179B5B9D2CF0186E0D3A618537C83B74B628D5|facilities=9AA2BC9D9F9E0EC421FB7D23A9C9BF0BD5EDB59EB173A91CB27E6EB2655A1E07|grid_scores=F2B4631D6C4DB1C379BB9CAA13D29A9C055273F1C0D682BAC13EDD19C0A9E9BF|metrics_code=7A3920ABAC99C0EEE1FA013FF751C14428D5AA95E0F1F3F32FCED6B7A49541BA|model_spec=435B1018F2D35A2B421D1827A23C0DC739DC1F827F71189F8F818CE0B0C670E4|source_manifest=86163BE779951590317AB41BE2F9DE18666BC936F1735593673513008868CEC9,population=4D1530F251B312CE6564BA5676093B1043057F46A0FE2A58CF2756AFC530DA7B|one_person=01923C6EBD7440771E4EBE20CAB0648355A18C09D198677C0E265F5E68406A7D|admdongkor_boundary=6A63D079BA8AF4701AB200AD0B54EBDEA8689808B6E0E9F17973B9BA7883DC6A|bus_stops=01B63929056B55D0A8FE372756942FB9A81A89CB121A0CDB1838DDE9ED8555BF|hira_hospital=458D04F264BFE005CB12078699156CA72AD47B52062E0F79B8140E2635086268|hira_pharmacy=65B2B1E7F65BF1EFAF20C826BC1FB03CC24B65B359F4B5B51E1A234B334505A4
4128156000,효자동,15-1(구파발),12,12,1.1.0,village_bus_static_presence_screen_v1,goyang_mixed_20250825_20260630,population=2026-06-30|onePersonHouseholds=2026-06-30|hiraFacilities=2026-06-30|analysisBoundary=2026-04-01|busStops=2025-08-25,정류장 개소; 노선표기 건; 고유 노선명 개; 비율 0~1; 낮은값 순위 1~44,routes_raw를 comma로 분리하고 '노선명(유형)'을 파싱; 유형='마을' 표기를 추출; 동별 마을정류장비율=마을노선 1개 이상 표기 정류장/전체 경계내 정류장; 고유 마을노선=동별 routeName distinct count,2025-08-25 정류장 CSV의 정적 노선 존재 표기만 쓴 1차 스크리닝이다. 배차·운행횟수·방향·시간대·환승·OD·보행권·노선변경을 알 수 없으므로 공급량·접근성·서비스 품질·도입 우선순위로 해석하지 않는다. 순위는 낮은 값 탐색용이다.,area_adjacency=AF16E5259A667F45F5BF7F6B3DF3A22E1A4837C477F6B68DDC26CDCF60E2DFF0|area_scores=455106174A3E492D501F73B8BA55EFD1B7525656638E8109AE015C290C352DE3|bus_stops=BBA5AC0E8F29538F42373B1789179B5B9D2CF0186E0D3A618537C83B74B628D5|facilities=9AA2BC9D9F9E0EC421FB7D23A9C9BF0BD5EDB59EB173A91CB27E6EB2655A1E07|grid_scores=F2B4631D6C4DB1C379BB9CAA13D29A9C055273F1C0D682BAC13EDD19C0A9E9BF|metrics_code=7A3920ABAC99C0EEE1FA013FF751C14428D5AA95E0F1F3F32FCED6B7A49541BA|model_spec=435B1018F2D35A2B421D1827A23C0DC739DC1F827F71189F8F818CE0B0C670E4|source_manifest=86163BE779951590317AB41BE2F9DE18666BC936F1735593673513008868CEC9,population=4D1530F251B312CE6564BA5676093B1043057F46A0FE2A58CF2756AFC530DA7B|one_person=01923C6EBD7440771E4EBE20CAB0648355A18C09D198677C0E265F5E68406A7D|admdongkor_boundary=6A63D079BA8AF4701AB200AD0B54EBDEA8689808B6E0E9F17973B9BA7883DC6A|bus_stops=01B63929056B55D0A8FE372756942FB9A81A89CB121A0CDB1838DDE9ED8555BF|hira_hospital=458D04F264BFE005CB12078699156CA72AD47B52062E0F79B8140E2635086268|hira_pharmacy=65B2B1E7F65BF1EFAF20C826BC1FB03CC24B65B359F4B5B51E1A234B334505A4
4128156000,효자동,15-1(지축),9,9,1.1.0,village_bus_static_presence_screen_v1,goyang_mixed_20250825_20260630,population=2026-06-30|onePersonHouseholds=2026-06-30|hiraFacilities=2026-06-30|analysisBoundary=2026-04-01|busStops=2025-08-25,정류장 개소; 노선표기 건; 고유 노선명 개; 비율 0~1; 낮은값 순위 1~44,routes_raw를 comma로 분리하고 '노선명(유형)'을 파싱; 유형='마을' 표기를 추출; 동별 마을정류장비율=마을노선 1개 이상 표기 정류장/전체 경계내 정류장; 고유 마을노선=동별 routeName distinct count,2025-08-25 정류장 CSV의 정적 노선 존재 표기만 쓴 1차 스크리닝이다. 배차·운행횟수·방향·시간대·환승·OD·보행권·노선변경을 알 수 없으므로 공급량·접근성·서비스 품질·도입 우선순위로 해석하지 않는다. 순위는 낮은 값 탐색용이다.,area_adjacency=AF16E5259A667F45F5BF7F6B3DF3A22E1A4837C477F6B68DDC26CDCF60E2DFF0|area_scores=455106174A3E492D501F73B8BA55EFD1B7525656638E8109AE015C290C352DE3|bus_stops=BBA5AC0E8F29538F42373B1789179B5B9D2CF0186E0D3A618537C83B74B628D5|facilities=9AA2BC9D9F9E0EC421FB7D23A9C9BF0BD5EDB59EB173A91CB27E6EB2655A1E07|grid_scores=F2B4631D6C4DB1C379BB9CAA13D29A9C055273F1C0D682BAC13EDD19C0A9E9BF|metrics_code=7A3920ABAC99C0EEE1FA013FF751C14428D5AA95E0F1F3F32FCED6B7A49541BA|model_spec=435B1018F2D35A2B421D1827A23C0DC739DC1F827F71189F8F818CE0B0C670E4|source_manifest=86163BE779951590317AB41BE2F9DE18666BC936F1735593673513008868CEC9,population=4D1530F251B312CE6564BA5676093B1043057F46A0FE2A58CF2756AFC530DA7B|one_person=01923C6EBD7440771E4EBE20CAB0648355A18C09D198677C0E265F5E68406A7D|admdongkor_boundary=6A63D079BA8AF4701AB200AD0B54EBDEA8689808B6E0E9F17973B9BA7883DC6A|bus_stops=01B63929056B55D0A8FE372756942FB9A81A89CB121A0CDB1838DDE9ED8555BF|hira_hospital=458D04F264BFE005CB12078699156CA72AD47B52062E0F79B8140E2635086268|hira_pharmacy=65B2B1E7F65BF1EFAF20C826BC1FB03CC24B65B359F4B5B51E1A234B334505A4
4128156000,효자동,15A,9,9,1.1.0,village_bus_static_presence_screen_v1,goyang_mixed_20250825_20260630,population=2026-06-30|onePersonHouseholds=2026-06-30|hiraFacilities=2026-06-30|analysisBoundary=2026-04-01|busStops=2025-08-25,정류장 개소; 노선표기 건; 고유 노선명 개; 비율 0~1; 낮은값 순위 1~44,routes_raw를 comma로 분리하고 '노선명(유형)'을 파싱; 유형='마을' 표기를 추출; 동별 마을정류장비율=마을노선 1개 이상 표기 정류장/전체 경계내 정류장; 고유 마을노선=동별 routeName distinct count,2025-08-25 정류장 CSV의 정적 노선 존재 표기만 쓴 1차 스크리닝이다. 배차·운행횟수·방향·시간대·환승·OD·보행권·노선변경을 알 수 없으므로 공급량·접근성·서비스 품질·도입 우선순위로 해석하지 않는다. 순위는 낮은 값 탐색용이다.,area_adjacency=AF16E5259A667F45F5BF7F6B3DF3A22E1A4837C477F6B68DDC26CDCF60E2DFF0|area_scores=455106174A3E492D501F73B8BA55EFD1B7525656638E8109AE015C290C352DE3|bus_stops=BBA5AC0E8F29538F42373B1789179B5B9D2CF0186E0D3A618537C83B74B628D5|facilities=9AA2BC9D9F9E0EC421FB7D23A9C9BF0BD5EDB59EB173A91CB27E6EB2655A1E07|grid_scores=F2B4631D6C4DB1C379BB9CAA13D29A9C055273F1C0D682BAC13EDD19C0A9E9BF|metrics_code=7A3920ABAC99C0EEE1FA013FF751C14428D5AA95E0F1F3F32FCED6B7A49541BA|model_spec=435B1018F2D35A2B421D1827A23C0DC739DC1F827F71189F8F818CE0B0C670E4|source_manifest=86163BE779951590317AB41BE2F9DE18666BC936F1735593673513008868CEC9,population=4D1530F251B312CE6564BA5676093B1043057F46A0FE2A58CF2756AFC530DA7B|one_person=01923C6EBD7440771E4EBE20CAB0648355A18C09D198677C0E265F5E68406A7D|admdongkor_boundary=6A63D079BA8AF4701AB200AD0B54EBDEA8689808B6E0E9F17973B9BA7883DC6A|bus_stops=01B63929056B55D0A8FE372756942FB9A81A89CB121A0CDB1838DDE9ED8555BF|hira_hospital=458D04F264BFE005CB12078699156CA72AD47B52062E0F79B8140E2635086268|hira_pharmacy=65B2B1E7F65BF1EFAF20C826BC1FB03CC24B65B359F4B5B51E1A234B334505A4
4128156000,효자동,15B,9,9,1.1.0,village_bus_static_presence_screen_v1,goyang_mixed_20250825_20260630,population=2026-06-30|onePersonHouseholds=2026-06-30|hiraFacilities=2026-06-30|analysisBoundary=2026-04-01|busStops=2025-08-25,정류장 개소; 노선표기 건; 고유 노선명 개; 비율 0~1; 낮은값 순위 1~44,routes_raw를 comma로 분리하고 '노선명(유형)'을 파싱; 유형='마을' 표기를 추출; 동별 마을정류장비율=마을노선 1개 이상 표기 정류장/전체 경계내 정류장; 고유 마을노선=동별 routeName distinct count,2025-08-25 정류장 CSV의 정적 노선 존재 표기만 쓴 1차 스크리닝이다. 배차·운행횟수·방향·시간대·환승·OD·보행권·노선변경을 알 수 없으므로 공급량·접근성·서비스 품질·도입 우선순위로 해석하지 않는다. 순위는 낮은 값 탐색용이다.,area_adjacency=AF16E5259A667F45F5BF7F6B3DF3A22E1A4837C477F6B68DDC26CDCF60E2DFF0|area_scores=455106174A3E492D501F73B8BA55EFD1B7525656638E8109AE015C290C352DE3|bus_stops=BBA5AC0E8F29538F42373B1789179B5B9D2CF0186E0D3A618537C83B74B628D5|facilities=9AA2BC9D9F9E0EC421FB7D23A9C9BF0BD5EDB59EB173A91CB27E6EB2655A1E07|grid_scores=F2B4631D6C4DB1C379BB9CAA13D29A9C055273F1C0D682BAC13EDD19C0A9E9BF|metrics_code=7A3920ABAC99C0EEE1FA013FF751C14428D5AA95E0F1F3F32FCED6B7A49541BA|model_spec=435B1018F2D35A2B421D1827A23C0DC739DC1F827F71189F8F818CE0B0C670E4|source_manifest=86163BE779951590317AB41BE2F9DE18666BC936F1735593673513008868CEC9,population=4D1530F251B312CE6564BA5676093B1043057F46A0FE2A58CF2756AFC530DA7B|one_person=01923C6EBD7440771E4EBE20CAB0648355A18C09D198677C0E265F5E68406A7D|admdongkor_boundary=6A63D079BA8AF4701AB200AD0B54EBDEA8689808B6E0E9F17973B9BA7883DC6A|bus_stops=01B63929056B55D0A8FE372756942FB9A81A89CB121A0CDB1838DDE9ED8555BF|hira_hospital=458D04F264BFE005CB12078699156CA72AD47B52062E0F79B8140E2635086268|hira_pharmacy=65B2B1E7F65BF1EFAF20C826BC1FB03CC24B65B359F4B5B51E1A234B334505A4
4128157600,삼송1동,025,5,5,1.1.0,village_bus_static_presence_screen_v1,goyang_mixed_20250825_20260630,population=2026-06-30|onePersonHouseholds=2026-06-30|hiraFacilities=2026-06-30|analysisBoundary=2026-04-01|busStops=2025-08-25,정류장 개소; 노선표기 건; 고유 노선명 개; 비율 0~1; 낮은값 순위 1~44,routes_raw를 comma로 분리하고 '노선명(유형)'을 파싱; 유형='마을' 표기를 추출; 동별 마을정류장비율=마을노선 1개 이상 표기 정류장/전체 경계내 정류장; 고유 마을노선=동별 routeName distinct count,2025-08-25 정류장 CSV의 정적 노선 존재 표기만 쓴 1차 스크리닝이다. 배차·운행횟수·방향·시간대·환승·OD·보행권·노선변경을 알 수 없으므로 공급량·접근성·서비스 품질·도입 우선순위로 해석하지 않는다. 순위는 낮은 값 탐색용이다.,area_adjacency=AF16E5259A667F45F5BF7F6B3DF3A22E1A4837C477F6B68DDC26CDCF60E2DFF0|area_scores=455106174A3E492D501F73B8BA55EFD1B7525656638E8109AE015C290C352DE3|bus_stops=BBA5AC0E8F29538F42373B1789179B5B9D2CF0186E0D3A618537C83B74B628D5|facilities=9AA2BC9D9F9E0EC421FB7D23A9C9BF0BD5EDB59EB173A91CB27E6EB2655A1E07|grid_scores=F2B4631D6C4DB1C379BB9CAA13D29A9C055273F1C0D682BAC13EDD19C0A9E9BF|metrics_code=7A3920ABAC99C0EEE1FA013FF751C14428D5AA95E0F1F3F32FCED6B7A49541BA|model_spec=435B1018F2D35A2B421D1827A23C0DC739DC1F827F71189F8F818CE0B0C670E4|source_manifest=86163BE779951590317AB41BE2F9DE18666BC936F1735593673513008868CEC9,population=4D1530F251B312CE6564BA5676093B1043057F46A0FE2A58CF2756AFC530DA7B|one_person=01923C6EBD7440771E4EBE20CAB0648355A18C09D198677C0E265F5E68406A7D|admdongkor_boundary=6A63D079BA8AF4701AB200AD0B54EBDEA8689808B6E0E9F17973B9BA7883DC6A|bus_stops=01B63929056B55D0A8FE372756942FB9A81A89CB121A0CDB1838DDE9ED8555BF|hira_hospital=458D04F264BFE005CB12078699156CA72AD47B52062E0F79B8140E2635086268|hira_pharmacy=65B2B1E7F65BF1EFAF20C826BC1FB03CC24B65B359F4B5B51E1A234B334505A4
4128157600,삼송1동,026,5,5,1.1.0,village_bus_static_presence_screen_v1,goyang_mixed_20250825_20260630,population=2026-06-30|onePersonHouseholds=2026-06-30|hiraFacilities=2026-06-30|analysisBoundary=2026-04-01|busStops=2025-08-25,정류장 개소; 노선표기 건; 고유 노선명 개; 비율 0~1; 낮은값 순위 1~44,routes_raw를 comma로 분리하고 '노선명(유형)'을 파싱; 유형='마을' 표기를 추출; 동별 마을정류장비율=마을노선 1개 이상 표기 정류장/전체 경계내 정류장; 고유 마을노선=동별 routeName distinct count,2025-08-25 정류장 CSV의 정적 노선 존재 표기만 쓴 1차 스크리닝이다. 배차·운행횟수·방향·시간대·환승·OD·보행권·노선변경을 알 수 없으므로 공급량·접근성·서비스 품질·도입 우선순위로 해석하지 않는다. 순위는 낮은 값 탐색용이다.,area_adjacency=AF16E5259A667F45F5BF7F6B3DF3A22E1A4837C477F6B68DDC26CDCF60E2DFF0|area_scores=455106174A3E492D501F73B8BA55EFD1B7525656638E8109AE015C290C352DE3|bus_stops=BBA5AC0E8F29538F42373B1789179B5B9D2CF0186E0D3A618537C83B74B628D5|facilities=9AA2BC9D9F9E0EC421FB7D23A9C9BF0BD5EDB59EB173A91CB27E6EB2655A1E07|grid_scores=F2B4631D6C4DB1C379BB9CAA13D29A9C055273F1C0D682BAC13EDD19C0A9E9BF|metrics_code=7A3920ABAC99C0EEE1FA013FF751C14428D5AA95E0F1F3F32FCED6B7A49541BA|model_spec=435B1018F2D35A2B421D1827A23C0DC739DC1F827F71189F8F818CE0B0C670E4|source_manifest=86163BE779951590317AB41BE2F9DE18666BC936F1735593673513008868CEC9,population=4D1530F251B312CE6564BA5676093B1043057F46A0FE2A58CF2756AFC530DA7B|one_person=01923C6EBD7440771E4EBE20CAB0648355A18C09D198677C0E265F5E68406A7D|admdongkor_boundary=6A63D079BA8AF4701AB200AD0B54EBDEA8689808B6E0E9F17973B9BA7883DC6A|bus_stops=01B63929056B55D0A8FE372756942FB9A81A89CB121A0CDB1838DDE9ED8555BF|hira_hospital=458D04F264BFE005CB12078699156CA72AD47B52062E0F79B8140E2635086268|hira_pharmacy=65B2B1E7F65BF1EFAF20C826BC1FB03CC24B65B359F4B5B51E1A234B334505A4
4128157600,삼송1동,033,12,12,1.1.0,village_bus_static_presence_screen_v1,goyang_mixed_20250825_20260630,population=2026-06-30|onePersonHouseholds=2026-06-30|hiraFacilities=2026-06-30|analysisBoundary=2026-04-01|busStops=2025-08-25,정류장 개소; 노선표기 건; 고유 노선명 개; 비율 0~1; 낮은값 순위 1~44,routes_raw를 comma로 분리하고 '노선명(유형)'을 파싱; 유형='마을' 표기를 추출; 동별 마을정류장비율=마을노선 1개 이상 표기 정류장/전체 경계내 정류장; 고유 마을노선=동별 routeName distinct count,2025-08-25 정류장 CSV의 정적 노선 존재 표기만 쓴 1차 스크리닝이다. 배차·운행횟수·방향·시간대·환승·OD·보행권·노선변경을 알 수 없으므로 공급량·접근성·서비스 품질·도입 우선순위로 해석하지 않는다. 순위는 낮은 값 탐색용이다.,area_adjacency=AF16E5259A667F45F5BF7F6B3DF3A22E1A4837C477F6B68DDC26CDCF60E2DFF0|area_scores=455106174A3E492D501F73B8BA55EFD1B7525656638E8109AE015C290C352DE3|bus_stops=BBA5AC0E8F29538F42373B1789179B5B9D2CF0186E0D3A618537C83B74B628D5|facilities=9AA2BC9D9F9E0EC421FB7D23A9C9BF0BD5EDB59EB173A91CB27E6EB2655A1E07|grid_scores=F2B4631D6C4DB1C379BB9CAA13D29A9C055273F1C0D682BAC13EDD19C0A9E9BF|metrics_code=7A3920ABAC99C0EEE1FA013FF751C14428D5AA95E0F1F3F32FCED6B7A49541BA|model_spec=435B1018F2D35A2B421D1827A23C0DC739DC1F827F71189F8F818CE0B0C670E4|source_manifest=86163BE779951590317AB41BE2F9DE18666BC936F1735593673513008868CEC9,population=4D1530F251B312CE6564BA5676093B1043057F46A0FE2A58CF2756AFC530DA7B|one_person=01923C6EBD7440771E4EBE20CAB0648355A18C09D198677C0E265F5E68406A7D|admdongkor_boundary=6A63D079BA8AF4701AB200AD0B54EBDEA8689808B6E0E9F17973B9BA7883DC6A|bus_stops=01B63929056B55D0A8FE372756942FB9A81A89CB121A0CDB1838DDE9ED8555BF|hira_hospital=458D04F264BFE005CB12078699156CA72AD47B52062E0F79B8140E2635086268|hira_pharmacy=65B2B1E7F65BF1EFAF20C826BC1FB03CC24B65B359F4B5B51E1A234B334505A4
4128157600,삼송1동,037,5,5,1.1.0,village_bus_static_presence_screen_v1,goyang_mixed_20250825_20260630,population=2026-06-30|onePersonHouseholds=2026-06-30|hiraFacilities=2026-06-30|analysisBoundary=2026-04-01|busStops=2025-08-25,정류장 개소; 노선표기 건; 고유 노선명 개; 비율 0~1; 낮은값 순위 1~44,routes_raw를 comma로 분리하고 '노선명(유형)'을 파싱; 유형='마을' 표기를 추출; 동별 마을정류장비율=마을노선 1개 이상 표기 정류장/전체 경계내 정류장; 고유 마을노선=동별 routeName distinct count,2025-08-25 정류장 CSV의 정적 노선 존재 표기만 쓴 1차 스크리닝이다. 배차·운행횟수·방향·시간대·환승·OD·보행권·노선변경을 알 수 없으므로 공급량·접근성·서비스 품질·도입 우선순위로 해석하지 않는다. 순위는 낮은 값 탐색용이다.,area_adjacency=AF16E5259A667F45F5BF7F6B3DF3A22E1A4837C477F6B68DDC26CDCF60E2DFF0|area_scores=455106174A3E492D501F73B8BA55EFD1B7525656638E8109AE015C290C352DE3|bus_stops=BBA5AC0E8F29538F42373B1789179B5B9D2CF0186E0D3A618537C83B74B628D5|facilities=9AA2BC9D9F9E0EC421FB7D23A9C9BF0BD5EDB59EB173A91CB27E6EB2655A1E07|grid_scores=F2B4631D6C4DB1C379BB9CAA13D29A9C055273F1C0D682BAC13EDD19C0A9E9BF|metrics_code=7A3920ABAC99C0EEE1FA013FF751C14428D5AA95E0F1F3F32FCED6B7A49541BA|model_spec=435B1018F2D35A2B421D1827A23C0DC739DC1F827F71189F8F818CE0B0C670E4|source_manifest=86163BE779951590317AB41BE2F9DE18666BC936F1735593673513008868CEC9,population=4D1530F251B312CE6564BA5676093B1043057F46A0FE2A58CF2756AFC530DA7B|one_person=01923C6EBD7440771E4EBE20CAB0648355A18C09D198677C0E265F5E68406A7D|admdongkor_boundary=6A63D079BA8AF4701AB200AD0B54EBDEA8689808B6E0E9F17973B9BA7883DC6A|bus_stops=01B63929056B55D0A8FE372756942FB9A81A89CB121A0CDB1838DDE9ED8555BF|hira_hospital=458D04F264BFE005CB12078699156CA72AD47B52062E0F79B8140E2635086268|hira_pharmacy=65B2B1E7F65BF1EFAF20C826BC1FB03CC24B65B359F4B5B51E1A234B334505A4
4128157600,삼송1동,040,8,8,1.1.0,village_bus_static_presence_screen_v1,goyang_mixed_20250825_20260630,population=2026-06-30|onePersonHouseholds=2026-06-30|hiraFacilities=2026-06-30|analysisBoundary=2026-04-01|busStops=2025-08-25,정류장 개소; 노선표기 건; 고유 노선명 개; 비율 0~1; 낮은값 순위 1~44,routes_raw를 comma로 분리하고 '노선명(유형)'을 파싱; 유형='마을' 표기를 추출; 동별 마을정류장비율=마을노선 1개 이상 표기 정류장/전체 경계내 정류장; 고유 마을노선=동별 routeName distinct count,2025-08-25 정류장 CSV의 정적 노선 존재 표기만 쓴 1차 스크리닝이다. 배차·운행횟수·방향·시간대·환승·OD·보행권·노선변경을 알 수 없으므로 공급량·접근성·서비스 품질·도입 우선순위로 해석하지 않는다. 순위는 낮은 값 탐색용이다.,area_adjacency=AF16E5259A667F45F5BF7F6B3DF3A22E1A4837C477F6B68DDC26CDCF60E2DFF0|area_scores=455106174A3E492D501F73B8BA55EFD1B7525656638E8109AE015C290C352DE3|bus_stops=BBA5AC0E8F29538F42373B1789179B5B9D2CF0186E0D3A618537C83B74B628D5|facilities=9AA2BC9D9F9E0EC421FB7D23A9C9BF0BD5EDB59EB173A91CB27E6EB2655A1E07|grid_scores=F2B4631D6C4DB1C379BB9CAA13D29A9C055273F1C0D682BAC13EDD19C0A9E9BF|metrics_code=7A3920ABAC99C0EEE1FA013FF751C14428D5AA95E0F1F3F32FCED6B7A49541BA|model_spec=435B1018F2D35A2B421D1827A23C0DC739DC1F827F71189F8F818CE0B0C670E4|source_manifest=86163BE779951590317AB41BE2F9DE18666BC936F1735593673513008868CEC9,population=4D1530F251B312CE6564BA5676093B1043057F46A0FE2A58CF2756AFC530DA7B|one_person=01923C6EBD7440771E4EBE20CAB0648355A18C09D198677C0E265F5E68406A7D|admdongkor_boundary=6A63D079BA8AF4701AB200AD0B54EBDEA8689808B6E0E9F17973B9BA7883DC6A|bus_stops=01B63929056B55D0A8FE372756942FB9A81A89CB121A0CDB1838DDE9ED8555BF|hira_hospital=458D04F264BFE005CB12078699156CA72AD47B52062E0F79B8140E2635086268|hira_pharmacy=65B2B1E7F65BF1EFAF20C826BC1FB03CC24B65B359F4B5B51E1A234B334505A4
4128157600,삼송1동,041B,7,7,1.1.0,village_bus_static_presence_screen_v1,goyang_mixed_20250825_20260630,population=2026-06-30|onePersonHouseholds=2026-06-30|hiraFacilities=2026-06-30|analysisBoundary=2026-04-01|busStops=2025-08-25,정류장 개소; 노선표기 건; 고유 노선명 개; 비율 0~1; 낮은값 순위 1~44,routes_raw를 comma로 분리하고 '노선명(유형)'을 파싱; 유형='마을' 표기를 추출; 동별 마을정류장비율=마을노선 1개 이상 표기 정류장/전체 경계내 정류장; 고유 마을노선=동별 routeName distinct count,2025-08-25 정류장 CSV의 정적 노선 존재 표기만 쓴 1차 스크리닝이다. 배차·운행횟수·방향·시간대·환승·OD·보행권·노선변경을 알 수 없으므로 공급량·접근성·서비스 품질·도입 우선순위로 해석하지 않는다. 순위는 낮은 값 탐색용이다.,area_adjacency=AF16E5259A667F45F5BF7F6B3DF3A22E1A4837C477F6B68DDC26CDCF60E2DFF0|area_scores=455106174A3E492D501F73B8BA55EFD1B7525656638E8109AE015C290C352DE3|bus_stops=BBA5AC0E8F29538F42373B1789179B5B9D2CF0186E0D3A618537C83B74B628D5|facilities=9AA2BC9D9F9E0EC421FB7D23A9C9BF0BD5EDB59EB173A91CB27E6EB2655A1E07|grid_scores=F2B4631D6C4DB1C379BB9CAA13D29A9C055273F1C0D682BAC13EDD19C0A9E9BF|metrics_code=7A3920ABAC99C0EEE1FA013FF751C14428D5AA95E0F1F3F32FCED6B7A49541BA|model_spec=435B1018F2D35A2B421D1827A23C0DC739DC1F827F71189F8F818CE0B0C670E4|source_manifest=86163BE779951590317AB41BE2F9DE18666BC936F1735593673513008868CEC9,population=4D1530F251B312CE6564BA5676093B1043057F46A0FE2A58CF2756AFC530DA7B|one_person=01923C6EBD7440771E4EBE20CAB0648355A18C09D198677C0E265F5E68406A7D|admdongkor_boundary=6A63D079BA8AF4701AB200AD0B54EBDEA8689808B6E0E9F17973B9BA7883DC6A|bus_stops=01B63929056B55D0A8FE372756942FB9A81A89CB121A0CDB1838DDE9ED8555BF|hira_hospital=458D04F264BFE005CB12078699156CA72AD47B52062E0F79B8140E2635086268|hira_pharmacy=65B2B1E7F65BF1EFAF20C826BC1FB03CC24B65B359F4B5B51E1A234B334505A4
4128157600,삼송1동,042,8,8,1.1.0,village_bus_static_presence_screen_v1,goyang_mixed_20250825_20260630,population=2026-06-30|onePersonHouseholds=2026-06-30|hiraFacilities=2026-06-30|analysisBoundary=2026-04-01|busStops=2025-08-25,정류장 개소; 노선표기 건; 고유 노선명 개; 비율 0~1; 낮은값 순위 1~44,routes_raw를 comma로 분리하고 '노선명(유형)'을 파싱; 유형='마을' 표기를 추출; 동별 마을정류장비율=마을노선 1개 이상 표기 정류장/전체 경계내 정류장; 고유 마을노선=동별 routeName distinct count,2025-08-25 정류장 CSV의 정적 노선 존재 표기만 쓴 1차 스크리닝이다. 배차·운행횟수·방향·시간대·환승·OD·보행권·노선변경을 알 수 없으므로 공급량·접근성·서비스 품질·도입 우선순위로 해석하지 않는다. 순위는 낮은 값 탐색용이다.,area_adjacency=AF16E5259A667F45F5BF7F6B3DF3A22E1A4837C477F6B68DDC26CDCF60E2DFF0|area_scores=455106174A3E492D501F73B8BA55EFD1B7525656638E8109AE015C290C352DE3|bus_stops=BBA5AC0E8F29538F42373B1789179B5B9D2CF0186E0D3A618537C83B74B628D5|facilities=9AA2BC9D9F9E0EC421FB7D23A9C9BF0BD5EDB59EB173A91CB27E6EB2655A1E07|grid_scores=F2B4631D6C4DB1C379BB9CAA13D29A9C055273F1C0D682BAC13EDD19C0A9E9BF|metrics_code=7A3920ABAC99C0EEE1FA013FF751C14428D5AA95E0F1F3F32FCED6B7A49541BA|model_spec=435B1018F2D35A2B421D1827A23C0DC739DC1F827F71189F8F818CE0B0C670E4|source_manifest=86163BE779951590317AB41BE2F9DE18666BC936F1735593673513008868CEC9,population=4D1530F251B312CE6564BA5676093B1043057F46A0FE2A58CF2756AFC530DA7B|one_person=01923C6EBD7440771E4EBE20CAB0648355A18C09D198677C0E265F5E68406A7D|admdongkor_boundary=6A63D079BA8AF4701AB200AD0B54EBDEA8689808B6E0E9F17973B9BA7883DC6A|bus_stops=01B63929056B55D0A8FE372756942FB9A81A89CB121A0CDB1838DDE9ED8555BF|hira_hospital=458D04F264BFE005CB12078699156CA72AD47B52062E0F79B8140E2635086268|hira_pharmacy=65B2B1E7F65BF1EFAF20C826BC1FB03CC24B65B359F4B5B51E1A234B334505A4
4128157600,삼송1동,046,8,8,1.1.0,village_bus_static_presence_screen_v1,goyang_mixed_20250825_20260630,population=2026-06-30|onePersonHouseholds=2026-06-30|hiraFacilities=2026-06-30|analysisBoundary=2026-04-01|busStops=2025-08-25,정류장 개소; 노선표기 건; 고유 노선명 개; 비율 0~1; 낮은값 순위 1~44,routes_raw를 comma로 분리하고 '노선명(유형)'을 파싱; 유형='마을' 표기를 추출; 동별 마을정류장비율=마을노선 1개 이상 표기 정류장/전체 경계내 정류장; 고유 마을노선=동별 routeName distinct count,2025-08-25 정류장 CSV의 정적 노선 존재 표기만 쓴 1차 스크리닝이다. 배차·운행횟수·방향·시간대·환승·OD·보행권·노선변경을 알 수 없으므로 공급량·접근성·서비스 품질·도입 우선순위로 해석하지 않는다. 순위는 낮은 값 탐색용이다.,area_adjacency=AF16E5259A667F45F5BF7F6B3DF3A22E1A4837C477F6B68DDC26CDCF60E2DFF0|area_scores=455106174A3E492D501F73B8BA55EFD1B7525656638E8109AE015C290C352DE3|bus_stops=BBA5AC0E8F29538F42373B1789179B5B9D2CF0186E0D3A618537C83B74B628D5|facilities=9AA2BC9D9F9E0EC421FB7D23A9C9BF0BD5EDB59EB173A91CB27E6EB2655A1E07|grid_scores=F2B4631D6C4DB1C379BB9CAA13D29A9C055273F1C0D682BAC13EDD19C0A9E9BF|metrics_code=7A3920ABAC99C0EEE1FA013FF751C14428D5AA95E0F1F3F32FCED6B7A49541BA|model_spec=435B1018F2D35A2B421D1827A23C0DC739DC1F827F71189F8F818CE0B0C670E4|source_manifest=86163BE779951590317AB41BE2F9DE18666BC936F1735593673513008868CEC9,population=4D1530F251B312CE6564BA5676093B1043057F46A0FE2A58CF2756AFC530DA7B|one_person=01923C6EBD7440771E4EBE20CAB0648355A18C09D198677C0E265F5E68406A7D|admdongkor_boundary=6A63D079BA8AF4701AB200AD0B54EBDEA8689808B6E0E9F17973B9BA7883DC6A|bus_stops=01B63929056B55D0A8FE372756942FB9A81A89CB121A0CDB1838DDE9ED8555BF|hira_hospital=458D04F264BFE005CB12078699156CA72AD47B52062E0F79B8140E2635086268|hira_pharmacy=65B2B1E7F65BF1EFAF20C826BC1FB03CC24B65B359F4B5B51E1A234B334505A4
4128157600,삼송1동,047,11,11,1.1.0,village_bus_static_presence_screen_v1,goyang_mixed_20250825_20260630,population=2026-06-30|onePersonHouseholds=2026-06-30|hiraFacilities=2026-06-30|analysisBoundary=2026-04-01|busStops=2025-08-25,정류장 개소; 노선표기 건; 고유 노선명 개; 비율 0~1; 낮은값 순위 1~44,routes_raw를 comma로 분리하고 '노선명(유형)'을 파싱; 유형='마을' 표기를 추출; 동별 마을정류장비율=마을노선 1개 이상 표기 정류장/전체 경계내 정류장; 고유 마을노선=동별 routeName distinct count,2025-08-25 정류장 CSV의 정적 노선 존재 표기만 쓴 1차 스크리닝이다. 배차·운행횟수·방향·시간대·환승·OD·보행권·노선변경을 알 수 없으므로 공급량·접근성·서비스 품질·도입 우선순위로 해석하지 않는다. 순위는 낮은 값 탐색용이다.,area_adjacency=AF16E5259A667F45F5BF7F6B3DF3A22E1A4837C477F6B68DDC26CDCF60E2DFF0|area_scores=455106174A3E492D501F73B8BA55EFD1B7525656638E8109AE015C290C352DE3|bus_stops=BBA5AC0E8F29538F42373B1789179B5B9D2CF0186E0D3A618537C83B74B628D5|facilities=9AA2BC9D9F9E0EC421FB7D23A9C9BF0BD5EDB59EB173A91CB27E6EB2655A1E07|grid_scores=F2B4631D6C4DB1C379BB9CAA13D29A9C055273F1C0D682BAC13EDD19C0A9E9BF|metrics_code=7A3920ABAC99C0EEE1FA013FF751C14428D5AA95E0F1F3F32FCED6B7A49541BA|model_spec=435B1018F2D35A2B421D1827A23C0DC739DC1F827F71189F8F818CE0B0C670E4|source_manifest=86163BE779951590317AB41BE2F9DE18666BC936F1735593673513008868CEC9,population=4D1530F251B312CE6564BA5676093B1043057F46A0FE2A58CF2756AFC530DA7B|one_person=01923C6EBD7440771E4EBE20CAB0648355A18C09D198677C0E265F5E68406A7D|admdongkor_boundary=6A63D079BA8AF4701AB200AD0B54EBDEA8689808B6E0E9F17973B9BA7883DC6A|bus_stops=01B63929056B55D0A8FE372756942FB9A81A89CB121A0CDB1838DDE9ED8555BF|hira_hospital=458D04F264BFE005CB12078699156CA72AD47B52062E0F79B8140E2635086268|hira_pharmacy=65B2B1E7F65BF1EFAF20C826BC1FB03CC24B65B359F4B5B51E1A234B334505A4
4128157600,삼송1동,048,6,6,1.1.0,village_bus_static_presence_screen_v1,goyang_mixed_20250825_20260630,population=2026-06-30|onePersonHouseholds=2026-06-30|hiraFacilities=2026-06-30|analysisBoundary=2026-04-01|busStops=2025-08-25,정류장 개소; 노선표기 건; 고유 노선명 개; 비율 0~1; 낮은값 순위 1~44,routes_raw를 comma로 분리하고 '노선명(유형)'을 파싱; 유형='마을' 표기를 추출; 동별 마을정류장비율=마을노선 1개 이상 표기 정류장/전체 경계내 정류장; 고유 마을노선=동별 routeName distinct count,2025-08-25 정류장 CSV의 정적 노선 존재 표기만 쓴 1차 스크리닝이다. 배차·운행횟수·방향·시간대·환승·OD·보행권·노선변경을 알 수 없으므로 공급량·접근성·서비스 품질·도입 우선순위로 해석하지 않는다. 순위는 낮은 값 탐색용이다.,area_adjacency=AF16E5259A667F45F5BF7F6B3DF3A22E1A4837C477F6B68DDC26CDCF60E2DFF0|area_scores=455106174A3E492D501F73B8BA55EFD1B7525656638E8109AE015C290C352DE3|bus_stops=BBA5AC0E8F29538F42373B1789179B5B9D2CF0186E0D3A618537C83B74B628D5|facilities=9AA2BC9D9F9E0EC421FB7D23A9C9BF0BD5EDB59EB173A91CB27E6EB2655A1E07|grid_scores=F2B4631D6C4DB1C379BB9CAA13D29A9C055273F1C0D682BAC13EDD19C0A9E9BF|metrics_code=7A3920ABAC99C0EEE1FA013FF751C14428D5AA95E0F1F3F32FCED6B7A49541BA|model_spec=435B1018F2D35A2B421D1827A23C0DC739DC1F827F71189F8F818CE0B0C670E4|source_manifest=86163BE779951590317AB41BE2F9DE18666BC936F1735593673513008868CEC9,population=4D1530F251B312CE6564BA5676093B1043057F46A0FE2A58CF2756AFC530DA7B|one_person=01923C6EBD7440771E4EBE20CAB0648355A18C09D198677C0E265F5E68406A7D|admdongkor_boundary=6A63D079BA8AF4701AB200AD0B54EBDEA8689808B6E0E9F17973B9BA7883DC6A|bus_stops=01B63929056B55D0A8FE372756942FB9A81A89CB121A0CDB1838DDE9ED8555BF|hira_hospital=458D04F264BFE005CB12078699156CA72AD47B52062E0F79B8140E2635086268|hira_pharmacy=65B2B1E7F65BF1EFAF20C826BC1FB03CC24B65B359F4B5B51E1A234B334505A4
4128157600,삼송1동,052A,4,4,1.1.0,village_bus_static_presence_screen_v1,goyang_mixed_20250825_20260630,population=2026-06-30|onePersonHouseholds=2026-06-30|hiraFacilities=2026-06-30|analysisBoundary=2026-04-01|busStops=2025-08-25,정류장 개소; 노선표기 건; 고유 노선명 개; 비율 0~1; 낮은값 순위 1~44,routes_raw를 comma로 분리하고 '노선명(유형)'을 파싱; 유형='마을' 표기를 추출; 동별 마을정류장비율=마을노선 1개 이상 표기 정류장/전체 경계내 정류장; 고유 마을노선=동별 routeName distinct count,2025-08-25 정류장 CSV의 정적 노선 존재 표기만 쓴 1차 스크리닝이다. 배차·운행횟수·방향·시간대·환승·OD·보행권·노선변경을 알 수 없으므로 공급량·접근성·서비스 품질·도입 우선순위로 해석하지 않는다. 순위는 낮은 값 탐색용이다.,area_adjacency=AF16E5259A667F45F5BF7F6B3DF3A22E1A4837C477F6B68DDC26CDCF60E2DFF0|area_scores=455106174A3E492D501F73B8BA55EFD1B7525656638E8109AE015C290C352DE3|bus_stops=BBA5AC0E8F29538F42373B1789179B5B9D2CF0186E0D3A618537C83B74B628D5|facilities=9AA2BC9D9F9E0EC421FB7D23A9C9BF0BD5EDB59EB173A91CB27E6EB2655A1E07|grid_scores=F2B4631D6C4DB1C379BB9CAA13D29A9C055273F1C0D682BAC13EDD19C0A9E9BF|metrics_code=7A3920ABAC99C0EEE1FA013FF751C14428D5AA95E0F1F3F32FCED6B7A49541BA|model_spec=435B1018F2D35A2B421D1827A23C0DC739DC1F827F71189F8F818CE0B0C670E4|source_manifest=86163BE779951590317AB41BE2F9DE18666BC936F1735593673513008868CEC9,population=4D1530F251B312CE6564BA5676093B1043057F46A0FE2A58CF2756AFC530DA7B|one_person=01923C6EBD7440771E4EBE20CAB0648355A18C09D198677C0E265F5E68406A7D|admdongkor_boundary=6A63D079BA8AF4701AB200AD0B54EBDEA8689808B6E0E9F17973B9BA7883DC6A|bus_stops=01B63929056B55D0A8FE372756942FB9A81A89CB121A0CDB1838DDE9ED8555BF|hira_hospital=458D04F264BFE005CB12078699156CA72AD47B52062E0F79B8140E2635086268|hira_pharmacy=65B2B1E7F65BF1EFAF20C826BC1FB03CC24B65B359F4B5B51E1A234B334505A4
4128157600,삼송1동,053,7,7,1.1.0,village_bus_static_presence_screen_v1,goyang_mixed_20250825_20260630,population=2026-06-30|onePersonHouseholds=2026-06-30|hiraFacilities=2026-06-30|analysisBoundary=2026-04-01|busStops=2025-08-25,정류장 개소; 노선표기 건; 고유 노선명 개; 비율 0~1; 낮은값 순위 1~44,routes_raw를 comma로 분리하고 '노선명(유형)'을 파싱; 유형='마을' 표기를 추출; 동별 마을정류장비율=마을노선 1개 이상 표기 정류장/전체 경계내 정류장; 고유 마을노선=동별 routeName distinct count,2025-08-25 정류장 CSV의 정적 노선 존재 표기만 쓴 1차 스크리닝이다. 배차·운행횟수·방향·시간대·환승·OD·보행권·노선변경을 알 수 없으므로 공급량·접근성·서비스 품질·도입 우선순위로 해석하지 않는다. 순위는 낮은 값 탐색용이다.,area_adjacency=AF16E5259A667F45F5BF7F6B3DF3A22E1A4837C477F6B68DDC26CDCF60E2DFF0|area_scores=455106174A3E492D501F73B8BA55EFD1B7525656638E8109AE015C290C352DE3|bus_stops=BBA5AC0E8F29538F42373B1789179B5B9D2CF0186E0D3A618537C83B74B628D5|facilities=9AA2BC9D9F9E0EC421FB7D23A9C9BF0BD5EDB59EB173A91CB27E6EB2655A1E07|grid_scores=F2B4631D6C4DB1C379BB9CAA13D29A9C055273F1C0D682BAC13EDD19C0A9E9BF|metrics_code=7A3920ABAC99C0EEE1FA013FF751C14428D5AA95E0F1F3F32FCED6B7A49541BA|model_spec=435B1018F2D35A2B421D1827A23C0DC739DC1F827F71189F8F818CE0B0C670E4|source_manifest=86163BE779951590317AB41BE2F9DE18666BC936F1735593673513008868CEC9,population=4D1530F251B312CE6564BA5676093B1043057F46A0FE2A58CF2756AFC530DA7B|one_person=01923C6EBD7440771E4EBE20CAB0648355A18C09D198677C0E265F5E68406A7D|admdongkor_boundary=6A63D079BA8AF4701AB200AD0B54EBDEA8689808B6E0E9F17973B9BA7883DC6A|bus_stops=01B63929056B55D0A8FE372756942FB9A81A89CB121A0CDB1838DDE9ED8555BF|hira_hospital=458D04F264BFE005CB12078699156CA72AD47B52062E0F79B8140E2635086268|hira_pharmacy=65B2B1E7F65BF1EFAF20C826BC1FB03CC24B65B359F4B5B51E1A234B334505A4
4128157600,삼송1동,075A,8,8,1.1.0,village_bus_static_presence_screen_v1,goyang_mixed_20250825_20260630,population=2026-06-30|onePersonHouseholds=2026-06-30|hiraFacilities=2026-06-30|analysisBoundary=2026-04-01|busStops=2025-08-25,정류장 개소; 노선표기 건; 고유 노선명 개; 비율 0~1; 낮은값 순위 1~44,routes_raw를 comma로 분리하고 '노선명(유형)'을 파싱; 유형='마을' 표기를 추출; 동별 마을정류장비율=마을노선 1개 이상 표기 정류장/전체 경계내 정류장; 고유 마을노선=동별 routeName distinct count,2025-08-25 정류장 CSV의 정적 노선 존재 표기만 쓴 1차 스크리닝이다. 배차·운행횟수·방향·시간대·환승·OD·보행권·노선변경을 알 수 없으므로 공급량·접근성·서비스 품질·도입 우선순위로 해석하지 않는다. 순위는 낮은 값 탐색용이다.,area_adjacency=AF16E5259A667F45F5BF7F6B3DF3A22E1A4837C477F6B68DDC26CDCF60E2DFF0|area_scores=455106174A3E492D501F73B8BA55EFD1B7525656638E8109AE015C290C352DE3|bus_stops=BBA5AC0E8F29538F42373B1789179B5B9D2CF0186E0D3A618537C83B74B628D5|facilities=9AA2BC9D9F9E0EC421FB7D23A9C9BF0BD5EDB59EB173A91CB27E6EB2655A1E07|grid_scores=F2B4631D6C4DB1C379BB9CAA13D29A9C055273F1C0D682BAC13EDD19C0A9E9BF|metrics_code=7A3920ABAC99C0EEE1FA013FF751C14428D5AA95E0F1F3F32FCED6B7A49541BA|model_spec=435B1018F2D35A2B421D1827A23C0DC739DC1F827F71189F8F818CE0B0C670E4|source_manifest=86163BE779951590317AB41BE2F9DE18666BC936F1735593673513008868CEC9,population=4D1530F251B312CE6564BA5676093B1043057F46A0FE2A58CF2756AFC530DA7B|one_person=01923C6EBD7440771E4EBE20CAB0648355A18C09D198677C0E265F5E68406A7D|admdongkor_boundary=6A63D079BA8AF4701AB200AD0B54EBDEA8689808B6E0E9F17973B9BA7883DC6A|bus_stops=01B63929056B55D0A8FE372756942FB9A81A89CB121A0CDB1838DDE9ED8555BF|hira_hospital=458D04F264BFE005CB12078699156CA72AD47B52062E0F79B8140E2635086268|hira_pharmacy=65B2B1E7F65BF1EFAF20C826BC1FB03CC24B65B359F4B5B51E1A234B334505A4
4128157600,삼송1동,077A,23,23,1.1.0,village_bus_static_presence_screen_v1,goyang_mixed_20250825_20260630,population=2026-06-30|onePersonHouseholds=2026-06-30|hiraFacilities=2026-06-30|analysisBoundary=2026-04-01|busStops=2025-08-25,정류장 개소; 노선표기 건; 고유 노선명 개; 비율 0~1; 낮은값 순위 1~44,routes_raw를 comma로 분리하고 '노선명(유형)'을 파싱; 유형='마을' 표기를 추출; 동별 마을정류장비율=마을노선 1개 이상 표기 정류장/전체 경계내 정류장; 고유 마을노선=동별 routeName distinct count,2025-08-25 정류장 CSV의 정적 노선 존재 표기만 쓴 1차 스크리닝이다. 배차·운행횟수·방향·시간대·환승·OD·보행권·노선변경을 알 수 없으므로 공급량·접근성·서비스 품질·도입 우선순위로 해석하지 않는다. 순위는 낮은 값 탐색용이다.,area_adjacency=AF16E5259A667F45F5BF7F6B3DF3A22E1A4837C477F6B68DDC26CDCF60E2DFF0|area_scores=455106174A3E492D501F73B8BA55EFD1B7525656638E8109AE015C290C352DE3|bus_stops=BBA5AC0E8F29538F42373B1789179B5B9D2CF0186E0D3A618537C83B74B628D5|facilities=9AA2BC9D9F9E0EC421FB7D23A9C9BF0BD5EDB59EB173A91CB27E6EB2655A1E07|grid_scores=F2B4631D6C4DB1C379BB9CAA13D29A9C055273F1C0D682BAC13EDD19C0A9E9BF|metrics_code=7A3920ABAC99C0EEE1FA013FF751C14428D5AA95E0F1F3F32FCED6B7A49541BA|model_spec=435B1018F2D35A2B421D1827A23C0DC739DC1F827F71189F8F818CE0B0C670E4|source_manifest=86163BE779951590317AB41BE2F9DE18666BC936F1735593673513008868CEC9,population=4D1530F251B312CE6564BA5676093B1043057F46A0FE2A58CF2756AFC530DA7B|one_person=01923C6EBD7440771E4EBE20CAB0648355A18C09D198677C0E265F5E68406A7D|admdongkor_boundary=6A63D079BA8AF4701AB200AD0B54EBDEA8689808B6E0E9F17973B9BA7883DC6A|bus_stops=01B63929056B55D0A8FE372756942FB9A81A89CB121A0CDB1838DDE9ED8555BF|hira_hospital=458D04F264BFE005CB12078699156CA72AD47B52062E0F79B8140E2635086268|hira_pharmacy=65B2B1E7F65BF1EFAF20C826BC1FB03CC24B65B359F4B5B51E1A234B334505A4
4128157600,삼송1동,077B,5,5,1.1.0,village_bus_static_presence_screen_v1,goyang_mixed_20250825_20260630,population=2026-06-30|onePersonHouseholds=2026-06-30|hiraFacilities=2026-06-30|analysisBoundary=2026-04-01|busStops=2025-08-25,정류장 개소; 노선표기 건; 고유 노선명 개; 비율 0~1; 낮은값 순위 1~44,routes_raw를 comma로 분리하고 '노선명(유형)'을 파싱; 유형='마을' 표기를 추출; 동별 마을정류장비율=마을노선 1개 이상 표기 정류장/전체 경계내 정류장; 고유 마을노선=동별 routeName distinct count,2025-08-25 정류장 CSV의 정적 노선 존재 표기만 쓴 1차 스크리닝이다. 배차·운행횟수·방향·시간대·환승·OD·보행권·노선변경을 알 수 없으므로 공급량·접근성·서비스 품질·도입 우선순위로 해석하지 않는다. 순위는 낮은 값 탐색용이다.,area_adjacency=AF16E5259A667F45F5BF7F6B3DF3A22E1A4837C477F6B68DDC26CDCF60E2DFF0|area_scores=455106174A3E492D501F73B8BA55EFD1B7525656638E8109AE015C290C352DE3|bus_stops=BBA5AC0E8F29538F42373B1789179B5B9D2CF0186E0D3A618537C83B74B628D5|facilities=9AA2BC9D9F9E0EC421FB7D23A9C9BF0BD5EDB59EB173A91CB27E6EB2655A1E07|grid_scores=F2B4631D6C4DB1C379BB9CAA13D29A9C055273F1C0D682BAC13EDD19C0A9E9BF|metrics_code=7A3920ABAC99C0EEE1FA013FF751C14428D5AA95E0F1F3F32FCED6B7A49541BA|model_spec=435B1018F2D35A2B421D1827A23C0DC739DC1F827F71189F8F818CE0B0C670E4|source_manifest=86163BE779951590317AB41BE2F9DE18666BC936F1735593673513008868CEC9,population=4D1530F251B312CE6564BA5676093B1043057F46A0FE2A58CF2756AFC530DA7B|one_person=01923C6EBD7440771E4EBE20CAB0648355A18C09D198677C0E265F5E68406A7D|admdongkor_boundary=6A63D079BA8AF4701AB200AD0B54EBDEA8689808B6E0E9F17973B9BA7883DC6A|bus_stops=01B63929056B55D0A8FE372756942FB9A81A89CB121A0CDB1838DDE9ED8555BF|hira_hospital=458D04F264BFE005CB12078699156CA72AD47B52062E0F79B8140E2635086268|hira_pharmacy=65B2B1E7F65BF1EFAF20C826BC1FB03CC24B65B359F4B5B51E1A234B334505A4
4128157600,삼송1동,088,5,5,1.1.0,village_bus_static_presence_screen_v1,goyang_mixed_20250825_20260630,population=2026-06-30|onePersonHouseholds=2026-06-30|hiraFacilities=2026-06-30|analysisBoundary=2026-04-01|busStops=2025-08-25,정류장 개소; 노선표기 건; 고유 노선명 개; 비율 0~1; 낮은값 순위 1~44,routes_raw를 comma로 분리하고 '노선명(유형)'을 파싱; 유형='마을' 표기를 추출; 동별 마을정류장비율=마을노선 1개 이상 표기 정류장/전체 경계내 정류장; 고유 마을노선=동별 routeName distinct count,2025-08-25 정류장 CSV의 정적 노선 존재 표기만 쓴 1차 스크리닝이다. 배차·운행횟수·방향·시간대·환승·OD·보행권·노선변경을 알 수 없으므로 공급량·접근성·서비스 품질·도입 우선순위로 해석하지 않는다. 순위는 낮은 값 탐색용이다.,area_adjacency=AF16E5259A667F45F5BF7F6B3DF3A22E1A4837C477F6B68DDC26CDCF60E2DFF0|area_scores=455106174A3E492D501F73B8BA55EFD1B7525656638E8109AE015C290C352DE3|bus_stops=BBA5AC0E8F29538F42373B1789179B5B9D2CF0186E0D3A618537C83B74B628D5|facilities=9AA2BC9D9F9E0EC421FB7D23A9C9BF0BD5EDB59EB173A91CB27E6EB2655A1E07|grid_scores=F2B4631D6C4DB1C379BB9CAA13D29A9C055273F1C0D682BAC13EDD19C0A9E9BF|metrics_code=7A3920ABAC99C0EEE1FA013FF751C14428D5AA95E0F1F3F32FCED6B7A49541BA|model_spec=435B1018F2D35A2B421D1827A23C0DC739DC1F827F71189F8F818CE0B0C670E4|source_manifest=86163BE779951590317AB41BE2F9DE18666BC936F1735593673513008868CEC9,population=4D1530F251B312CE6564BA5676093B1043057F46A0FE2A58CF2756AFC530DA7B|one_person=01923C6EBD7440771E4EBE20CAB0648355A18C09D198677C0E265F5E68406A7D|admdongkor_boundary=6A63D079BA8AF4701AB200AD0B54EBDEA8689808B6E0E9F17973B9BA7883DC6A|bus_stops=01B63929056B55D0A8FE372756942FB9A81A89CB121A0CDB1838DDE9ED8555BF|hira_hospital=458D04F264BFE005CB12078699156CA72AD47B52062E0F79B8140E2635086268|hira_pharmacy=65B2B1E7F65BF1EFAF20C826BC1FB03CC24B65B359F4B5B51E1A234B334505A4
4128157600,삼송1동,093,7,7,1.1.0,village_bus_static_presence_screen_v1,goyang_mixed_20250825_20260630,population=2026-06-30|onePersonHouseholds=2026-06-30|hiraFacilities=2026-06-30|analysisBoundary=2026-04-01|busStops=2025-08-25,정류장 개소; 노선표기 건; 고유 노선명 개; 비율 0~1; 낮은값 순위 1~44,routes_raw를 comma로 분리하고 '노선명(유형)'을 파싱; 유형='마을' 표기를 추출; 동별 마을정류장비율=마을노선 1개 이상 표기 정류장/전체 경계내 정류장; 고유 마을노선=동별 routeName distinct count,2025-08-25 정류장 CSV의 정적 노선 존재 표기만 쓴 1차 스크리닝이다. 배차·운행횟수·방향·시간대·환승·OD·보행권·노선변경을 알 수 없으므로 공급량·접근성·서비스 품질·도입 우선순위로 해석하지 않는다. 순위는 낮은 값 탐색용이다.,area_adjacency=AF16E5259A667F45F5BF7F6B3DF3A22E1A4837C477F6B68DDC26CDCF60E2DFF0|area_scores=455106174A3E492D501F73B8BA55EFD1B7525656638E8109AE015C290C352DE3|bus_stops=BBA5AC0E8F29538F42373B1789179B5B9D2CF0186E0D3A618537C83B74B628D5|facilities=9AA2BC9D9F9E0EC421FB7D23A9C9BF0BD5EDB59EB173A91CB27E6EB2655A1E07|grid_scores=F2B4631D6C4DB1C379BB9CAA13D29A9C055273F1C0D682BAC13EDD19C0A9E9BF|metrics_code=7A3920ABAC99C0EEE1FA013FF751C14428D5AA95E0F1F3F32FCED6B7A49541BA|model_spec=435B1018F2D35A2B421D1827A23C0DC739DC1F827F71189F8F818CE0B0C670E4|source_manifest=86163BE779951590317AB41BE2F9DE18666BC936F1735593673513008868CEC9,population=4D1530F251B312CE6564BA5676093B1043057F46A0FE2A58CF2756AFC530DA7B|one_person=01923C6EBD7440771E4EBE20CAB0648355A18C09D198677C0E265F5E68406A7D|admdongkor_boundary=6A63D079BA8AF4701AB200AD0B54EBDEA8689808B6E0E9F17973B9BA7883DC6A|bus_stops=01B63929056B55D0A8FE372756942FB9A81A89CB121A0CDB1838DDE9ED8555BF|hira_hospital=458D04F264BFE005CB12078699156CA72AD47B52062E0F79B8140E2635086268|hira_pharmacy=65B2B1E7F65BF1EFAF20C826BC1FB03CC24B65B359F4B5B51E1A234B334505A4
4128157600,삼송1동,094,11,11,1.1.0,village_bus_static_presence_screen_v1,goyang_mixed_20250825_20260630,population=2026-06-30|onePersonHouseholds=2026-06-30|hiraFacilities=2026-06-30|analysisBoundary=2026-04-01|busStops=2025-08-25,정류장 개소; 노선표기 건; 고유 노선명 개; 비율 0~1; 낮은값 순위 1~44,routes_raw를 comma로 분리하고 '노선명(유형)'을 파싱; 유형='마을' 표기를 추출; 동별 마을정류장비율=마을노선 1개 이상 표기 정류장/전체 경계내 정류장; 고유 마을노선=동별 routeName distinct count,2025-08-25 정류장 CSV의 정적 노선 존재 표기만 쓴 1차 스크리닝이다. 배차·운행횟수·방향·시간대·환승·OD·보행권·노선변경을 알 수 없으므로 공급량·접근성·서비스 품질·도입 우선순위로 해석하지 않는다. 순위는 낮은 값 탐색용이다.,area_adjacency=AF16E5259A667F45F5BF7F6B3DF3A22E1A4837C477F6B68DDC26CDCF60E2DFF0|area_scores=455106174A3E492D501F73B8BA55EFD1B7525656638E8109AE015C290C352DE3|bus_stops=BBA5AC0E8F29538F42373B1789179B5B9D2CF0186E0D3A618537C83B74B628D5|facilities=9AA2BC9D9F9E0EC421FB7D23A9C9BF0BD5EDB59EB173A91CB27E6EB2655A1E07|grid_scores=F2B4631D6C4DB1C379BB9CAA13D29A9C055273F1C0D682BAC13EDD19C0A9E9BF|metrics_code=7A3920ABAC99C0EEE1FA013FF751C14428D5AA95E0F1F3F32FCED6B7A49541BA|model_spec=435B1018F2D35A2B421D1827A23C0DC739DC1F827F71189F8F818CE0B0C670E4|source_manifest=86163BE779951590317AB41BE2F9DE18666BC936F1735593673513008868CEC9,population=4D1530F251B312CE6564BA5676093B1043057F46A0FE2A58CF2756AFC530DA7B|one_person=01923C6EBD7440771E4EBE20CAB0648355A18C09D198677C0E265F5E68406A7D|admdongkor_boundary=6A63D079BA8AF4701AB200AD0B54EBDEA8689808B6E0E9F17973B9BA7883DC6A|bus_stops=01B63929056B55D0A8FE372756942FB9A81A89CB121A0CDB1838DDE9ED8555BF|hira_hospital=458D04F264BFE005CB12078699156CA72AD47B52062E0F79B8140E2635086268|hira_pharmacy=65B2B1E7F65BF1EFAF20C826BC1FB03CC24B65B359F4B5B51E1A234B334505A4
4128157600,삼송1동,15-1(구파발),4,4,1.1.0,village_bus_static_presence_screen_v1,goyang_mixed_20250825_20260630,population=2026-06-30|onePersonHouseholds=2026-06-30|hiraFacilities=2026-06-30|analysisBoundary=2026-04-01|busStops=2025-08-25,정류장 개소; 노선표기 건; 고유 노선명 개; 비율 0~1; 낮은값 순위 1~44,routes_raw를 comma로 분리하고 '노선명(유형)'을 파싱; 유형='마을' 표기를 추출; 동별 마을정류장비율=마을노선 1개 이상 표기 정류장/전체 경계내 정류장; 고유 마을노선=동별 routeName distinct count,2025-08-25 정류장 CSV의 정적 노선 존재 표기만 쓴 1차 스크리닝이다. 배차·운행횟수·방향·시간대·환승·OD·보행권·노선변경을 알 수 없으므로 공급량·접근성·서비스 품질·도입 우선순위로 해석하지 않는다. 순위는 낮은 값 탐색용이다.,area_adjacency=AF16E5259A667F45F5BF7F6B3DF3A22E1A4837C477F6B68DDC26CDCF60E2DFF0|area_scores=455106174A3E492D501F73B8BA55EFD1B7525656638E8109AE015C290C352DE3|bus_stops=BBA5AC0E8F29538F42373B1789179B5B9D2CF0186E0D3A618537C83B74B628D5|facilities=9AA2BC9D9F9E0EC421FB7D23A9C9BF0BD5EDB59EB173A91CB27E6EB2655A1E07|grid_scores=F2B4631D6C4DB1C379BB9CAA13D29A9C055273F1C0D682BAC13EDD19C0A9E9BF|metrics_code=7A3920ABAC99C0EEE1FA013FF751C14428D5AA95E0F1F3F32FCED6B7A49541BA|model_spec=435B1018F2D35A2B421D1827A23C0DC739DC1F827F71189F8F818CE0B0C670E4|source_manifest=86163BE779951590317AB41BE2F9DE18666BC936F1735593673513008868CEC9,population=4D1530F251B312CE6564BA5676093B1043057F46A0FE2A58CF2756AFC530DA7B|one_person=01923C6EBD7440771E4EBE20CAB0648355A18C09D198677C0E265F5E68406A7D|admdongkor_boundary=6A63D079BA8AF4701AB200AD0B54EBDEA8689808B6E0E9F17973B9BA7883DC6A|bus_stops=01B63929056B55D0A8FE372756942FB9A81A89CB121A0CDB1838DDE9ED8555BF|hira_hospital=458D04F264BFE005CB12078699156CA72AD47B52062E0F79B8140E2635086268|hira_pharmacy=65B2B1E7F65BF1EFAF20C826BC1FB03CC24B65B359F4B5B51E1A234B334505A4
4128157600,삼송1동,15-1(지축),4,4,1.1.0,village_bus_static_presence_screen_v1,goyang_mixed_20250825_20260630,population=2026-06-30|onePersonHouseholds=2026-06-30|hiraFacilities=2026-06-30|analysisBoundary=2026-04-01|busStops=2025-08-25,정류장 개소; 노선표기 건; 고유 노선명 개; 비율 0~1; 낮은값 순위 1~44,routes_raw를 comma로 분리하고 '노선명(유형)'을 파싱; 유형='마을' 표기를 추출; 동별 마을정류장비율=마을노선 1개 이상 표기 정류장/전체 경계내 정류장; 고유 마을노선=동별 routeName distinct count,2025-08-25 정류장 CSV의 정적 노선 존재 표기만 쓴 1차 스크리닝이다. 배차·운행횟수·방향·시간대·환승·OD·보행권·노선변경을 알 수 없으므로 공급량·접근성·서비스 품질·도입 우선순위로 해석하지 않는다. 순위는 낮은 값 탐색용이다.,area_adjacency=AF16E5259A667F45F5BF7F6B3DF3A22E1A4837C477F6B68DDC26CDCF60E2DFF0|area_scores=455106174A3E492D501F73B8BA55EFD1B7525656638E8109AE015C290C352DE3|bus_stops=BBA5AC0E8F29538F42373B1789179B5B9D2CF0186E0D3A618537C83B74B628D5|facilities=9AA2BC9D9F9E0EC421FB7D23A9C9BF0BD5EDB59EB173A91CB27E6EB2655A1E07|grid_scores=F2B4631D6C4DB1C379BB9CAA13D29A9C055273F1C0D682BAC13EDD19C0A9E9BF|metrics_code=7A3920ABAC99C0EEE1FA013FF751C14428D5AA95E0F1F3F32FCED6B7A49541BA|model_spec=435B1018F2D35A2B421D1827A23C0DC739DC1F827F71189F8F818CE0B0C670E4|source_manifest=86163BE779951590317AB41BE2F9DE18666BC936F1735593673513008868CEC9,population=4D1530F251B312CE6564BA5676093B1043057F46A0FE2A58CF2756AFC530DA7B|one_person=01923C6EBD7440771E4EBE20CAB0648355A18C09D198677C0E265F5E68406A7D|admdongkor_boundary=6A63D079BA8AF4701AB200AD0B54EBDEA8689808B6E0E9F17973B9BA7883DC6A|bus_stops=01B63929056B55D0A8FE372756942FB9A81A89CB121A0CDB1838DDE9ED8555BF|hira_hospital=458D04F264BFE005CB12078699156CA72AD47B52062E0F79B8140E2635086268|hira_pharmacy=65B2B1E7F65BF1EFAF20C826BC1FB03CC24B65B359F4B5B51E1A234B334505A4
4128157600,삼송1동,15A,4,4,1.1.0,village_bus_static_presence_screen_v1,goyang_mixed_20250825_20260630,population=2026-06-30|onePersonHouseholds=2026-06-30|hiraFacilities=2026-06-30|analysisBoundary=2026-04-01|busStops=2025-08-25,정류장 개소; 노선표기 건; 고유 노선명 개; 비율 0~1; 낮은값 순위 1~44,routes_raw를 comma로 분리하고 '노선명(유형)'을 파싱; 유형='마을' 표기를 추출; 동별 마을정류장비율=마을노선 1개 이상 표기 정류장/전체 경계내 정류장; 고유 마을노선=동별 routeName distinct count,2025-08-25 정류장 CSV의 정적 노선 존재 표기만 쓴 1차 스크리닝이다. 배차·운행횟수·방향·시간대·환승·OD·보행권·노선변경을 알 수 없으므로 공급량·접근성·서비스 품질·도입 우선순위로 해석하지 않는다. 순위는 낮은 값 탐색용이다.,area_adjacency=AF16E5259A667F45F5BF7F6B3DF3A22E1A4837C477F6B68DDC26CDCF60E2DFF0|area_scores=455106174A3E492D501F73B8BA55EFD1B7525656638E8109AE015C290C352DE3|bus_stops=BBA5AC0E8F29538F42373B1789179B5B9D2CF0186E0D3A618537C83B74B628D5|facilities=9AA2BC9D9F9E0EC421FB7D23A9C9BF0BD5EDB59EB173A91CB27E6EB2655A1E07|grid_scores=F2B4631D6C4DB1C379BB9CAA13D29A9C055273F1C0D682BAC13EDD19C0A9E9BF|metrics_code=7A3920ABAC99C0EEE1FA013FF751C14428D5AA95E0F1F3F32FCED6B7A49541BA|model_spec=435B1018F2D35A2B421D1827A23C0DC739DC1F827F71189F8F818CE0B0C670E4|source_manifest=86163BE779951590317AB41BE2F9DE18666BC936F1735593673513008868CEC9,population=4D1530F251B312CE6564BA5676093B1043057F46A0FE2A58CF2756AFC530DA7B|one_person=01923C6EBD7440771E4EBE20CAB0648355A18C09D198677C0E265F5E68406A7D|admdongkor_boundary=6A63D079BA8AF4701AB200AD0B54EBDEA8689808B6E0E9F17973B9BA7883DC6A|bus_stops=01B63929056B55D0A8FE372756942FB9A81A89CB121A0CDB1838DDE9ED8555BF|hira_hospital=458D04F264BFE005CB12078699156CA72AD47B52062E0F79B8140E2635086268|hira_pharmacy=65B2B1E7F65BF1EFAF20C826BC1FB03CC24B65B359F4B5B51E1A234B334505A4
4128157600,삼송1동,15B,4,4,1.1.0,village_bus_static_presence_screen_v1,goyang_mixed_20250825_20260630,population=2026-06-30|onePersonHouseholds=2026-06-30|hiraFacilities=2026-06-30|analysisBoundary=2026-04-01|busStops=2025-08-25,정류장 개소; 노선표기 건; 고유 노선명 개; 비율 0~1; 낮은값 순위 1~44,routes_raw를 comma로 분리하고 '노선명(유형)'을 파싱; 유형='마을' 표기를 추출; 동별 마을정류장비율=마을노선 1개 이상 표기 정류장/전체 경계내 정류장; 고유 마을노선=동별 routeName distinct count,2025-08-25 정류장 CSV의 정적 노선 존재 표기만 쓴 1차 스크리닝이다. 배차·운행횟수·방향·시간대·환승·OD·보행권·노선변경을 알 수 없으므로 공급량·접근성·서비스 품질·도입 우선순위로 해석하지 않는다. 순위는 낮은 값 탐색용이다.,area_adjacency=AF16E5259A667F45F5BF7F6B3DF3A22E1A4837C477F6B68DDC26CDCF60E2DFF0|area_scores=455106174A3E492D501F73B8BA55EFD1B7525656638E8109AE015C290C352DE3|bus_stops=BBA5AC0E8F29538F42373B1789179B5B9D2CF0186E0D3A618537C83B74B628D5|facilities=9AA2BC9D9F9E0EC421FB7D23A9C9BF0BD5EDB59EB173A91CB27E6EB2655A1E07|grid_scores=F2B4631D6C4DB1C379BB9CAA13D29A9C055273F1C0D682BAC13EDD19C0A9E9BF|metrics_code=7A3920ABAC99C0EEE1FA013FF751C14428D5AA95E0F1F3F32FCED6B7A49541BA|model_spec=435B1018F2D35A2B421D1827A23C0DC739DC1F827F71189F8F818CE0B0C670E4|source_manifest=86163BE779951590317AB41BE2F9DE18666BC936F1735593673513008868CEC9,population=4D1530F251B312CE6564BA5676093B1043057F46A0FE2A58CF2756AFC530DA7B|one_person=01923C6EBD7440771E4EBE20CAB0648355A18C09D198677C0E265F5E68406A7D|admdongkor_boundary=6A63D079BA8AF4701AB200AD0B54EBDEA8689808B6E0E9F17973B9BA7883DC6A|bus_stops=01B63929056B55D0A8FE372756942FB9A81A89CB121A0CDB1838DDE9ED8555BF|hira_hospital=458D04F264BFE005CB12078699156CA72AD47B52062E0F79B8140E2635086268|hira_pharmacy=65B2B1E7F65BF1EFAF20C826BC1FB03CC24B65B359F4B5B51E1A234B334505A4
4128157700,삼송2동,024A,3,3,1.1.0,village_bus_static_presence_screen_v1,goyang_mixed_20250825_20260630,population=2026-06-30|onePersonHouseholds=2026-06-30|hiraFacilities=2026-06-30|analysisBoundary=2026-04-01|busStops=2025-08-25,정류장 개소; 노선표기 건; 고유 노선명 개; 비율 0~1; 낮은값 순위 1~44,routes_raw를 comma로 분리하고 '노선명(유형)'을 파싱; 유형='마을' 표기를 추출; 동별 마을정류장비율=마을노선 1개 이상 표기 정류장/전체 경계내 정류장; 고유 마을노선=동별 routeName distinct count,2025-08-25 정류장 CSV의 정적 노선 존재 표기만 쓴 1차 스크리닝이다. 배차·운행횟수·방향·시간대·환승·OD·보행권·노선변경을 알 수 없으므로 공급량·접근성·서비스 품질·도입 우선순위로 해석하지 않는다. 순위는 낮은 값 탐색용이다.,area_adjacency=AF16E5259A667F45F5BF7F6B3DF3A22E1A4837C477F6B68DDC26CDCF60E2DFF0|area_scores=455106174A3E492D501F73B8BA55EFD1B7525656638E8109AE015C290C352DE3|bus_stops=BBA5AC0E8F29538F42373B1789179B5B9D2CF0186E0D3A618537C83B74B628D5|facilities=9AA2BC9D9F9E0EC421FB7D23A9C9BF0BD5EDB59EB173A91CB27E6EB2655A1E07|grid_scores=F2B4631D6C4DB1C379BB9CAA13D29A9C055273F1C0D682BAC13EDD19C0A9E9BF|metrics_code=7A3920ABAC99C0EEE1FA013FF751C14428D5AA95E0F1F3F32FCED6B7A49541BA|model_spec=435B1018F2D35A2B421D1827A23C0DC739DC1F827F71189F8F818CE0B0C670E4|source_manifest=86163BE779951590317AB41BE2F9DE18666BC936F1735593673513008868CEC9,population=4D1530F251B312CE6564BA5676093B1043057F46A0FE2A58CF2756AFC530DA7B|one_person=01923C6EBD7440771E4EBE20CAB0648355A18C09D198677C0E265F5E68406A7D|admdongkor_boundary=6A63D079BA8AF4701AB200AD0B54EBDEA8689808B6E0E9F17973B9BA7883DC6A|bus_stops=01B63929056B55D0A8FE372756942FB9A81A89CB121A0CDB1838DDE9ED8555BF|hira_hospital=458D04F264BFE005CB12078699156CA72AD47B52062E0F79B8140E2635086268|hira_pharmacy=65B2B1E7F65BF1EFAF20C826BC1FB03CC24B65B359F4B5B51E1A234B334505A4
4128157700,삼송2동,024B,3,3,1.1.0,village_bus_static_presence_screen_v1,goyang_mixed_20250825_20260630,population=2026-06-30|onePersonHouseholds=2026-06-30|hiraFacilities=2026-06-30|analysisBoundary=2026-04-01|busStops=2025-08-25,정류장 개소; 노선표기 건; 고유 노선명 개; 비율 0~1; 낮은값 순위 1~44,routes_raw를 comma로 분리하고 '노선명(유형)'을 파싱; 유형='마을' 표기를 추출; 동별 마을정류장비율=마을노선 1개 이상 표기 정류장/전체 경계내 정류장; 고유 마을노선=동별 routeName distinct count,2025-08-25 정류장 CSV의 정적 노선 존재 표기만 쓴 1차 스크리닝이다. 배차·운행횟수·방향·시간대·환승·OD·보행권·노선변경을 알 수 없으므로 공급량·접근성·서비스 품질·도입 우선순위로 해석하지 않는다. 순위는 낮은 값 탐색용이다.,area_adjacency=AF16E5259A667F45F5BF7F6B3DF3A22E1A4837C477F6B68DDC26CDCF60E2DFF0|area_scores=455106174A3E492D501F73B8BA55EFD1B7525656638E8109AE015C290C352DE3|bus_stops=BBA5AC0E8F29538F42373B1789179B5B9D2CF0186E0D3A618537C83B74B628D5|facilities=9AA2BC9D9F9E0EC421FB7D23A9C9BF0BD5EDB59EB173A91CB27E6EB2655A1E07|grid_scores=F2B4631D6C4DB1C379BB9CAA13D29A9C055273F1C0D682BAC13EDD19C0A9E9BF|metrics_code=7A3920ABAC99C0EEE1FA013FF751C14428D5AA95E0F1F3F32FCED6B7A49541BA|model_spec=435B1018F2D35A2B421D1827A23C0DC739DC1F827F71189F8F818CE0B0C670E4|source_manifest=86163BE779951590317AB41BE2F9DE18666BC936F1735593673513008868CEC9,population=4D1530F251B312CE6564BA5676093B1043057F46A0FE2A58CF2756AFC530DA7B|one_person=01923C6EBD7440771E4EBE20CAB0648355A18C09D198677C0E265F5E68406A7D|admdongkor_boundary=6A63D079BA8AF4701AB200AD0B54EBDEA8689808B6E0E9F17973B9BA7883DC6A|bus_stops=01B63929056B55D0A8FE372756942FB9A81A89CB121A0CDB1838DDE9ED8555BF|hira_hospital=458D04F264BFE005CB12078699156CA72AD47B52062E0F79B8140E2635086268|hira_pharmacy=65B2B1E7F65BF1EFAF20C826BC1FB03CC24B65B359F4B5B51E1A234B334505A4
4128157700,삼송2동,033,4,4,1.1.0,village_bus_static_presence_screen_v1,goyang_mixed_20250825_20260630,population=2026-06-30|onePersonHouseholds=2026-06-30|hiraFacilities=2026-06-30|analysisBoundary=2026-04-01|busStops=2025-08-25,정류장 개소; 노선표기 건; 고유 노선명 개; 비율 0~1; 낮은값 순위 1~44,routes_raw를 comma로 분리하고 '노선명(유형)'을 파싱; 유형='마을' 표기를 추출; 동별 마을정류장비율=마을노선 1개 이상 표기 정류장/전체 경계내 정류장; 고유 마을노선=동별 routeName distinct count,2025-08-25 정류장 CSV의 정적 노선 존재 표기만 쓴 1차 스크리닝이다. 배차·운행횟수·방향·시간대·환승·OD·보행권·노선변경을 알 수 없으므로 공급량·접근성·서비스 품질·도입 우선순위로 해석하지 않는다. 순위는 낮은 값 탐색용이다.,area_adjacency=AF16E5259A667F45F5BF7F6B3DF3A22E1A4837C477F6B68DDC26CDCF60E2DFF0|area_scores=455106174A3E492D501F73B8BA55EFD1B7525656638E8109AE015C290C352DE3|bus_stops=BBA5AC0E8F29538F42373B1789179B5B9D2CF0186E0D3A618537C83B74B628D5|facilities=9AA2BC9D9F9E0EC421FB7D23A9C9BF0BD5EDB59EB173A91CB27E6EB2655A1E07|grid_scores=F2B4631D6C4DB1C379BB9CAA13D29A9C055273F1C0D682BAC13EDD19C0A9E9BF|metrics_code=7A3920ABAC99C0EEE1FA013FF751C14428D5AA95E0F1F3F32FCED6B7A49541BA|model_spec=435B1018F2D35A2B421D1827A23C0DC739DC1F827F71189F8F818CE0B0C670E4|source_manifest=86163BE779951590317AB41BE2F9DE18666BC936F1735593673513008868CEC9,population=4D1530F251B312CE6564BA5676093B1043057F46A0FE2A58CF2756AFC530DA7B|one_person=01923C6EBD7440771E4EBE20CAB0648355A18C09D198677C0E265F5E68406A7D|admdongkor_boundary=6A63D079BA8AF4701AB200AD0B54EBDEA8689808B6E0E9F17973B9BA7883DC6A|bus_stops=01B63929056B55D0A8FE372756942FB9A81A89CB121A0CDB1838DDE9ED8555BF|hira_hospital=458D04F264BFE005CB12078699156CA72AD47B52062E0F79B8140E2635086268|hira_pharmacy=65B2B1E7F65BF1EFAF20C826BC1FB03CC24B65B359F4B5B51E1A234B334505A4
4128157700,삼송2동,042,2,2,1.1.0,village_bus_static_presence_screen_v1,goyang_mixed_20250825_20260630,population=2026-06-30|onePersonHouseholds=2026-06-30|hiraFacilities=2026-06-30|analysisBoundary=2026-04-01|busStops=2025-08-25,정류장 개소; 노선표기 건; 고유 노선명 개; 비율 0~1; 낮은값 순위 1~44,routes_raw를 comma로 분리하고 '노선명(유형)'을 파싱; 유형='마을' 표기를 추출; 동별 마을정류장비율=마을노선 1개 이상 표기 정류장/전체 경계내 정류장; 고유 마을노선=동별 routeName distinct count,2025-08-25 정류장 CSV의 정적 노선 존재 표기만 쓴 1차 스크리닝이다. 배차·운행횟수·방향·시간대·환승·OD·보행권·노선변경을 알 수 없으므로 공급량·접근성·서비스 품질·도입 우선순위로 해석하지 않는다. 순위는 낮은 값 탐색용이다.,area_adjacency=AF16E5259A667F45F5BF7F6B3DF3A22E1A4837C477F6B68DDC26CDCF60E2DFF0|area_scores=455106174A3E492D501F73B8BA55EFD1B7525656638E8109AE015C290C352DE3|bus_stops=BBA5AC0E8F29538F42373B1789179B5B9D2CF0186E0D3A618537C83B74B628D5|facilities=9AA2BC9D9F9E0EC421FB7D23A9C9BF0BD5EDB59EB173A91CB27E6EB2655A1E07|grid_scores=F2B4631D6C4DB1C379BB9CAA13D29A9C055273F1C0D682BAC13EDD19C0A9E9BF|metrics_code=7A3920ABAC99C0EEE1FA013FF751C14428D5AA95E0F1F3F32FCED6B7A49541BA|model_spec=435B1018F2D35A2B421D1827A23C0DC739DC1F827F71189F8F818CE0B0C670E4|source_manifest=86163BE779951590317AB41BE2F9DE18666BC936F1735593673513008868CEC9,population=4D1530F251B312CE6564BA5676093B1043057F46A0FE2A58CF2756AFC530DA7B|one_person=01923C6EBD7440771E4EBE20CAB0648355A18C09D198677C0E265F5E68406A7D|admdongkor_boundary=6A63D079BA8AF4701AB200AD0B54EBDEA8689808B6E0E9F17973B9BA7883DC6A|bus_stops=01B63929056B55D0A8FE372756942FB9A81A89CB121A0CDB1838DDE9ED8555BF|hira_hospital=458D04F264BFE005CB12078699156CA72AD47B52062E0F79B8140E2635086268|hira_pharmacy=65B2B1E7F65BF1EFAF20C826BC1FB03CC24B65B359F4B5B51E1A234B334505A4
4128157700,삼송2동,043,7,7,1.1.0,village_bus_static_presence_screen_v1,goyang_mixed_20250825_20260630,population=2026-06-30|onePersonHouseholds=2026-06-30|hiraFacilities=2026-06-30|analysisBoundary=2026-04-01|busStops=2025-08-25,정류장 개소; 노선표기 건; 고유 노선명 개; 비율 0~1; 낮은값 순위 1~44,routes_raw를 comma로 분리하고 '노선명(유형)'을 파싱; 유형='마을' 표기를 추출; 동별 마을정류장비율=마을노선 1개 이상 표기 정류장/전체 경계내 정류장; 고유 마을노선=동별 routeName distinct count,2025-08-25 정류장 CSV의 정적 노선 존재 표기만 쓴 1차 스크리닝이다. 배차·운행횟수·방향·시간대·환승·OD·보행권·노선변경을 알 수 없으므로 공급량·접근성·서비스 품질·도입 우선순위로 해석하지 않는다. 순위는 낮은 값 탐색용이다.,area_adjacency=AF16E5259A667F45F5BF7F6B3DF3A22E1A4837C477F6B68DDC26CDCF60E2DFF0|area_scores=455106174A3E492D501F73B8BA55EFD1B7525656638E8109AE015C290C352DE3|bus_stops=BBA5AC0E8F29538F42373B1789179B5B9D2CF0186E0D3A618537C83B74B628D5|facilities=9AA2BC9D9F9E0EC421FB7D23A9C9BF0BD5EDB59EB173A91CB27E6EB2655A1E07|grid_scores=F2B4631D6C4DB1C379BB9CAA13D29A9C055273F1C0D682BAC13EDD19C0A9E9BF|metrics_code=7A3920ABAC99C0EEE1FA013FF751C14428D5AA95E0F1F3F32FCED6B7A49541BA|model_spec=435B1018F2D35A2B421D1827A23C0DC739DC1F827F71189F8F818CE0B0C670E4|source_manifest=86163BE779951590317AB41BE2F9DE18666BC936F1735593673513008868CEC9,population=4D1530F251B312CE6564BA5676093B1043057F46A0FE2A58CF2756AFC530DA7B|one_person=01923C6EBD7440771E4EBE20CAB0648355A18C09D198677C0E265F5E68406A7D|admdongkor_boundary=6A63D079BA8AF4701AB200AD0B54EBDEA8689808B6E0E9F17973B9BA7883DC6A|bus_stops=01B63929056B55D0A8FE372756942FB9A81A89CB121A0CDB1838DDE9ED8555BF|hira_hospital=458D04F264BFE005CB12078699156CA72AD47B52062E0F79B8140E2635086268|hira_pharmacy=65B2B1E7F65BF1EFAF20C826BC1FB03CC24B65B359F4B5B51E1A234B334505A4
4128157700,삼송2동,043(원당역),7,7,1.1.0,village_bus_static_presence_screen_v1,goyang_mixed_20250825_20260630,population=2026-06-30|onePersonHouseholds=2026-06-30|hiraFacilities=2026-06-30|analysisBoundary=2026-04-01|busStops=2025-08-25,정류장 개소; 노선표기 건; 고유 노선명 개; 비율 0~1; 낮은값 순위 1~44,routes_raw를 comma로 분리하고 '노선명(유형)'을 파싱; 유형='마을' 표기를 추출; 동별 마을정류장비율=마을노선 1개 이상 표기 정류장/전체 경계내 정류장; 고유 마을노선=동별 routeName distinct count,2025-08-25 정류장 CSV의 정적 노선 존재 표기만 쓴 1차 스크리닝이다. 배차·운행횟수·방향·시간대·환승·OD·보행권·노선변경을 알 수 없으므로 공급량·접근성·서비스 품질·도입 우선순위로 해석하지 않는다. 순위는 낮은 값 탐색용이다.,area_adjacency=AF16E5259A667F45F5BF7F6B3DF3A22E1A4837C477F6B68DDC26CDCF60E2DFF0|area_scores=455106174A3E492D501F73B8BA55EFD1B7525656638E8109AE015C290C352DE3|bus_stops=BBA5AC0E8F29538F42373B1789179B5B9D2CF0186E0D3A618537C83B74B628D5|facilities=9AA2BC9D9F9E0EC421FB7D23A9C9BF0BD5EDB59EB173A91CB27E6EB2655A1E07|grid_scores=F2B4631D6C4DB1C379BB9CAA13D29A9C055273F1C0D682BAC13EDD19C0A9E9BF|metrics_code=7A3920ABAC99C0EEE1FA013FF751C14428D5AA95E0F1F3F32FCED6B7A49541BA|model_spec=435B1018F2D35A2B421D1827A23C0DC739DC1F827F71189F8F818CE0B0C670E4|source_manifest=86163BE779951590317AB41BE2F9DE18666BC936F1735593673513008868CEC9,population=4D1530F251B312CE6564BA5676093B1043057F46A0FE2A58CF2756AFC530DA7B|one_person=01923C6EBD7440771E4EBE20CAB0648355A18C09D198677C0E265F5E68406A7D|admdongkor_boundary=6A63D079BA8AF4701AB200AD0B54EBDEA8689808B6E0E9F17973B9BA7883DC6A|bus_stops=01B63929056B55D0A8FE372756942FB9A81A89CB121A0CDB1838DDE9ED8555BF|hira_hospital=458D04F264BFE005CB12078699156CA72AD47B52062E0F79B8140E2635086268|hira_pharmacy=65B2B1E7F65BF1EFAF20C826BC1FB03CC24B65B359F4B5B51E1A234B334505A4
4128157700,삼송2동,046,16,16,1.1.0,village_bus_static_presence_screen_v1,goyang_mixed_20250825_20260630,population=2026-06-30|onePersonHouseholds=2026-06-30|hiraFacilities=2026-06-30|analysisBoundary=2026-04-01|busStops=2025-08-25,정류장 개소; 노선표기 건; 고유 노선명 개; 비율 0~1; 낮은값 순위 1~44,routes_raw를 comma로 분리하고 '노선명(유형)'을 파싱; 유형='마을' 표기를 추출; 동별 마을정류장비율=마을노선 1개 이상 표기 정류장/전체 경계내 정류장; 고유 마을노선=동별 routeName distinct count,2025-08-25 정류장 CSV의 정적 노선 존재 표기만 쓴 1차 스크리닝이다. 배차·운행횟수·방향·시간대·환승·OD·보행권·노선변경을 알 수 없으므로 공급량·접근성·서비스 품질·도입 우선순위로 해석하지 않는다. 순위는 낮은 값 탐색용이다.,area_adjacency=AF16E5259A667F45F5BF7F6B3DF3A22E1A4837C477F6B68DDC26CDCF60E2DFF0|area_scores=455106174A3E492D501F73B8BA55EFD1B7525656638E8109AE015C290C352DE3|bus_stops=BBA5AC0E8F29538F42373B1789179B5B9D2CF0186E0D3A618537C83B74B628D5|facilities=9AA2BC9D9F9E0EC421FB7D23A9C9BF0BD5EDB59EB173A91CB27E6EB2655A1E07|grid_scores=F2B4631D6C4DB1C379BB9CAA13D29A9C055273F1C0D682BAC13EDD19C0A9E9BF|metrics_code=7A3920ABAC99C0EEE1FA013FF751C14428D5AA95E0F1F3F32FCED6B7A49541BA|model_spec=435B1018F2D35A2B421D1827A23C0DC739DC1F827F71189F8F818CE0B0C670E4|source_manifest=86163BE779951590317AB41BE2F9DE18666BC936F1735593673513008868CEC9,population=4D1530F251B312CE6564BA5676093B1043057F46A0FE2A58CF2756AFC530DA7B|one_person=01923C6EBD7440771E4EBE20CAB0648355A18C09D198677C0E265F5E68406A7D|admdongkor_boundary=6A63D079BA8AF4701AB200AD0B54EBDEA8689808B6E0E9F17973B9BA7883DC6A|bus_stops=01B63929056B55D0A8FE372756942FB9A81A89CB121A0CDB1838DDE9ED8555BF|hira_hospital=458D04F264BFE005CB12078699156CA72AD47B52062E0F79B8140E2635086268|hira_pharmacy=65B2B1E7F65BF1EFAF20C826BC1FB03CC24B65B359F4B5B51E1A234B334505A4
4128157700,삼송2동,047,10,10,1.1.0,village_bus_static_presence_screen_v1,goyang_mixed_20250825_20260630,population=2026-06-30|onePersonHouseholds=2026-06-30|hiraFacilities=2026-06-30|analysisBoundary=2026-04-01|busStops=2025-08-25,정류장 개소; 노선표기 건; 고유 노선명 개; 비율 0~1; 낮은값 순위 1~44,routes_raw를 comma로 분리하고 '노선명(유형)'을 파싱; 유형='마을' 표기를 추출; 동별 마을정류장비율=마을노선 1개 이상 표기 정류장/전체 경계내 정류장; 고유 마을노선=동별 routeName distinct count,2025-08-25 정류장 CSV의 정적 노선 존재 표기만 쓴 1차 스크리닝이다. 배차·운행횟수·방향·시간대·환승·OD·보행권·노선변경을 알 수 없으므로 공급량·접근성·서비스 품질·도입 우선순위로 해석하지 않는다. 순위는 낮은 값 탐색용이다.,area_adjacency=AF16E5259A667F45F5BF7F6B3DF3A22E1A4837C477F6B68DDC26CDCF60E2DFF0|area_scores=455106174A3E492D501F73B8BA55EFD1B7525656638E8109AE015C290C352DE3|bus_stops=BBA5AC0E8F29538F42373B1789179B5B9D2CF0186E0D3A618537C83B74B628D5|facilities=9AA2BC9D9F9E0EC421FB7D23A9C9BF0BD5EDB59EB173A91CB27E6EB2655A1E07|grid_scores=F2B4631D6C4DB1C379BB9CAA13D29A9C055273F1C0D682BAC13EDD19C0A9E9BF|metrics_code=7A3920ABAC99C0EEE1FA013FF751C14428D5AA95E0F1F3F32FCED6B7A49541BA|model_spec=435B1018F2D35A2B421D1827A23C0DC739DC1F827F71189F8F818CE0B0C670E4|source_manifest=86163BE779951590317AB41BE2F9DE18666BC936F1735593673513008868CEC9,population=4D1530F251B312CE6564BA5676093B1043057F46A0FE2A58CF2756AFC530DA7B|one_person=01923C6EBD7440771E4EBE20CAB0648355A18C09D198677C0E265F5E68406A7D|admdongkor_boundary=6A63D079BA8AF4701AB200AD0B54EBDEA8689808B6E0E9F17973B9BA7883DC6A|bus_stops=01B63929056B55D0A8FE372756942FB9A81A89CB121A0CDB1838DDE9ED8555BF|hira_hospital=458D04F264BFE005CB12078699156CA72AD47B52062E0F79B8140E2635086268|hira_pharmacy=65B2B1E7F65BF1EFAF20C826BC1FB03CC24B65B359F4B5B51E1A234B334505A4
4128157700,삼송2동,048,4,4,1.1.0,village_bus_static_presence_screen_v1,goyang_mixed_20250825_20260630,population=2026-06-30|onePersonHouseholds=2026-06-30|hiraFacilities=2026-06-30|analysisBoundary=2026-04-01|busStops=2025-08-25,정류장 개소; 노선표기 건; 고유 노선명 개; 비율 0~1; 낮은값 순위 1~44,routes_raw를 comma로 분리하고 '노선명(유형)'을 파싱; 유형='마을' 표기를 추출; 동별 마을정류장비율=마을노선 1개 이상 표기 정류장/전체 경계내 정류장; 고유 마을노선=동별 routeName distinct count,2025-08-25 정류장 CSV의 정적 노선 존재 표기만 쓴 1차 스크리닝이다. 배차·운행횟수·방향·시간대·환승·OD·보행권·노선변경을 알 수 없으므로 공급량·접근성·서비스 품질·도입 우선순위로 해석하지 않는다. 순위는 낮은 값 탐색용이다.,area_adjacency=AF16E5259A667F45F5BF7F6B3DF3A22E1A4837C477F6B68DDC26CDCF60E2DFF0|area_scores=455106174A3E492D501F73B8BA55EFD1B7525656638E8109AE015C290C352DE3|bus_stops=BBA5AC0E8F29538F42373B1789179B5B9D2CF0186E0D3A618537C83B74B628D5|facilities=9AA2BC9D9F9E0EC421FB7D23A9C9BF0BD5EDB59EB173A91CB27E6EB2655A1E07|grid_scores=F2B4631D6C4DB1C379BB9CAA13D29A9C055273F1C0D682BAC13EDD19C0A9E9BF|metrics_code=7A3920ABAC99C0EEE1FA013FF751C14428D5AA95E0F1F3F32FCED6B7A49541BA|model_spec=435B1018F2D35A2B421D1827A23C0DC739DC1F827F71189F8F818CE0B0C670E4|source_manifest=86163BE779951590317AB41BE2F9DE18666BC936F1735593673513008868CEC9,population=4D1530F251B312CE6564BA5676093B1043057F46A0FE2A58CF2756AFC530DA7B|one_person=01923C6EBD7440771E4EBE20CAB0648355A18C09D198677C0E265F5E68406A7D|admdongkor_boundary=6A63D079BA8AF4701AB200AD0B54EBDEA8689808B6E0E9F17973B9BA7883DC6A|bus_stops=01B63929056B55D0A8FE372756942FB9A81A89CB121A0CDB1838DDE9ED8555BF|hira_hospital=458D04F264BFE005CB12078699156CA72AD47B52062E0F79B8140E2635086268|hira_pharmacy=65B2B1E7F65BF1EFAF20C826BC1FB03CC24B65B359F4B5B51E1A234B334505A4
4128157700,삼송2동,075A,10,10,1.1.0,village_bus_static_presence_screen_v1,goyang_mixed_20250825_20260630,population=2026-06-30|onePersonHouseholds=2026-06-30|hiraFacilities=2026-06-30|analysisBoundary=2026-04-01|busStops=2025-08-25,정류장 개소; 노선표기 건; 고유 노선명 개; 비율 0~1; 낮은값 순위 1~44,routes_raw를 comma로 분리하고 '노선명(유형)'을 파싱; 유형='마을' 표기를 추출; 동별 마을정류장비율=마을노선 1개 이상 표기 정류장/전체 경계내 정류장; 고유 마을노선=동별 routeName distinct count,2025-08-25 정류장 CSV의 정적 노선 존재 표기만 쓴 1차 스크리닝이다. 배차·운행횟수·방향·시간대·환승·OD·보행권·노선변경을 알 수 없으므로 공급량·접근성·서비스 품질·도입 우선순위로 해석하지 않는다. 순위는 낮은 값 탐색용이다.,area_adjacency=AF16E5259A667F45F5BF7F6B3DF3A22E1A4837C477F6B68DDC26CDCF60E2DFF0|area_scores=455106174A3E492D501F73B8BA55EFD1B7525656638E8109AE015C290C352DE3|bus_stops=BBA5AC0E8F29538F42373B1789179B5B9D2CF0186E0D3A618537C83B74B628D5|facilities=9AA2BC9D9F9E0EC421FB7D23A9C9BF0BD5EDB59EB173A91CB27E6EB2655A1E07|grid_scores=F2B4631D6C4DB1C379BB9CAA13D29A9C055273F1C0D682BAC13EDD19C0A9E9BF|metrics_code=7A3920ABAC99C0EEE1FA013FF751C14428D5AA95E0F1F3F32FCED6B7A49541BA|model_spec=435B1018F2D35A2B421D1827A23C0DC739DC1F827F71189F8F818CE0B0C670E4|source_manifest=86163BE779951590317AB41BE2F9DE18666BC936F1735593673513008868CEC9,population=4D1530F251B312CE6564BA5676093B1043057F46A0FE2A58CF2756AFC530DA7B|one_person=01923C6EBD7440771E4EBE20CAB0648355A18C09D198677C0E265F5E68406A7D|admdongkor_boundary=6A63D079BA8AF4701AB200AD0B54EBDEA8689808B6E0E9F17973B9BA7883DC6A|bus_stops=01B63929056B55D0A8FE372756942FB9A81A89CB121A0CDB1838DDE9ED8555BF|hira_hospital=458D04F264BFE005CB12078699156CA72AD47B52062E0F79B8140E2635086268|hira_pharmacy=65B2B1E7F65BF1EFAF20C826BC1FB03CC24B65B359F4B5B51E1A234B334505A4
4128157700,삼송2동,075B,12,12,1.1.0,village_bus_static_presence_screen_v1,goyang_mixed_20250825_20260630,population=2026-06-30|onePersonHouseholds=2026-06-30|hiraFacilities=2026-06-30|analysisBoundary=2026-04-01|busStops=2025-08-25,정류장 개소; 노선표기 건; 고유 노선명 개; 비율 0~1; 낮은값 순위 1~44,routes_raw를 comma로 분리하고 '노선명(유형)'을 파싱; 유형='마을' 표기를 추출; 동별 마을정류장비율=마을노선 1개 이상 표기 정류장/전체 경계내 정류장; 고유 마을노선=동별 routeName distinct count,2025-08-25 정류장 CSV의 정적 노선 존재 표기만 쓴 1차 스크리닝이다. 배차·운행횟수·방향·시간대·환승·OD·보행권·노선변경을 알 수 없으므로 공급량·접근성·서비스 품질·도입 우선순위로 해석하지 않는다. 순위는 낮은 값 탐색용이다.,area_adjacency=AF16E5259A667F45F5BF7F6B3DF3A22E1A4837C477F6B68DDC26CDCF60E2DFF0|area_scores=455106174A3E492D501F73B8BA55EFD1B7525656638E8109AE015C290C352DE3|bus_stops=BBA5AC0E8F29538F42373B1789179B5B9D2CF0186E0D3A618537C83B74B628D5|facilities=9AA2BC9D9F9E0EC421FB7D23A9C9BF0BD5EDB59EB173A91CB27E6EB2655A1E07|grid_scores=F2B4631D6C4DB1C379BB9CAA13D29A9C055273F1C0D682BAC13EDD19C0A9E9BF|metrics_code=7A3920ABAC99C0EEE1FA013FF751C14428D5AA95E0F1F3F32FCED6B7A49541BA|model_spec=435B1018F2D35A2B421D1827A23C0DC739DC1F827F71189F8F818CE0B0C670E4|source_manifest=86163BE779951590317AB41BE2F9DE18666BC936F1735593673513008868CEC9,population=4D1530F251B312CE6564BA5676093B1043057F46A0FE2A58CF2756AFC530DA7B|one_person=01923C6EBD7440771E4EBE20CAB0648355A18C09D198677C0E265F5E68406A7D|admdongkor_boundary=6A63D079BA8AF4701AB200AD0B54EBDEA8689808B6E0E9F17973B9BA7883DC6A|bus_stops=01B63929056B55D0A8FE372756942FB9A81A89CB121A0CDB1838DDE9ED8555BF|hira_hospital=458D04F264BFE005CB12078699156CA72AD47B52062E0F79B8140E2635086268|hira_pharmacy=65B2B1E7F65BF1EFAF20C826BC1FB03CC24B65B359F4B5B51E1A234B334505A4
4128158000,창릉동,042,34,34,1.1.0,village_bus_static_presence_screen_v1,goyang_mixed_20250825_20260630,population=2026-06-30|onePersonHouseholds=2026-06-30|hiraFacilities=2026-06-30|analysisBoundary=2026-04-01|busStops=2025-08-25,정류장 개소; 노선표기 건; 고유 노선명 개; 비율 0~1; 낮은값 순위 1~44,routes_raw를 comma로 분리하고 '노선명(유형)'을 파싱; 유형='마을' 표기를 추출; 동별 마을정류장비율=마을노선 1개 이상 표기 정류장/전체 경계내 정류장; 고유 마을노선=동별 routeName distinct count,2025-08-25 정류장 CSV의 정적 노선 존재 표기만 쓴 1차 스크리닝이다. 배차·운행횟수·방향·시간대·환승·OD·보행권·노선변경을 알 수 없으므로 공급량·접근성·서비스 품질·도입 우선순위로 해석하지 않는다. 순위는 낮은 값 탐색용이다.,area_adjacency=AF16E5259A667F45F5BF7F6B3DF3A22E1A4837C477F6B68DDC26CDCF60E2DFF0|area_scores=455106174A3E492D501F73B8BA55EFD1B7525656638E8109AE015C290C352DE3|bus_stops=BBA5AC0E8F29538F42373B1789179B5B9D2CF0186E0D3A618537C83B74B628D5|facilities=9AA2BC9D9F9E0EC421FB7D23A9C9BF0BD5EDB59EB173A91CB27E6EB2655A1E07|grid_scores=F2B4631D6C4DB1C379BB9CAA13D29A9C055273F1C0D682BAC13EDD19C0A9E9BF|metrics_code=7A3920ABAC99C0EEE1FA013FF751C14428D5AA95E0F1F3F32FCED6B7A49541BA|model_spec=435B1018F2D35A2B421D1827A23C0DC739DC1F827F71189F8F818CE0B0C670E4|source_manifest=86163BE779951590317AB41BE2F9DE18666BC936F1735593673513008868CEC9,population=4D1530F251B312CE6564BA5676093B1043057F46A0FE2A58CF2756AFC530DA7B|one_person=01923C6EBD7440771E4EBE20CAB0648355A18C09D198677C0E265F5E68406A7D|admdongkor_boundary=6A63D079BA8AF4701AB200AD0B54EBDEA8689808B6E0E9F17973B9BA7883DC6A|bus_stops=01B63929056B55D0A8FE372756942FB9A81A89CB121A0CDB1838DDE9ED8555BF|hira_hospital=458D04F264BFE005CB12078699156CA72AD47B52062E0F79B8140E2635086268|hira_pharmacy=65B2B1E7F65BF1EFAF20C826BC1FB03CC24B65B359F4B5B51E1A234B334505A4
4128158000,창릉동,046,10,10,1.1.0,village_bus_static_presence_screen_v1,goyang_mixed_20250825_20260630,population=2026-06-30|onePersonHouseholds=2026-06-30|hiraFacilities=2026-06-30|analysisBoundary=2026-04-01|busStops=2025-08-25,정류장 개소; 노선표기 건; 고유 노선명 개; 비율 0~1; 낮은값 순위 1~44,routes_raw를 comma로 분리하고 '노선명(유형)'을 파싱; 유형='마을' 표기를 추출; 동별 마을정류장비율=마을노선 1개 이상 표기 정류장/전체 경계내 정류장; 고유 마을노선=동별 routeName distinct count,2025-08-25 정류장 CSV의 정적 노선 존재 표기만 쓴 1차 스크리닝이다. 배차·운행횟수·방향·시간대·환승·OD·보행권·노선변경을 알 수 없으므로 공급량·접근성·서비스 품질·도입 우선순위로 해석하지 않는다. 순위는 낮은 값 탐색용이다.,area_adjacency=AF16E5259A667F45F5BF7F6B3DF3A22E1A4837C477F6B68DDC26CDCF60E2DFF0|area_scores=455106174A3E492D501F73B8BA55EFD1B7525656638E8109AE015C290C352DE3|bus_stops=BBA5AC0E8F29538F42373B1789179B5B9D2CF0186E0D3A618537C83B74B628D5|facilities=9AA2BC9D9F9E0EC421FB7D23A9C9BF0BD5EDB59EB173A91CB27E6EB2655A1E07|grid_scores=F2B4631D6C4DB1C379BB9CAA13D29A9C055273F1C0D682BAC13EDD19C0A9E9BF|metrics_code=7A3920ABAC99C0EEE1FA013FF751C14428D5AA95E0F1F3F32FCED6B7A49541BA|model_spec=435B1018F2D35A2B421D1827A23C0DC739DC1F827F71189F8F818CE0B0C670E4|source_manifest=86163BE779951590317AB41BE2F9DE18666BC936F1735593673513008868CEC9,population=4D1530F251B312CE6564BA5676093B1043057F46A0FE2A58CF2756AFC530DA7B|one_person=01923C6EBD7440771E4EBE20CAB0648355A18C09D198677C0E265F5E68406A7D|admdongkor_boundary=6A63D079BA8AF4701AB200AD0B54EBDEA8689808B6E0E9F17973B9BA7883DC6A|bus_stops=01B63929056B55D0A8FE372756942FB9A81A89CB121A0CDB1838DDE9ED8555BF|hira_hospital=458D04F264BFE005CB12078699156CA72AD47B52062E0F79B8140E2635086268|hira_pharmacy=65B2B1E7F65BF1EFAF20C826BC1FB03CC24B65B359F4B5B51E1A234B334505A4
4128158000,창릉동,048,10,10,1.1.0,village_bus_static_presence_screen_v1,goyang_mixed_20250825_20260630,population=2026-06-30|onePersonHouseholds=2026-06-30|hiraFacilities=2026-06-30|analysisBoundary=2026-04-01|busStops=2025-08-25,정류장 개소; 노선표기 건; 고유 노선명 개; 비율 0~1; 낮은값 순위 1~44,routes_raw를 comma로 분리하고 '노선명(유형)'을 파싱; 유형='마을' 표기를 추출; 동별 마을정류장비율=마을노선 1개 이상 표기 정류장/전체 경계내 정류장; 고유 마을노선=동별 routeName distinct count,2025-08-25 정류장 CSV의 정적 노선 존재 표기만 쓴 1차 스크리닝이다. 배차·운행횟수·방향·시간대·환승·OD·보행권·노선변경을 알 수 없으므로 공급량·접근성·서비스 품질·도입 우선순위로 해석하지 않는다. 순위는 낮은 값 탐색용이다.,area_adjacency=AF16E5259A667F45F5BF7F6B3DF3A22E1A4837C477F6B68DDC26CDCF60E2DFF0|area_scores=455106174A3E492D501F73B8BA55EFD1B7525656638E8109AE015C290C352DE3|bus_stops=BBA5AC0E8F29538F42373B1789179B5B9D2CF0186E0D3A618537C83B74B628D5|facilities=9AA2BC9D9F9E0EC421FB7D23A9C9BF0BD5EDB59EB173A91CB27E6EB2655A1E07|grid_scores=F2B4631D6C4DB1C379BB9CAA13D29A9C055273F1C0D682BAC13EDD19C0A9E9BF|metrics_code=7A3920ABAC99C0EEE1FA013FF751C14428D5AA95E0F1F3F32FCED6B7A49541BA|model_spec=435B1018F2D35A2B421D1827A23C0DC739DC1F827F71189F8F818CE0B0C670E4|source_manifest=86163BE779951590317AB41BE2F9DE18666BC936F1735593673513008868CEC9,population=4D1530F251B312CE6564BA5676093B1043057F46A0FE2A58CF2756AFC530DA7B|one_person=01923C6EBD7440771E4EBE20CAB0648355A18C09D198677C0E265F5E68406A7D|admdongkor_boundary=6A63D079BA8AF4701AB200AD0B54EBDEA8689808B6E0E9F17973B9BA7883DC6A|bus_stops=01B63929056B55D0A8FE372756942FB9A81A89CB121A0CDB1838DDE9ED8555BF|hira_hospital=458D04F264BFE005CB12078699156CA72AD47B52062E0F79B8140E2635086268|hira_pharmacy=65B2B1E7F65BF1EFAF20C826BC1FB03CC24B65B359F4B5B51E1A234B334505A4
4128158000,창릉동,053,5,5,1.1.0,village_bus_static_presence_screen_v1,goyang_mixed_20250825_20260630,population=2026-06-30|onePersonHouseholds=2026-06-30|hiraFacilities=2026-06-30|analysisBoundary=2026-04-01|busStops=2025-08-25,정류장 개소; 노선표기 건; 고유 노선명 개; 비율 0~1; 낮은값 순위 1~44,routes_raw를 comma로 분리하고 '노선명(유형)'을 파싱; 유형='마을' 표기를 추출; 동별 마을정류장비율=마을노선 1개 이상 표기 정류장/전체 경계내 정류장; 고유 마을노선=동별 routeName distinct count,2025-08-25 정류장 CSV의 정적 노선 존재 표기만 쓴 1차 스크리닝이다. 배차·운행횟수·방향·시간대·환승·OD·보행권·노선변경을 알 수 없으므로 공급량·접근성·서비스 품질·도입 우선순위로 해석하지 않는다. 순위는 낮은 값 탐색용이다.,area_adjacency=AF16E5259A667F45F5BF7F6B3DF3A22E1A4837C477F6B68DDC26CDCF60E2DFF0|area_scores=455106174A3E492D501F73B8BA55EFD1B7525656638E8109AE015C290C352DE3|bus_stops=BBA5AC0E8F29538F42373B1789179B5B9D2CF0186E0D3A618537C83B74B628D5|facilities=9AA2BC9D9F9E0EC421FB7D23A9C9BF0BD5EDB59EB173A91CB27E6EB2655A1E07|grid_scores=F2B4631D6C4DB1C379BB9CAA13D29A9C055273F1C0D682BAC13EDD19C0A9E9BF|metrics_code=7A3920ABAC99C0EEE1FA013FF751C14428D5AA95E0F1F3F32FCED6B7A49541BA|model_spec=435B1018F2D35A2B421D1827A23C0DC739DC1F827F71189F8F818CE0B0C670E4|source_manifest=86163BE779951590317AB41BE2F9DE18666BC936F1735593673513008868CEC9,population=4D1530F251B312CE6564BA5676093B1043057F46A0FE2A58CF2756AFC530DA7B|one_person=01923C6EBD7440771E4EBE20CAB0648355A18C09D198677C0E265F5E68406A7D|admdongkor_boundary=6A63D079BA8AF4701AB200AD0B54EBDEA8689808B6E0E9F17973B9BA7883DC6A|bus_stops=01B63929056B55D0A8FE372756942FB9A81A89CB121A0CDB1838DDE9ED8555BF|hira_hospital=458D04F264BFE005CB12078699156CA72AD47B52062E0F79B8140E2635086268|hira_pharmacy=65B2B1E7F65BF1EFAF20C826BC1FB03CC24B65B359F4B5B51E1A234B334505A4
4128158000,창릉동,075A,22,22,1.1.0,village_bus_static_presence_screen_v1,goyang_mixed_20250825_20260630,population=2026-06-30|onePersonHouseholds=2026-06-30|hiraFacilities=2026-06-30|analysisBoundary=2026-04-01|busStops=2025-08-25,정류장 개소; 노선표기 건; 고유 노선명 개; 비율 0~1; 낮은값 순위 1~44,routes_raw를 comma로 분리하고 '노선명(유형)'을 파싱; 유형='마을' 표기를 추출; 동별 마을정류장비율=마을노선 1개 이상 표기 정류장/전체 경계내 정류장; 고유 마을노선=동별 routeName distinct count,2025-08-25 정류장 CSV의 정적 노선 존재 표기만 쓴 1차 스크리닝이다. 배차·운행횟수·방향·시간대·환승·OD·보행권·노선변경을 알 수 없으므로 공급량·접근성·서비스 품질·도입 우선순위로 해석하지 않는다. 순위는 낮은 값 탐색용이다.,area_adjacency=AF16E5259A667F45F5BF7F6B3DF3A22E1A4837C477F6B68DDC26CDCF60E2DFF0|area_scores=455106174A3E492D501F73B8BA55EFD1B7525656638E8109AE015C290C352DE3|bus_stops=BBA5AC0E8F29538F42373B1789179B5B9D2CF0186E0D3A618537C83B74B628D5|facilities=9AA2BC9D9F9E0EC421FB7D23A9C9BF0BD5EDB59EB173A91CB27E6EB2655A1E07|grid_scores=F2B4631D6C4DB1C379BB9CAA13D29A9C055273F1C0D682BAC13EDD19C0A9E9BF|metrics_code=7A3920ABAC99C0EEE1FA013FF751C14428D5AA95E0F1F3F32FCED6B7A49541BA|model_spec=435B1018F2D35A2B421D1827A23C0DC739DC1F827F71189F8F818CE0B0C670E4|source_manifest=86163BE779951590317AB41BE2F9DE18666BC936F1735593673513008868CEC9,population=4D1530F251B312CE6564BA5676093B1043057F46A0FE2A58CF2756AFC530DA7B|one_person=01923C6EBD7440771E4EBE20CAB0648355A18C09D198677C0E265F5E68406A7D|admdongkor_boundary=6A63D079BA8AF4701AB200AD0B54EBDEA8689808B6E0E9F17973B9BA7883DC6A|bus_stops=01B63929056B55D0A8FE372756942FB9A81A89CB121A0CDB1838DDE9ED8555BF|hira_hospital=458D04F264BFE005CB12078699156CA72AD47B52062E0F79B8140E2635086268|hira_pharmacy=65B2B1E7F65BF1EFAF20C826BC1FB03CC24B65B359F4B5B51E1A234B334505A4
4128158000,창릉동,075B,3,3,1.1.0,village_bus_static_presence_screen_v1,goyang_mixed_20250825_20260630,population=2026-06-30|onePersonHouseholds=2026-06-30|hiraFacilities=2026-06-30|analysisBoundary=2026-04-01|busStops=2025-08-25,정류장 개소; 노선표기 건; 고유 노선명 개; 비율 0~1; 낮은값 순위 1~44,routes_raw를 comma로 분리하고 '노선명(유형)'을 파싱; 유형='마을' 표기를 추출; 동별 마을정류장비율=마을노선 1개 이상 표기 정류장/전체 경계내 정류장; 고유 마을노선=동별 routeName distinct count,2025-08-25 정류장 CSV의 정적 노선 존재 표기만 쓴 1차 스크리닝이다. 배차·운행횟수·방향·시간대·환승·OD·보행권·노선변경을 알 수 없으므로 공급량·접근성·서비스 품질·도입 우선순위로 해석하지 않는다. 순위는 낮은 값 탐색용이다.,area_adjacency=AF16E5259A667F45F5BF7F6B3DF3A22E1A4837C477F6B68DDC26CDCF60E2DFF0|area_scores=455106174A3E492D501F73B8BA55EFD1B7525656638E8109AE015C290C352DE3|bus_stops=BBA5AC0E8F29538F42373B1789179B5B9D2CF0186E0D3A618537C83B74B628D5|facilities=9AA2BC9D9F9E0EC421FB7D23A9C9BF0BD5EDB59EB173A91CB27E6EB2655A1E07|grid_scores=F2B4631D6C4DB1C379BB9CAA13D29A9C055273F1C0D682BAC13EDD19C0A9E9BF|metrics_code=7A3920ABAC99C0EEE1FA013FF751C14428D5AA95E0F1F3F32FCED6B7A49541BA|model_spec=435B1018F2D35A2B421D1827A23C0DC739DC1F827F71189F8F818CE0B0C670E4|source_manifest=86163BE779951590317AB41BE2F9DE18666BC936F1735593673513008868CEC9,population=4D1530F251B312CE6564BA5676093B1043057F46A0FE2A58CF2756AFC530DA7B|one_person=01923C6EBD7440771E4EBE20CAB0648355A18C09D198677C0E265F5E68406A7D|admdongkor_boundary=6A63D079BA8AF4701AB200AD0B54EBDEA8689808B6E0E9F17973B9BA7883DC6A|bus_stops=01B63929056B55D0A8FE372756942FB9A81A89CB121A0CDB1838DDE9ED8555BF|hira_hospital=458D04F264BFE005CB12078699156CA72AD47B52062E0F79B8140E2635086268|hira_pharmacy=65B2B1E7F65BF1EFAF20C826BC1FB03CC24B65B359F4B5B51E1A234B334505A4
4128158000,창릉동,077A,6,6,1.1.0,village_bus_static_presence_screen_v1,goyang_mixed_20250825_20260630,population=2026-06-30|onePersonHouseholds=2026-06-30|hiraFacilities=2026-06-30|analysisBoundary=2026-04-01|busStops=2025-08-25,정류장 개소; 노선표기 건; 고유 노선명 개; 비율 0~1; 낮은값 순위 1~44,routes_raw를 comma로 분리하고 '노선명(유형)'을 파싱; 유형='마을' 표기를 추출; 동별 마을정류장비율=마을노선 1개 이상 표기 정류장/전체 경계내 정류장; 고유 마을노선=동별 routeName distinct count,2025-08-25 정류장 CSV의 정적 노선 존재 표기만 쓴 1차 스크리닝이다. 배차·운행횟수·방향·시간대·환승·OD·보행권·노선변경을 알 수 없으므로 공급량·접근성·서비스 품질·도입 우선순위로 해석하지 않는다. 순위는 낮은 값 탐색용이다.,area_adjacency=AF16E5259A667F45F5BF7F6B3DF3A22E1A4837C477F6B68DDC26CDCF60E2DFF0|area_scores=455106174A3E492D501F73B8BA55EFD1B7525656638E8109AE015C290C352DE3|bus_stops=BBA5AC0E8F29538F42373B1789179B5B9D2CF0186E0D3A618537C83B74B628D5|facilities=9AA2BC9D9F9E0EC421FB7D23A9C9BF0BD5EDB59EB173A91CB27E6EB2655A1E07|grid_scores=F2B4631D6C4DB1C379BB9CAA13D29A9C055273F1C0D682BAC13EDD19C0A9E9BF|metrics_code=7A3920ABAC99C0EEE1FA013FF751C14428D5AA95E0F1F3F32FCED6B7A49541BA|model_spec=435B1018F2D35A2B421D1827A23C0DC739DC1F827F71189F8F818CE0B0C670E4|source_manifest=86163BE779951590317AB41BE2F9DE18666BC936F1735593673513008868CEC9,population=4D1530F251B312CE6564BA5676093B1043057F46A0FE2A58CF2756AFC530DA7B|one_person=01923C6EBD7440771E4EBE20CAB0648355A18C09D198677C0E265F5E68406A7D|admdongkor_boundary=6A63D079BA8AF4701AB200AD0B54EBDEA8689808B6E0E9F17973B9BA7883DC6A|bus_stops=01B63929056B55D0A8FE372756942FB9A81A89CB121A0CDB1838DDE9ED8555BF|hira_hospital=458D04F264BFE005CB12078699156CA72AD47B52062E0F79B8140E2635086268|hira_pharmacy=65B2B1E7F65BF1EFAF20C826BC1FB03CC24B65B359F4B5B51E1A234B334505A4
4128158000,창릉동,093,6,6,1.1.0,village_bus_static_presence_screen_v1,goyang_mixed_20250825_20260630,population=2026-06-30|onePersonHouseholds=2026-06-30|hiraFacilities=2026-06-30|analysisBoundary=2026-04-01|busStops=2025-08-25,정류장 개소; 노선표기 건; 고유 노선명 개; 비율 0~1; 낮은값 순위 1~44,routes_raw를 comma로 분리하고 '노선명(유형)'을 파싱; 유형='마을' 표기를 추출; 동별 마을정류장비율=마을노선 1개 이상 표기 정류장/전체 경계내 정류장; 고유 마을노선=동별 routeName distinct count,2025-08-25 정류장 CSV의 정적 노선 존재 표기만 쓴 1차 스크리닝이다. 배차·운행횟수·방향·시간대·환승·OD·보행권·노선변경을 알 수 없으므로 공급량·접근성·서비스 품질·도입 우선순위로 해석하지 않는다. 순위는 낮은 값 탐색용이다.,area_adjacency=AF16E5259A667F45F5BF7F6B3DF3A22E1A4837C477F6B68DDC26CDCF60E2DFF0|area_scores=455106174A3E492D501F73B8BA55EFD1B7525656638E8109AE015C290C352DE3|bus_stops=BBA5AC0E8F29538F42373B1789179B5B9D2CF0186E0D3A618537C83B74B628D5|facilities=9AA2BC9D9F9E0EC421FB7D23A9C9BF0BD5EDB59EB173A91CB27E6EB2655A1E07|grid_scores=F2B4631D6C4DB1C379BB9CAA13D29A9C055273F1C0D682BAC13EDD19C0A9E9BF|metrics_code=7A3920ABAC99C0EEE1FA013FF751C14428D5AA95E0F1F3F32FCED6B7A49541BA|model_spec=435B1018F2D35A2B421D1827A23C0DC739DC1F827F71189F8F818CE0B0C670E4|source_manifest=86163BE779951590317AB41BE2F9DE18666BC936F1735593673513008868CEC9,population=4D1530F251B312CE6564BA5676093B1043057F46A0FE2A58CF2756AFC530DA7B|one_person=01923C6EBD7440771E4EBE20CAB0648355A18C09D198677C0E265F5E68406A7D|admdongkor_boundary=6A63D079BA8AF4701AB200AD0B54EBDEA8689808B6E0E9F17973B9BA7883DC6A|bus_stops=01B63929056B55D0A8FE372756942FB9A81A89CB121A0CDB1838DDE9ED8555BF|hira_hospital=458D04F264BFE005CB12078699156CA72AD47B52062E0F79B8140E2635086268|hira_pharmacy=65B2B1E7F65BF1EFAF20C826BC1FB03CC24B65B359F4B5B51E1A234B334505A4
4128159000,고양동,025,6,6,1.1.0,village_bus_static_presence_screen_v1,goyang_mixed_20250825_20260630,population=2026-06-30|onePersonHouseholds=2026-06-30|hiraFacilities=2026-06-30|analysisBoundary=2026-04-01|busStops=2025-08-25,정류장 개소; 노선표기 건; 고유 노선명 개; 비율 0~1; 낮은값 순위 1~44,routes_raw를 comma로 분리하고 '노선명(유형)'을 파싱; 유형='마을' 표기를 추출; 동별 마을정류장비율=마을노선 1개 이상 표기 정류장/전체 경계내 정류장; 고유 마을노선=동별 routeName distinct count,2025-08-25 정류장 CSV의 정적 노선 존재 표기만 쓴 1차 스크리닝이다. 배차·운행횟수·방향·시간대·환승·OD·보행권·노선변경을 알 수 없으므로 공급량·접근성·서비스 품질·도입 우선순위로 해석하지 않는다. 순위는 낮은 값 탐색용이다.,area_adjacency=AF16E5259A667F45F5BF7F6B3DF3A22E1A4837C477F6B68DDC26CDCF60E2DFF0|area_scores=455106174A3E492D501F73B8BA55EFD1B7525656638E8109AE015C290C352DE3|bus_stops=BBA5AC0E8F29538F42373B1789179B5B9D2CF0186E0D3A618537C83B74B628D5|facilities=9AA2BC9D9F9E0EC421FB7D23A9C9BF0BD5EDB59EB173A91CB27E6EB2655A1E07|grid_scores=F2B4631D6C4DB1C379BB9CAA13D29A9C055273F1C0D682BAC13EDD19C0A9E9BF|metrics_code=7A3920ABAC99C0EEE1FA013FF751C14428D5AA95E0F1F3F32FCED6B7A49541BA|model_spec=435B1018F2D35A2B421D1827A23C0DC739DC1F827F71189F8F818CE0B0C670E4|source_manifest=86163BE779951590317AB41BE2F9DE18666BC936F1735593673513008868CEC9,population=4D1530F251B312CE6564BA5676093B1043057F46A0FE2A58CF2756AFC530DA7B|one_person=01923C6EBD7440771E4EBE20CAB0648355A18C09D198677C0E265F5E68406A7D|admdongkor_boundary=6A63D079BA8AF4701AB200AD0B54EBDEA8689808B6E0E9F17973B9BA7883DC6A|bus_stops=01B63929056B55D0A8FE372756942FB9A81A89CB121A0CDB1838DDE9ED8555BF|hira_hospital=458D04F264BFE005CB12078699156CA72AD47B52062E0F79B8140E2635086268|hira_pharmacy=65B2B1E7F65BF1EFAF20C826BC1FB03CC24B65B359F4B5B51E1A234B334505A4
4128159000,고양동,026,6,6,1.1.0,village_bus_static_presence_screen_v1,goyang_mixed_20250825_20260630,population=2026-06-30|onePersonHouseholds=2026-06-30|hiraFacilities=2026-06-30|analysisBoundary=2026-04-01|busStops=2025-08-25,정류장 개소; 노선표기 건; 고유 노선명 개; 비율 0~1; 낮은값 순위 1~44,routes_raw를 comma로 분리하고 '노선명(유형)'을 파싱; 유형='마을' 표기를 추출; 동별 마을정류장비율=마을노선 1개 이상 표기 정류장/전체 경계내 정류장; 고유 마을노선=동별 routeName distinct count,2025-08-25 정류장 CSV의 정적 노선 존재 표기만 쓴 1차 스크리닝이다. 배차·운행횟수·방향·시간대·환승·OD·보행권·노선변경을 알 수 없으므로 공급량·접근성·서비스 품질·도입 우선순위로 해석하지 않는다. 순위는 낮은 값 탐색용이다.,area_adjacency=AF16E5259A667F45F5BF7F6B3DF3A22E1A4837C477F6B68DDC26CDCF60E2DFF0|area_scores=455106174A3E492D501F73B8BA55EFD1B7525656638E8109AE015C290C352DE3|bus_stops=BBA5AC0E8F29538F42373B1789179B5B9D2CF0186E0D3A618537C83B74B628D5|facilities=9AA2BC9D9F9E0EC421FB7D23A9C9BF0BD5EDB59EB173A91CB27E6EB2655A1E07|grid_scores=F2B4631D6C4DB1C379BB9CAA13D29A9C055273F1C0D682BAC13EDD19C0A9E9BF|metrics_code=7A3920ABAC99C0EEE1FA013FF751C14428D5AA95E0F1F3F32FCED6B7A49541BA|model_spec=435B1018F2D35A2B421D1827A23C0DC739DC1F827F71189F8F818CE0B0C670E4|source_manifest=86163BE779951590317AB41BE2F9DE18666BC936F1735593673513008868CEC9,population=4D1530F251B312CE6564BA5676093B1043057F46A0FE2A58CF2756AFC530DA7B|one_person=01923C6EBD7440771E4EBE20CAB0648355A18C09D198677C0E265F5E68406A7D|admdongkor_boundary=6A63D079BA8AF4701AB200AD0B54EBDEA8689808B6E0E9F17973B9BA7883DC6A|bus_stops=01B63929056B55D0A8FE372756942FB9A81A89CB121A0CDB1838DDE9ED8555BF|hira_hospital=458D04F264BFE005CB12078699156CA72AD47B52062E0F79B8140E2635086268|hira_pharmacy=65B2B1E7F65BF1EFAF20C826BC1FB03CC24B65B359F4B5B51E1A234B334505A4
4128159000,고양동,033,37,37,1.1.0,village_bus_static_presence_screen_v1,goyang_mixed_20250825_20260630,population=2026-06-30|onePersonHouseholds=2026-06-30|hiraFacilities=2026-06-30|analysisBoundary=2026-04-01|busStops=2025-08-25,정류장 개소; 노선표기 건; 고유 노선명 개; 비율 0~1; 낮은값 순위 1~44,routes_raw를 comma로 분리하고 '노선명(유형)'을 파싱; 유형='마을' 표기를 추출; 동별 마을정류장비율=마을노선 1개 이상 표기 정류장/전체 경계내 정류장; 고유 마을노선=동별 routeName distinct count,2025-08-25 정류장 CSV의 정적 노선 존재 표기만 쓴 1차 스크리닝이다. 배차·운행횟수·방향·시간대·환승·OD·보행권·노선변경을 알 수 없으므로 공급량·접근성·서비스 품질·도입 우선순위로 해석하지 않는다. 순위는 낮은 값 탐색용이다.,area_adjacency=AF16E5259A667F45F5BF7F6B3DF3A22E1A4837C477F6B68DDC26CDCF60E2DFF0|area_scores=455106174A3E492D501F73B8BA55EFD1B7525656638E8109AE015C290C352DE3|bus_stops=BBA5AC0E8F29538F42373B1789179B5B9D2CF0186E0D3A618537C83B74B628D5|facilities=9AA2BC9D9F9E0EC421FB7D23A9C9BF0BD5EDB59EB173A91CB27E6EB2655A1E07|grid_scores=F2B4631D6C4DB1C379BB9CAA13D29A9C055273F1C0D682BAC13EDD19C0A9E9BF|metrics_code=7A3920ABAC99C0EEE1FA013FF751C14428D5AA95E0F1F3F32FCED6B7A49541BA|model_spec=435B1018F2D35A2B421D1827A23C0DC739DC1F827F71189F8F818CE0B0C670E4|source_manifest=86163BE779951590317AB41BE2F9DE18666BC936F1735593673513008868CEC9,population=4D1530F251B312CE6564BA5676093B1043057F46A0FE2A58CF2756AFC530DA7B|one_person=01923C6EBD7440771E4EBE20CAB0648355A18C09D198677C0E265F5E68406A7D|admdongkor_boundary=6A63D079BA8AF4701AB200AD0B54EBDEA8689808B6E0E9F17973B9BA7883DC6A|bus_stops=01B63929056B55D0A8FE372756942FB9A81A89CB121A0CDB1838DDE9ED8555BF|hira_hospital=458D04F264BFE005CB12078699156CA72AD47B52062E0F79B8140E2635086268|hira_pharmacy=65B2B1E7F65BF1EFAF20C826BC1FB03CC24B65B359F4B5B51E1A234B334505A4
4128159000,고양동,037,6,6,1.1.0,village_bus_static_presence_screen_v1,goyang_mixed_20250825_20260630,population=2026-06-30|onePersonHouseholds=2026-06-30|hiraFacilities=2026-06-30|analysisBoundary=2026-04-01|busStops=2025-08-25,정류장 개소; 노선표기 건; 고유 노선명 개; 비율 0~1; 낮은값 순위 1~44,routes_raw를 comma로 분리하고 '노선명(유형)'을 파싱; 유형='마을' 표기를 추출; 동별 마을정류장비율=마을노선 1개 이상 표기 정류장/전체 경계내 정류장; 고유 마을노선=동별 routeName distinct count,2025-08-25 정류장 CSV의 정적 노선 존재 표기만 쓴 1차 스크리닝이다. 배차·운행횟수·방향·시간대·환승·OD·보행권·노선변경을 알 수 없으므로 공급량·접근성·서비스 품질·도입 우선순위로 해석하지 않는다. 순위는 낮은 값 탐색용이다.,area_adjacency=AF16E5259A667F45F5BF7F6B3DF3A22E1A4837C477F6B68DDC26CDCF60E2DFF0|area_scores=455106174A3E492D501F73B8BA55EFD1B7525656638E8109AE015C290C352DE3|bus_stops=BBA5AC0E8F29538F42373B1789179B5B9D2CF0186E0D3A618537C83B74B628D5|facilities=9AA2BC9D9F9E0EC421FB7D23A9C9BF0BD5EDB59EB173A91CB27E6EB2655A1E07|grid_scores=F2B4631D6C4DB1C379BB9CAA13D29A9C055273F1C0D682BAC13EDD19C0A9E9BF|metrics_code=7A3920ABAC99C0EEE1FA013FF751C14428D5AA95E0F1F3F32FCED6B7A49541BA|model_spec=435B1018F2D35A2B421D1827A23C0DC739DC1F827F71189F8F818CE0B0C670E4|source_manifest=86163BE779951590317AB41BE2F9DE18666BC936F1735593673513008868CEC9,population=4D1530F251B312CE6564BA5676093B1043057F46A0FE2A58CF2756AFC530DA7B|one_person=01923C6EBD7440771E4EBE20CAB0648355A18C09D198677C0E265F5E68406A7D|admdongkor_boundary=6A63D079BA8AF4701AB200AD0B54EBDEA8689808B6E0E9F17973B9BA7883DC6A|bus_stops=01B63929056B55D0A8FE372756942FB9A81A89CB121A0CDB1838DDE9ED8555BF|hira_hospital=458D04F264BFE005CB12078699156CA72AD47B52062E0F79B8140E2635086268|hira_pharmacy=65B2B1E7F65BF1EFAF20C826BC1FB03CC24B65B359F4B5B51E1A234B334505A4
4128159000,고양동,051A,11,11,1.1.0,village_bus_static_presence_screen_v1,goyang_mixed_20250825_20260630,population=2026-06-30|onePersonHouseholds=2026-06-30|hiraFacilities=2026-06-30|analysisBoundary=2026-04-01|busStops=2025-08-25,정류장 개소; 노선표기 건; 고유 노선명 개; 비율 0~1; 낮은값 순위 1~44,routes_raw를 comma로 분리하고 '노선명(유형)'을 파싱; 유형='마을' 표기를 추출; 동별 마을정류장비율=마을노선 1개 이상 표기 정류장/전체 경계내 정류장; 고유 마을노선=동별 routeName distinct count,2025-08-25 정류장 CSV의 정적 노선 존재 표기만 쓴 1차 스크리닝이다. 배차·운행횟수·방향·시간대·환승·OD·보행권·노선변경을 알 수 없으므로 공급량·접근성·서비스 품질·도입 우선순위로 해석하지 않는다. 순위는 낮은 값 탐색용이다.,area_adjacency=AF16E5259A667F45F5BF7F6B3DF3A22E1A4837C477F6B68DDC26CDCF60E2DFF0|area_scores=455106174A3E492D501F73B8BA55EFD1B7525656638E8109AE015C290C352DE3|bus_stops=BBA5AC0E8F29538F42373B1789179B5B9D2CF0186E0D3A618537C83B74B628D5|facilities=9AA2BC9D9F9E0EC421FB7D23A9C9BF0BD5EDB59EB173A91CB27E6EB2655A1E07|grid_scores=F2B4631D6C4DB1C379BB9CAA13D29A9C055273F1C0D682BAC13EDD19C0A9E9BF|metrics_code=7A3920ABAC99C0EEE1FA013FF751C14428D5AA95E0F1F3F32FCED6B7A49541BA|model_spec=435B1018F2D35A2B421D1827A23C0DC739DC1F827F71189F8F818CE0B0C670E4|source_manifest=86163BE779951590317AB41BE2F9DE18666BC936F1735593673513008868CEC9,population=4D1530F251B312CE6564BA5676093B1043057F46A0FE2A58CF2756AFC530DA7B|one_person=01923C6EBD7440771E4EBE20CAB0648355A18C09D198677C0E265F5E68406A7D|admdongkor_boundary=6A63D079BA8AF4701AB200AD0B54EBDEA8689808B6E0E9F17973B9BA7883DC6A|bus_stops=01B63929056B55D0A8FE372756942FB9A81A89CB121A0CDB1838DDE9ED8555BF|hira_hospital=458D04F264BFE005CB12078699156CA72AD47B52062E0F79B8140E2635086268|hira_pharmacy=65B2B1E7F65BF1EFAF20C826BC1FB03CC24B65B359F4B5B51E1A234B334505A4
4128159000,고양동,051B,17,17,1.1.0,village_bus_static_presence_screen_v1,goyang_mixed_20250825_20260630,population=2026-06-30|onePersonHouseholds=2026-06-30|hiraFacilities=2026-06-30|analysisBoundary=2026-04-01|busStops=2025-08-25,정류장 개소; 노선표기 건; 고유 노선명 개; 비율 0~1; 낮은값 순위 1~44,routes_raw를 comma로 분리하고 '노선명(유형)'을 파싱; 유형='마을' 표기를 추출; 동별 마을정류장비율=마을노선 1개 이상 표기 정류장/전체 경계내 정류장; 고유 마을노선=동별 routeName distinct count,2025-08-25 정류장 CSV의 정적 노선 존재 표기만 쓴 1차 스크리닝이다. 배차·운행횟수·방향·시간대·환승·OD·보행권·노선변경을 알 수 없으므로 공급량·접근성·서비스 품질·도입 우선순위로 해석하지 않는다. 순위는 낮은 값 탐색용이다.,area_adjacency=AF16E5259A667F45F5BF7F6B3DF3A22E1A4837C477F6B68DDC26CDCF60E2DFF0|area_scores=455106174A3E492D501F73B8BA55EFD1B7525656638E8109AE015C290C352DE3|bus_stops=BBA5AC0E8F29538F42373B1789179B5B9D2CF0186E0D3A618537C83B74B628D5|facilities=9AA2BC9D9F9E0EC421FB7D23A9C9BF0BD5EDB59EB173A91CB27E6EB2655A1E07|grid_scores=F2B4631D6C4DB1C379BB9CAA13D29A9C055273F1C0D682BAC13EDD19C0A9E9BF|metrics_code=7A3920ABAC99C0EEE1FA013FF751C14428D5AA95E0F1F3F32FCED6B7A49541BA|model_spec=435B1018F2D35A2B421D1827A23C0DC739DC1F827F71189F8F818CE0B0C670E4|source_manifest=86163BE779951590317AB41BE2F9DE18666BC936F1735593673513008868CEC9,population=4D1530F251B312CE6564BA5676093B1043057F46A0FE2A58CF2756AFC530DA7B|one_person=01923C6EBD7440771E4EBE20CAB0648355A18C09D198677C0E265F5E68406A7D|admdongkor_boundary=6A63D079BA8AF4701AB200AD0B54EBDEA8689808B6E0E9F17973B9BA7883DC6A|bus_stops=01B63929056B55D0A8FE372756942FB9A81A89CB121A0CDB1838DDE9ED8555BF|hira_hospital=458D04F264BFE005CB12078699156CA72AD47B52062E0F79B8140E2635086268|hira_pharmacy=65B2B1E7F65BF1EFAF20C826BC1FB03CC24B65B359F4B5B51E1A234B334505A4
4128159000,고양동,052A,35,35,1.1.0,village_bus_static_presence_screen_v1,goyang_mixed_20250825_20260630,population=2026-06-30|onePersonHouseholds=2026-06-30|hiraFacilities=2026-06-30|analysisBoundary=2026-04-01|busStops=2025-08-25,정류장 개소; 노선표기 건; 고유 노선명 개; 비율 0~1; 낮은값 순위 1~44,routes_raw를 comma로 분리하고 '노선명(유형)'을 파싱; 유형='마을' 표기를 추출; 동별 마을정류장비율=마을노선 1개 이상 표기 정류장/전체 경계내 정류장; 고유 마을노선=동별 routeName distinct count,2025-08-25 정류장 CSV의 정적 노선 존재 표기만 쓴 1차 스크리닝이다. 배차·운행횟수·방향·시간대·환승·OD·보행권·노선변경을 알 수 없으므로 공급량·접근성·서비스 품질·도입 우선순위로 해석하지 않는다. 순위는 낮은 값 탐색용이다.,area_adjacency=AF16E5259A667F45F5BF7F6B3DF3A22E1A4837C477F6B68DDC26CDCF60E2DFF0|area_scores=455106174A3E492D501F73B8BA55EFD1B7525656638E8109AE015C290C352DE3|bus_stops=BBA5AC0E8F29538F42373B1789179B5B9D2CF0186E0D3A618537C83B74B628D5|facilities=9AA2BC9D9F9E0EC421FB7D23A9C9BF0BD5EDB59EB173A91CB27E6EB2655A1E07|grid_scores=F2B4631D6C4DB1C379BB9CAA13D29A9C055273F1C0D682BAC13EDD19C0A9E9BF|metrics_code=7A3920ABAC99C0EEE1FA013FF751C14428D5AA95E0F1F3F32FCED6B7A49541BA|model_spec=435B1018F2D35A2B421D1827A23C0DC739DC1F827F71189F8F818CE0B0C670E4|source_manifest=86163BE779951590317AB41BE2F9DE18666BC936F1735593673513008868CEC9,population=4D1530F251B312CE6564BA5676093B1043057F46A0FE2A58CF2756AFC530DA7B|one_person=01923C6EBD7440771E4EBE20CAB0648355A18C09D198677C0E265F5E68406A7D|admdongkor_boundary=6A63D079BA8AF4701AB200AD0B54EBDEA8689808B6E0E9F17973B9BA7883DC6A|bus_stops=01B63929056B55D0A8FE372756942FB9A81A89CB121A0CDB1838DDE9ED8555BF|hira_hospital=458D04F264BFE005CB12078699156CA72AD47B52062E0F79B8140E2635086268|hira_pharmacy=65B2B1E7F65BF1EFAF20C826BC1FB03CC24B65B359F4B5B51E1A234B334505A4
4128159000,고양동,053,33,33,1.1.0,village_bus_static_presence_screen_v1,goyang_mixed_20250825_20260630,population=2026-06-30|onePersonHouseholds=2026-06-30|hiraFacilities=2026-06-30|analysisBoundary=2026-04-01|busStops=2025-08-25,정류장 개소; 노선표기 건; 고유 노선명 개; 비율 0~1; 낮은값 순위 1~44,routes_raw를 comma로 분리하고 '노선명(유형)'을 파싱; 유형='마을' 표기를 추출; 동별 마을정류장비율=마을노선 1개 이상 표기 정류장/전체 경계내 정류장; 고유 마을노선=동별 routeName distinct count,2025-08-25 정류장 CSV의 정적 노선 존재 표기만 쓴 1차 스크리닝이다. 배차·운행횟수·방향·시간대·환승·OD·보행권·노선변경을 알 수 없으므로 공급량·접근성·서비스 품질·도입 우선순위로 해석하지 않는다. 순위는 낮은 값 탐색용이다.,area_adjacency=AF16E5259A667F45F5BF7F6B3DF3A22E1A4837C477F6B68DDC26CDCF60E2DFF0|area_scores=455106174A3E492D501F73B8BA55EFD1B7525656638E8109AE015C290C352DE3|bus_stops=BBA5AC0E8F29538F42373B1789179B5B9D2CF0186E0D3A618537C83B74B628D5|facilities=9AA2BC9D9F9E0EC421FB7D23A9C9BF0BD5EDB59EB173A91CB27E6EB2655A1E07|grid_scores=F2B4631D6C4DB1C379BB9CAA13D29A9C055273F1C0D682BAC13EDD19C0A9E9BF|metrics_code=7A3920ABAC99C0EEE1FA013FF751C14428D5AA95E0F1F3F32FCED6B7A49541BA|model_spec=435B1018F2D35A2B421D1827A23C0DC739DC1F827F71189F8F818CE0B0C670E4|source_manifest=86163BE779951590317AB41BE2F9DE18666BC936F1735593673513008868CEC9,population=4D1530F251B312CE6564BA5676093B1043057F46A0FE2A58CF2756AFC530DA7B|one_person=01923C6EBD7440771E4EBE20CAB0648355A18C09D198677C0E265F5E68406A7D|admdongkor_boundary=6A63D079BA8AF4701AB200AD0B54EBDEA8689808B6E0E9F17973B9BA7883DC6A|bus_stops=01B63929056B55D0A8FE372756942FB9A81A89CB121A0CDB1838DDE9ED8555BF|hira_hospital=458D04F264BFE005CB12078699156CA72AD47B52062E0F79B8140E2635086268|hira_pharmacy=65B2B1E7F65BF1EFAF20C826BC1FB03CC24B65B359F4B5B51E1A234B334505A4
4128159000,고양동,055,58,58,1.1.0,village_bus_static_presence_screen_v1,goyang_mixed_20250825_20260630,population=2026-06-30|onePersonHouseholds=2026-06-30|hiraFacilities=2026-06-30|analysisBoundary=2026-04-01|busStops=2025-08-25,정류장 개소; 노선표기 건; 고유 노선명 개; 비율 0~1; 낮은값 순위 1~44,routes_raw를 comma로 분리하고 '노선명(유형)'을 파싱; 유형='마을' 표기를 추출; 동별 마을정류장비율=마을노선 1개 이상 표기 정류장/전체 경계내 정류장; 고유 마을노선=동별 routeName distinct count,2025-08-25 정류장 CSV의 정적 노선 존재 표기만 쓴 1차 스크리닝이다. 배차·운행횟수·방향·시간대·환승·OD·보행권·노선변경을 알 수 없으므로 공급량·접근성·서비스 품질·도입 우선순위로 해석하지 않는다. 순위는 낮은 값 탐색용이다.,area_adjacency=AF16E5259A667F45F5BF7F6B3DF3A22E1A4837C477F6B68DDC26CDCF60E2DFF0|area_scores=455106174A3E492D501F73B8BA55EFD1B7525656638E8109AE015C290C352DE3|bus_stops=BBA5AC0E8F29538F42373B1789179B5B9D2CF0186E0D3A618537C83B74B628D5|facilities=9AA2BC9D9F9E0EC421FB7D23A9C9BF0BD5EDB59EB173A91CB27E6EB2655A1E07|grid_scores=F2B4631D6C4DB1C379BB9CAA13D29A9C055273F1C0D682BAC13EDD19C0A9E9BF|metrics_code=7A3920ABAC99C0EEE1FA013FF751C14428D5AA95E0F1F3F32FCED6B7A49541BA|model_spec=435B1018F2D35A2B421D1827A23C0DC739DC1F827F71189F8F818CE0B0C670E4|source_manifest=86163BE779951590317AB41BE2F9DE18666BC936F1735593673513008868CEC9,population=4D1530F251B312CE6564BA5676093B1043057F46A0FE2A58CF2756AFC530DA7B|one_person=01923C6EBD7440771E4EBE20CAB0648355A18C09D198677C0E265F5E68406A7D|admdongkor_boundary=6A63D079BA8AF4701AB200AD0B54EBDEA8689808B6E0E9F17973B9BA7883DC6A|bus_stops=01B63929056B55D0A8FE372756942FB9A81A89CB121A0CDB1838DDE9ED8555BF|hira_hospital=458D04F264BFE005CB12078699156CA72AD47B52062E0F79B8140E2635086268|hira_pharmacy=65B2B1E7F65BF1EFAF20C826BC1FB03CC24B65B359F4B5B51E1A234B334505A4
4128159000,고양동,075B,2,2,1.1.0,village_bus_static_presence_screen_v1,goyang_mixed_20250825_20260630,population=2026-06-30|onePersonHouseholds=2026-06-30|hiraFacilities=2026-06-30|analysisBoundary=2026-04-01|busStops=2025-08-25,정류장 개소; 노선표기 건; 고유 노선명 개; 비율 0~1; 낮은값 순위 1~44,routes_raw를 comma로 분리하고 '노선명(유형)'을 파싱; 유형='마을' 표기를 추출; 동별 마을정류장비율=마을노선 1개 이상 표기 정류장/전체 경계내 정류장; 고유 마을노선=동별 routeName distinct count,2025-08-25 정류장 CSV의 정적 노선 존재 표기만 쓴 1차 스크리닝이다. 배차·운행횟수·방향·시간대·환승·OD·보행권·노선변경을 알 수 없으므로 공급량·접근성·서비스 품질·도입 우선순위로 해석하지 않는다. 순위는 낮은 값 탐색용이다.,area_adjacency=AF16E5259A667F45F5BF7F6B3DF3A22E1A4837C477F6B68DDC26CDCF60E2DFF0|area_scores=455106174A3E492D501F73B8BA55EFD1B7525656638E8109AE015C290C352DE3|bus_stops=BBA5AC0E8F29538F42373B1789179B5B9D2CF0186E0D3A618537C83B74B628D5|facilities=9AA2BC9D9F9E0EC421FB7D23A9C9BF0BD5EDB59EB173A91CB27E6EB2655A1E07|grid_scores=F2B4631D6C4DB1C379BB9CAA13D29A9C055273F1C0D682BAC13EDD19C0A9E9BF|metrics_code=7A3920ABAC99C0EEE1FA013FF751C14428D5AA95E0F1F3F32FCED6B7A49541BA|model_spec=435B1018F2D35A2B421D1827A23C0DC739DC1F827F71189F8F818CE0B0C670E4|source_manifest=86163BE779951590317AB41BE2F9DE18666BC936F1735593673513008868CEC9,population=4D1530F251B312CE6564BA5676093B1043057F46A0FE2A58CF2756AFC530DA7B|one_person=01923C6EBD7440771E4EBE20CAB0648355A18C09D198677C0E265F5E68406A7D|admdongkor_boundary=6A63D079BA8AF4701AB200AD0B54EBDEA8689808B6E0E9F17973B9BA7883DC6A|bus_stops=01B63929056B55D0A8FE372756942FB9A81A89CB121A0CDB1838DDE9ED8555BF|hira_hospital=458D04F264BFE005CB12078699156CA72AD47B52062E0F79B8140E2635086268|hira_pharmacy=65B2B1E7F65BF1EFAF20C826BC1FB03CC24B65B359F4B5B51E1A234B334505A4
4128159000,고양동,077A,1,1,1.1.0,village_bus_static_presence_screen_v1,goyang_mixed_20250825_20260630,population=2026-06-30|onePersonHouseholds=2026-06-30|hiraFacilities=2026-06-30|analysisBoundary=2026-04-01|busStops=2025-08-25,정류장 개소; 노선표기 건; 고유 노선명 개; 비율 0~1; 낮은값 순위 1~44,routes_raw를 comma로 분리하고 '노선명(유형)'을 파싱; 유형='마을' 표기를 추출; 동별 마을정류장비율=마을노선 1개 이상 표기 정류장/전체 경계내 정류장; 고유 마을노선=동별 routeName distinct count,2025-08-25 정류장 CSV의 정적 노선 존재 표기만 쓴 1차 스크리닝이다. 배차·운행횟수·방향·시간대·환승·OD·보행권·노선변경을 알 수 없으므로 공급량·접근성·서비스 품질·도입 우선순위로 해석하지 않는다. 순위는 낮은 값 탐색용이다.,area_adjacency=AF16E5259A667F45F5BF7F6B3DF3A22E1A4837C477F6B68DDC26CDCF60E2DFF0|area_scores=455106174A3E492D501F73B8BA55EFD1B7525656638E8109AE015C290C352DE3|bus_stops=BBA5AC0E8F29538F42373B1789179B5B9D2CF0186E0D3A618537C83B74B628D5|facilities=9AA2BC9D9F9E0EC421FB7D23A9C9BF0BD5EDB59EB173A91CB27E6EB2655A1E07|grid_scores=F2B4631D6C4DB1C379BB9CAA13D29A9C055273F1C0D682BAC13EDD19C0A9E9BF|metrics_code=7A3920ABAC99C0EEE1FA013FF751C14428D5AA95E0F1F3F32FCED6B7A49541BA|model_spec=435B1018F2D35A2B421D1827A23C0DC739DC1F827F71189F8F818CE0B0C670E4|source_manifest=86163BE779951590317AB41BE2F9DE18666BC936F1735593673513008868CEC9,population=4D1530F251B312CE6564BA5676093B1043057F46A0FE2A58CF2756AFC530DA7B|one_person=01923C6EBD7440771E4EBE20CAB0648355A18C09D198677C0E265F5E68406A7D|admdongkor_boundary=6A63D079BA8AF4701AB200AD0B54EBDEA8689808B6E0E9F17973B9BA7883DC6A|bus_stops=01B63929056B55D0A8FE372756942FB9A81A89CB121A0CDB1838DDE9ED8555BF|hira_hospital=458D04F264BFE005CB12078699156CA72AD47B52062E0F79B8140E2635086268|hira_pharmacy=65B2B1E7F65BF1EFAF20C826BC1FB03CC24B65B359F4B5B51E1A234B334505A4
4128159000,고양동,088,6,6,1.1.0,village_bus_static_presence_screen_v1,goyang_mixed_20250825_20260630,population=2026-06-30|onePersonHouseholds=2026-06-30|hiraFacilities=2026-06-30|analysisBoundary=2026-04-01|busStops=2025-08-25,정류장 개소; 노선표기 건; 고유 노선명 개; 비율 0~1; 낮은값 순위 1~44,routes_raw를 comma로 분리하고 '노선명(유형)'을 파싱; 유형='마을' 표기를 추출; 동별 마을정류장비율=마을노선 1개 이상 표기 정류장/전체 경계내 정류장; 고유 마을노선=동별 routeName distinct count,2025-08-25 정류장 CSV의 정적 노선 존재 표기만 쓴 1차 스크리닝이다. 배차·운행횟수·방향·시간대·환승·OD·보행권·노선변경을 알 수 없으므로 공급량·접근성·서비스 품질·도입 우선순위로 해석하지 않는다. 순위는 낮은 값 탐색용이다.,area_adjacency=AF16E5259A667F45F5BF7F6B3DF3A22E1A4837C477F6B68DDC26CDCF60E2DFF0|area_scores=455106174A3E492D501F73B8BA55EFD1B7525656638E8109AE015C290C352DE3|bus_stops=BBA5AC0E8F29538F42373B1789179B5B9D2CF0186E0D3A618537C83B74B628D5|facilities=9AA2BC9D9F9E0EC421FB7D23A9C9BF0BD5EDB59EB173A91CB27E6EB2655A1E07|grid_scores=F2B4631D6C4DB1C379BB9CAA13D29A9C055273F1C0D682BAC13EDD19C0A9E9BF|metrics_code=7A3920ABAC99C0EEE1FA013FF751C14428D5AA95E0F1F3F32FCED6B7A49541BA|model_spec=435B1018F2D35A2B421D1827A23C0DC739DC1F827F71189F8F818CE0B0C670E4|source_manifest=86163BE779951590317AB41BE2F9DE18666BC936F1735593673513008868CEC9,population=4D1530F251B312CE6564BA5676093B1043057F46A0FE2A58CF2756AFC530DA7B|one_person=01923C6EBD7440771E4EBE20CAB0648355A18C09D198677C0E265F5E68406A7D|admdongkor_boundary=6A63D079BA8AF4701AB200AD0B54EBDEA8689808B6E0E9F17973B9BA7883DC6A|bus_stops=01B63929056B55D0A8FE372756942FB9A81A89CB121A0CDB1838DDE9ED8555BF|hira_hospital=458D04F264BFE005CB12078699156CA72AD47B52062E0F79B8140E2635086268|hira_pharmacy=65B2B1E7F65BF1EFAF20C826BC1FB03CC24B65B359F4B5B51E1A234B334505A4
4128160000,관산동,012,7,7,1.1.0,village_bus_static_presence_screen_v1,goyang_mixed_20250825_20260630,population=2026-06-30|onePersonHouseholds=2026-06-30|hiraFacilities=2026-06-30|analysisBoundary=2026-04-01|busStops=2025-08-25,정류장 개소; 노선표기 건; 고유 노선명 개; 비율 0~1; 낮은값 순위 1~44,routes_raw를 comma로 분리하고 '노선명(유형)'을 파싱; 유형='마을' 표기를 추출; 동별 마을정류장비율=마을노선 1개 이상 표기 정류장/전체 경계내 정류장; 고유 마을노선=동별 routeName distinct count,2025-08-25 정류장 CSV의 정적 노선 존재 표기만 쓴 1차 스크리닝이다. 배차·운행횟수·방향·시간대·환승·OD·보행권·노선변경을 알 수 없으므로 공급량·접근성·서비스 품질·도입 우선순위로 해석하지 않는다. 순위는 낮은 값 탐색용이다.,area_adjacency=AF16E5259A667F45F5BF7F6B3DF3A22E1A4837C477F6B68DDC26CDCF60E2DFF0|area_scores=455106174A3E492D501F73B8BA55EFD1B7525656638E8109AE015C290C352DE3|bus_stops=BBA5AC0E8F29538F42373B1789179B5B9D2CF0186E0D3A618537C83B74B628D5|facilities=9AA2BC9D9F9E0EC421FB7D23A9C9BF0BD5EDB59EB173A91CB27E6EB2655A1E07|grid_scores=F2B4631D6C4DB1C379BB9CAA13D29A9C055273F1C0D682BAC13EDD19C0A9E9BF|metrics_code=7A3920ABAC99C0EEE1FA013FF751C14428D5AA95E0F1F3F32FCED6B7A49541BA|model_spec=435B1018F2D35A2B421D1827A23C0DC739DC1F827F71189F8F818CE0B0C670E4|source_manifest=86163BE779951590317AB41BE2F9DE18666BC936F1735593673513008868CEC9,population=4D1530F251B312CE6564BA5676093B1043057F46A0FE2A58CF2756AFC530DA7B|one_person=01923C6EBD7440771E4EBE20CAB0648355A18C09D198677C0E265F5E68406A7D|admdongkor_boundary=6A63D079BA8AF4701AB200AD0B54EBDEA8689808B6E0E9F17973B9BA7883DC6A|bus_stops=01B63929056B55D0A8FE372756942FB9A81A89CB121A0CDB1838DDE9ED8555BF|hira_hospital=458D04F264BFE005CB12078699156CA72AD47B52062E0F79B8140E2635086268|hira_pharmacy=65B2B1E7F65BF1EFAF20C826BC1FB03CC24B65B359F4B5B51E1A234B334505A4
4128160000,관산동,025,40,40,1.1.0,village_bus_static_presence_screen_v1,goyang_mixed_20250825_20260630,population=2026-06-30|onePersonHouseholds=2026-06-30|hiraFacilities=2026-06-30|analysisBoundary=2026-04-01|busStops=2025-08-25,정류장 개소; 노선표기 건; 고유 노선명 개; 비율 0~1; 낮은값 순위 1~44,routes_raw를 comma로 분리하고 '노선명(유형)'을 파싱; 유형='마을' 표기를 추출; 동별 마을정류장비율=마을노선 1개 이상 표기 정류장/전체 경계내 정류장; 고유 마을노선=동별 routeName distinct count,2025-08-25 정류장 CSV의 정적 노선 존재 표기만 쓴 1차 스크리닝이다. 배차·운행횟수·방향·시간대·환승·OD·보행권·노선변경을 알 수 없으므로 공급량·접근성·서비스 품질·도입 우선순위로 해석하지 않는다. 순위는 낮은 값 탐색용이다.,area_adjacency=AF16E5259A667F45F5BF7F6B3DF3A22E1A4837C477F6B68DDC26CDCF60E2DFF0|area_scores=455106174A3E492D501F73B8BA55EFD1B7525656638E8109AE015C290C352DE3|bus_stops=BBA5AC0E8F29538F42373B1789179B5B9D2CF0186E0D3A618537C83B74B628D5|facilities=9AA2BC9D9F9E0EC421FB7D23A9C9BF0BD5EDB59EB173A91CB27E6EB2655A1E07|grid_scores=F2B4631D6C4DB1C379BB9CAA13D29A9C055273F1C0D682BAC13EDD19C0A9E9BF|metrics_code=7A3920ABAC99C0EEE1FA013FF751C14428D5AA95E0F1F3F32FCED6B7A49541BA|model_spec=435B1018F2D35A2B421D1827A23C0DC739DC1F827F71189F8F818CE0B0C670E4|source_manifest=86163BE779951590317AB41BE2F9DE18666BC936F1735593673513008868CEC9,population=4D1530F251B312CE6564BA5676093B1043057F46A0FE2A58CF2756AFC530DA7B|one_person=01923C6EBD7440771E4EBE20CAB0648355A18C09D198677C0E265F5E68406A7D|admdongkor_boundary=6A63D079BA8AF4701AB200AD0B54EBDEA8689808B6E0E9F17973B9BA7883DC6A|bus_stops=01B63929056B55D0A8FE372756942FB9A81A89CB121A0CDB1838DDE9ED8555BF|hira_hospital=458D04F264BFE005CB12078699156CA72AD47B52062E0F79B8140E2635086268|hira_pharmacy=65B2B1E7F65BF1EFAF20C826BC1FB03CC24B65B359F4B5B51E1A234B334505A4
4128160000,관산동,026,44,44,1.1.0,village_bus_static_presence_screen_v1,goyang_mixed_20250825_20260630,population=2026-06-30|onePersonHouseholds=2026-06-30|hiraFacilities=2026-06-30|analysisBoundary=2026-04-01|busStops=2025-08-25,정류장 개소; 노선표기 건; 고유 노선명 개; 비율 0~1; 낮은값 순위 1~44,routes_raw를 comma로 분리하고 '노선명(유형)'을 파싱; 유형='마을' 표기를 추출; 동별 마을정류장비율=마을노선 1개 이상 표기 정류장/전체 경계내 정류장; 고유 마을노선=동별 routeName distinct count,2025-08-25 정류장 CSV의 정적 노선 존재 표기만 쓴 1차 스크리닝이다. 배차·운행횟수·방향·시간대·환승·OD·보행권·노선변경을 알 수 없으므로 공급량·접근성·서비스 품질·도입 우선순위로 해석하지 않는다. 순위는 낮은 값 탐색용이다.,area_adjacency=AF16E5259A667F45F5BF7F6B3DF3A22E1A4837C477F6B68DDC26CDCF60E2DFF0|area_scores=455106174A3E492D501F73B8BA55EFD1B7525656638E8109AE015C290C352DE3|bus_stops=BBA5AC0E8F29538F42373B1789179B5B9D2CF0186E0D3A618537C83B74B628D5|facilities=9AA2BC9D9F9E0EC421FB7D23A9C9BF0BD5EDB59EB173A91CB27E6EB2655A1E07|grid_scores=F2B4631D6C4DB1C379BB9CAA13D29A9C055273F1C0D682BAC13EDD19C0A9E9BF|metrics_code=7A3920ABAC99C0EEE1FA013FF751C14428D5AA95E0F1F3F32FCED6B7A49541BA|model_spec=435B1018F2D35A2B421D1827A23C0DC739DC1F827F71189F8F818CE0B0C670E4|source_manifest=86163BE779951590317AB41BE2F9DE18666BC936F1735593673513008868CEC9,population=4D1530F251B312CE6564BA5676093B1043057F46A0FE2A58CF2756AFC530DA7B|one_person=01923C6EBD7440771E4EBE20CAB0648355A18C09D198677C0E265F5E68406A7D|admdongkor_boundary=6A63D079BA8AF4701AB200AD0B54EBDEA8689808B6E0E9F17973B9BA7883DC6A|bus_stops=01B63929056B55D0A8FE372756942FB9A81A89CB121A0CDB1838DDE9ED8555BF|hira_hospital=458D04F264BFE005CB12078699156CA72AD47B52062E0F79B8140E2635086268|hira_pharmacy=65B2B1E7F65BF1EFAF20C826BC1FB03CC24B65B359F4B5B51E1A234B334505A4
4128160000,관산동,036,25,25,1.1.0,village_bus_static_presence_screen_v1,goyang_mixed_20250825_20260630,population=2026-06-30|onePersonHouseholds=2026-06-30|hiraFacilities=2026-06-30|analysisBoundary=2026-04-01|busStops=2025-08-25,정류장 개소; 노선표기 건; 고유 노선명 개; 비율 0~1; 낮은값 순위 1~44,routes_raw를 comma로 분리하고 '노선명(유형)'을 파싱; 유형='마을' 표기를 추출; 동별 마을정류장비율=마을노선 1개 이상 표기 정류장/전체 경계내 정류장; 고유 마을노선=동별 routeName distinct count,2025-08-25 정류장 CSV의 정적 노선 존재 표기만 쓴 1차 스크리닝이다. 배차·운행횟수·방향·시간대·환승·OD·보행권·노선변경을 알 수 없으므로 공급량·접근성·서비스 품질·도입 우선순위로 해석하지 않는다. 순위는 낮은 값 탐색용이다.,area_adjacency=AF16E5259A667F45F5BF7F6B3DF3A22E1A4837C477F6B68DDC26CDCF60E2DFF0|area_scores=455106174A3E492D501F73B8BA55EFD1B7525656638E8109AE015C290C352DE3|bus_stops=BBA5AC0E8F29538F42373B1789179B5B9D2CF0186E0D3A618537C83B74B628D5|facilities=9AA2BC9D9F9E0EC421FB7D23A9C9BF0BD5EDB59EB173A91CB27E6EB2655A1E07|grid_scores=F2B4631D6C4DB1C379BB9CAA13D29A9C055273F1C0D682BAC13EDD19C0A9E9BF|metrics_code=7A3920ABAC99C0EEE1FA013FF751C14428D5AA95E0F1F3F32FCED6B7A49541BA|model_spec=435B1018F2D35A2B421D1827A23C0DC739DC1F827F71189F8F818CE0B0C670E4|source_manifest=86163BE779951590317AB41BE2F9DE18666BC936F1735593673513008868CEC9,population=4D1530F251B312CE6564BA5676093B1043057F46A0FE2A58CF2756AFC530DA7B|one_person=01923C6EBD7440771E4EBE20CAB0648355A18C09D198677C0E265F5E68406A7D|admdongkor_boundary=6A63D079BA8AF4701AB200AD0B54EBDEA8689808B6E0E9F17973B9BA7883DC6A|bus_stops=01B63929056B55D0A8FE372756942FB9A81A89CB121A0CDB1838DDE9ED8555BF|hira_hospital=458D04F264BFE005CB12078699156CA72AD47B52062E0F79B8140E2635086268|hira_pharmacy=65B2B1E7F65BF1EFAF20C826BC1FB03CC24B65B359F4B5B51E1A234B334505A4
4128160000,관산동,037,15,15,1.1.0,village_bus_static_presence_screen_v1,goyang_mixed_20250825_20260630,population=2026-06-30|onePersonHouseholds=2026-06-30|hiraFacilities=2026-06-30|analysisBoundary=2026-04-01|busStops=2025-08-25,정류장 개소; 노선표기 건; 고유 노선명 개; 비율 0~1; 낮은값 순위 1~44,routes_raw를 comma로 분리하고 '노선명(유형)'을 파싱; 유형='마을' 표기를 추출; 동별 마을정류장비율=마을노선 1개 이상 표기 정류장/전체 경계내 정류장; 고유 마을노선=동별 routeName distinct count,2025-08-25 정류장 CSV의 정적 노선 존재 표기만 쓴 1차 스크리닝이다. 배차·운행횟수·방향·시간대·환승·OD·보행권·노선변경을 알 수 없으므로 공급량·접근성·서비스 품질·도입 우선순위로 해석하지 않는다. 순위는 낮은 값 탐색용이다.,area_adjacency=AF16E5259A667F45F5BF7F6B3DF3A22E1A4837C477F6B68DDC26CDCF60E2DFF0|area_scores=455106174A3E492D501F73B8BA55EFD1B7525656638E8109AE015C290C352DE3|bus_stops=BBA5AC0E8F29538F42373B1789179B5B9D2CF0186E0D3A618537C83B74B628D5|facilities=9AA2BC9D9F9E0EC421FB7D23A9C9BF0BD5EDB59EB173A91CB27E6EB2655A1E07|grid_scores=F2B4631D6C4DB1C379BB9CAA13D29A9C055273F1C0D682BAC13EDD19C0A9E9BF|metrics_code=7A3920ABAC99C0EEE1FA013FF751C14428D5AA95E0F1F3F32FCED6B7A49541BA|model_spec=435B1018F2D35A2B421D1827A23C0DC739DC1F827F71189F8F818CE0B0C670E4|source_manifest=86163BE779951590317AB41BE2F9DE18666BC936F1735593673513008868CEC9,population=4D1530F251B312CE6564BA5676093B1043057F46A0FE2A58CF2756AFC530DA7B|one_person=01923C6EBD7440771E4EBE20CAB0648355A18C09D198677C0E265F5E68406A7D|admdongkor_boundary=6A63D079BA8AF4701AB200AD0B54EBDEA8689808B6E0E9F17973B9BA7883DC6A|bus_stops=01B63929056B55D0A8FE372756942FB9A81A89CB121A0CDB1838DDE9ED8555BF|hira_hospital=458D04F264BFE005CB12078699156CA72AD47B52062E0F79B8140E2635086268|hira_pharmacy=65B2B1E7F65BF1EFAF20C826BC1FB03CC24B65B359F4B5B51E1A234B334505A4
4128160000,관산동,055,37,37,1.1.0,village_bus_static_presence_screen_v1,goyang_mixed_20250825_20260630,population=2026-06-30|onePersonHouseholds=2026-06-30|hiraFacilities=2026-06-30|analysisBoundary=2026-04-01|busStops=2025-08-25,정류장 개소; 노선표기 건; 고유 노선명 개; 비율 0~1; 낮은값 순위 1~44,routes_raw를 comma로 분리하고 '노선명(유형)'을 파싱; 유형='마을' 표기를 추출; 동별 마을정류장비율=마을노선 1개 이상 표기 정류장/전체 경계내 정류장; 고유 마을노선=동별 routeName distinct count,2025-08-25 정류장 CSV의 정적 노선 존재 표기만 쓴 1차 스크리닝이다. 배차·운행횟수·방향·시간대·환승·OD·보행권·노선변경을 알 수 없으므로 공급량·접근성·서비스 품질·도입 우선순위로 해석하지 않는다. 순위는 낮은 값 탐색용이다.,area_adjacency=AF16E5259A667F45F5BF7F6B3DF3A22E1A4837C477F6B68DDC26CDCF60E2DFF0|area_scores=455106174A3E492D501F73B8BA55EFD1B7525656638E8109AE015C290C352DE3|bus_stops=BBA5AC0E8F29538F42373B1789179B5B9D2CF0186E0D3A618537C83B74B628D5|facilities=9AA2BC9D9F9E0EC421FB7D23A9C9BF0BD5EDB59EB173A91CB27E6EB2655A1E07|grid_scores=F2B4631D6C4DB1C379BB9CAA13D29A9C055273F1C0D682BAC13EDD19C0A9E9BF|metrics_code=7A3920ABAC99C0EEE1FA013FF751C14428D5AA95E0F1F3F32FCED6B7A49541BA|model_spec=435B1018F2D35A2B421D1827A23C0DC739DC1F827F71189F8F818CE0B0C670E4|source_manifest=86163BE779951590317AB41BE2F9DE18666BC936F1735593673513008868CEC9,population=4D1530F251B312CE6564BA5676093B1043057F46A0FE2A58CF2756AFC530DA7B|one_person=01923C6EBD7440771E4EBE20CAB0648355A18C09D198677C0E265F5E68406A7D|admdongkor_boundary=6A63D079BA8AF4701AB200AD0B54EBDEA8689808B6E0E9F17973B9BA7883DC6A|bus_stops=01B63929056B55D0A8FE372756942FB9A81A89CB121A0CDB1838DDE9ED8555BF|hira_hospital=458D04F264BFE005CB12078699156CA72AD47B52062E0F79B8140E2635086268|hira_pharmacy=65B2B1E7F65BF1EFAF20C826BC1FB03CC24B65B359F4B5B51E1A234B334505A4
4128160000,관산동,088,38,38,1.1.0,village_bus_static_presence_screen_v1,goyang_mixed_20250825_20260630,population=2026-06-30|onePersonHouseholds=2026-06-30|hiraFacilities=2026-06-30|analysisBoundary=2026-04-01|busStops=2025-08-25,정류장 개소; 노선표기 건; 고유 노선명 개; 비율 0~1; 낮은값 순위 1~44,routes_raw를 comma로 분리하고 '노선명(유형)'을 파싱; 유형='마을' 표기를 추출; 동별 마을정류장비율=마을노선 1개 이상 표기 정류장/전체 경계내 정류장; 고유 마을노선=동별 routeName distinct count,2025-08-25 정류장 CSV의 정적 노선 존재 표기만 쓴 1차 스크리닝이다. 배차·운행횟수·방향·시간대·환승·OD·보행권·노선변경을 알 수 없으므로 공급량·접근성·서비스 품질·도입 우선순위로 해석하지 않는다. 순위는 낮은 값 탐색용이다.,area_adjacency=AF16E5259A667F45F5BF7F6B3DF3A22E1A4837C477F6B68DDC26CDCF60E2DFF0|area_scores=455106174A3E492D501F73B8BA55EFD1B7525656638E8109AE015C290C352DE3|bus_stops=BBA5AC0E8F29538F42373B1789179B5B9D2CF0186E0D3A618537C83B74B628D5|facilities=9AA2BC9D9F9E0EC421FB7D23A9C9BF0BD5EDB59EB173A91CB27E6EB2655A1E07|grid_scores=F2B4631D6C4DB1C379BB9CAA13D29A9C055273F1C0D682BAC13EDD19C0A9E9BF|metrics_code=7A3920ABAC99C0EEE1FA013FF751C14428D5AA95E0F1F3F32FCED6B7A49541BA|model_spec=435B1018F2D35A2B421D1827A23C0DC739DC1F827F71189F8F818CE0B0C670E4|source_manifest=86163BE779951590317AB41BE2F9DE18666BC936F1735593673513008868CEC9,population=4D1530F251B312CE6564BA5676093B1043057F46A0FE2A58CF2756AFC530DA7B|one_person=01923C6EBD7440771E4EBE20CAB0648355A18C09D198677C0E265F5E68406A7D|admdongkor_boundary=6A63D079BA8AF4701AB200AD0B54EBDEA8689808B6E0E9F17973B9BA7883DC6A|bus_stops=01B63929056B55D0A8FE372756942FB9A81A89CB121A0CDB1838DDE9ED8555BF|hira_hospital=458D04F264BFE005CB12078699156CA72AD47B52062E0F79B8140E2635086268|hira_pharmacy=65B2B1E7F65BF1EFAF20C826BC1FB03CC24B65B359F4B5B51E1A234B334505A4
4128160000,관산동,N005,58,58,1.1.0,village_bus_static_presence_screen_v1,goyang_mixed_20250825_20260630,population=2026-06-30|onePersonHouseholds=2026-06-30|hiraFacilities=2026-06-30|analysisBoundary=2026-04-01|busStops=2025-08-25,정류장 개소; 노선표기 건; 고유 노선명 개; 비율 0~1; 낮은값 순위 1~44,routes_raw를 comma로 분리하고 '노선명(유형)'을 파싱; 유형='마을' 표기를 추출; 동별 마을정류장비율=마을노선 1개 이상 표기 정류장/전체 경계내 정류장; 고유 마을노선=동별 routeName distinct count,2025-08-25 정류장 CSV의 정적 노선 존재 표기만 쓴 1차 스크리닝이다. 배차·운행횟수·방향·시간대·환승·OD·보행권·노선변경을 알 수 없으므로 공급량·접근성·서비스 품질·도입 우선순위로 해석하지 않는다. 순위는 낮은 값 탐색용이다.,area_adjacency=AF16E5259A667F45F5BF7F6B3DF3A22E1A4837C477F6B68DDC26CDCF60E2DFF0|area_scores=455106174A3E492D501F73B8BA55EFD1B7525656638E8109AE015C290C352DE3|bus_stops=BBA5AC0E8F29538F42373B1789179B5B9D2CF0186E0D3A618537C83B74B628D5|facilities=9AA2BC9D9F9E0EC421FB7D23A9C9BF0BD5EDB59EB173A91CB27E6EB2655A1E07|grid_scores=F2B4631D6C4DB1C379BB9CAA13D29A9C055273F1C0D682BAC13EDD19C0A9E9BF|metrics_code=7A3920ABAC99C0EEE1FA013FF751C14428D5AA95E0F1F3F32FCED6B7A49541BA|model_spec=435B1018F2D35A2B421D1827A23C0DC739DC1F827F71189F8F818CE0B0C670E4|source_manifest=86163BE779951590317AB41BE2F9DE18666BC936F1735593673513008868CEC9,population=4D1530F251B312CE6564BA5676093B1043057F46A0FE2A58CF2756AFC530DA7B|one_person=01923C6EBD7440771E4EBE20CAB0648355A18C09D198677C0E265F5E68406A7D|admdongkor_boundary=6A63D079BA8AF4701AB200AD0B54EBDEA8689808B6E0E9F17973B9BA7883DC6A|bus_stops=01B63929056B55D0A8FE372756942FB9A81A89CB121A0CDB1838DDE9ED8555BF|hira_hospital=458D04F264BFE005CB12078699156CA72AD47B52062E0F79B8140E2635086268|hira_pharmacy=65B2B1E7F65BF1EFAF20C826BC1FB03CC24B65B359F4B5B51E1A234B334505A4
4128161000,능곡동,011,3,3,1.1.0,village_bus_static_presence_screen_v1,goyang_mixed_20250825_20260630,population=2026-06-30|onePersonHouseholds=2026-06-30|hiraFacilities=2026-06-30|analysisBoundary=2026-04-01|busStops=2025-08-25,정류장 개소; 노선표기 건; 고유 노선명 개; 비율 0~1; 낮은값 순위 1~44,routes_raw를 comma로 분리하고 '노선명(유형)'을 파싱; 유형='마을' 표기를 추출; 동별 마을정류장비율=마을노선 1개 이상 표기 정류장/전체 경계내 정류장; 고유 마을노선=동별 routeName distinct count,2025-08-25 정류장 CSV의 정적 노선 존재 표기만 쓴 1차 스크리닝이다. 배차·운행횟수·방향·시간대·환승·OD·보행권·노선변경을 알 수 없으므로 공급량·접근성·서비스 품질·도입 우선순위로 해석하지 않는다. 순위는 낮은 값 탐색용이다.,area_adjacency=AF16E5259A667F45F5BF7F6B3DF3A22E1A4837C477F6B68DDC26CDCF60E2DFF0|area_scores=455106174A3E492D501F73B8BA55EFD1B7525656638E8109AE015C290C352DE3|bus_stops=BBA5AC0E8F29538F42373B1789179B5B9D2CF0186E0D3A618537C83B74B628D5|facilities=9AA2BC9D9F9E0EC421FB7D23A9C9BF0BD5EDB59EB173A91CB27E6EB2655A1E07|grid_scores=F2B4631D6C4DB1C379BB9CAA13D29A9C055273F1C0D682BAC13EDD19C0A9E9BF|metrics_code=7A3920ABAC99C0EEE1FA013FF751C14428D5AA95E0F1F3F32FCED6B7A49541BA|model_spec=435B1018F2D35A2B421D1827A23C0DC739DC1F827F71189F8F818CE0B0C670E4|source_manifest=86163BE779951590317AB41BE2F9DE18666BC936F1735593673513008868CEC9,population=4D1530F251B312CE6564BA5676093B1043057F46A0FE2A58CF2756AFC530DA7B|one_person=01923C6EBD7440771E4EBE20CAB0648355A18C09D198677C0E265F5E68406A7D|admdongkor_boundary=6A63D079BA8AF4701AB200AD0B54EBDEA8689808B6E0E9F17973B9BA7883DC6A|bus_stops=01B63929056B55D0A8FE372756942FB9A81A89CB121A0CDB1838DDE9ED8555BF|hira_hospital=458D04F264BFE005CB12078699156CA72AD47B52062E0F79B8140E2635086268|hira_pharmacy=65B2B1E7F65BF1EFAF20C826BC1FB03CC24B65B359F4B5B51E1A234B334505A4
4128161000,능곡동,029B,9,9,1.1.0,village_bus_static_presence_screen_v1,goyang_mixed_20250825_20260630,population=2026-06-30|onePersonHouseholds=2026-06-30|hiraFacilities=2026-06-30|analysisBoundary=2026-04-01|busStops=2025-08-25,정류장 개소; 노선표기 건; 고유 노선명 개; 비율 0~1; 낮은값 순위 1~44,routes_raw를 comma로 분리하고 '노선명(유형)'을 파싱; 유형='마을' 표기를 추출; 동별 마을정류장비율=마을노선 1개 이상 표기 정류장/전체 경계내 정류장; 고유 마을노선=동별 routeName distinct count,2025-08-25 정류장 CSV의 정적 노선 존재 표기만 쓴 1차 스크리닝이다. 배차·운행횟수·방향·시간대·환승·OD·보행권·노선변경을 알 수 없으므로 공급량·접근성·서비스 품질·도입 우선순위로 해석하지 않는다. 순위는 낮은 값 탐색용이다.,area_adjacency=AF16E5259A667F45F5BF7F6B3DF3A22E1A4837C477F6B68DDC26CDCF60E2DFF0|area_scores=455106174A3E492D501F73B8BA55EFD1B7525656638E8109AE015C290C352DE3|bus_stops=BBA5AC0E8F29538F42373B1789179B5B9D2CF0186E0D3A618537C83B74B628D5|facilities=9AA2BC9D9F9E0EC421FB7D23A9C9BF0BD5EDB59EB173A91CB27E6EB2655A1E07|grid_scores=F2B4631D6C4DB1C379BB9CAA13D29A9C055273F1C0D682BAC13EDD19C0A9E9BF|metrics_code=7A3920ABAC99C0EEE1FA013FF751C14428D5AA95E0F1F3F32FCED6B7A49541BA|model_spec=435B1018F2D35A2B421D1827A23C0DC739DC1F827F71189F8F818CE0B0C670E4|source_manifest=86163BE779951590317AB41BE2F9DE18666BC936F1735593673513008868CEC9,population=4D1530F251B312CE6564BA5676093B1043057F46A0FE2A58CF2756AFC530DA7B|one_person=01923C6EBD7440771E4EBE20CAB0648355A18C09D198677C0E265F5E68406A7D|admdongkor_boundary=6A63D079BA8AF4701AB200AD0B54EBDEA8689808B6E0E9F17973B9BA7883DC6A|bus_stops=01B63929056B55D0A8FE372756942FB9A81A89CB121A0CDB1838DDE9ED8555BF|hira_hospital=458D04F264BFE005CB12078699156CA72AD47B52062E0F79B8140E2635086268|hira_pharmacy=65B2B1E7F65BF1EFAF20C826BC1FB03CC24B65B359F4B5B51E1A234B334505A4
4128161000,능곡동,060,9,9,1.1.0,village_bus_static_presence_screen_v1,goyang_mixed_20250825_20260630,population=2026-06-30|onePersonHouseholds=2026-06-30|hiraFacilities=2026-06-30|analysisBoundary=2026-04-01|busStops=2025-08-25,정류장 개소; 노선표기 건; 고유 노선명 개; 비율 0~1; 낮은값 순위 1~44,routes_raw를 comma로 분리하고 '노선명(유형)'을 파싱; 유형='마을' 표기를 추출; 동별 마을정류장비율=마을노선 1개 이상 표기 정류장/전체 경계내 정류장; 고유 마을노선=동별 routeName distinct count,2025-08-25 정류장 CSV의 정적 노선 존재 표기만 쓴 1차 스크리닝이다. 배차·운행횟수·방향·시간대·환승·OD·보행권·노선변경을 알 수 없으므로 공급량·접근성·서비스 품질·도입 우선순위로 해석하지 않는다. 순위는 낮은 값 탐색용이다.,area_adjacency=AF16E5259A667F45F5BF7F6B3DF3A22E1A4837C477F6B68DDC26CDCF60E2DFF0|area_scores=455106174A3E492D501F73B8BA55EFD1B7525656638E8109AE015C290C352DE3|bus_stops=BBA5AC0E8F29538F42373B1789179B5B9D2CF0186E0D3A618537C83B74B628D5|facilities=9AA2BC9D9F9E0EC421FB7D23A9C9BF0BD5EDB59EB173A91CB27E6EB2655A1E07|grid_scores=F2B4631D6C4DB1C379BB9CAA13D29A9C055273F1C0D682BAC13EDD19C0A9E9BF|metrics_code=7A3920ABAC99C0EEE1FA013FF751C14428D5AA95E0F1F3F32FCED6B7A49541BA|model_spec=435B1018F2D35A2B421D1827A23C0DC739DC1F827F71189F8F818CE0B0C670E4|source_manifest=86163BE779951590317AB41BE2F9DE18666BC936F1735593673513008868CEC9,population=4D1530F251B312CE6564BA5676093B1043057F46A0FE2A58CF2756AFC530DA7B|one_person=01923C6EBD7440771E4EBE20CAB0648355A18C09D198677C0E265F5E68406A7D|admdongkor_boundary=6A63D079BA8AF4701AB200AD0B54EBDEA8689808B6E0E9F17973B9BA7883DC6A|bus_stops=01B63929056B55D0A8FE372756942FB9A81A89CB121A0CDB1838DDE9ED8555BF|hira_hospital=458D04F264BFE005CB12078699156CA72AD47B52062E0F79B8140E2635086268|hira_pharmacy=65B2B1E7F65BF1EFAF20C826BC1FB03CC24B65B359F4B5B51E1A234B334505A4
4128161000,능곡동,069,15,15,1.1.0,village_bus_static_presence_screen_v1,goyang_mixed_20250825_20260630,population=2026-06-30|onePersonHouseholds=2026-06-30|hiraFacilities=2026-06-30|analysisBoundary=2026-04-01|busStops=2025-08-25,정류장 개소; 노선표기 건; 고유 노선명 개; 비율 0~1; 낮은값 순위 1~44,routes_raw를 comma로 분리하고 '노선명(유형)'을 파싱; 유형='마을' 표기를 추출; 동별 마을정류장비율=마을노선 1개 이상 표기 정류장/전체 경계내 정류장; 고유 마을노선=동별 routeName distinct count,2025-08-25 정류장 CSV의 정적 노선 존재 표기만 쓴 1차 스크리닝이다. 배차·운행횟수·방향·시간대·환승·OD·보행권·노선변경을 알 수 없으므로 공급량·접근성·서비스 품질·도입 우선순위로 해석하지 않는다. 순위는 낮은 값 탐색용이다.,area_adjacency=AF16E5259A667F45F5BF7F6B3DF3A22E1A4837C477F6B68DDC26CDCF60E2DFF0|area_scores=455106174A3E492D501F73B8BA55EFD1B7525656638E8109AE015C290C352DE3|bus_stops=BBA5AC0E8F29538F42373B1789179B5B9D2CF0186E0D3A618537C83B74B628D5|facilities=9AA2BC9D9F9E0EC421FB7D23A9C9BF0BD5EDB59EB173A91CB27E6EB2655A1E07|grid_scores=F2B4631D6C4DB1C379BB9CAA13D29A9C055273F1C0D682BAC13EDD19C0A9E9BF|metrics_code=7A3920ABAC99C0EEE1FA013FF751C14428D5AA95E0F1F3F32FCED6B7A49541BA|model_spec=435B1018F2D35A2B421D1827A23C0DC739DC1F827F71189F8F818CE0B0C670E4|source_manifest=86163BE779951590317AB41BE2F9DE18666BC936F1735593673513008868CEC9,population=4D1530F251B312CE6564BA5676093B1043057F46A0FE2A58CF2756AFC530DA7B|one_person=01923C6EBD7440771E4EBE20CAB0648355A18C09D198677C0E265F5E68406A7D|admdongkor_boundary=6A63D079BA8AF4701AB200AD0B54EBDEA8689808B6E0E9F17973B9BA7883DC6A|bus_stops=01B63929056B55D0A8FE372756942FB9A81A89CB121A0CDB1838DDE9ED8555BF|hira_hospital=458D04F264BFE005CB12078699156CA72AD47B52062E0F79B8140E2635086268|hira_pharmacy=65B2B1E7F65BF1EFAF20C826BC1FB03CC24B65B359F4B5B51E1A234B334505A4
4128161000,능곡동,072A,26,26,1.1.0,village_bus_static_presence_screen_v1,goyang_mixed_20250825_20260630,population=2026-06-30|onePersonHouseholds=2026-06-30|hiraFacilities=2026-06-30|analysisBoundary=2026-04-01|busStops=2025-08-25,정류장 개소; 노선표기 건; 고유 노선명 개; 비율 0~1; 낮은값 순위 1~44,routes_raw를 comma로 분리하고 '노선명(유형)'을 파싱; 유형='마을' 표기를 추출; 동별 마을정류장비율=마을노선 1개 이상 표기 정류장/전체 경계내 정류장; 고유 마을노선=동별 routeName distinct count,2025-08-25 정류장 CSV의 정적 노선 존재 표기만 쓴 1차 스크리닝이다. 배차·운행횟수·방향·시간대·환승·OD·보행권·노선변경을 알 수 없으므로 공급량·접근성·서비스 품질·도입 우선순위로 해석하지 않는다. 순위는 낮은 값 탐색용이다.,area_adjacency=AF16E5259A667F45F5BF7F6B3DF3A22E1A4837C477F6B68DDC26CDCF60E2DFF0|area_scores=455106174A3E492D501F73B8BA55EFD1B7525656638E8109AE015C290C352DE3|bus_stops=BBA5AC0E8F29538F42373B1789179B5B9D2CF0186E0D3A618537C83B74B628D5|facilities=9AA2BC9D9F9E0EC421FB7D23A9C9BF0BD5EDB59EB173A91CB27E6EB2655A1E07|grid_scores=F2B4631D6C4DB1C379BB9CAA13D29A9C055273F1C0D682BAC13EDD19C0A9E9BF|metrics_code=7A3920ABAC99C0EEE1FA013FF751C14428D5AA95E0F1F3F32FCED6B7A49541BA|model_spec=435B1018F2D35A2B421D1827A23C0DC739DC1F827F71189F8F818CE0B0C670E4|source_manifest=86163BE779951590317AB41BE2F9DE18666BC936F1735593673513008868CEC9,population=4D1530F251B312CE6564BA5676093B1043057F46A0FE2A58CF2756AFC530DA7B|one_person=01923C6EBD7440771E4EBE20CAB0648355A18C09D198677C0E265F5E68406A7D|admdongkor_boundary=6A63D079BA8AF4701AB200AD0B54EBDEA8689808B6E0E9F17973B9BA7883DC6A|bus_stops=01B63929056B55D0A8FE372756942FB9A81A89CB121A0CDB1838DDE9ED8555BF|hira_hospital=458D04F264BFE005CB12078699156CA72AD47B52062E0F79B8140E2635086268|hira_pharmacy=65B2B1E7F65BF1EFAF20C826BC1FB03CC24B65B359F4B5B51E1A234B334505A4
4128161000,능곡동,072B,10,10,1.1.0,village_bus_static_presence_screen_v1,goyang_mixed_20250825_20260630,population=2026-06-30|onePersonHouseholds=2026-06-30|hiraFacilities=2026-06-30|analysisBoundary=2026-04-01|busStops=2025-08-25,정류장 개소; 노선표기 건; 고유 노선명 개; 비율 0~1; 낮은값 순위 1~44,routes_raw를 comma로 분리하고 '노선명(유형)'을 파싱; 유형='마을' 표기를 추출; 동별 마을정류장비율=마을노선 1개 이상 표기 정류장/전체 경계내 정류장; 고유 마을노선=동별 routeName distinct count,2025-08-25 정류장 CSV의 정적 노선 존재 표기만 쓴 1차 스크리닝이다. 배차·운행횟수·방향·시간대·환승·OD·보행권·노선변경을 알 수 없으므로 공급량·접근성·서비스 품질·도입 우선순위로 해석하지 않는다. 순위는 낮은 값 탐색용이다.,area_adjacency=AF16E5259A667F45F5BF7F6B3DF3A22E1A4837C477F6B68DDC26CDCF60E2DFF0|area_scores=455106174A3E492D501F73B8BA55EFD1B7525656638E8109AE015C290C352DE3|bus_stops=BBA5AC0E8F29538F42373B1789179B5B9D2CF0186E0D3A618537C83B74B628D5|facilities=9AA2BC9D9F9E0EC421FB7D23A9C9BF0BD5EDB59EB173A91CB27E6EB2655A1E07|grid_scores=F2B4631D6C4DB1C379BB9CAA13D29A9C055273F1C0D682BAC13EDD19C0A9E9BF|metrics_code=7A3920ABAC99C0EEE1FA013FF751C14428D5AA95E0F1F3F32FCED6B7A49541BA|model_spec=435B1018F2D35A2B421D1827A23C0DC739DC1F827F71189F8F818CE0B0C670E4|source_manifest=86163BE779951590317AB41BE2F9DE18666BC936F1735593673513008868CEC9,population=4D1530F251B312CE6564BA5676093B1043057F46A0FE2A58CF2756AFC530DA7B|one_person=01923C6EBD7440771E4EBE20CAB0648355A18C09D198677C0E265F5E68406A7D|admdongkor_boundary=6A63D079BA8AF4701AB200AD0B54EBDEA8689808B6E0E9F17973B9BA7883DC6A|bus_stops=01B63929056B55D0A8FE372756942FB9A81A89CB121A0CDB1838DDE9ED8555BF|hira_hospital=458D04F264BFE005CB12078699156CA72AD47B52062E0F79B8140E2635086268|hira_pharmacy=65B2B1E7F65BF1EFAF20C826BC1FB03CC24B65B359F4B5B51E1A234B334505A4
4128162100,화정1동,011,2,2,1.1.0,village_bus_static_presence_screen_v1,goyang_mixed_20250825_20260630,population=2026-06-30|onePersonHouseholds=2026-06-30|hiraFacilities=2026-06-30|analysisBoundary=2026-04-01|busStops=2025-08-25,정류장 개소; 노선표기 건; 고유 노선명 개; 비율 0~1; 낮은값 순위 1~44,routes_raw를 comma로 분리하고 '노선명(유형)'을 파싱; 유형='마을' 표기를 추출; 동별 마을정류장비율=마을노선 1개 이상 표기 정류장/전체 경계내 정류장; 고유 마을노선=동별 routeName distinct count,2025-08-25 정류장 CSV의 정적 노선 존재 표기만 쓴 1차 스크리닝이다. 배차·운행횟수·방향·시간대·환승·OD·보행권·노선변경을 알 수 없으므로 공급량·접근성·서비스 품질·도입 우선순위로 해석하지 않는다. 순위는 낮은 값 탐색용이다.,area_adjacency=AF16E5259A667F45F5BF7F6B3DF3A22E1A4837C477F6B68DDC26CDCF60E2DFF0|area_scores=455106174A3E492D501F73B8BA55EFD1B7525656638E8109AE015C290C352DE3|bus_stops=BBA5AC0E8F29538F42373B1789179B5B9D2CF0186E0D3A618537C83B74B628D5|facilities=9AA2BC9D9F9E0EC421FB7D23A9C9BF0BD5EDB59EB173A91CB27E6EB2655A1E07|grid_scores=F2B4631D6C4DB1C379BB9CAA13D29A9C055273F1C0D682BAC13EDD19C0A9E9BF|metrics_code=7A3920ABAC99C0EEE1FA013FF751C14428D5AA95E0F1F3F32FCED6B7A49541BA|model_spec=435B1018F2D35A2B421D1827A23C0DC739DC1F827F71189F8F818CE0B0C670E4|source_manifest=86163BE779951590317AB41BE2F9DE18666BC936F1735593673513008868CEC9,population=4D1530F251B312CE6564BA5676093B1043057F46A0FE2A58CF2756AFC530DA7B|one_person=01923C6EBD7440771E4EBE20CAB0648355A18C09D198677C0E265F5E68406A7D|admdongkor_boundary=6A63D079BA8AF4701AB200AD0B54EBDEA8689808B6E0E9F17973B9BA7883DC6A|bus_stops=01B63929056B55D0A8FE372756942FB9A81A89CB121A0CDB1838DDE9ED8555BF|hira_hospital=458D04F264BFE005CB12078699156CA72AD47B52062E0F79B8140E2635086268|hira_pharmacy=65B2B1E7F65BF1EFAF20C826BC1FB03CC24B65B359F4B5B51E1A234B334505A4
4128162100,화정1동,016,17,17,1.1.0,village_bus_static_presence_screen_v1,goyang_mixed_20250825_20260630,population=2026-06-30|onePersonHouseholds=2026-06-30|hiraFacilities=2026-06-30|analysisBoundary=2026-04-01|busStops=2025-08-25,정류장 개소; 노선표기 건; 고유 노선명 개; 비율 0~1; 낮은값 순위 1~44,routes_raw를 comma로 분리하고 '노선명(유형)'을 파싱; 유형='마을' 표기를 추출; 동별 마을정류장비율=마을노선 1개 이상 표기 정류장/전체 경계내 정류장; 고유 마을노선=동별 routeName distinct count,2025-08-25 정류장 CSV의 정적 노선 존재 표기만 쓴 1차 스크리닝이다. 배차·운행횟수·방향·시간대·환승·OD·보행권·노선변경을 알 수 없으므로 공급량·접근성·서비스 품질·도입 우선순위로 해석하지 않는다. 순위는 낮은 값 탐색용이다.,area_adjacency=AF16E5259A667F45F5BF7F6B3DF3A22E1A4837C477F6B68DDC26CDCF60E2DFF0|area_scores=455106174A3E492D501F73B8BA55EFD1B7525656638E8109AE015C290C352DE3|bus_stops=BBA5AC0E8F29538F42373B1789179B5B9D2CF0186E0D3A618537C83B74B628D5|facilities=9AA2BC9D9F9E0EC421FB7D23A9C9BF0BD5EDB59EB173A91CB27E6EB2655A1E07|grid_scores=F2B4631D6C4DB1C379BB9CAA13D29A9C055273F1C0D682BAC13EDD19C0A9E9BF|metrics_code=7A3920ABAC99C0EEE1FA013FF751C14428D5AA95E0F1F3F32FCED6B7A49541BA|model_spec=435B1018F2D35A2B421D1827A23C0DC739DC1F827F71189F8F818CE0B0C670E4|source_manifest=86163BE779951590317AB41BE2F9DE18666BC936F1735593673513008868CEC9,population=4D1530F251B312CE6564BA5676093B1043057F46A0FE2A58CF2756AFC530DA7B|one_person=01923C6EBD7440771E4EBE20CAB0648355A18C09D198677C0E265F5E68406A7D|admdongkor_boundary=6A63D079BA8AF4701AB200AD0B54EBDEA8689808B6E0E9F17973B9BA7883DC6A|bus_stops=01B63929056B55D0A8FE372756942FB9A81A89CB121A0CDB1838DDE9ED8555BF|hira_hospital=458D04F264BFE005CB12078699156CA72AD47B52062E0F79B8140E2635086268|hira_pharmacy=65B2B1E7F65BF1EFAF20C826BC1FB03CC24B65B359F4B5B51E1A234B334505A4
4128162100,화정1동,023,1,1,1.1.0,village_bus_static_presence_screen_v1,goyang_mixed_20250825_20260630,population=2026-06-30|onePersonHouseholds=2026-06-30|hiraFacilities=2026-06-30|analysisBoundary=2026-04-01|busStops=2025-08-25,정류장 개소; 노선표기 건; 고유 노선명 개; 비율 0~1; 낮은값 순위 1~44,routes_raw를 comma로 분리하고 '노선명(유형)'을 파싱; 유형='마을' 표기를 추출; 동별 마을정류장비율=마을노선 1개 이상 표기 정류장/전체 경계내 정류장; 고유 마을노선=동별 routeName distinct count,2025-08-25 정류장 CSV의 정적 노선 존재 표기만 쓴 1차 스크리닝이다. 배차·운행횟수·방향·시간대·환승·OD·보행권·노선변경을 알 수 없으므로 공급량·접근성·서비스 품질·도입 우선순위로 해석하지 않는다. 순위는 낮은 값 탐색용이다.,area_adjacency=AF16E5259A667F45F5BF7F6B3DF3A22E1A4837C477F6B68DDC26CDCF60E2DFF0|area_scores=455106174A3E492D501F73B8BA55EFD1B7525656638E8109AE015C290C352DE3|bus_stops=BBA5AC0E8F29538F42373B1789179B5B9D2CF0186E0D3A618537C83B74B628D5|facilities=9AA2BC9D9F9E0EC421FB7D23A9C9BF0BD5EDB59EB173A91CB27E6EB2655A1E07|grid_scores=F2B4631D6C4DB1C379BB9CAA13D29A9C055273F1C0D682BAC13EDD19C0A9E9BF|metrics_code=7A3920ABAC99C0EEE1FA013FF751C14428D5AA95E0F1F3F32FCED6B7A49541BA|model_spec=435B1018F2D35A2B421D1827A23C0DC739DC1F827F71189F8F818CE0B0C670E4|source_manifest=86163BE779951590317AB41BE2F9DE18666BC936F1735593673513008868CEC9,population=4D1530F251B312CE6564BA5676093B1043057F46A0FE2A58CF2756AFC530DA7B|one_person=01923C6EBD7440771E4EBE20CAB0648355A18C09D198677C0E265F5E68406A7D|admdongkor_boundary=6A63D079BA8AF4701AB200AD0B54EBDEA8689808B6E0E9F17973B9BA7883DC6A|bus_stops=01B63929056B55D0A8FE372756942FB9A81A89CB121A0CDB1838DDE9ED8555BF|hira_hospital=458D04F264BFE005CB12078699156CA72AD47B52062E0F79B8140E2635086268|hira_pharmacy=65B2B1E7F65BF1EFAF20C826BC1FB03CC24B65B359F4B5B51E1A234B334505A4
4128162100,화정1동,027,19,19,1.1.0,village_bus_static_presence_screen_v1,goyang_mixed_20250825_20260630,population=2026-06-30|onePersonHouseholds=2026-06-30|hiraFacilities=2026-06-30|analysisBoundary=2026-04-01|busStops=2025-08-25,정류장 개소; 노선표기 건; 고유 노선명 개; 비율 0~1; 낮은값 순위 1~44,routes_raw를 comma로 분리하고 '노선명(유형)'을 파싱; 유형='마을' 표기를 추출; 동별 마을정류장비율=마을노선 1개 이상 표기 정류장/전체 경계내 정류장; 고유 마을노선=동별 routeName distinct count,2025-08-25 정류장 CSV의 정적 노선 존재 표기만 쓴 1차 스크리닝이다. 배차·운행횟수·방향·시간대·환승·OD·보행권·노선변경을 알 수 없으므로 공급량·접근성·서비스 품질·도입 우선순위로 해석하지 않는다. 순위는 낮은 값 탐색용이다.,area_adjacency=AF16E5259A667F45F5BF7F6B3DF3A22E1A4837C477F6B68DDC26CDCF60E2DFF0|area_scores=455106174A3E492D501F73B8BA55EFD1B7525656638E8109AE015C290C352DE3|bus_stops=BBA5AC0E8F29538F42373B1789179B5B9D2CF0186E0D3A618537C83B74B628D5|facilities=9AA2BC9D9F9E0EC421FB7D23A9C9BF0BD5EDB59EB173A91CB27E6EB2655A1E07|grid_scores=F2B4631D6C4DB1C379BB9CAA13D29A9C055273F1C0D682BAC13EDD19C0A9E9BF|metrics_code=7A3920ABAC99C0EEE1FA013FF751C14428D5AA95E0F1F3F32FCED6B7A49541BA|model_spec=435B1018F2D35A2B421D1827A23C0DC739DC1F827F71189F8F818CE0B0C670E4|source_manifest=86163BE779951590317AB41BE2F9DE18666BC936F1735593673513008868CEC9,population=4D1530F251B312CE6564BA5676093B1043057F46A0FE2A58CF2756AFC530DA7B|one_person=01923C6EBD7440771E4EBE20CAB0648355A18C09D198677C0E265F5E68406A7D|admdongkor_boundary=6A63D079BA8AF4701AB200AD0B54EBDEA8689808B6E0E9F17973B9BA7883DC6A|bus_stops=01B63929056B55D0A8FE372756942FB9A81A89CB121A0CDB1838DDE9ED8555BF|hira_hospital=458D04F264BFE005CB12078699156CA72AD47B52062E0F79B8140E2635086268|hira_pharmacy=65B2B1E7F65BF1EFAF20C826BC1FB03CC24B65B359F4B5B51E1A234B334505A4
4128162100,화정1동,028,12,12,1.1.0,village_bus_static_presence_screen_v1,goyang_mixed_20250825_20260630,population=2026-06-30|onePersonHouseholds=2026-06-30|hiraFacilities=2026-06-30|analysisBoundary=2026-04-01|busStops=2025-08-25,정류장 개소; 노선표기 건; 고유 노선명 개; 비율 0~1; 낮은값 순위 1~44,routes_raw를 comma로 분리하고 '노선명(유형)'을 파싱; 유형='마을' 표기를 추출; 동별 마을정류장비율=마을노선 1개 이상 표기 정류장/전체 경계내 정류장; 고유 마을노선=동별 routeName distinct count,2025-08-25 정류장 CSV의 정적 노선 존재 표기만 쓴 1차 스크리닝이다. 배차·운행횟수·방향·시간대·환승·OD·보행권·노선변경을 알 수 없으므로 공급량·접근성·서비스 품질·도입 우선순위로 해석하지 않는다. 순위는 낮은 값 탐색용이다.,area_adjacency=AF16E5259A667F45F5BF7F6B3DF3A22E1A4837C477F6B68DDC26CDCF60E2DFF0|area_scores=455106174A3E492D501F73B8BA55EFD1B7525656638E8109AE015C290C352DE3|bus_stops=BBA5AC0E8F29538F42373B1789179B5B9D2CF0186E0D3A618537C83B74B628D5|facilities=9AA2BC9D9F9E0EC421FB7D23A9C9BF0BD5EDB59EB173A91CB27E6EB2655A1E07|grid_scores=F2B4631D6C4DB1C379BB9CAA13D29A9C055273F1C0D682BAC13EDD19C0A9E9BF|metrics_code=7A3920ABAC99C0EEE1FA013FF751C14428D5AA95E0F1F3F32FCED6B7A49541BA|model_spec=435B1018F2D35A2B421D1827A23C0DC739DC1F827F71189F8F818CE0B0C670E4|source_manifest=86163BE779951590317AB41BE2F9DE18666BC936F1735593673513008868CEC9,population=4D1530F251B312CE6564BA5676093B1043057F46A0FE2A58CF2756AFC530DA7B|one_person=01923C6EBD7440771E4EBE20CAB0648355A18C09D198677C0E265F5E68406A7D|admdongkor_boundary=6A63D079BA8AF4701AB200AD0B54EBDEA8689808B6E0E9F17973B9BA7883DC6A|bus_stops=01B63929056B55D0A8FE372756942FB9A81A89CB121A0CDB1838DDE9ED8555BF|hira_hospital=458D04F264BFE005CB12078699156CA72AD47B52062E0F79B8140E2635086268|hira_pharmacy=65B2B1E7F65BF1EFAF20C826BC1FB03CC24B65B359F4B5B51E1A234B334505A4
4128162100,화정1동,029A,9,9,1.1.0,village_bus_static_presence_screen_v1,goyang_mixed_20250825_20260630,population=2026-06-30|onePersonHouseholds=2026-06-30|hiraFacilities=2026-06-30|analysisBoundary=2026-04-01|busStops=2025-08-25,정류장 개소; 노선표기 건; 고유 노선명 개; 비율 0~1; 낮은값 순위 1~44,routes_raw를 comma로 분리하고 '노선명(유형)'을 파싱; 유형='마을' 표기를 추출; 동별 마을정류장비율=마을노선 1개 이상 표기 정류장/전체 경계내 정류장; 고유 마을노선=동별 routeName distinct count,2025-08-25 정류장 CSV의 정적 노선 존재 표기만 쓴 1차 스크리닝이다. 배차·운행횟수·방향·시간대·환승·OD·보행권·노선변경을 알 수 없으므로 공급량·접근성·서비스 품질·도입 우선순위로 해석하지 않는다. 순위는 낮은 값 탐색용이다.,area_adjacency=AF16E5259A667F45F5BF7F6B3DF3A22E1A4837C477F6B68DDC26CDCF60E2DFF0|area_scores=455106174A3E492D501F73B8BA55EFD1B7525656638E8109AE015C290C352DE3|bus_stops=BBA5AC0E8F29538F42373B1789179B5B9D2CF0186E0D3A618537C83B74B628D5|facilities=9AA2BC9D9F9E0EC421FB7D23A9C9BF0BD5EDB59EB173A91CB27E6EB2655A1E07|grid_scores=F2B4631D6C4DB1C379BB9CAA13D29A9C055273F1C0D682BAC13EDD19C0A9E9BF|metrics_code=7A3920ABAC99C0EEE1FA013FF751C14428D5AA95E0F1F3F32FCED6B7A49541BA|model_spec=435B1018F2D35A2B421D1827A23C0DC739DC1F827F71189F8F818CE0B0C670E4|source_manifest=86163BE779951590317AB41BE2F9DE18666BC936F1735593673513008868CEC9,population=4D1530F251B312CE6564BA5676093B1043057F46A0FE2A58CF2756AFC530DA7B|one_person=01923C6EBD7440771E4EBE20CAB0648355A18C09D198677C0E265F5E68406A7D|admdongkor_boundary=6A63D079BA8AF4701AB200AD0B54EBDEA8689808B6E0E9F17973B9BA7883DC6A|bus_stops=01B63929056B55D0A8FE372756942FB9A81A89CB121A0CDB1838DDE9ED8555BF|hira_hospital=458D04F264BFE005CB12078699156CA72AD47B52062E0F79B8140E2635086268|hira_pharmacy=65B2B1E7F65BF1EFAF20C826BC1FB03CC24B65B359F4B5B51E1A234B334505A4
4128162100,화정1동,029B,15,15,1.1.0,village_bus_static_presence_screen_v1,goyang_mixed_20250825_20260630,population=2026-06-30|onePersonHouseholds=2026-06-30|hiraFacilities=2026-06-30|analysisBoundary=2026-04-01|busStops=2025-08-25,정류장 개소; 노선표기 건; 고유 노선명 개; 비율 0~1; 낮은값 순위 1~44,routes_raw를 comma로 분리하고 '노선명(유형)'을 파싱; 유형='마을' 표기를 추출; 동별 마을정류장비율=마을노선 1개 이상 표기 정류장/전체 경계내 정류장; 고유 마을노선=동별 routeName distinct count,2025-08-25 정류장 CSV의 정적 노선 존재 표기만 쓴 1차 스크리닝이다. 배차·운행횟수·방향·시간대·환승·OD·보행권·노선변경을 알 수 없으므로 공급량·접근성·서비스 품질·도입 우선순위로 해석하지 않는다. 순위는 낮은 값 탐색용이다.,area_adjacency=AF16E5259A667F45F5BF7F6B3DF3A22E1A4837C477F6B68DDC26CDCF60E2DFF0|area_scores=455106174A3E492D501F73B8BA55EFD1B7525656638E8109AE015C290C352DE3|bus_stops=BBA5AC0E8F29538F42373B1789179B5B9D2CF0186E0D3A618537C83B74B628D5|facilities=9AA2BC9D9F9E0EC421FB7D23A9C9BF0BD5EDB59EB173A91CB27E6EB2655A1E07|grid_scores=F2B4631D6C4DB1C379BB9CAA13D29A9C055273F1C0D682BAC13EDD19C0A9E9BF|metrics_code=7A3920ABAC99C0EEE1FA013FF751C14428D5AA95E0F1F3F32FCED6B7A49541BA|model_spec=435B1018F2D35A2B421D1827A23C0DC739DC1F827F71189F8F818CE0B0C670E4|source_manifest=86163BE779951590317AB41BE2F9DE18666BC936F1735593673513008868CEC9,population=4D1530F251B312CE6564BA5676093B1043057F46A0FE2A58CF2756AFC530DA7B|one_person=01923C6EBD7440771E4EBE20CAB0648355A18C09D198677C0E265F5E68406A7D|admdongkor_boundary=6A63D079BA8AF4701AB200AD0B54EBDEA8689808B6E0E9F17973B9BA7883DC6A|bus_stops=01B63929056B55D0A8FE372756942FB9A81A89CB121A0CDB1838DDE9ED8555BF|hira_hospital=458D04F264BFE005CB12078699156CA72AD47B52062E0F79B8140E2635086268|hira_pharmacy=65B2B1E7F65BF1EFAF20C826BC1FB03CC24B65B359F4B5B51E1A234B334505A4
4128162100,화정1동,030,2,2,1.1.0,village_bus_static_presence_screen_v1,goyang_mixed_20250825_20260630,population=2026-06-30|onePersonHouseholds=2026-06-30|hiraFacilities=2026-06-30|analysisBoundary=2026-04-01|busStops=2025-08-25,정류장 개소; 노선표기 건; 고유 노선명 개; 비율 0~1; 낮은값 순위 1~44,routes_raw를 comma로 분리하고 '노선명(유형)'을 파싱; 유형='마을' 표기를 추출; 동별 마을정류장비율=마을노선 1개 이상 표기 정류장/전체 경계내 정류장; 고유 마을노선=동별 routeName distinct count,2025-08-25 정류장 CSV의 정적 노선 존재 표기만 쓴 1차 스크리닝이다. 배차·운행횟수·방향·시간대·환승·OD·보행권·노선변경을 알 수 없으므로 공급량·접근성·서비스 품질·도입 우선순위로 해석하지 않는다. 순위는 낮은 값 탐색용이다.,area_adjacency=AF16E5259A667F45F5BF7F6B3DF3A22E1A4837C477F6B68DDC26CDCF60E2DFF0|area_scores=455106174A3E492D501F73B8BA55EFD1B7525656638E8109AE015C290C352DE3|bus_stops=BBA5AC0E8F29538F42373B1789179B5B9D2CF0186E0D3A618537C83B74B628D5|facilities=9AA2BC9D9F9E0EC421FB7D23A9C9BF0BD5EDB59EB173A91CB27E6EB2655A1E07|grid_scores=F2B4631D6C4DB1C379BB9CAA13D29A9C055273F1C0D682BAC13EDD19C0A9E9BF|metrics_code=7A3920ABAC99C0EEE1FA013FF751C14428D5AA95E0F1F3F32FCED6B7A49541BA|model_spec=435B1018F2D35A2B421D1827A23C0DC739DC1F827F71189F8F818CE0B0C670E4|source_manifest=86163BE779951590317AB41BE2F9DE18666BC936F1735593673513008868CEC9,population=4D1530F251B312CE6564BA5676093B1043057F46A0FE2A58CF2756AFC530DA7B|one_person=01923C6EBD7440771E4EBE20CAB0648355A18C09D198677C0E265F5E68406A7D|admdongkor_boundary=6A63D079BA8AF4701AB200AD0B54EBDEA8689808B6E0E9F17973B9BA7883DC6A|bus_stops=01B63929056B55D0A8FE372756942FB9A81A89CB121A0CDB1838DDE9ED8555BF|hira_hospital=458D04F264BFE005CB12078699156CA72AD47B52062E0F79B8140E2635086268|hira_pharmacy=65B2B1E7F65BF1EFAF20C826BC1FB03CC24B65B359F4B5B51E1A234B334505A4
4128162100,화정1동,031,1,1,1.1.0,village_bus_static_presence_screen_v1,goyang_mixed_20250825_20260630,population=2026-06-30|onePersonHouseholds=2026-06-30|hiraFacilities=2026-06-30|analysisBoundary=2026-04-01|busStops=2025-08-25,정류장 개소; 노선표기 건; 고유 노선명 개; 비율 0~1; 낮은값 순위 1~44,routes_raw를 comma로 분리하고 '노선명(유형)'을 파싱; 유형='마을' 표기를 추출; 동별 마을정류장비율=마을노선 1개 이상 표기 정류장/전체 경계내 정류장; 고유 마을노선=동별 routeName distinct count,2025-08-25 정류장 CSV의 정적 노선 존재 표기만 쓴 1차 스크리닝이다. 배차·운행횟수·방향·시간대·환승·OD·보행권·노선변경을 알 수 없으므로 공급량·접근성·서비스 품질·도입 우선순위로 해석하지 않는다. 순위는 낮은 값 탐색용이다.,area_adjacency=AF16E5259A667F45F5BF7F6B3DF3A22E1A4837C477F6B68DDC26CDCF60E2DFF0|area_scores=455106174A3E492D501F73B8BA55EFD1B7525656638E8109AE015C290C352DE3|bus_stops=BBA5AC0E8F29538F42373B1789179B5B9D2CF0186E0D3A618537C83B74B628D5|facilities=9AA2BC9D9F9E0EC421FB7D23A9C9BF0BD5EDB59EB173A91CB27E6EB2655A1E07|grid_scores=F2B4631D6C4DB1C379BB9CAA13D29A9C055273F1C0D682BAC13EDD19C0A9E9BF|metrics_code=7A3920ABAC99C0EEE1FA013FF751C14428D5AA95E0F1F3F32FCED6B7A49541BA|model_spec=435B1018F2D35A2B421D1827A23C0DC739DC1F827F71189F8F818CE0B0C670E4|source_manifest=86163BE779951590317AB41BE2F9DE18666BC936F1735593673513008868CEC9,population=4D1530F251B312CE6564BA5676093B1043057F46A0FE2A58CF2756AFC530DA7B|one_person=01923C6EBD7440771E4EBE20CAB0648355A18C09D198677C0E265F5E68406A7D|admdongkor_boundary=6A63D079BA8AF4701AB200AD0B54EBDEA8689808B6E0E9F17973B9BA7883DC6A|bus_stops=01B63929056B55D0A8FE372756942FB9A81A89CB121A0CDB1838DDE9ED8555BF|hira_hospital=458D04F264BFE005CB12078699156CA72AD47B52062E0F79B8140E2635086268|hira_pharmacy=65B2B1E7F65BF1EFAF20C826BC1FB03CC24B65B359F4B5B51E1A234B334505A4
4128162100,화정1동,060,2,2,1.1.0,village_bus_static_presence_screen_v1,goyang_mixed_20250825_20260630,population=2026-06-30|onePersonHouseholds=2026-06-30|hiraFacilities=2026-06-30|analysisBoundary=2026-04-01|busStops=2025-08-25,정류장 개소; 노선표기 건; 고유 노선명 개; 비율 0~1; 낮은값 순위 1~44,routes_raw를 comma로 분리하고 '노선명(유형)'을 파싱; 유형='마을' 표기를 추출; 동별 마을정류장비율=마을노선 1개 이상 표기 정류장/전체 경계내 정류장; 고유 마을노선=동별 routeName distinct count,2025-08-25 정류장 CSV의 정적 노선 존재 표기만 쓴 1차 스크리닝이다. 배차·운행횟수·방향·시간대·환승·OD·보행권·노선변경을 알 수 없으므로 공급량·접근성·서비스 품질·도입 우선순위로 해석하지 않는다. 순위는 낮은 값 탐색용이다.,area_adjacency=AF16E5259A667F45F5BF7F6B3DF3A22E1A4837C477F6B68DDC26CDCF60E2DFF0|area_scores=455106174A3E492D501F73B8BA55EFD1B7525656638E8109AE015C290C352DE3|bus_stops=BBA5AC0E8F29538F42373B1789179B5B9D2CF0186E0D3A618537C83B74B628D5|facilities=9AA2BC9D9F9E0EC421FB7D23A9C9BF0BD5EDB59EB173A91CB27E6EB2655A1E07|grid_scores=F2B4631D6C4DB1C379BB9CAA13D29A9C055273F1C0D682BAC13EDD19C0A9E9BF|metrics_code=7A3920ABAC99C0EEE1FA013FF751C14428D5AA95E0F1F3F32FCED6B7A49541BA|model_spec=435B1018F2D35A2B421D1827A23C0DC739DC1F827F71189F8F818CE0B0C670E4|source_manifest=86163BE779951590317AB41BE2F9DE18666BC936F1735593673513008868CEC9,population=4D1530F251B312CE6564BA5676093B1043057F46A0FE2A58CF2756AFC530DA7B|one_person=01923C6EBD7440771E4EBE20CAB0648355A18C09D198677C0E265F5E68406A7D|admdongkor_boundary=6A63D079BA8AF4701AB200AD0B54EBDEA8689808B6E0E9F17973B9BA7883DC6A|bus_stops=01B63929056B55D0A8FE372756942FB9A81A89CB121A0CDB1838DDE9ED8555BF|hira_hospital=458D04F264BFE005CB12078699156CA72AD47B52062E0F79B8140E2635086268|hira_pharmacy=65B2B1E7F65BF1EFAF20C826BC1FB03CC24B65B359F4B5B51E1A234B334505A4
4128162100,화정1동,065,2,2,1.1.0,village_bus_static_presence_screen_v1,goyang_mixed_20250825_20260630,population=2026-06-30|onePersonHouseholds=2026-06-30|hiraFacilities=2026-06-30|analysisBoundary=2026-04-01|busStops=2025-08-25,정류장 개소; 노선표기 건; 고유 노선명 개; 비율 0~1; 낮은값 순위 1~44,routes_raw를 comma로 분리하고 '노선명(유형)'을 파싱; 유형='마을' 표기를 추출; 동별 마을정류장비율=마을노선 1개 이상 표기 정류장/전체 경계내 정류장; 고유 마을노선=동별 routeName distinct count,2025-08-25 정류장 CSV의 정적 노선 존재 표기만 쓴 1차 스크리닝이다. 배차·운행횟수·방향·시간대·환승·OD·보행권·노선변경을 알 수 없으므로 공급량·접근성·서비스 품질·도입 우선순위로 해석하지 않는다. 순위는 낮은 값 탐색용이다.,area_adjacency=AF16E5259A667F45F5BF7F6B3DF3A22E1A4837C477F6B68DDC26CDCF60E2DFF0|area_scores=455106174A3E492D501F73B8BA55EFD1B7525656638E8109AE015C290C352DE3|bus_stops=BBA5AC0E8F29538F42373B1789179B5B9D2CF0186E0D3A618537C83B74B628D5|facilities=9AA2BC9D9F9E0EC421FB7D23A9C9BF0BD5EDB59EB173A91CB27E6EB2655A1E07|grid_scores=F2B4631D6C4DB1C379BB9CAA13D29A9C055273F1C0D682BAC13EDD19C0A9E9BF|metrics_code=7A3920ABAC99C0EEE1FA013FF751C14428D5AA95E0F1F3F32FCED6B7A49541BA|model_spec=435B1018F2D35A2B421D1827A23C0DC739DC1F827F71189F8F818CE0B0C670E4|source_manifest=86163BE779951590317AB41BE2F9DE18666BC936F1735593673513008868CEC9,population=4D1530F251B312CE6564BA5676093B1043057F46A0FE2A58CF2756AFC530DA7B|one_person=01923C6EBD7440771E4EBE20CAB0648355A18C09D198677C0E265F5E68406A7D|admdongkor_boundary=6A63D079BA8AF4701AB200AD0B54EBDEA8689808B6E0E9F17973B9BA7883DC6A|bus_stops=01B63929056B55D0A8FE372756942FB9A81A89CB121A0CDB1838DDE9ED8555BF|hira_hospital=458D04F264BFE005CB12078699156CA72AD47B52062E0F79B8140E2635086268|hira_pharmacy=65B2B1E7F65BF1EFAF20C826BC1FB03CC24B65B359F4B5B51E1A234B334505A4
4128162100,화정1동,072A,10,10,1.1.0,village_bus_static_presence_screen_v1,goyang_mixed_20250825_20260630,population=2026-06-30|onePersonHouseholds=2026-06-30|hiraFacilities=2026-06-30|analysisBoundary=2026-04-01|busStops=2025-08-25,정류장 개소; 노선표기 건; 고유 노선명 개; 비율 0~1; 낮은값 순위 1~44,routes_raw를 comma로 분리하고 '노선명(유형)'을 파싱; 유형='마을' 표기를 추출; 동별 마을정류장비율=마을노선 1개 이상 표기 정류장/전체 경계내 정류장; 고유 마을노선=동별 routeName distinct count,2025-08-25 정류장 CSV의 정적 노선 존재 표기만 쓴 1차 스크리닝이다. 배차·운행횟수·방향·시간대·환승·OD·보행권·노선변경을 알 수 없으므로 공급량·접근성·서비스 품질·도입 우선순위로 해석하지 않는다. 순위는 낮은 값 탐색용이다.,area_adjacency=AF16E5259A667F45F5BF7F6B3DF3A22E1A4837C477F6B68DDC26CDCF60E2DFF0|area_scores=455106174A3E492D501F73B8BA55EFD1B7525656638E8109AE015C290C352DE3|bus_stops=BBA5AC0E8F29538F42373B1789179B5B9D2CF0186E0D3A618537C83B74B628D5|facilities=9AA2BC9D9F9E0EC421FB7D23A9C9BF0BD5EDB59EB173A91CB27E6EB2655A1E07|grid_scores=F2B4631D6C4DB1C379BB9CAA13D29A9C055273F1C0D682BAC13EDD19C0A9E9BF|metrics_code=7A3920ABAC99C0EEE1FA013FF751C14428D5AA95E0F1F3F32FCED6B7A49541BA|model_spec=435B1018F2D35A2B421D1827A23C0DC739DC1F827F71189F8F818CE0B0C670E4|source_manifest=86163BE779951590317AB41BE2F9DE18666BC936F1735593673513008868CEC9,population=4D1530F251B312CE6564BA5676093B1043057F46A0FE2A58CF2756AFC530DA7B|one_person=01923C6EBD7440771E4EBE20CAB0648355A18C09D198677C0E265F5E68406A7D|admdongkor_boundary=6A63D079BA8AF4701AB200AD0B54EBDEA8689808B6E0E9F17973B9BA7883DC6A|bus_stops=01B63929056B55D0A8FE372756942FB9A81A89CB121A0CDB1838DDE9ED8555BF|hira_hospital=458D04F264BFE005CB12078699156CA72AD47B52062E0F79B8140E2635086268|hira_pharmacy=65B2B1E7F65BF1EFAF20C826BC1FB03CC24B65B359F4B5B51E1A234B334505A4
4128162200,화정2동,011,7,7,1.1.0,village_bus_static_presence_screen_v1,goyang_mixed_20250825_20260630,population=2026-06-30|onePersonHouseholds=2026-06-30|hiraFacilities=2026-06-30|analysisBoundary=2026-04-01|busStops=2025-08-25,정류장 개소; 노선표기 건; 고유 노선명 개; 비율 0~1; 낮은값 순위 1~44,routes_raw를 comma로 분리하고 '노선명(유형)'을 파싱; 유형='마을' 표기를 추출; 동별 마을정류장비율=마을노선 1개 이상 표기 정류장/전체 경계내 정류장; 고유 마을노선=동별 routeName distinct count,2025-08-25 정류장 CSV의 정적 노선 존재 표기만 쓴 1차 스크리닝이다. 배차·운행횟수·방향·시간대·환승·OD·보행권·노선변경을 알 수 없으므로 공급량·접근성·서비스 품질·도입 우선순위로 해석하지 않는다. 순위는 낮은 값 탐색용이다.,area_adjacency=AF16E5259A667F45F5BF7F6B3DF3A22E1A4837C477F6B68DDC26CDCF60E2DFF0|area_scores=455106174A3E492D501F73B8BA55EFD1B7525656638E8109AE015C290C352DE3|bus_stops=BBA5AC0E8F29538F42373B1789179B5B9D2CF0186E0D3A618537C83B74B628D5|facilities=9AA2BC9D9F9E0EC421FB7D23A9C9BF0BD5EDB59EB173A91CB27E6EB2655A1E07|grid_scores=F2B4631D6C4DB1C379BB9CAA13D29A9C055273F1C0D682BAC13EDD19C0A9E9BF|metrics_code=7A3920ABAC99C0EEE1FA013FF751C14428D5AA95E0F1F3F32FCED6B7A49541BA|model_spec=435B1018F2D35A2B421D1827A23C0DC739DC1F827F71189F8F818CE0B0C670E4|source_manifest=86163BE779951590317AB41BE2F9DE18666BC936F1735593673513008868CEC9,population=4D1530F251B312CE6564BA5676093B1043057F46A0FE2A58CF2756AFC530DA7B|one_person=01923C6EBD7440771E4EBE20CAB0648355A18C09D198677C0E265F5E68406A7D|admdongkor_boundary=6A63D079BA8AF4701AB200AD0B54EBDEA8689808B6E0E9F17973B9BA7883DC6A|bus_stops=01B63929056B55D0A8FE372756942FB9A81A89CB121A0CDB1838DDE9ED8555BF|hira_hospital=458D04F264BFE005CB12078699156CA72AD47B52062E0F79B8140E2635086268|hira_pharmacy=65B2B1E7F65BF1EFAF20C826BC1FB03CC24B65B359F4B5B51E1A234B334505A4
4128162200,화정2동,020,8,8,1.1.0,village_bus_static_presence_screen_v1,goyang_mixed_20250825_20260630,population=2026-06-30|onePersonHouseholds=2026-06-30|hiraFacilities=2026-06-30|analysisBoundary=2026-04-01|busStops=2025-08-25,정류장 개소; 노선표기 건; 고유 노선명 개; 비율 0~1; 낮은값 순위 1~44,routes_raw를 comma로 분리하고 '노선명(유형)'을 파싱; 유형='마을' 표기를 추출; 동별 마을정류장비율=마을노선 1개 이상 표기 정류장/전체 경계내 정류장; 고유 마을노선=동별 routeName distinct count,2025-08-25 정류장 CSV의 정적 노선 존재 표기만 쓴 1차 스크리닝이다. 배차·운행횟수·방향·시간대·환승·OD·보행권·노선변경을 알 수 없으므로 공급량·접근성·서비스 품질·도입 우선순위로 해석하지 않는다. 순위는 낮은 값 탐색용이다.,area_adjacency=AF16E5259A667F45F5BF7F6B3DF3A22E1A4837C477F6B68DDC26CDCF60E2DFF0|area_scores=455106174A3E492D501F73B8BA55EFD1B7525656638E8109AE015C290C352DE3|bus_stops=BBA5AC0E8F29538F42373B1789179B5B9D2CF0186E0D3A618537C83B74B628D5|facilities=9AA2BC9D9F9E0EC421FB7D23A9C9BF0BD5EDB59EB173A91CB27E6EB2655A1E07|grid_scores=F2B4631D6C4DB1C379BB9CAA13D29A9C055273F1C0D682BAC13EDD19C0A9E9BF|metrics_code=7A3920ABAC99C0EEE1FA013FF751C14428D5AA95E0F1F3F32FCED6B7A49541BA|model_spec=435B1018F2D35A2B421D1827A23C0DC739DC1F827F71189F8F818CE0B0C670E4|source_manifest=86163BE779951590317AB41BE2F9DE18666BC936F1735593673513008868CEC9,population=4D1530F251B312CE6564BA5676093B1043057F46A0FE2A58CF2756AFC530DA7B|one_person=01923C6EBD7440771E4EBE20CAB0648355A18C09D198677C0E265F5E68406A7D|admdongkor_boundary=6A63D079BA8AF4701AB200AD0B54EBDEA8689808B6E0E9F17973B9BA7883DC6A|bus_stops=01B63929056B55D0A8FE372756942FB9A81A89CB121A0CDB1838DDE9ED8555BF|hira_hospital=458D04F264BFE005CB12078699156CA72AD47B52062E0F79B8140E2635086268|hira_pharmacy=65B2B1E7F65BF1EFAF20C826BC1FB03CC24B65B359F4B5B51E1A234B334505A4
4128162200,화정2동,021,8,8,1.1.0,village_bus_static_presence_screen_v1,goyang_mixed_20250825_20260630,population=2026-06-30|onePersonHouseholds=2026-06-30|hiraFacilities=2026-06-30|analysisBoundary=2026-04-01|busStops=2025-08-25,정류장 개소; 노선표기 건; 고유 노선명 개; 비율 0~1; 낮은값 순위 1~44,routes_raw를 comma로 분리하고 '노선명(유형)'을 파싱; 유형='마을' 표기를 추출; 동별 마을정류장비율=마을노선 1개 이상 표기 정류장/전체 경계내 정류장; 고유 마을노선=동별 routeName distinct count,2025-08-25 정류장 CSV의 정적 노선 존재 표기만 쓴 1차 스크리닝이다. 배차·운행횟수·방향·시간대·환승·OD·보행권·노선변경을 알 수 없으므로 공급량·접근성·서비스 품질·도입 우선순위로 해석하지 않는다. 순위는 낮은 값 탐색용이다.,area_adjacency=AF16E5259A667F45F5BF7F6B3DF3A22E1A4837C477F6B68DDC26CDCF60E2DFF0|area_scores=455106174A3E492D501F73B8BA55EFD1B7525656638E8109AE015C290C352DE3|bus_stops=BBA5AC0E8F29538F42373B1789179B5B9D2CF0186E0D3A618537C83B74B628D5|facilities=9AA2BC9D9F9E0EC421FB7D23A9C9BF0BD5EDB59EB173A91CB27E6EB2655A1E07|grid_scores=F2B4631D6C4DB1C379BB9CAA13D29A9C055273F1C0D682BAC13EDD19C0A9E9BF|metrics_code=7A3920ABAC99C0EEE1FA013FF751C14428D5AA95E0F1F3F32FCED6B7A49541BA|model_spec=435B1018F2D35A2B421D1827A23C0DC739DC1F827F71189F8F818CE0B0C670E4|source_manifest=86163BE779951590317AB41BE2F9DE18666BC936F1735593673513008868CEC9,population=4D1530F251B312CE6564BA5676093B1043057F46A0FE2A58CF2756AFC530DA7B|one_person=01923C6EBD7440771E4EBE20CAB0648355A18C09D198677C0E265F5E68406A7D|admdongkor_boundary=6A63D079BA8AF4701AB200AD0B54EBDEA8689808B6E0E9F17973B9BA7883DC6A|bus_stops=01B63929056B55D0A8FE372756942FB9A81A89CB121A0CDB1838DDE9ED8555BF|hira_hospital=458D04F264BFE005CB12078699156CA72AD47B52062E0F79B8140E2635086268|hira_pharmacy=65B2B1E7F65BF1EFAF20C826BC1FB03CC24B65B359F4B5B51E1A234B334505A4
4128162200,화정2동,023,3,3,1.1.0,village_bus_static_presence_screen_v1,goyang_mixed_20250825_20260630,population=2026-06-30|onePersonHouseholds=2026-06-30|hiraFacilities=2026-06-30|analysisBoundary=2026-04-01|busStops=2025-08-25,정류장 개소; 노선표기 건; 고유 노선명 개; 비율 0~1; 낮은값 순위 1~44,routes_raw를 comma로 분리하고 '노선명(유형)'을 파싱; 유형='마을' 표기를 추출; 동별 마을정류장비율=마을노선 1개 이상 표기 정류장/전체 경계내 정류장; 고유 마을노선=동별 routeName distinct count,2025-08-25 정류장 CSV의 정적 노선 존재 표기만 쓴 1차 스크리닝이다. 배차·운행횟수·방향·시간대·환승·OD·보행권·노선변경을 알 수 없으므로 공급량·접근성·서비스 품질·도입 우선순위로 해석하지 않는다. 순위는 낮은 값 탐색용이다.,area_adjacency=AF16E5259A667F45F5BF7F6B3DF3A22E1A4837C477F6B68DDC26CDCF60E2DFF0|area_scores=455106174A3E492D501F73B8BA55EFD1B7525656638E8109AE015C290C352DE3|bus_stops=BBA5AC0E8F29538F42373B1789179B5B9D2CF0186E0D3A618537C83B74B628D5|facilities=9AA2BC9D9F9E0EC421FB7D23A9C9BF0BD5EDB59EB173A91CB27E6EB2655A1E07|grid_scores=F2B4631D6C4DB1C379BB9CAA13D29A9C055273F1C0D682BAC13EDD19C0A9E9BF|metrics_code=7A3920ABAC99C0EEE1FA013FF751C14428D5AA95E0F1F3F32FCED6B7A49541BA|model_spec=435B1018F2D35A2B421D1827A23C0DC739DC1F827F71189F8F818CE0B0C670E4|source_manifest=86163BE779951590317AB41BE2F9DE18666BC936F1735593673513008868CEC9,population=4D1530F251B312CE6564BA5676093B1043057F46A0FE2A58CF2756AFC530DA7B|one_person=01923C6EBD7440771E4EBE20CAB0648355A18C09D198677C0E265F5E68406A7D|admdongkor_boundary=6A63D079BA8AF4701AB200AD0B54EBDEA8689808B6E0E9F17973B9BA7883DC6A|bus_stops=01B63929056B55D0A8FE372756942FB9A81A89CB121A0CDB1838DDE9ED8555BF|hira_hospital=458D04F264BFE005CB12078699156CA72AD47B52062E0F79B8140E2635086268|hira_pharmacy=65B2B1E7F65BF1EFAF20C826BC1FB03CC24B65B359F4B5B51E1A234B334505A4
4128162200,화정2동,029B,7,7,1.1.0,village_bus_static_presence_screen_v1,goyang_mixed_20250825_20260630,population=2026-06-30|onePersonHouseholds=2026-06-30|hiraFacilities=2026-06-30|analysisBoundary=2026-04-01|busStops=2025-08-25,정류장 개소; 노선표기 건; 고유 노선명 개; 비율 0~1; 낮은값 순위 1~44,routes_raw를 comma로 분리하고 '노선명(유형)'을 파싱; 유형='마을' 표기를 추출; 동별 마을정류장비율=마을노선 1개 이상 표기 정류장/전체 경계내 정류장; 고유 마을노선=동별 routeName distinct count,2025-08-25 정류장 CSV의 정적 노선 존재 표기만 쓴 1차 스크리닝이다. 배차·운행횟수·방향·시간대·환승·OD·보행권·노선변경을 알 수 없으므로 공급량·접근성·서비스 품질·도입 우선순위로 해석하지 않는다. 순위는 낮은 값 탐색용이다.,area_adjacency=AF16E5259A667F45F5BF7F6B3DF3A22E1A4837C477F6B68DDC26CDCF60E2DFF0|area_scores=455106174A3E492D501F73B8BA55EFD1B7525656638E8109AE015C290C352DE3|bus_stops=BBA5AC0E8F29538F42373B1789179B5B9D2CF0186E0D3A618537C83B74B628D5|facilities=9AA2BC9D9F9E0EC421FB7D23A9C9BF0BD5EDB59EB173A91CB27E6EB2655A1E07|grid_scores=F2B4631D6C4DB1C379BB9CAA13D29A9C055273F1C0D682BAC13EDD19C0A9E9BF|metrics_code=7A3920ABAC99C0EEE1FA013FF751C14428D5AA95E0F1F3F32FCED6B7A49541BA|model_spec=435B1018F2D35A2B421D1827A23C0DC739DC1F827F71189F8F818CE0B0C670E4|source_manifest=86163BE779951590317AB41BE2F9DE18666BC936F1735593673513008868CEC9,population=4D1530F251B312CE6564BA5676093B1043057F46A0FE2A58CF2756AFC530DA7B|one_person=01923C6EBD7440771E4EBE20CAB0648355A18C09D198677C0E265F5E68406A7D|admdongkor_boundary=6A63D079BA8AF4701AB200AD0B54EBDEA8689808B6E0E9F17973B9BA7883DC6A|bus_stops=01B63929056B55D0A8FE372756942FB9A81A89CB121A0CDB1838DDE9ED8555BF|hira_hospital=458D04F264BFE005CB12078699156CA72AD47B52062E0F79B8140E2635086268|hira_pharmacy=65B2B1E7F65BF1EFAF20C826BC1FB03CC24B65B359F4B5B51E1A234B334505A4
4128162200,화정2동,030,6,6,1.1.0,village_bus_static_presence_screen_v1,goyang_mixed_20250825_20260630,population=2026-06-30|onePersonHouseholds=2026-06-30|hiraFacilities=2026-06-30|analysisBoundary=2026-04-01|busStops=2025-08-25,정류장 개소; 노선표기 건; 고유 노선명 개; 비율 0~1; 낮은값 순위 1~44,routes_raw를 comma로 분리하고 '노선명(유형)'을 파싱; 유형='마을' 표기를 추출; 동별 마을정류장비율=마을노선 1개 이상 표기 정류장/전체 경계내 정류장; 고유 마을노선=동별 routeName distinct count,2025-08-25 정류장 CSV의 정적 노선 존재 표기만 쓴 1차 스크리닝이다. 배차·운행횟수·방향·시간대·환승·OD·보행권·노선변경을 알 수 없으므로 공급량·접근성·서비스 품질·도입 우선순위로 해석하지 않는다. 순위는 낮은 값 탐색용이다.,area_adjacency=AF16E5259A667F45F5BF7F6B3DF3A22E1A4837C477F6B68DDC26CDCF60E2DFF0|area_scores=455106174A3E492D501F73B8BA55EFD1B7525656638E8109AE015C290C352DE3|bus_stops=BBA5AC0E8F29538F42373B1789179B5B9D2CF0186E0D3A618537C83B74B628D5|facilities=9AA2BC9D9F9E0EC421FB7D23A9C9BF0BD5EDB59EB173A91CB27E6EB2655A1E07|grid_scores=F2B4631D6C4DB1C379BB9CAA13D29A9C055273F1C0D682BAC13EDD19C0A9E9BF|metrics_code=7A3920ABAC99C0EEE1FA013FF751C14428D5AA95E0F1F3F32FCED6B7A49541BA|model_spec=435B1018F2D35A2B421D1827A23C0DC739DC1F827F71189F8F818CE0B0C670E4|source_manifest=86163BE779951590317AB41BE2F9DE18666BC936F1735593673513008868CEC9,population=4D1530F251B312CE6564BA5676093B1043057F46A0FE2A58CF2756AFC530DA7B|one_person=01923C6EBD7440771E4EBE20CAB0648355A18C09D198677C0E265F5E68406A7D|admdongkor_boundary=6A63D079BA8AF4701AB200AD0B54EBDEA8689808B6E0E9F17973B9BA7883DC6A|bus_stops=01B63929056B55D0A8FE372756942FB9A81A89CB121A0CDB1838DDE9ED8555BF|hira_hospital=458D04F264BFE005CB12078699156CA72AD47B52062E0F79B8140E2635086268|hira_pharmacy=65B2B1E7F65BF1EFAF20C826BC1FB03CC24B65B359F4B5B51E1A234B334505A4
4128162200,화정2동,031,8,8,1.1.0,village_bus_static_presence_screen_v1,goyang_mixed_20250825_20260630,population=2026-06-30|onePersonHouseholds=2026-06-30|hiraFacilities=2026-06-30|analysisBoundary=2026-04-01|busStops=2025-08-25,정류장 개소; 노선표기 건; 고유 노선명 개; 비율 0~1; 낮은값 순위 1~44,routes_raw를 comma로 분리하고 '노선명(유형)'을 파싱; 유형='마을' 표기를 추출; 동별 마을정류장비율=마을노선 1개 이상 표기 정류장/전체 경계내 정류장; 고유 마을노선=동별 routeName distinct count,2025-08-25 정류장 CSV의 정적 노선 존재 표기만 쓴 1차 스크리닝이다. 배차·운행횟수·방향·시간대·환승·OD·보행권·노선변경을 알 수 없으므로 공급량·접근성·서비스 품질·도입 우선순위로 해석하지 않는다. 순위는 낮은 값 탐색용이다.,area_adjacency=AF16E5259A667F45F5BF7F6B3DF3A22E1A4837C477F6B68DDC26CDCF60E2DFF0|area_scores=455106174A3E492D501F73B8BA55EFD1B7525656638E8109AE015C290C352DE3|bus_stops=BBA5AC0E8F29538F42373B1789179B5B9D2CF0186E0D3A618537C83B74B628D5|facilities=9AA2BC9D9F9E0EC421FB7D23A9C9BF0BD5EDB59EB173A91CB27E6EB2655A1E07|grid_scores=F2B4631D6C4DB1C379BB9CAA13D29A9C055273F1C0D682BAC13EDD19C0A9E9BF|metrics_code=7A3920ABAC99C0EEE1FA013FF751C14428D5AA95E0F1F3F32FCED6B7A49541BA|model_spec=435B1018F2D35A2B421D1827A23C0DC739DC1F827F71189F8F818CE0B0C670E4|source_manifest=86163BE779951590317AB41BE2F9DE18666BC936F1735593673513008868CEC9,population=4D1530F251B312CE6564BA5676093B1043057F46A0FE2A58CF2756AFC530DA7B|one_person=01923C6EBD7440771E4EBE20CAB0648355A18C09D198677C0E265F5E68406A7D|admdongkor_boundary=6A63D079BA8AF4701AB200AD0B54EBDEA8689808B6E0E9F17973B9BA7883DC6A|bus_stops=01B63929056B55D0A8FE372756942FB9A81A89CB121A0CDB1838DDE9ED8555BF|hira_hospital=458D04F264BFE005CB12078699156CA72AD47B52062E0F79B8140E2635086268|hira_pharmacy=65B2B1E7F65BF1EFAF20C826BC1FB03CC24B65B359F4B5B51E1A234B334505A4
4128162200,화정2동,060,7,7,1.1.0,village_bus_static_presence_screen_v1,goyang_mixed_20250825_20260630,population=2026-06-30|onePersonHouseholds=2026-06-30|hiraFacilities=2026-06-30|analysisBoundary=2026-04-01|busStops=2025-08-25,정류장 개소; 노선표기 건; 고유 노선명 개; 비율 0~1; 낮은값 순위 1~44,routes_raw를 comma로 분리하고 '노선명(유형)'을 파싱; 유형='마을' 표기를 추출; 동별 마을정류장비율=마을노선 1개 이상 표기 정류장/전체 경계내 정류장; 고유 마을노선=동별 routeName distinct count,2025-08-25 정류장 CSV의 정적 노선 존재 표기만 쓴 1차 스크리닝이다. 배차·운행횟수·방향·시간대·환승·OD·보행권·노선변경을 알 수 없으므로 공급량·접근성·서비스 품질·도입 우선순위로 해석하지 않는다. 순위는 낮은 값 탐색용이다.,area_adjacency=AF16E5259A667F45F5BF7F6B3DF3A22E1A4837C477F6B68DDC26CDCF60E2DFF0|area_scores=455106174A3E492D501F73B8BA55EFD1B7525656638E8109AE015C290C352DE3|bus_stops=BBA5AC0E8F29538F42373B1789179B5B9D2CF0186E0D3A618537C83B74B628D5|facilities=9AA2BC9D9F9E0EC421FB7D23A9C9BF0BD5EDB59EB173A91CB27E6EB2655A1E07|grid_scores=F2B4631D6C4DB1C379BB9CAA13D29A9C055273F1C0D682BAC13EDD19C0A9E9BF|metrics_code=7A3920ABAC99C0EEE1FA013FF751C14428D5AA95E0F1F3F32FCED6B7A49541BA|model_spec=435B1018F2D35A2B421D1827A23C0DC739DC1F827F71189F8F818CE0B0C670E4|source_manifest=86163BE779951590317AB41BE2F9DE18666BC936F1735593673513008868CEC9,population=4D1530F251B312CE6564BA5676093B1043057F46A0FE2A58CF2756AFC530DA7B|one_person=01923C6EBD7440771E4EBE20CAB0648355A18C09D198677C0E265F5E68406A7D|admdongkor_boundary=6A63D079BA8AF4701AB200AD0B54EBDEA8689808B6E0E9F17973B9BA7883DC6A|bus_stops=01B63929056B55D0A8FE372756942FB9A81A89CB121A0CDB1838DDE9ED8555BF|hira_hospital=458D04F264BFE005CB12078699156CA72AD47B52062E0F79B8140E2635086268|hira_pharmacy=65B2B1E7F65BF1EFAF20C826BC1FB03CC24B65B359F4B5B51E1A234B334505A4
4128162200,화정2동,065,7,7,1.1.0,village_bus_static_presence_screen_v1,goyang_mixed_20250825_20260630,population=2026-06-30|onePersonHouseholds=2026-06-30|hiraFacilities=2026-06-30|analysisBoundary=2026-04-01|busStops=2025-08-25,정류장 개소; 노선표기 건; 고유 노선명 개; 비율 0~1; 낮은값 순위 1~44,routes_raw를 comma로 분리하고 '노선명(유형)'을 파싱; 유형='마을' 표기를 추출; 동별 마을정류장비율=마을노선 1개 이상 표기 정류장/전체 경계내 정류장; 고유 마을노선=동별 routeName distinct count,2025-08-25 정류장 CSV의 정적 노선 존재 표기만 쓴 1차 스크리닝이다. 배차·운행횟수·방향·시간대·환승·OD·보행권·노선변경을 알 수 없으므로 공급량·접근성·서비스 품질·도입 우선순위로 해석하지 않는다. 순위는 낮은 값 탐색용이다.,area_adjacency=AF16E5259A667F45F5BF7F6B3DF3A22E1A4837C477F6B68DDC26CDCF60E2DFF0|area_scores=455106174A3E492D501F73B8BA55EFD1B7525656638E8109AE015C290C352DE3|bus_stops=BBA5AC0E8F29538F42373B1789179B5B9D2CF0186E0D3A618537C83B74B628D5|facilities=9AA2BC9D9F9E0EC421FB7D23A9C9BF0BD5EDB59EB173A91CB27E6EB2655A1E07|grid_scores=F2B4631D6C4DB1C379BB9CAA13D29A9C055273F1C0D682BAC13EDD19C0A9E9BF|metrics_code=7A3920ABAC99C0EEE1FA013FF751C14428D5AA95E0F1F3F32FCED6B7A49541BA|model_spec=435B1018F2D35A2B421D1827A23C0DC739DC1F827F71189F8F818CE0B0C670E4|source_manifest=86163BE779951590317AB41BE2F9DE18666BC936F1735593673513008868CEC9,population=4D1530F251B312CE6564BA5676093B1043057F46A0FE2A58CF2756AFC530DA7B|one_person=01923C6EBD7440771E4EBE20CAB0648355A18C09D198677C0E265F5E68406A7D|admdongkor_boundary=6A63D079BA8AF4701AB200AD0B54EBDEA8689808B6E0E9F17973B9BA7883DC6A|bus_stops=01B63929056B55D0A8FE372756942FB9A81A89CB121A0CDB1838DDE9ED8555BF|hira_hospital=458D04F264BFE005CB12078699156CA72AD47B52062E0F79B8140E2635086268|hira_pharmacy=65B2B1E7F65BF1EFAF20C826BC1FB03CC24B65B359F4B5B51E1A234B334505A4
4128163000,행주동,011,27,27,1.1.0,village_bus_static_presence_screen_v1,goyang_mixed_20250825_20260630,population=2026-06-30|onePersonHouseholds=2026-06-30|hiraFacilities=2026-06-30|analysisBoundary=2026-04-01|busStops=2025-08-25,정류장 개소; 노선표기 건; 고유 노선명 개; 비율 0~1; 낮은값 순위 1~44,routes_raw를 comma로 분리하고 '노선명(유형)'을 파싱; 유형='마을' 표기를 추출; 동별 마을정류장비율=마을노선 1개 이상 표기 정류장/전체 경계내 정류장; 고유 마을노선=동별 routeName distinct count,2025-08-25 정류장 CSV의 정적 노선 존재 표기만 쓴 1차 스크리닝이다. 배차·운행횟수·방향·시간대·환승·OD·보행권·노선변경을 알 수 없으므로 공급량·접근성·서비스 품질·도입 우선순위로 해석하지 않는다. 순위는 낮은 값 탐색용이다.,area_adjacency=AF16E5259A667F45F5BF7F6B3DF3A22E1A4837C477F6B68DDC26CDCF60E2DFF0|area_scores=455106174A3E492D501F73B8BA55EFD1B7525656638E8109AE015C290C352DE3|bus_stops=BBA5AC0E8F29538F42373B1789179B5B9D2CF0186E0D3A618537C83B74B628D5|facilities=9AA2BC9D9F9E0EC421FB7D23A9C9BF0BD5EDB59EB173A91CB27E6EB2655A1E07|grid_scores=F2B4631D6C4DB1C379BB9CAA13D29A9C055273F1C0D682BAC13EDD19C0A9E9BF|metrics_code=7A3920ABAC99C0EEE1FA013FF751C14428D5AA95E0F1F3F32FCED6B7A49541BA|model_spec=435B1018F2D35A2B421D1827A23C0DC739DC1F827F71189F8F818CE0B0C670E4|source_manifest=86163BE779951590317AB41BE2F9DE18666BC936F1735593673513008868CEC9,population=4D1530F251B312CE6564BA5676093B1043057F46A0FE2A58CF2756AFC530DA7B|one_person=01923C6EBD7440771E4EBE20CAB0648355A18C09D198677C0E265F5E68406A7D|admdongkor_boundary=6A63D079BA8AF4701AB200AD0B54EBDEA8689808B6E0E9F17973B9BA7883DC6A|bus_stops=01B63929056B55D0A8FE372756942FB9A81A89CB121A0CDB1838DDE9ED8555BF|hira_hospital=458D04F264BFE005CB12078699156CA72AD47B52062E0F79B8140E2635086268|hira_pharmacy=65B2B1E7F65BF1EFAF20C826BC1FB03CC24B65B359F4B5B51E1A234B334505A4
4128163000,행주동,029B,3,3,1.1.0,village_bus_static_presence_screen_v1,goyang_mixed_20250825_20260630,population=2026-06-30|onePersonHouseholds=2026-06-30|hiraFacilities=2026-06-30|analysisBoundary=2026-04-01|busStops=2025-08-25,정류장 개소; 노선표기 건; 고유 노선명 개; 비율 0~1; 낮은값 순위 1~44,routes_raw를 comma로 분리하고 '노선명(유형)'을 파싱; 유형='마을' 표기를 추출; 동별 마을정류장비율=마을노선 1개 이상 표기 정류장/전체 경계내 정류장; 고유 마을노선=동별 routeName distinct count,2025-08-25 정류장 CSV의 정적 노선 존재 표기만 쓴 1차 스크리닝이다. 배차·운행횟수·방향·시간대·환승·OD·보행권·노선변경을 알 수 없으므로 공급량·접근성·서비스 품질·도입 우선순위로 해석하지 않는다. 순위는 낮은 값 탐색용이다.,area_adjacency=AF16E5259A667F45F5BF7F6B3DF3A22E1A4837C477F6B68DDC26CDCF60E2DFF0|area_scores=455106174A3E492D501F73B8BA55EFD1B7525656638E8109AE015C290C352DE3|bus_stops=BBA5AC0E8F29538F42373B1789179B5B9D2CF0186E0D3A618537C83B74B628D5|facilities=9AA2BC9D9F9E0EC421FB7D23A9C9BF0BD5EDB59EB173A91CB27E6EB2655A1E07|grid_scores=F2B4631D6C4DB1C379BB9CAA13D29A9C055273F1C0D682BAC13EDD19C0A9E9BF|metrics_code=7A3920ABAC99C0EEE1FA013FF751C14428D5AA95E0F1F3F32FCED6B7A49541BA|model_spec=435B1018F2D35A2B421D1827A23C0DC739DC1F827F71189F8F818CE0B0C670E4|source_manifest=86163BE779951590317AB41BE2F9DE18666BC936F1735593673513008868CEC9,population=4D1530F251B312CE6564BA5676093B1043057F46A0FE2A58CF2756AFC530DA7B|one_person=01923C6EBD7440771E4EBE20CAB0648355A18C09D198677C0E265F5E68406A7D|admdongkor_boundary=6A63D079BA8AF4701AB200AD0B54EBDEA8689808B6E0E9F17973B9BA7883DC6A|bus_stops=01B63929056B55D0A8FE372756942FB9A81A89CB121A0CDB1838DDE9ED8555BF|hira_hospital=458D04F264BFE005CB12078699156CA72AD47B52062E0F79B8140E2635086268|hira_pharmacy=65B2B1E7F65BF1EFAF20C826BC1FB03CC24B65B359F4B5B51E1A234B334505A4
4128163000,행주동,060,10,10,1.1.0,village_bus_static_presence_screen_v1,goyang_mixed_20250825_20260630,population=2026-06-30|onePersonHouseholds=2026-06-30|hiraFacilities=2026-06-30|analysisBoundary=2026-04-01|busStops=2025-08-25,정류장 개소; 노선표기 건; 고유 노선명 개; 비율 0~1; 낮은값 순위 1~44,routes_raw를 comma로 분리하고 '노선명(유형)'을 파싱; 유형='마을' 표기를 추출; 동별 마을정류장비율=마을노선 1개 이상 표기 정류장/전체 경계내 정류장; 고유 마을노선=동별 routeName distinct count,2025-08-25 정류장 CSV의 정적 노선 존재 표기만 쓴 1차 스크리닝이다. 배차·운행횟수·방향·시간대·환승·OD·보행권·노선변경을 알 수 없으므로 공급량·접근성·서비스 품질·도입 우선순위로 해석하지 않는다. 순위는 낮은 값 탐색용이다.,area_adjacency=AF16E5259A667F45F5BF7F6B3DF3A22E1A4837C477F6B68DDC26CDCF60E2DFF0|area_scores=455106174A3E492D501F73B8BA55EFD1B7525656638E8109AE015C290C352DE3|bus_stops=BBA5AC0E8F29538F42373B1789179B5B9D2CF0186E0D3A618537C83B74B628D5|facilities=9AA2BC9D9F9E0EC421FB7D23A9C9BF0BD5EDB59EB173A91CB27E6EB2655A1E07|grid_scores=F2B4631D6C4DB1C379BB9CAA13D29A9C055273F1C0D682BAC13EDD19C0A9E9BF|metrics_code=7A3920ABAC99C0EEE1FA013FF751C14428D5AA95E0F1F3F32FCED6B7A49541BA|model_spec=435B1018F2D35A2B421D1827A23C0DC739DC1F827F71189F8F818CE0B0C670E4|source_manifest=86163BE779951590317AB41BE2F9DE18666BC936F1735593673513008868CEC9,population=4D1530F251B312CE6564BA5676093B1043057F46A0FE2A58CF2756AFC530DA7B|one_person=01923C6EBD7440771E4EBE20CAB0648355A18C09D198677C0E265F5E68406A7D|admdongkor_boundary=6A63D079BA8AF4701AB200AD0B54EBDEA8689808B6E0E9F17973B9BA7883DC6A|bus_stops=01B63929056B55D0A8FE372756942FB9A81A89CB121A0CDB1838DDE9ED8555BF|hira_hospital=458D04F264BFE005CB12078699156CA72AD47B52062E0F79B8140E2635086268|hira_pharmacy=65B2B1E7F65BF1EFAF20C826BC1FB03CC24B65B359F4B5B51E1A234B334505A4
4128163000,행주동,065,10,10,1.1.0,village_bus_static_presence_screen_v1,goyang_mixed_20250825_20260630,population=2026-06-30|onePersonHouseholds=2026-06-30|hiraFacilities=2026-06-30|analysisBoundary=2026-04-01|busStops=2025-08-25,정류장 개소; 노선표기 건; 고유 노선명 개; 비율 0~1; 낮은값 순위 1~44,routes_raw를 comma로 분리하고 '노선명(유형)'을 파싱; 유형='마을' 표기를 추출; 동별 마을정류장비율=마을노선 1개 이상 표기 정류장/전체 경계내 정류장; 고유 마을노선=동별 routeName distinct count,2025-08-25 정류장 CSV의 정적 노선 존재 표기만 쓴 1차 스크리닝이다. 배차·운행횟수·방향·시간대·환승·OD·보행권·노선변경을 알 수 없으므로 공급량·접근성·서비스 품질·도입 우선순위로 해석하지 않는다. 순위는 낮은 값 탐색용이다.,area_adjacency=AF16E5259A667F45F5BF7F6B3DF3A22E1A4837C477F6B68DDC26CDCF60E2DFF0|area_scores=455106174A3E492D501F73B8BA55EFD1B7525656638E8109AE015C290C352DE3|bus_stops=BBA5AC0E8F29538F42373B1789179B5B9D2CF0186E0D3A618537C83B74B628D5|facilities=9AA2BC9D9F9E0EC421FB7D23A9C9BF0BD5EDB59EB173A91CB27E6EB2655A1E07|grid_scores=F2B4631D6C4DB1C379BB9CAA13D29A9C055273F1C0D682BAC13EDD19C0A9E9BF|metrics_code=7A3920ABAC99C0EEE1FA013FF751C14428D5AA95E0F1F3F32FCED6B7A49541BA|model_spec=435B1018F2D35A2B421D1827A23C0DC739DC1F827F71189F8F818CE0B0C670E4|source_manifest=86163BE779951590317AB41BE2F9DE18666BC936F1735593673513008868CEC9,population=4D1530F251B312CE6564BA5676093B1043057F46A0FE2A58CF2756AFC530DA7B|one_person=01923C6EBD7440771E4EBE20CAB0648355A18C09D198677C0E265F5E68406A7D|admdongkor_boundary=6A63D079BA8AF4701AB200AD0B54EBDEA8689808B6E0E9F17973B9BA7883DC6A|bus_stops=01B63929056B55D0A8FE372756942FB9A81A89CB121A0CDB1838DDE9ED8555BF|hira_hospital=458D04F264BFE005CB12078699156CA72AD47B52062E0F79B8140E2635086268|hira_pharmacy=65B2B1E7F65BF1EFAF20C826BC1FB03CC24B65B359F4B5B51E1A234B334505A4
4128163000,행주동,069,2,2,1.1.0,village_bus_static_presence_screen_v1,goyang_mixed_20250825_20260630,population=2026-06-30|onePersonHouseholds=2026-06-30|hiraFacilities=2026-06-30|analysisBoundary=2026-04-01|busStops=2025-08-25,정류장 개소; 노선표기 건; 고유 노선명 개; 비율 0~1; 낮은값 순위 1~44,routes_raw를 comma로 분리하고 '노선명(유형)'을 파싱; 유형='마을' 표기를 추출; 동별 마을정류장비율=마을노선 1개 이상 표기 정류장/전체 경계내 정류장; 고유 마을노선=동별 routeName distinct count,2025-08-25 정류장 CSV의 정적 노선 존재 표기만 쓴 1차 스크리닝이다. 배차·운행횟수·방향·시간대·환승·OD·보행권·노선변경을 알 수 없으므로 공급량·접근성·서비스 품질·도입 우선순위로 해석하지 않는다. 순위는 낮은 값 탐색용이다.,area_adjacency=AF16E5259A667F45F5BF7F6B3DF3A22E1A4837C477F6B68DDC26CDCF60E2DFF0|area_scores=455106174A3E492D501F73B8BA55EFD1B7525656638E8109AE015C290C352DE3|bus_stops=BBA5AC0E8F29538F42373B1789179B5B9D2CF0186E0D3A618537C83B74B628D5|facilities=9AA2BC9D9F9E0EC421FB7D23A9C9BF0BD5EDB59EB173A91CB27E6EB2655A1E07|grid_scores=F2B4631D6C4DB1C379BB9CAA13D29A9C055273F1C0D682BAC13EDD19C0A9E9BF|metrics_code=7A3920ABAC99C0EEE1FA013FF751C14428D5AA95E0F1F3F32FCED6B7A49541BA|model_spec=435B1018F2D35A2B421D1827A23C0DC739DC1F827F71189F8F818CE0B0C670E4|source_manifest=86163BE779951590317AB41BE2F9DE18666BC936F1735593673513008868CEC9,population=4D1530F251B312CE6564BA5676093B1043057F46A0FE2A58CF2756AFC530DA7B|one_person=01923C6EBD7440771E4EBE20CAB0648355A18C09D198677C0E265F5E68406A7D|admdongkor_boundary=6A63D079BA8AF4701AB200AD0B54EBDEA8689808B6E0E9F17973B9BA7883DC6A|bus_stops=01B63929056B55D0A8FE372756942FB9A81A89CB121A0CDB1838DDE9ED8555BF|hira_hospital=458D04F264BFE005CB12078699156CA72AD47B52062E0F79B8140E2635086268|hira_pharmacy=65B2B1E7F65BF1EFAF20C826BC1FB03CC24B65B359F4B5B51E1A234B334505A4
4128163000,행주동,072B,2,2,1.1.0,village_bus_static_presence_screen_v1,goyang_mixed_20250825_20260630,population=2026-06-30|onePersonHouseholds=2026-06-30|hiraFacilities=2026-06-30|analysisBoundary=2026-04-01|busStops=2025-08-25,정류장 개소; 노선표기 건; 고유 노선명 개; 비율 0~1; 낮은값 순위 1~44,routes_raw를 comma로 분리하고 '노선명(유형)'을 파싱; 유형='마을' 표기를 추출; 동별 마을정류장비율=마을노선 1개 이상 표기 정류장/전체 경계내 정류장; 고유 마을노선=동별 routeName distinct count,2025-08-25 정류장 CSV의 정적 노선 존재 표기만 쓴 1차 스크리닝이다. 배차·운행횟수·방향·시간대·환승·OD·보행권·노선변경을 알 수 없으므로 공급량·접근성·서비스 품질·도입 우선순위로 해석하지 않는다. 순위는 낮은 값 탐색용이다.,area_adjacency=AF16E5259A667F45F5BF7F6B3DF3A22E1A4837C477F6B68DDC26CDCF60E2DFF0|area_scores=455106174A3E492D501F73B8BA55EFD1B7525656638E8109AE015C290C352DE3|bus_stops=BBA5AC0E8F29538F42373B1789179B5B9D2CF0186E0D3A618537C83B74B628D5|facilities=9AA2BC9D9F9E0EC421FB7D23A9C9BF0BD5EDB59EB173A91CB27E6EB2655A1E07|grid_scores=F2B4631D6C4DB1C379BB9CAA13D29A9C055273F1C0D682BAC13EDD19C0A9E9BF|metrics_code=7A3920ABAC99C0EEE1FA013FF751C14428D5AA95E0F1F3F32FCED6B7A49541BA|model_spec=435B1018F2D35A2B421D1827A23C0DC739DC1F827F71189F8F818CE0B0C670E4|source_manifest=86163BE779951590317AB41BE2F9DE18666BC936F1735593673513008868CEC9,population=4D1530F251B312CE6564BA5676093B1043057F46A0FE2A58CF2756AFC530DA7B|one_person=01923C6EBD7440771E4EBE20CAB0648355A18C09D198677C0E265F5E68406A7D|admdongkor_boundary=6A63D079BA8AF4701AB200AD0B54EBDEA8689808B6E0E9F17973B9BA7883DC6A|bus_stops=01B63929056B55D0A8FE372756942FB9A81A89CB121A0CDB1838DDE9ED8555BF|hira_hospital=458D04F264BFE005CB12078699156CA72AD47B52062E0F79B8140E2635086268|hira_pharmacy=65B2B1E7F65BF1EFAF20C826BC1FB03CC24B65B359F4B5B51E1A234B334505A4
4128164000,행신1동,011,1,1,1.1.0,village_bus_static_presence_screen_v1,goyang_mixed_20250825_20260630,population=2026-06-30|onePersonHouseholds=2026-06-30|hiraFacilities=2026-06-30|analysisBoundary=2026-04-01|busStops=2025-08-25,정류장 개소; 노선표기 건; 고유 노선명 개; 비율 0~1; 낮은값 순위 1~44,routes_raw를 comma로 분리하고 '노선명(유형)'을 파싱; 유형='마을' 표기를 추출; 동별 마을정류장비율=마을노선 1개 이상 표기 정류장/전체 경계내 정류장; 고유 마을노선=동별 routeName distinct count,2025-08-25 정류장 CSV의 정적 노선 존재 표기만 쓴 1차 스크리닝이다. 배차·운행횟수·방향·시간대·환승·OD·보행권·노선변경을 알 수 없으므로 공급량·접근성·서비스 품질·도입 우선순위로 해석하지 않는다. 순위는 낮은 값 탐색용이다.,area_adjacency=AF16E5259A667F45F5BF7F6B3DF3A22E1A4837C477F6B68DDC26CDCF60E2DFF0|area_scores=455106174A3E492D501F73B8BA55EFD1B7525656638E8109AE015C290C352DE3|bus_stops=BBA5AC0E8F29538F42373B1789179B5B9D2CF0186E0D3A618537C83B74B628D5|facilities=9AA2BC9D9F9E0EC421FB7D23A9C9BF0BD5EDB59EB173A91CB27E6EB2655A1E07|grid_scores=F2B4631D6C4DB1C379BB9CAA13D29A9C055273F1C0D682BAC13EDD19C0A9E9BF|metrics_code=7A3920ABAC99C0EEE1FA013FF751C14428D5AA95E0F1F3F32FCED6B7A49541BA|model_spec=435B1018F2D35A2B421D1827A23C0DC739DC1F827F71189F8F818CE0B0C670E4|source_manifest=86163BE779951590317AB41BE2F9DE18666BC936F1735593673513008868CEC9,population=4D1530F251B312CE6564BA5676093B1043057F46A0FE2A58CF2756AFC530DA7B|one_person=01923C6EBD7440771E4EBE20CAB0648355A18C09D198677C0E265F5E68406A7D|admdongkor_boundary=6A63D079BA8AF4701AB200AD0B54EBDEA8689808B6E0E9F17973B9BA7883DC6A|bus_stops=01B63929056B55D0A8FE372756942FB9A81A89CB121A0CDB1838DDE9ED8555BF|hira_hospital=458D04F264BFE005CB12078699156CA72AD47B52062E0F79B8140E2635086268|hira_pharmacy=65B2B1E7F65BF1EFAF20C826BC1FB03CC24B65B359F4B5B51E1A234B334505A4
4128164000,행신1동,021,1,1,1.1.0,village_bus_static_presence_screen_v1,goyang_mixed_20250825_20260630,population=2026-06-30|onePersonHouseholds=2026-06-30|hiraFacilities=2026-06-30|analysisBoundary=2026-04-01|busStops=2025-08-25,정류장 개소; 노선표기 건; 고유 노선명 개; 비율 0~1; 낮은값 순위 1~44,routes_raw를 comma로 분리하고 '노선명(유형)'을 파싱; 유형='마을' 표기를 추출; 동별 마을정류장비율=마을노선 1개 이상 표기 정류장/전체 경계내 정류장; 고유 마을노선=동별 routeName distinct count,2025-08-25 정류장 CSV의 정적 노선 존재 표기만 쓴 1차 스크리닝이다. 배차·운행횟수·방향·시간대·환승·OD·보행권·노선변경을 알 수 없으므로 공급량·접근성·서비스 품질·도입 우선순위로 해석하지 않는다. 순위는 낮은 값 탐색용이다.,area_adjacency=AF16E5259A667F45F5BF7F6B3DF3A22E1A4837C477F6B68DDC26CDCF60E2DFF0|area_scores=455106174A3E492D501F73B8BA55EFD1B7525656638E8109AE015C290C352DE3|bus_stops=BBA5AC0E8F29538F42373B1789179B5B9D2CF0186E0D3A618537C83B74B628D5|facilities=9AA2BC9D9F9E0EC421FB7D23A9C9BF0BD5EDB59EB173A91CB27E6EB2655A1E07|grid_scores=F2B4631D6C4DB1C379BB9CAA13D29A9C055273F1C0D682BAC13EDD19C0A9E9BF|metrics_code=7A3920ABAC99C0EEE1FA013FF751C14428D5AA95E0F1F3F32FCED6B7A49541BA|model_spec=435B1018F2D35A2B421D1827A23C0DC739DC1F827F71189F8F818CE0B0C670E4|source_manifest=86163BE779951590317AB41BE2F9DE18666BC936F1735593673513008868CEC9,population=4D1530F251B312CE6564BA5676093B1043057F46A0FE2A58CF2756AFC530DA7B|one_person=01923C6EBD7440771E4EBE20CAB0648355A18C09D198677C0E265F5E68406A7D|admdongkor_boundary=6A63D079BA8AF4701AB200AD0B54EBDEA8689808B6E0E9F17973B9BA7883DC6A|bus_stops=01B63929056B55D0A8FE372756942FB9A81A89CB121A0CDB1838DDE9ED8555BF|hira_hospital=458D04F264BFE005CB12078699156CA72AD47B52062E0F79B8140E2635086268|hira_pharmacy=65B2B1E7F65BF1EFAF20C826BC1FB03CC24B65B359F4B5B51E1A234B334505A4
4128164000,행신1동,023,4,4,1.1.0,village_bus_static_presence_screen_v1,goyang_mixed_20250825_20260630,population=2026-06-30|onePersonHouseholds=2026-06-30|hiraFacilities=2026-06-30|analysisBoundary=2026-04-01|busStops=2025-08-25,정류장 개소; 노선표기 건; 고유 노선명 개; 비율 0~1; 낮은값 순위 1~44,routes_raw를 comma로 분리하고 '노선명(유형)'을 파싱; 유형='마을' 표기를 추출; 동별 마을정류장비율=마을노선 1개 이상 표기 정류장/전체 경계내 정류장; 고유 마을노선=동별 routeName distinct count,2025-08-25 정류장 CSV의 정적 노선 존재 표기만 쓴 1차 스크리닝이다. 배차·운행횟수·방향·시간대·환승·OD·보행권·노선변경을 알 수 없으므로 공급량·접근성·서비스 품질·도입 우선순위로 해석하지 않는다. 순위는 낮은 값 탐색용이다.,area_adjacency=AF16E5259A667F45F5BF7F6B3DF3A22E1A4837C477F6B68DDC26CDCF60E2DFF0|area_scores=455106174A3E492D501F73B8BA55EFD1B7525656638E8109AE015C290C352DE3|bus_stops=BBA5AC0E8F29538F42373B1789179B5B9D2CF0186E0D3A618537C83B74B628D5|facilities=9AA2BC9D9F9E0EC421FB7D23A9C9BF0BD5EDB59EB173A91CB27E6EB2655A1E07|grid_scores=F2B4631D6C4DB1C379BB9CAA13D29A9C055273F1C0D682BAC13EDD19C0A9E9BF|metrics_code=7A3920ABAC99C0EEE1FA013FF751C14428D5AA95E0F1F3F32FCED6B7A49541BA|model_spec=435B1018F2D35A2B421D1827A23C0DC739DC1F827F71189F8F818CE0B0C670E4|source_manifest=86163BE779951590317AB41BE2F9DE18666BC936F1735593673513008868CEC9,population=4D1530F251B312CE6564BA5676093B1043057F46A0FE2A58CF2756AFC530DA7B|one_person=01923C6EBD7440771E4EBE20CAB0648355A18C09D198677C0E265F5E68406A7D|admdongkor_boundary=6A63D079BA8AF4701AB200AD0B54EBDEA8689808B6E0E9F17973B9BA7883DC6A|bus_stops=01B63929056B55D0A8FE372756942FB9A81A89CB121A0CDB1838DDE9ED8555BF|hira_hospital=458D04F264BFE005CB12078699156CA72AD47B52062E0F79B8140E2635086268|hira_pharmacy=65B2B1E7F65BF1EFAF20C826BC1FB03CC24B65B359F4B5B51E1A234B334505A4
4128164000,행신1동,024A,1,1,1.1.0,village_bus_static_presence_screen_v1,goyang_mixed_20250825_20260630,population=2026-06-30|onePersonHouseholds=2026-06-30|hiraFacilities=2026-06-30|analysisBoundary=2026-04-01|busStops=2025-08-25,정류장 개소; 노선표기 건; 고유 노선명 개; 비율 0~1; 낮은값 순위 1~44,routes_raw를 comma로 분리하고 '노선명(유형)'을 파싱; 유형='마을' 표기를 추출; 동별 마을정류장비율=마을노선 1개 이상 표기 정류장/전체 경계내 정류장; 고유 마을노선=동별 routeName distinct count,2025-08-25 정류장 CSV의 정적 노선 존재 표기만 쓴 1차 스크리닝이다. 배차·운행횟수·방향·시간대·환승·OD·보행권·노선변경을 알 수 없으므로 공급량·접근성·서비스 품질·도입 우선순위로 해석하지 않는다. 순위는 낮은 값 탐색용이다.,area_adjacency=AF16E5259A667F45F5BF7F6B3DF3A22E1A4837C477F6B68DDC26CDCF60E2DFF0|area_scores=455106174A3E492D501F73B8BA55EFD1B7525656638E8109AE015C290C352DE3|bus_stops=BBA5AC0E8F29538F42373B1789179B5B9D2CF0186E0D3A618537C83B74B628D5|facilities=9AA2BC9D9F9E0EC421FB7D23A9C9BF0BD5EDB59EB173A91CB27E6EB2655A1E07|grid_scores=F2B4631D6C4DB1C379BB9CAA13D29A9C055273F1C0D682BAC13EDD19C0A9E9BF|metrics_code=7A3920ABAC99C0EEE1FA013FF751C14428D5AA95E0F1F3F32FCED6B7A49541BA|model_spec=435B1018F2D35A2B421D1827A23C0DC739DC1F827F71189F8F818CE0B0C670E4|source_manifest=86163BE779951590317AB41BE2F9DE18666BC936F1735593673513008868CEC9,population=4D1530F251B312CE6564BA5676093B1043057F46A0FE2A58CF2756AFC530DA7B|one_person=01923C6EBD7440771E4EBE20CAB0648355A18C09D198677C0E265F5E68406A7D|admdongkor_boundary=6A63D079BA8AF4701AB200AD0B54EBDEA8689808B6E0E9F17973B9BA7883DC6A|bus_stops=01B63929056B55D0A8FE372756942FB9A81A89CB121A0CDB1838DDE9ED8555BF|hira_hospital=458D04F264BFE005CB12078699156CA72AD47B52062E0F79B8140E2635086268|hira_pharmacy=65B2B1E7F65BF1EFAF20C826BC1FB03CC24B65B359F4B5B51E1A234B334505A4
4128164000,행신1동,029B,1,1,1.1.0,village_bus_static_presence_screen_v1,goyang_mixed_20250825_20260630,population=2026-06-30|onePersonHouseholds=2026-06-30|hiraFacilities=2026-06-30|analysisBoundary=2026-04-01|busStops=2025-08-25,정류장 개소; 노선표기 건; 고유 노선명 개; 비율 0~1; 낮은값 순위 1~44,routes_raw를 comma로 분리하고 '노선명(유형)'을 파싱; 유형='마을' 표기를 추출; 동별 마을정류장비율=마을노선 1개 이상 표기 정류장/전체 경계내 정류장; 고유 마을노선=동별 routeName distinct count,2025-08-25 정류장 CSV의 정적 노선 존재 표기만 쓴 1차 스크리닝이다. 배차·운행횟수·방향·시간대·환승·OD·보행권·노선변경을 알 수 없으므로 공급량·접근성·서비스 품질·도입 우선순위로 해석하지 않는다. 순위는 낮은 값 탐색용이다.,area_adjacency=AF16E5259A667F45F5BF7F6B3DF3A22E1A4837C477F6B68DDC26CDCF60E2DFF0|area_scores=455106174A3E492D501F73B8BA55EFD1B7525656638E8109AE015C290C352DE3|bus_stops=BBA5AC0E8F29538F42373B1789179B5B9D2CF0186E0D3A618537C83B74B628D5|facilities=9AA2BC9D9F9E0EC421FB7D23A9C9BF0BD5EDB59EB173A91CB27E6EB2655A1E07|grid_scores=F2B4631D6C4DB1C379BB9CAA13D29A9C055273F1C0D682BAC13EDD19C0A9E9BF|metrics_code=7A3920ABAC99C0EEE1FA013FF751C14428D5AA95E0F1F3F32FCED6B7A49541BA|model_spec=435B1018F2D35A2B421D1827A23C0DC739DC1F827F71189F8F818CE0B0C670E4|source_manifest=86163BE779951590317AB41BE2F9DE18666BC936F1735593673513008868CEC9,population=4D1530F251B312CE6564BA5676093B1043057F46A0FE2A58CF2756AFC530DA7B|one_person=01923C6EBD7440771E4EBE20CAB0648355A18C09D198677C0E265F5E68406A7D|admdongkor_boundary=6A63D079BA8AF4701AB200AD0B54EBDEA8689808B6E0E9F17973B9BA7883DC6A|bus_stops=01B63929056B55D0A8FE372756942FB9A81A89CB121A0CDB1838DDE9ED8555BF|hira_hospital=458D04F264BFE005CB12078699156CA72AD47B52062E0F79B8140E2635086268|hira_pharmacy=65B2B1E7F65BF1EFAF20C826BC1FB03CC24B65B359F4B5B51E1A234B334505A4
4128164000,행신1동,030,4,4,1.1.0,village_bus_static_presence_screen_v1,goyang_mixed_20250825_20260630,population=2026-06-30|onePersonHouseholds=2026-06-30|hiraFacilities=2026-06-30|analysisBoundary=2026-04-01|busStops=2025-08-25,정류장 개소; 노선표기 건; 고유 노선명 개; 비율 0~1; 낮은값 순위 1~44,routes_raw를 comma로 분리하고 '노선명(유형)'을 파싱; 유형='마을' 표기를 추출; 동별 마을정류장비율=마을노선 1개 이상 표기 정류장/전체 경계내 정류장; 고유 마을노선=동별 routeName distinct count,2025-08-25 정류장 CSV의 정적 노선 존재 표기만 쓴 1차 스크리닝이다. 배차·운행횟수·방향·시간대·환승·OD·보행권·노선변경을 알 수 없으므로 공급량·접근성·서비스 품질·도입 우선순위로 해석하지 않는다. 순위는 낮은 값 탐색용이다.,area_adjacency=AF16E5259A667F45F5BF7F6B3DF3A22E1A4837C477F6B68DDC26CDCF60E2DFF0|area_scores=455106174A3E492D501F73B8BA55EFD1B7525656638E8109AE015C290C352DE3|bus_stops=BBA5AC0E8F29538F42373B1789179B5B9D2CF0186E0D3A618537C83B74B628D5|facilities=9AA2BC9D9F9E0EC421FB7D23A9C9BF0BD5EDB59EB173A91CB27E6EB2655A1E07|grid_scores=F2B4631D6C4DB1C379BB9CAA13D29A9C055273F1C0D682BAC13EDD19C0A9E9BF|metrics_code=7A3920ABAC99C0EEE1FA013FF751C14428D5AA95E0F1F3F32FCED6B7A49541BA|model_spec=435B1018F2D35A2B421D1827A23C0DC739DC1F827F71189F8F818CE0B0C670E4|source_manifest=86163BE779951590317AB41BE2F9DE18666BC936F1735593673513008868CEC9,population=4D1530F251B312CE6564BA5676093B1043057F46A0FE2A58CF2756AFC530DA7B|one_person=01923C6EBD7440771E4EBE20CAB0648355A18C09D198677C0E265F5E68406A7D|admdongkor_boundary=6A63D079BA8AF4701AB200AD0B54EBDEA8689808B6E0E9F17973B9BA7883DC6A|bus_stops=01B63929056B55D0A8FE372756942FB9A81A89CB121A0CDB1838DDE9ED8555BF|hira_hospital=458D04F264BFE005CB12078699156CA72AD47B52062E0F79B8140E2635086268|hira_pharmacy=65B2B1E7F65BF1EFAF20C826BC1FB03CC24B65B359F4B5B51E1A234B334505A4
4128164000,행신1동,060,4,4,1.1.0,village_bus_static_presence_screen_v1,goyang_mixed_20250825_20260630,population=2026-06-30|onePersonHouseholds=2026-06-30|hiraFacilities=2026-06-30|analysisBoundary=2026-04-01|busStops=2025-08-25,정류장 개소; 노선표기 건; 고유 노선명 개; 비율 0~1; 낮은값 순위 1~44,routes_raw를 comma로 분리하고 '노선명(유형)'을 파싱; 유형='마을' 표기를 추출; 동별 마을정류장비율=마을노선 1개 이상 표기 정류장/전체 경계내 정류장; 고유 마을노선=동별 routeName distinct count,2025-08-25 정류장 CSV의 정적 노선 존재 표기만 쓴 1차 스크리닝이다. 배차·운행횟수·방향·시간대·환승·OD·보행권·노선변경을 알 수 없으므로 공급량·접근성·서비스 품질·도입 우선순위로 해석하지 않는다. 순위는 낮은 값 탐색용이다.,area_adjacency=AF16E5259A667F45F5BF7F6B3DF3A22E1A4837C477F6B68DDC26CDCF60E2DFF0|area_scores=455106174A3E492D501F73B8BA55EFD1B7525656638E8109AE015C290C352DE3|bus_stops=BBA5AC0E8F29538F42373B1789179B5B9D2CF0186E0D3A618537C83B74B628D5|facilities=9AA2BC9D9F9E0EC421FB7D23A9C9BF0BD5EDB59EB173A91CB27E6EB2655A1E07|grid_scores=F2B4631D6C4DB1C379BB9CAA13D29A9C055273F1C0D682BAC13EDD19C0A9E9BF|metrics_code=7A3920ABAC99C0EEE1FA013FF751C14428D5AA95E0F1F3F32FCED6B7A49541BA|model_spec=435B1018F2D35A2B421D1827A23C0DC739DC1F827F71189F8F818CE0B0C670E4|source_manifest=86163BE779951590317AB41BE2F9DE18666BC936F1735593673513008868CEC9,population=4D1530F251B312CE6564BA5676093B1043057F46A0FE2A58CF2756AFC530DA7B|one_person=01923C6EBD7440771E4EBE20CAB0648355A18C09D198677C0E265F5E68406A7D|admdongkor_boundary=6A63D079BA8AF4701AB200AD0B54EBDEA8689808B6E0E9F17973B9BA7883DC6A|bus_stops=01B63929056B55D0A8FE372756942FB9A81A89CB121A0CDB1838DDE9ED8555BF|hira_hospital=458D04F264BFE005CB12078699156CA72AD47B52062E0F79B8140E2635086268|hira_pharmacy=65B2B1E7F65BF1EFAF20C826BC1FB03CC24B65B359F4B5B51E1A234B334505A4
4128164000,행신1동,065,4,4,1.1.0,village_bus_static_presence_screen_v1,goyang_mixed_20250825_20260630,population=2026-06-30|onePersonHouseholds=2026-06-30|hiraFacilities=2026-06-30|analysisBoundary=2026-04-01|busStops=2025-08-25,정류장 개소; 노선표기 건; 고유 노선명 개; 비율 0~1; 낮은값 순위 1~44,routes_raw를 comma로 분리하고 '노선명(유형)'을 파싱; 유형='마을' 표기를 추출; 동별 마을정류장비율=마을노선 1개 이상 표기 정류장/전체 경계내 정류장; 고유 마을노선=동별 routeName distinct count,2025-08-25 정류장 CSV의 정적 노선 존재 표기만 쓴 1차 스크리닝이다. 배차·운행횟수·방향·시간대·환승·OD·보행권·노선변경을 알 수 없으므로 공급량·접근성·서비스 품질·도입 우선순위로 해석하지 않는다. 순위는 낮은 값 탐색용이다.,area_adjacency=AF16E5259A667F45F5BF7F6B3DF3A22E1A4837C477F6B68DDC26CDCF60E2DFF0|area_scores=455106174A3E492D501F73B8BA55EFD1B7525656638E8109AE015C290C352DE3|bus_stops=BBA5AC0E8F29538F42373B1789179B5B9D2CF0186E0D3A618537C83B74B628D5|facilities=9AA2BC9D9F9E0EC421FB7D23A9C9BF0BD5EDB59EB173A91CB27E6EB2655A1E07|grid_scores=F2B4631D6C4DB1C379BB9CAA13D29A9C055273F1C0D682BAC13EDD19C0A9E9BF|metrics_code=7A3920ABAC99C0EEE1FA013FF751C14428D5AA95E0F1F3F32FCED6B7A49541BA|model_spec=435B1018F2D35A2B421D1827A23C0DC739DC1F827F71189F8F818CE0B0C670E4|source_manifest=86163BE779951590317AB41BE2F9DE18666BC936F1735593673513008868CEC9,population=4D1530F251B312CE6564BA5676093B1043057F46A0FE2A58CF2756AFC530DA7B|one_person=01923C6EBD7440771E4EBE20CAB0648355A18C09D198677C0E265F5E68406A7D|admdongkor_boundary=6A63D079BA8AF4701AB200AD0B54EBDEA8689808B6E0E9F17973B9BA7883DC6A|bus_stops=01B63929056B55D0A8FE372756942FB9A81A89CB121A0CDB1838DDE9ED8555BF|hira_hospital=458D04F264BFE005CB12078699156CA72AD47B52062E0F79B8140E2635086268|hira_pharmacy=65B2B1E7F65BF1EFAF20C826BC1FB03CC24B65B359F4B5B51E1A234B334505A4
4128165000,행신2동,021,11,11,1.1.0,village_bus_static_presence_screen_v1,goyang_mixed_20250825_20260630,population=2026-06-30|onePersonHouseholds=2026-06-30|hiraFacilities=2026-06-30|analysisBoundary=2026-04-01|busStops=2025-08-25,정류장 개소; 노선표기 건; 고유 노선명 개; 비율 0~1; 낮은값 순위 1~44,routes_raw를 comma로 분리하고 '노선명(유형)'을 파싱; 유형='마을' 표기를 추출; 동별 마을정류장비율=마을노선 1개 이상 표기 정류장/전체 경계내 정류장; 고유 마을노선=동별 routeName distinct count,2025-08-25 정류장 CSV의 정적 노선 존재 표기만 쓴 1차 스크리닝이다. 배차·운행횟수·방향·시간대·환승·OD·보행권·노선변경을 알 수 없으므로 공급량·접근성·서비스 품질·도입 우선순위로 해석하지 않는다. 순위는 낮은 값 탐색용이다.,area_adjacency=AF16E5259A667F45F5BF7F6B3DF3A22E1A4837C477F6B68DDC26CDCF60E2DFF0|area_scores=455106174A3E492D501F73B8BA55EFD1B7525656638E8109AE015C290C352DE3|bus_stops=BBA5AC0E8F29538F42373B1789179B5B9D2CF0186E0D3A618537C83B74B628D5|facilities=9AA2BC9D9F9E0EC421FB7D23A9C9BF0BD5EDB59EB173A91CB27E6EB2655A1E07|grid_scores=F2B4631D6C4DB1C379BB9CAA13D29A9C055273F1C0D682BAC13EDD19C0A9E9BF|metrics_code=7A3920ABAC99C0EEE1FA013FF751C14428D5AA95E0F1F3F32FCED6B7A49541BA|model_spec=435B1018F2D35A2B421D1827A23C0DC739DC1F827F71189F8F818CE0B0C670E4|source_manifest=86163BE779951590317AB41BE2F9DE18666BC936F1735593673513008868CEC9,population=4D1530F251B312CE6564BA5676093B1043057F46A0FE2A58CF2756AFC530DA7B|one_person=01923C6EBD7440771E4EBE20CAB0648355A18C09D198677C0E265F5E68406A7D|admdongkor_boundary=6A63D079BA8AF4701AB200AD0B54EBDEA8689808B6E0E9F17973B9BA7883DC6A|bus_stops=01B63929056B55D0A8FE372756942FB9A81A89CB121A0CDB1838DDE9ED8555BF|hira_hospital=458D04F264BFE005CB12078699156CA72AD47B52062E0F79B8140E2635086268|hira_pharmacy=65B2B1E7F65BF1EFAF20C826BC1FB03CC24B65B359F4B5B51E1A234B334505A4
4128165000,행신2동,023,12,12,1.1.0,village_bus_static_presence_screen_v1,goyang_mixed_20250825_20260630,population=2026-06-30|onePersonHouseholds=2026-06-30|hiraFacilities=2026-06-30|analysisBoundary=2026-04-01|busStops=2025-08-25,정류장 개소; 노선표기 건; 고유 노선명 개; 비율 0~1; 낮은값 순위 1~44,routes_raw를 comma로 분리하고 '노선명(유형)'을 파싱; 유형='마을' 표기를 추출; 동별 마을정류장비율=마을노선 1개 이상 표기 정류장/전체 경계내 정류장; 고유 마을노선=동별 routeName distinct count,2025-08-25 정류장 CSV의 정적 노선 존재 표기만 쓴 1차 스크리닝이다. 배차·운행횟수·방향·시간대·환승·OD·보행권·노선변경을 알 수 없으므로 공급량·접근성·서비스 품질·도입 우선순위로 해석하지 않는다. 순위는 낮은 값 탐색용이다.,area_adjacency=AF16E5259A667F45F5BF7F6B3DF3A22E1A4837C477F6B68DDC26CDCF60E2DFF0|area_scores=455106174A3E492D501F73B8BA55EFD1B7525656638E8109AE015C290C352DE3|bus_stops=BBA5AC0E8F29538F42373B1789179B5B9D2CF0186E0D3A618537C83B74B628D5|facilities=9AA2BC9D9F9E0EC421FB7D23A9C9BF0BD5EDB59EB173A91CB27E6EB2655A1E07|grid_scores=F2B4631D6C4DB1C379BB9CAA13D29A9C055273F1C0D682BAC13EDD19C0A9E9BF|metrics_code=7A3920ABAC99C0EEE1FA013FF751C14428D5AA95E0F1F3F32FCED6B7A49541BA|model_spec=435B1018F2D35A2B421D1827A23C0DC739DC1F827F71189F8F818CE0B0C670E4|source_manifest=86163BE779951590317AB41BE2F9DE18666BC936F1735593673513008868CEC9,population=4D1530F251B312CE6564BA5676093B1043057F46A0FE2A58CF2756AFC530DA7B|one_person=01923C6EBD7440771E4EBE20CAB0648355A18C09D198677C0E265F5E68406A7D|admdongkor_boundary=6A63D079BA8AF4701AB200AD0B54EBDEA8689808B6E0E9F17973B9BA7883DC6A|bus_stops=01B63929056B55D0A8FE372756942FB9A81A89CB121A0CDB1838DDE9ED8555BF|hira_hospital=458D04F264BFE005CB12078699156CA72AD47B52062E0F79B8140E2635086268|hira_pharmacy=65B2B1E7F65BF1EFAF20C826BC1FB03CC24B65B359F4B5B51E1A234B334505A4
4128165000,행신2동,024A,8,8,1.1.0,village_bus_static_presence_screen_v1,goyang_mixed_20250825_20260630,population=2026-06-30|onePersonHouseholds=2026-06-30|hiraFacilities=2026-06-30|analysisBoundary=2026-04-01|busStops=2025-08-25,정류장 개소; 노선표기 건; 고유 노선명 개; 비율 0~1; 낮은값 순위 1~44,routes_raw를 comma로 분리하고 '노선명(유형)'을 파싱; 유형='마을' 표기를 추출; 동별 마을정류장비율=마을노선 1개 이상 표기 정류장/전체 경계내 정류장; 고유 마을노선=동별 routeName distinct count,2025-08-25 정류장 CSV의 정적 노선 존재 표기만 쓴 1차 스크리닝이다. 배차·운행횟수·방향·시간대·환승·OD·보행권·노선변경을 알 수 없으므로 공급량·접근성·서비스 품질·도입 우선순위로 해석하지 않는다. 순위는 낮은 값 탐색용이다.,area_adjacency=AF16E5259A667F45F5BF7F6B3DF3A22E1A4837C477F6B68DDC26CDCF60E2DFF0|area_scores=455106174A3E492D501F73B8BA55EFD1B7525656638E8109AE015C290C352DE3|bus_stops=BBA5AC0E8F29538F42373B1789179B5B9D2CF0186E0D3A618537C83B74B628D5|facilities=9AA2BC9D9F9E0EC421FB7D23A9C9BF0BD5EDB59EB173A91CB27E6EB2655A1E07|grid_scores=F2B4631D6C4DB1C379BB9CAA13D29A9C055273F1C0D682BAC13EDD19C0A9E9BF|metrics_code=7A3920ABAC99C0EEE1FA013FF751C14428D5AA95E0F1F3F32FCED6B7A49541BA|model_spec=435B1018F2D35A2B421D1827A23C0DC739DC1F827F71189F8F818CE0B0C670E4|source_manifest=86163BE779951590317AB41BE2F9DE18666BC936F1735593673513008868CEC9,population=4D1530F251B312CE6564BA5676093B1043057F46A0FE2A58CF2756AFC530DA7B|one_person=01923C6EBD7440771E4EBE20CAB0648355A18C09D198677C0E265F5E68406A7D|admdongkor_boundary=6A63D079BA8AF4701AB200AD0B54EBDEA8689808B6E0E9F17973B9BA7883DC6A|bus_stops=01B63929056B55D0A8FE372756942FB9A81A89CB121A0CDB1838DDE9ED8555BF|hira_hospital=458D04F264BFE005CB12078699156CA72AD47B52062E0F79B8140E2635086268|hira_pharmacy=65B2B1E7F65BF1EFAF20C826BC1FB03CC24B65B359F4B5B51E1A234B334505A4
4128165000,행신2동,024B,7,7,1.1.0,village_bus_static_presence_screen_v1,goyang_mixed_20250825_20260630,population=2026-06-30|onePersonHouseholds=2026-06-30|hiraFacilities=2026-06-30|analysisBoundary=2026-04-01|busStops=2025-08-25,정류장 개소; 노선표기 건; 고유 노선명 개; 비율 0~1; 낮은값 순위 1~44,routes_raw를 comma로 분리하고 '노선명(유형)'을 파싱; 유형='마을' 표기를 추출; 동별 마을정류장비율=마을노선 1개 이상 표기 정류장/전체 경계내 정류장; 고유 마을노선=동별 routeName distinct count,2025-08-25 정류장 CSV의 정적 노선 존재 표기만 쓴 1차 스크리닝이다. 배차·운행횟수·방향·시간대·환승·OD·보행권·노선변경을 알 수 없으므로 공급량·접근성·서비스 품질·도입 우선순위로 해석하지 않는다. 순위는 낮은 값 탐색용이다.,area_adjacency=AF16E5259A667F45F5BF7F6B3DF3A22E1A4837C477F6B68DDC26CDCF60E2DFF0|area_scores=455106174A3E492D501F73B8BA55EFD1B7525656638E8109AE015C290C352DE3|bus_stops=BBA5AC0E8F29538F42373B1789179B5B9D2CF0186E0D3A618537C83B74B628D5|facilities=9AA2BC9D9F9E0EC421FB7D23A9C9BF0BD5EDB59EB173A91CB27E6EB2655A1E07|grid_scores=F2B4631D6C4DB1C379BB9CAA13D29A9C055273F1C0D682BAC13EDD19C0A9E9BF|metrics_code=7A3920ABAC99C0EEE1FA013FF751C14428D5AA95E0F1F3F32FCED6B7A49541BA|model_spec=435B1018F2D35A2B421D1827A23C0DC739DC1F827F71189F8F818CE0B0C670E4|source_manifest=86163BE779951590317AB41BE2F9DE18666BC936F1735593673513008868CEC9,population=4D1530F251B312CE6564BA5676093B1043057F46A0FE2A58CF2756AFC530DA7B|one_person=01923C6EBD7440771E4EBE20CAB0648355A18C09D198677C0E265F5E68406A7D|admdongkor_boundary=6A63D079BA8AF4701AB200AD0B54EBDEA8689808B6E0E9F17973B9BA7883DC6A|bus_stops=01B63929056B55D0A8FE372756942FB9A81A89CB121A0CDB1838DDE9ED8555BF|hira_hospital=458D04F264BFE005CB12078699156CA72AD47B52062E0F79B8140E2635086268|hira_pharmacy=65B2B1E7F65BF1EFAF20C826BC1FB03CC24B65B359F4B5B51E1A234B334505A4
4128165000,행신2동,030,27,27,1.1.0,village_bus_static_presence_screen_v1,goyang_mixed_20250825_20260630,population=2026-06-30|onePersonHouseholds=2026-06-30|hiraFacilities=2026-06-30|analysisBoundary=2026-04-01|busStops=2025-08-25,정류장 개소; 노선표기 건; 고유 노선명 개; 비율 0~1; 낮은값 순위 1~44,routes_raw를 comma로 분리하고 '노선명(유형)'을 파싱; 유형='마을' 표기를 추출; 동별 마을정류장비율=마을노선 1개 이상 표기 정류장/전체 경계내 정류장; 고유 마을노선=동별 routeName distinct count,2025-08-25 정류장 CSV의 정적 노선 존재 표기만 쓴 1차 스크리닝이다. 배차·운행횟수·방향·시간대·환승·OD·보행권·노선변경을 알 수 없으므로 공급량·접근성·서비스 품질·도입 우선순위로 해석하지 않는다. 순위는 낮은 값 탐색용이다.,area_adjacency=AF16E5259A667F45F5BF7F6B3DF3A22E1A4837C477F6B68DDC26CDCF60E2DFF0|area_scores=455106174A3E492D501F73B8BA55EFD1B7525656638E8109AE015C290C352DE3|bus_stops=BBA5AC0E8F29538F42373B1789179B5B9D2CF0186E0D3A618537C83B74B628D5|facilities=9AA2BC9D9F9E0EC421FB7D23A9C9BF0BD5EDB59EB173A91CB27E6EB2655A1E07|grid_scores=F2B4631D6C4DB1C379BB9CAA13D29A9C055273F1C0D682BAC13EDD19C0A9E9BF|metrics_code=7A3920ABAC99C0EEE1FA013FF751C14428D5AA95E0F1F3F32FCED6B7A49541BA|model_spec=435B1018F2D35A2B421D1827A23C0DC739DC1F827F71189F8F818CE0B0C670E4|source_manifest=86163BE779951590317AB41BE2F9DE18666BC936F1735593673513008868CEC9,population=4D1530F251B312CE6564BA5676093B1043057F46A0FE2A58CF2756AFC530DA7B|one_person=01923C6EBD7440771E4EBE20CAB0648355A18C09D198677C0E265F5E68406A7D|admdongkor_boundary=6A63D079BA8AF4701AB200AD0B54EBDEA8689808B6E0E9F17973B9BA7883DC6A|bus_stops=01B63929056B55D0A8FE372756942FB9A81A89CB121A0CDB1838DDE9ED8555BF|hira_hospital=458D04F264BFE005CB12078699156CA72AD47B52062E0F79B8140E2635086268|hira_pharmacy=65B2B1E7F65BF1EFAF20C826BC1FB03CC24B65B359F4B5B51E1A234B334505A4
4128165000,행신2동,035,8,8,1.1.0,village_bus_static_presence_screen_v1,goyang_mixed_20250825_20260630,population=2026-06-30|onePersonHouseholds=2026-06-30|hiraFacilities=2026-06-30|analysisBoundary=2026-04-01|busStops=2025-08-25,정류장 개소; 노선표기 건; 고유 노선명 개; 비율 0~1; 낮은값 순위 1~44,routes_raw를 comma로 분리하고 '노선명(유형)'을 파싱; 유형='마을' 표기를 추출; 동별 마을정류장비율=마을노선 1개 이상 표기 정류장/전체 경계내 정류장; 고유 마을노선=동별 routeName distinct count,2025-08-25 정류장 CSV의 정적 노선 존재 표기만 쓴 1차 스크리닝이다. 배차·운행횟수·방향·시간대·환승·OD·보행권·노선변경을 알 수 없으므로 공급량·접근성·서비스 품질·도입 우선순위로 해석하지 않는다. 순위는 낮은 값 탐색용이다.,area_adjacency=AF16E5259A667F45F5BF7F6B3DF3A22E1A4837C477F6B68DDC26CDCF60E2DFF0|area_scores=455106174A3E492D501F73B8BA55EFD1B7525656638E8109AE015C290C352DE3|bus_stops=BBA5AC0E8F29538F42373B1789179B5B9D2CF0186E0D3A618537C83B74B628D5|facilities=9AA2BC9D9F9E0EC421FB7D23A9C9BF0BD5EDB59EB173A91CB27E6EB2655A1E07|grid_scores=F2B4631D6C4DB1C379BB9CAA13D29A9C055273F1C0D682BAC13EDD19C0A9E9BF|metrics_code=7A3920ABAC99C0EEE1FA013FF751C14428D5AA95E0F1F3F32FCED6B7A49541BA|model_spec=435B1018F2D35A2B421D1827A23C0DC739DC1F827F71189F8F818CE0B0C670E4|source_manifest=86163BE779951590317AB41BE2F9DE18666BC936F1735593673513008868CEC9,population=4D1530F251B312CE6564BA5676093B1043057F46A0FE2A58CF2756AFC530DA7B|one_person=01923C6EBD7440771E4EBE20CAB0648355A18C09D198677C0E265F5E68406A7D|admdongkor_boundary=6A63D079BA8AF4701AB200AD0B54EBDEA8689808B6E0E9F17973B9BA7883DC6A|bus_stops=01B63929056B55D0A8FE372756942FB9A81A89CB121A0CDB1838DDE9ED8555BF|hira_hospital=458D04F264BFE005CB12078699156CA72AD47B52062E0F79B8140E2635086268|hira_pharmacy=65B2B1E7F65BF1EFAF20C826BC1FB03CC24B65B359F4B5B51E1A234B334505A4
4128165000,행신2동,060,22,22,1.1.0,village_bus_static_presence_screen_v1,goyang_mixed_20250825_20260630,population=2026-06-30|onePersonHouseholds=2026-06-30|hiraFacilities=2026-06-30|analysisBoundary=2026-04-01|busStops=2025-08-25,정류장 개소; 노선표기 건; 고유 노선명 개; 비율 0~1; 낮은값 순위 1~44,routes_raw를 comma로 분리하고 '노선명(유형)'을 파싱; 유형='마을' 표기를 추출; 동별 마을정류장비율=마을노선 1개 이상 표기 정류장/전체 경계내 정류장; 고유 마을노선=동별 routeName distinct count,2025-08-25 정류장 CSV의 정적 노선 존재 표기만 쓴 1차 스크리닝이다. 배차·운행횟수·방향·시간대·환승·OD·보행권·노선변경을 알 수 없으므로 공급량·접근성·서비스 품질·도입 우선순위로 해석하지 않는다. 순위는 낮은 값 탐색용이다.,area_adjacency=AF16E5259A667F45F5BF7F6B3DF3A22E1A4837C477F6B68DDC26CDCF60E2DFF0|area_scores=455106174A3E492D501F73B8BA55EFD1B7525656638E8109AE015C290C352DE3|bus_stops=BBA5AC0E8F29538F42373B1789179B5B9D2CF0186E0D3A618537C83B74B628D5|facilities=9AA2BC9D9F9E0EC421FB7D23A9C9BF0BD5EDB59EB173A91CB27E6EB2655A1E07|grid_scores=F2B4631D6C4DB1C379BB9CAA13D29A9C055273F1C0D682BAC13EDD19C0A9E9BF|metrics_code=7A3920ABAC99C0EEE1FA013FF751C14428D5AA95E0F1F3F32FCED6B7A49541BA|model_spec=435B1018F2D35A2B421D1827A23C0DC739DC1F827F71189F8F818CE0B0C670E4|source_manifest=86163BE779951590317AB41BE2F9DE18666BC936F1735593673513008868CEC9,population=4D1530F251B312CE6564BA5676093B1043057F46A0FE2A58CF2756AFC530DA7B|one_person=01923C6EBD7440771E4EBE20CAB0648355A18C09D198677C0E265F5E68406A7D|admdongkor_boundary=6A63D079BA8AF4701AB200AD0B54EBDEA8689808B6E0E9F17973B9BA7883DC6A|bus_stops=01B63929056B55D0A8FE372756942FB9A81A89CB121A0CDB1838DDE9ED8555BF|hira_hospital=458D04F264BFE005CB12078699156CA72AD47B52062E0F79B8140E2635086268|hira_pharmacy=65B2B1E7F65BF1EFAF20C826BC1FB03CC24B65B359F4B5B51E1A234B334505A4
4128165000,행신2동,065,22,22,1.1.0,village_bus_static_presence_screen_v1,goyang_mixed_20250825_20260630,population=2026-06-30|onePersonHouseholds=2026-06-30|hiraFacilities=2026-06-30|analysisBoundary=2026-04-01|busStops=2025-08-25,정류장 개소; 노선표기 건; 고유 노선명 개; 비율 0~1; 낮은값 순위 1~44,routes_raw를 comma로 분리하고 '노선명(유형)'을 파싱; 유형='마을' 표기를 추출; 동별 마을정류장비율=마을노선 1개 이상 표기 정류장/전체 경계내 정류장; 고유 마을노선=동별 routeName distinct count,2025-08-25 정류장 CSV의 정적 노선 존재 표기만 쓴 1차 스크리닝이다. 배차·운행횟수·방향·시간대·환승·OD·보행권·노선변경을 알 수 없으므로 공급량·접근성·서비스 품질·도입 우선순위로 해석하지 않는다. 순위는 낮은 값 탐색용이다.,area_adjacency=AF16E5259A667F45F5BF7F6B3DF3A22E1A4837C477F6B68DDC26CDCF60E2DFF0|area_scores=455106174A3E492D501F73B8BA55EFD1B7525656638E8109AE015C290C352DE3|bus_stops=BBA5AC0E8F29538F42373B1789179B5B9D2CF0186E0D3A618537C83B74B628D5|facilities=9AA2BC9D9F9E0EC421FB7D23A9C9BF0BD5EDB59EB173A91CB27E6EB2655A1E07|grid_scores=F2B4631D6C4DB1C379BB9CAA13D29A9C055273F1C0D682BAC13EDD19C0A9E9BF|metrics_code=7A3920ABAC99C0EEE1FA013FF751C14428D5AA95E0F1F3F32FCED6B7A49541BA|model_spec=435B1018F2D35A2B421D1827A23C0DC739DC1F827F71189F8F818CE0B0C670E4|source_manifest=86163BE779951590317AB41BE2F9DE18666BC936F1735593673513008868CEC9,population=4D1530F251B312CE6564BA5676093B1043057F46A0FE2A58CF2756AFC530DA7B|one_person=01923C6EBD7440771E4EBE20CAB0648355A18C09D198677C0E265F5E68406A7D|admdongkor_boundary=6A63D079BA8AF4701AB200AD0B54EBDEA8689808B6E0E9F17973B9BA7883DC6A|bus_stops=01B63929056B55D0A8FE372756942FB9A81A89CB121A0CDB1838DDE9ED8555BF|hira_hospital=458D04F264BFE005CB12078699156CA72AD47B52062E0F79B8140E2635086268|hira_pharmacy=65B2B1E7F65BF1EFAF20C826BC1FB03CC24B65B359F4B5B51E1A234B334505A4
4128165500,행신3동,020,8,8,1.1.0,village_bus_static_presence_screen_v1,goyang_mixed_20250825_20260630,population=2026-06-30|onePersonHouseholds=2026-06-30|hiraFacilities=2026-06-30|analysisBoundary=2026-04-01|busStops=2025-08-25,정류장 개소; 노선표기 건; 고유 노선명 개; 비율 0~1; 낮은값 순위 1~44,routes_raw를 comma로 분리하고 '노선명(유형)'을 파싱; 유형='마을' 표기를 추출; 동별 마을정류장비율=마을노선 1개 이상 표기 정류장/전체 경계내 정류장; 고유 마을노선=동별 routeName distinct count,2025-08-25 정류장 CSV의 정적 노선 존재 표기만 쓴 1차 스크리닝이다. 배차·운행횟수·방향·시간대·환승·OD·보행권·노선변경을 알 수 없으므로 공급량·접근성·서비스 품질·도입 우선순위로 해석하지 않는다. 순위는 낮은 값 탐색용이다.,area_adjacency=AF16E5259A667F45F5BF7F6B3DF3A22E1A4837C477F6B68DDC26CDCF60E2DFF0|area_scores=455106174A3E492D501F73B8BA55EFD1B7525656638E8109AE015C290C352DE3|bus_stops=BBA5AC0E8F29538F42373B1789179B5B9D2CF0186E0D3A618537C83B74B628D5|facilities=9AA2BC9D9F9E0EC421FB7D23A9C9BF0BD5EDB59EB173A91CB27E6EB2655A1E07|grid_scores=F2B4631D6C4DB1C379BB9CAA13D29A9C055273F1C0D682BAC13EDD19C0A9E9BF|metrics_code=7A3920ABAC99C0EEE1FA013FF751C14428D5AA95E0F1F3F32FCED6B7A49541BA|model_spec=435B1018F2D35A2B421D1827A23C0DC739DC1F827F71189F8F818CE0B0C670E4|source_manifest=86163BE779951590317AB41BE2F9DE18666BC936F1735593673513008868CEC9,population=4D1530F251B312CE6564BA5676093B1043057F46A0FE2A58CF2756AFC530DA7B|one_person=01923C6EBD7440771E4EBE20CAB0648355A18C09D198677C0E265F5E68406A7D|admdongkor_boundary=6A63D079BA8AF4701AB200AD0B54EBDEA8689808B6E0E9F17973B9BA7883DC6A|bus_stops=01B63929056B55D0A8FE372756942FB9A81A89CB121A0CDB1838DDE9ED8555BF|hira_hospital=458D04F264BFE005CB12078699156CA72AD47B52062E0F79B8140E2635086268|hira_pharmacy=65B2B1E7F65BF1EFAF20C826BC1FB03CC24B65B359F4B5B51E1A234B334505A4
4128165500,행신3동,021,8,8,1.1.0,village_bus_static_presence_screen_v1,goyang_mixed_20250825_20260630,population=2026-06-30|onePersonHouseholds=2026-06-30|hiraFacilities=2026-06-30|analysisBoundary=2026-04-01|busStops=2025-08-25,정류장 개소; 노선표기 건; 고유 노선명 개; 비율 0~1; 낮은값 순위 1~44,routes_raw를 comma로 분리하고 '노선명(유형)'을 파싱; 유형='마을' 표기를 추출; 동별 마을정류장비율=마을노선 1개 이상 표기 정류장/전체 경계내 정류장; 고유 마을노선=동별 routeName distinct count,2025-08-25 정류장 CSV의 정적 노선 존재 표기만 쓴 1차 스크리닝이다. 배차·운행횟수·방향·시간대·환승·OD·보행권·노선변경을 알 수 없으므로 공급량·접근성·서비스 품질·도입 우선순위로 해석하지 않는다. 순위는 낮은 값 탐색용이다.,area_adjacency=AF16E5259A667F45F5BF7F6B3DF3A22E1A4837C477F6B68DDC26CDCF60E2DFF0|area_scores=455106174A3E492D501F73B8BA55EFD1B7525656638E8109AE015C290C352DE3|bus_stops=BBA5AC0E8F29538F42373B1789179B5B9D2CF0186E0D3A618537C83B74B628D5|facilities=9AA2BC9D9F9E0EC421FB7D23A9C9BF0BD5EDB59EB173A91CB27E6EB2655A1E07|grid_scores=F2B4631D6C4DB1C379BB9CAA13D29A9C055273F1C0D682BAC13EDD19C0A9E9BF|metrics_code=7A3920ABAC99C0EEE1FA013FF751C14428D5AA95E0F1F3F32FCED6B7A49541BA|model_spec=435B1018F2D35A2B421D1827A23C0DC739DC1F827F71189F8F818CE0B0C670E4|source_manifest=86163BE779951590317AB41BE2F9DE18666BC936F1735593673513008868CEC9,population=4D1530F251B312CE6564BA5676093B1043057F46A0FE2A58CF2756AFC530DA7B|one_person=01923C6EBD7440771E4EBE20CAB0648355A18C09D198677C0E265F5E68406A7D|admdongkor_boundary=6A63D079BA8AF4701AB200AD0B54EBDEA8689808B6E0E9F17973B9BA7883DC6A|bus_stops=01B63929056B55D0A8FE372756942FB9A81A89CB121A0CDB1838DDE9ED8555BF|hira_hospital=458D04F264BFE005CB12078699156CA72AD47B52062E0F79B8140E2635086268|hira_pharmacy=65B2B1E7F65BF1EFAF20C826BC1FB03CC24B65B359F4B5B51E1A234B334505A4
4128165500,행신3동,023,9,9,1.1.0,village_bus_static_presence_screen_v1,goyang_mixed_20250825_20260630,population=2026-06-30|onePersonHouseholds=2026-06-30|hiraFacilities=2026-06-30|analysisBoundary=2026-04-01|busStops=2025-08-25,정류장 개소; 노선표기 건; 고유 노선명 개; 비율 0~1; 낮은값 순위 1~44,routes_raw를 comma로 분리하고 '노선명(유형)'을 파싱; 유형='마을' 표기를 추출; 동별 마을정류장비율=마을노선 1개 이상 표기 정류장/전체 경계내 정류장; 고유 마을노선=동별 routeName distinct count,2025-08-25 정류장 CSV의 정적 노선 존재 표기만 쓴 1차 스크리닝이다. 배차·운행횟수·방향·시간대·환승·OD·보행권·노선변경을 알 수 없으므로 공급량·접근성·서비스 품질·도입 우선순위로 해석하지 않는다. 순위는 낮은 값 탐색용이다.,area_adjacency=AF16E5259A667F45F5BF7F6B3DF3A22E1A4837C477F6B68DDC26CDCF60E2DFF0|area_scores=455106174A3E492D501F73B8BA55EFD1B7525656638E8109AE015C290C352DE3|bus_stops=BBA5AC0E8F29538F42373B1789179B5B9D2CF0186E0D3A618537C83B74B628D5|facilities=9AA2BC9D9F9E0EC421FB7D23A9C9BF0BD5EDB59EB173A91CB27E6EB2655A1E07|grid_scores=F2B4631D6C4DB1C379BB9CAA13D29A9C055273F1C0D682BAC13EDD19C0A9E9BF|metrics_code=7A3920ABAC99C0EEE1FA013FF751C14428D5AA95E0F1F3F32FCED6B7A49541BA|model_spec=435B1018F2D35A2B421D1827A23C0DC739DC1F827F71189F8F818CE0B0C670E4|source_manifest=86163BE779951590317AB41BE2F9DE18666BC936F1735593673513008868CEC9,population=4D1530F251B312CE6564BA5676093B1043057F46A0FE2A58CF2756AFC530DA7B|one_person=01923C6EBD7440771E4EBE20CAB0648355A18C09D198677C0E265F5E68406A7D|admdongkor_boundary=6A63D079BA8AF4701AB200AD0B54EBDEA8689808B6E0E9F17973B9BA7883DC6A|bus_stops=01B63929056B55D0A8FE372756942FB9A81A89CB121A0CDB1838DDE9ED8555BF|hira_hospital=458D04F264BFE005CB12078699156CA72AD47B52062E0F79B8140E2635086268|hira_pharmacy=65B2B1E7F65BF1EFAF20C826BC1FB03CC24B65B359F4B5B51E1A234B334505A4
4128165600,행신4동,020,7,7,1.1.0,village_bus_static_presence_screen_v1,goyang_mixed_20250825_20260630,population=2026-06-30|onePersonHouseholds=2026-06-30|hiraFacilities=2026-06-30|analysisBoundary=2026-04-01|busStops=2025-08-25,정류장 개소; 노선표기 건; 고유 노선명 개; 비율 0~1; 낮은값 순위 1~44,routes_raw를 comma로 분리하고 '노선명(유형)'을 파싱; 유형='마을' 표기를 추출; 동별 마을정류장비율=마을노선 1개 이상 표기 정류장/전체 경계내 정류장; 고유 마을노선=동별 routeName distinct count,2025-08-25 정류장 CSV의 정적 노선 존재 표기만 쓴 1차 스크리닝이다. 배차·운행횟수·방향·시간대·환승·OD·보행권·노선변경을 알 수 없으므로 공급량·접근성·서비스 품질·도입 우선순위로 해석하지 않는다. 순위는 낮은 값 탐색용이다.,area_adjacency=AF16E5259A667F45F5BF7F6B3DF3A22E1A4837C477F6B68DDC26CDCF60E2DFF0|area_scores=455106174A3E492D501F73B8BA55EFD1B7525656638E8109AE015C290C352DE3|bus_stops=BBA5AC0E8F29538F42373B1789179B5B9D2CF0186E0D3A618537C83B74B628D5|facilities=9AA2BC9D9F9E0EC421FB7D23A9C9BF0BD5EDB59EB173A91CB27E6EB2655A1E07|grid_scores=F2B4631D6C4DB1C379BB9CAA13D29A9C055273F1C0D682BAC13EDD19C0A9E9BF|metrics_code=7A3920ABAC99C0EEE1FA013FF751C14428D5AA95E0F1F3F32FCED6B7A49541BA|model_spec=435B1018F2D35A2B421D1827A23C0DC739DC1F827F71189F8F818CE0B0C670E4|source_manifest=86163BE779951590317AB41BE2F9DE18666BC936F1735593673513008868CEC9,population=4D1530F251B312CE6564BA5676093B1043057F46A0FE2A58CF2756AFC530DA7B|one_person=01923C6EBD7440771E4EBE20CAB0648355A18C09D198677C0E265F5E68406A7D|admdongkor_boundary=6A63D079BA8AF4701AB200AD0B54EBDEA8689808B6E0E9F17973B9BA7883DC6A|bus_stops=01B63929056B55D0A8FE372756942FB9A81A89CB121A0CDB1838DDE9ED8555BF|hira_hospital=458D04F264BFE005CB12078699156CA72AD47B52062E0F79B8140E2635086268|hira_pharmacy=65B2B1E7F65BF1EFAF20C826BC1FB03CC24B65B359F4B5B51E1A234B334505A4
4128165600,행신4동,021,14,14,1.1.0,village_bus_static_presence_screen_v1,goyang_mixed_20250825_20260630,population=2026-06-30|onePersonHouseholds=2026-06-30|hiraFacilities=2026-06-30|analysisBoundary=2026-04-01|busStops=2025-08-25,정류장 개소; 노선표기 건; 고유 노선명 개; 비율 0~1; 낮은값 순위 1~44,routes_raw를 comma로 분리하고 '노선명(유형)'을 파싱; 유형='마을' 표기를 추출; 동별 마을정류장비율=마을노선 1개 이상 표기 정류장/전체 경계내 정류장; 고유 마을노선=동별 routeName distinct count,2025-08-25 정류장 CSV의 정적 노선 존재 표기만 쓴 1차 스크리닝이다. 배차·운행횟수·방향·시간대·환승·OD·보행권·노선변경을 알 수 없으므로 공급량·접근성·서비스 품질·도입 우선순위로 해석하지 않는다. 순위는 낮은 값 탐색용이다.,area_adjacency=AF16E5259A667F45F5BF7F6B3DF3A22E1A4837C477F6B68DDC26CDCF60E2DFF0|area_scores=455106174A3E492D501F73B8BA55EFD1B7525656638E8109AE015C290C352DE3|bus_stops=BBA5AC0E8F29538F42373B1789179B5B9D2CF0186E0D3A618537C83B74B628D5|facilities=9AA2BC9D9F9E0EC421FB7D23A9C9BF0BD5EDB59EB173A91CB27E6EB2655A1E07|grid_scores=F2B4631D6C4DB1C379BB9CAA13D29A9C055273F1C0D682BAC13EDD19C0A9E9BF|metrics_code=7A3920ABAC99C0EEE1FA013FF751C14428D5AA95E0F1F3F32FCED6B7A49541BA|model_spec=435B1018F2D35A2B421D1827A23C0DC739DC1F827F71189F8F818CE0B0C670E4|source_manifest=86163BE779951590317AB41BE2F9DE18666BC936F1735593673513008868CEC9,population=4D1530F251B312CE6564BA5676093B1043057F46A0FE2A58CF2756AFC530DA7B|one_person=01923C6EBD7440771E4EBE20CAB0648355A18C09D198677C0E265F5E68406A7D|admdongkor_boundary=6A63D079BA8AF4701AB200AD0B54EBDEA8689808B6E0E9F17973B9BA7883DC6A|bus_stops=01B63929056B55D0A8FE372756942FB9A81A89CB121A0CDB1838DDE9ED8555BF|hira_hospital=458D04F264BFE005CB12078699156CA72AD47B52062E0F79B8140E2635086268|hira_pharmacy=65B2B1E7F65BF1EFAF20C826BC1FB03CC24B65B359F4B5B51E1A234B334505A4
4128165600,행신4동,023,6,6,1.1.0,village_bus_static_presence_screen_v1,goyang_mixed_20250825_20260630,population=2026-06-30|onePersonHouseholds=2026-06-30|hiraFacilities=2026-06-30|analysisBoundary=2026-04-01|busStops=2025-08-25,정류장 개소; 노선표기 건; 고유 노선명 개; 비율 0~1; 낮은값 순위 1~44,routes_raw를 comma로 분리하고 '노선명(유형)'을 파싱; 유형='마을' 표기를 추출; 동별 마을정류장비율=마을노선 1개 이상 표기 정류장/전체 경계내 정류장; 고유 마을노선=동별 routeName distinct count,2025-08-25 정류장 CSV의 정적 노선 존재 표기만 쓴 1차 스크리닝이다. 배차·운행횟수·방향·시간대·환승·OD·보행권·노선변경을 알 수 없으므로 공급량·접근성·서비스 품질·도입 우선순위로 해석하지 않는다. 순위는 낮은 값 탐색용이다.,area_adjacency=AF16E5259A667F45F5BF7F6B3DF3A22E1A4837C477F6B68DDC26CDCF60E2DFF0|area_scores=455106174A3E492D501F73B8BA55EFD1B7525656638E8109AE015C290C352DE3|bus_stops=BBA5AC0E8F29538F42373B1789179B5B9D2CF0186E0D3A618537C83B74B628D5|facilities=9AA2BC9D9F9E0EC421FB7D23A9C9BF0BD5EDB59EB173A91CB27E6EB2655A1E07|grid_scores=F2B4631D6C4DB1C379BB9CAA13D29A9C055273F1C0D682BAC13EDD19C0A9E9BF|metrics_code=7A3920ABAC99C0EEE1FA013FF751C14428D5AA95E0F1F3F32FCED6B7A49541BA|model_spec=435B1018F2D35A2B421D1827A23C0DC739DC1F827F71189F8F818CE0B0C670E4|source_manifest=86163BE779951590317AB41BE2F9DE18666BC936F1735593673513008868CEC9,population=4D1530F251B312CE6564BA5676093B1043057F46A0FE2A58CF2756AFC530DA7B|one_person=01923C6EBD7440771E4EBE20CAB0648355A18C09D198677C0E265F5E68406A7D|admdongkor_boundary=6A63D079BA8AF4701AB200AD0B54EBDEA8689808B6E0E9F17973B9BA7883DC6A|bus_stops=01B63929056B55D0A8FE372756942FB9A81A89CB121A0CDB1838DDE9ED8555BF|hira_hospital=458D04F264BFE005CB12078699156CA72AD47B52062E0F79B8140E2635086268|hira_pharmacy=65B2B1E7F65BF1EFAF20C826BC1FB03CC24B65B359F4B5B51E1A234B334505A4
4128165600,행신4동,024A,7,7,1.1.0,village_bus_static_presence_screen_v1,goyang_mixed_20250825_20260630,population=2026-06-30|onePersonHouseholds=2026-06-30|hiraFacilities=2026-06-30|analysisBoundary=2026-04-01|busStops=2025-08-25,정류장 개소; 노선표기 건; 고유 노선명 개; 비율 0~1; 낮은값 순위 1~44,routes_raw를 comma로 분리하고 '노선명(유형)'을 파싱; 유형='마을' 표기를 추출; 동별 마을정류장비율=마을노선 1개 이상 표기 정류장/전체 경계내 정류장; 고유 마을노선=동별 routeName distinct count,2025-08-25 정류장 CSV의 정적 노선 존재 표기만 쓴 1차 스크리닝이다. 배차·운행횟수·방향·시간대·환승·OD·보행권·노선변경을 알 수 없으므로 공급량·접근성·서비스 품질·도입 우선순위로 해석하지 않는다. 순위는 낮은 값 탐색용이다.,area_adjacency=AF16E5259A667F45F5BF7F6B3DF3A22E1A4837C477F6B68DDC26CDCF60E2DFF0|area_scores=455106174A3E492D501F73B8BA55EFD1B7525656638E8109AE015C290C352DE3|bus_stops=BBA5AC0E8F29538F42373B1789179B5B9D2CF0186E0D3A618537C83B74B628D5|facilities=9AA2BC9D9F9E0EC421FB7D23A9C9BF0BD5EDB59EB173A91CB27E6EB2655A1E07|grid_scores=F2B4631D6C4DB1C379BB9CAA13D29A9C055273F1C0D682BAC13EDD19C0A9E9BF|metrics_code=7A3920ABAC99C0EEE1FA013FF751C14428D5AA95E0F1F3F32FCED6B7A49541BA|model_spec=435B1018F2D35A2B421D1827A23C0DC739DC1F827F71189F8F818CE0B0C670E4|source_manifest=86163BE779951590317AB41BE2F9DE18666BC936F1735593673513008868CEC9,population=4D1530F251B312CE6564BA5676093B1043057F46A0FE2A58CF2756AFC530DA7B|one_person=01923C6EBD7440771E4EBE20CAB0648355A18C09D198677C0E265F5E68406A7D|admdongkor_boundary=6A63D079BA8AF4701AB200AD0B54EBDEA8689808B6E0E9F17973B9BA7883DC6A|bus_stops=01B63929056B55D0A8FE372756942FB9A81A89CB121A0CDB1838DDE9ED8555BF|hira_hospital=458D04F264BFE005CB12078699156CA72AD47B52062E0F79B8140E2635086268|hira_pharmacy=65B2B1E7F65BF1EFAF20C826BC1FB03CC24B65B359F4B5B51E1A234B334505A4
4128165600,행신4동,024B,3,3,1.1.0,village_bus_static_presence_screen_v1,goyang_mixed_20250825_20260630,population=2026-06-30|onePersonHouseholds=2026-06-30|hiraFacilities=2026-06-30|analysisBoundary=2026-04-01|busStops=2025-08-25,정류장 개소; 노선표기 건; 고유 노선명 개; 비율 0~1; 낮은값 순위 1~44,routes_raw를 comma로 분리하고 '노선명(유형)'을 파싱; 유형='마을' 표기를 추출; 동별 마을정류장비율=마을노선 1개 이상 표기 정류장/전체 경계내 정류장; 고유 마을노선=동별 routeName distinct count,2025-08-25 정류장 CSV의 정적 노선 존재 표기만 쓴 1차 스크리닝이다. 배차·운행횟수·방향·시간대·환승·OD·보행권·노선변경을 알 수 없으므로 공급량·접근성·서비스 품질·도입 우선순위로 해석하지 않는다. 순위는 낮은 값 탐색용이다.,area_adjacency=AF16E5259A667F45F5BF7F6B3DF3A22E1A4837C477F6B68DDC26CDCF60E2DFF0|area_scores=455106174A3E492D501F73B8BA55EFD1B7525656638E8109AE015C290C352DE3|bus_stops=BBA5AC0E8F29538F42373B1789179B5B9D2CF0186E0D3A618537C83B74B628D5|facilities=9AA2BC9D9F9E0EC421FB7D23A9C9BF0BD5EDB59EB173A91CB27E6EB2655A1E07|grid_scores=F2B4631D6C4DB1C379BB9CAA13D29A9C055273F1C0D682BAC13EDD19C0A9E9BF|metrics_code=7A3920ABAC99C0EEE1FA013FF751C14428D5AA95E0F1F3F32FCED6B7A49541BA|model_spec=435B1018F2D35A2B421D1827A23C0DC739DC1F827F71189F8F818CE0B0C670E4|source_manifest=86163BE779951590317AB41BE2F9DE18666BC936F1735593673513008868CEC9,population=4D1530F251B312CE6564BA5676093B1043057F46A0FE2A58CF2756AFC530DA7B|one_person=01923C6EBD7440771E4EBE20CAB0648355A18C09D198677C0E265F5E68406A7D|admdongkor_boundary=6A63D079BA8AF4701AB200AD0B54EBDEA8689808B6E0E9F17973B9BA7883DC6A|bus_stops=01B63929056B55D0A8FE372756942FB9A81A89CB121A0CDB1838DDE9ED8555BF|hira_hospital=458D04F264BFE005CB12078699156CA72AD47B52062E0F79B8140E2635086268|hira_pharmacy=65B2B1E7F65BF1EFAF20C826BC1FB03CC24B65B359F4B5B51E1A234B334505A4
4128165600,행신4동,035,6,6,1.1.0,village_bus_static_presence_screen_v1,goyang_mixed_20250825_20260630,population=2026-06-30|onePersonHouseholds=2026-06-30|hiraFacilities=2026-06-30|analysisBoundary=2026-04-01|busStops=2025-08-25,정류장 개소; 노선표기 건; 고유 노선명 개; 비율 0~1; 낮은값 순위 1~44,routes_raw를 comma로 분리하고 '노선명(유형)'을 파싱; 유형='마을' 표기를 추출; 동별 마을정류장비율=마을노선 1개 이상 표기 정류장/전체 경계내 정류장; 고유 마을노선=동별 routeName distinct count,2025-08-25 정류장 CSV의 정적 노선 존재 표기만 쓴 1차 스크리닝이다. 배차·운행횟수·방향·시간대·환승·OD·보행권·노선변경을 알 수 없으므로 공급량·접근성·서비스 품질·도입 우선순위로 해석하지 않는다. 순위는 낮은 값 탐색용이다.,area_adjacency=AF16E5259A667F45F5BF7F6B3DF3A22E1A4837C477F6B68DDC26CDCF60E2DFF0|area_scores=455106174A3E492D501F73B8BA55EFD1B7525656638E8109AE015C290C352DE3|bus_stops=BBA5AC0E8F29538F42373B1789179B5B9D2CF0186E0D3A618537C83B74B628D5|facilities=9AA2BC9D9F9E0EC421FB7D23A9C9BF0BD5EDB59EB173A91CB27E6EB2655A1E07|grid_scores=F2B4631D6C4DB1C379BB9CAA13D29A9C055273F1C0D682BAC13EDD19C0A9E9BF|metrics_code=7A3920ABAC99C0EEE1FA013FF751C14428D5AA95E0F1F3F32FCED6B7A49541BA|model_spec=435B1018F2D35A2B421D1827A23C0DC739DC1F827F71189F8F818CE0B0C670E4|source_manifest=86163BE779951590317AB41BE2F9DE18666BC936F1735593673513008868CEC9,population=4D1530F251B312CE6564BA5676093B1043057F46A0FE2A58CF2756AFC530DA7B|one_person=01923C6EBD7440771E4EBE20CAB0648355A18C09D198677C0E265F5E68406A7D|admdongkor_boundary=6A63D079BA8AF4701AB200AD0B54EBDEA8689808B6E0E9F17973B9BA7883DC6A|bus_stops=01B63929056B55D0A8FE372756942FB9A81A89CB121A0CDB1838DDE9ED8555BF|hira_hospital=458D04F264BFE005CB12078699156CA72AD47B52062E0F79B8140E2635086268|hira_pharmacy=65B2B1E7F65BF1EFAF20C826BC1FB03CC24B65B359F4B5B51E1A234B334505A4
4128165600,행신4동,065,4,4,1.1.0,village_bus_static_presence_screen_v1,goyang_mixed_20250825_20260630,population=2026-06-30|onePersonHouseholds=2026-06-30|hiraFacilities=2026-06-30|analysisBoundary=2026-04-01|busStops=2025-08-25,정류장 개소; 노선표기 건; 고유 노선명 개; 비율 0~1; 낮은값 순위 1~44,routes_raw를 comma로 분리하고 '노선명(유형)'을 파싱; 유형='마을' 표기를 추출; 동별 마을정류장비율=마을노선 1개 이상 표기 정류장/전체 경계내 정류장; 고유 마을노선=동별 routeName distinct count,2025-08-25 정류장 CSV의 정적 노선 존재 표기만 쓴 1차 스크리닝이다. 배차·운행횟수·방향·시간대·환승·OD·보행권·노선변경을 알 수 없으므로 공급량·접근성·서비스 품질·도입 우선순위로 해석하지 않는다. 순위는 낮은 값 탐색용이다.,area_adjacency=AF16E5259A667F45F5BF7F6B3DF3A22E1A4837C477F6B68DDC26CDCF60E2DFF0|area_scores=455106174A3E492D501F73B8BA55EFD1B7525656638E8109AE015C290C352DE3|bus_stops=BBA5AC0E8F29538F42373B1789179B5B9D2CF0186E0D3A618537C83B74B628D5|facilities=9AA2BC9D9F9E0EC421FB7D23A9C9BF0BD5EDB59EB173A91CB27E6EB2655A1E07|grid_scores=F2B4631D6C4DB1C379BB9CAA13D29A9C055273F1C0D682BAC13EDD19C0A9E9BF|metrics_code=7A3920ABAC99C0EEE1FA013FF751C14428D5AA95E0F1F3F32FCED6B7A49541BA|model_spec=435B1018F2D35A2B421D1827A23C0DC739DC1F827F71189F8F818CE0B0C670E4|source_manifest=86163BE779951590317AB41BE2F9DE18666BC936F1735593673513008868CEC9,population=4D1530F251B312CE6564BA5676093B1043057F46A0FE2A58CF2756AFC530DA7B|one_person=01923C6EBD7440771E4EBE20CAB0648355A18C09D198677C0E265F5E68406A7D|admdongkor_boundary=6A63D079BA8AF4701AB200AD0B54EBDEA8689808B6E0E9F17973B9BA7883DC6A|bus_stops=01B63929056B55D0A8FE372756942FB9A81A89CB121A0CDB1838DDE9ED8555BF|hira_hospital=458D04F264BFE005CB12078699156CA72AD47B52062E0F79B8140E2635086268|hira_pharmacy=65B2B1E7F65BF1EFAF20C826BC1FB03CC24B65B359F4B5B51E1A234B334505A4
4128166000,화전동,022A,17,17,1.1.0,village_bus_static_presence_screen_v1,goyang_mixed_20250825_20260630,population=2026-06-30|onePersonHouseholds=2026-06-30|hiraFacilities=2026-06-30|analysisBoundary=2026-04-01|busStops=2025-08-25,정류장 개소; 노선표기 건; 고유 노선명 개; 비율 0~1; 낮은값 순위 1~44,routes_raw를 comma로 분리하고 '노선명(유형)'을 파싱; 유형='마을' 표기를 추출; 동별 마을정류장비율=마을노선 1개 이상 표기 정류장/전체 경계내 정류장; 고유 마을노선=동별 routeName distinct count,2025-08-25 정류장 CSV의 정적 노선 존재 표기만 쓴 1차 스크리닝이다. 배차·운행횟수·방향·시간대·환승·OD·보행권·노선변경을 알 수 없으므로 공급량·접근성·서비스 품질·도입 우선순위로 해석하지 않는다. 순위는 낮은 값 탐색용이다.,area_adjacency=AF16E5259A667F45F5BF7F6B3DF3A22E1A4837C477F6B68DDC26CDCF60E2DFF0|area_scores=455106174A3E492D501F73B8BA55EFD1B7525656638E8109AE015C290C352DE3|bus_stops=BBA5AC0E8F29538F42373B1789179B5B9D2CF0186E0D3A618537C83B74B628D5|facilities=9AA2BC9D9F9E0EC421FB7D23A9C9BF0BD5EDB59EB173A91CB27E6EB2655A1E07|grid_scores=F2B4631D6C4DB1C379BB9CAA13D29A9C055273F1C0D682BAC13EDD19C0A9E9BF|metrics_code=7A3920ABAC99C0EEE1FA013FF751C14428D5AA95E0F1F3F32FCED6B7A49541BA|model_spec=435B1018F2D35A2B421D1827A23C0DC739DC1F827F71189F8F818CE0B0C670E4|source_manifest=86163BE779951590317AB41BE2F9DE18666BC936F1735593673513008868CEC9,population=4D1530F251B312CE6564BA5676093B1043057F46A0FE2A58CF2756AFC530DA7B|one_person=01923C6EBD7440771E4EBE20CAB0648355A18C09D198677C0E265F5E68406A7D|admdongkor_boundary=6A63D079BA8AF4701AB200AD0B54EBDEA8689808B6E0E9F17973B9BA7883DC6A|bus_stops=01B63929056B55D0A8FE372756942FB9A81A89CB121A0CDB1838DDE9ED8555BF|hira_hospital=458D04F264BFE005CB12078699156CA72AD47B52062E0F79B8140E2635086268|hira_pharmacy=65B2B1E7F65BF1EFAF20C826BC1FB03CC24B65B359F4B5B51E1A234B334505A4
4128166000,화전동,022B,12,12,1.1.0,village_bus_static_presence_screen_v1,goyang_mixed_20250825_20260630,population=2026-06-30|onePersonHouseholds=2026-06-30|hiraFacilities=2026-06-30|analysisBoundary=2026-04-01|busStops=2025-08-25,정류장 개소; 노선표기 건; 고유 노선명 개; 비율 0~1; 낮은값 순위 1~44,routes_raw를 comma로 분리하고 '노선명(유형)'을 파싱; 유형='마을' 표기를 추출; 동별 마을정류장비율=마을노선 1개 이상 표기 정류장/전체 경계내 정류장; 고유 마을노선=동별 routeName distinct count,2025-08-25 정류장 CSV의 정적 노선 존재 표기만 쓴 1차 스크리닝이다. 배차·운행횟수·방향·시간대·환승·OD·보행권·노선변경을 알 수 없으므로 공급량·접근성·서비스 품질·도입 우선순위로 해석하지 않는다. 순위는 낮은 값 탐색용이다.,area_adjacency=AF16E5259A667F45F5BF7F6B3DF3A22E1A4837C477F6B68DDC26CDCF60E2DFF0|area_scores=455106174A3E492D501F73B8BA55EFD1B7525656638E8109AE015C290C352DE3|bus_stops=BBA5AC0E8F29538F42373B1789179B5B9D2CF0186E0D3A618537C83B74B628D5|facilities=9AA2BC9D9F9E0EC421FB7D23A9C9BF0BD5EDB59EB173A91CB27E6EB2655A1E07|grid_scores=F2B4631D6C4DB1C379BB9CAA13D29A9C055273F1C0D682BAC13EDD19C0A9E9BF|metrics_code=7A3920ABAC99C0EEE1FA013FF751C14428D5AA95E0F1F3F32FCED6B7A49541BA|model_spec=435B1018F2D35A2B421D1827A23C0DC739DC1F827F71189F8F818CE0B0C670E4|source_manifest=86163BE779951590317AB41BE2F9DE18666BC936F1735593673513008868CEC9,population=4D1530F251B312CE6564BA5676093B1043057F46A0FE2A58CF2756AFC530DA7B|one_person=01923C6EBD7440771E4EBE20CAB0648355A18C09D198677C0E265F5E68406A7D|admdongkor_boundary=6A63D079BA8AF4701AB200AD0B54EBDEA8689808B6E0E9F17973B9BA7883DC6A|bus_stops=01B63929056B55D0A8FE372756942FB9A81A89CB121A0CDB1838DDE9ED8555BF|hira_hospital=458D04F264BFE005CB12078699156CA72AD47B52062E0F79B8140E2635086268|hira_pharmacy=65B2B1E7F65BF1EFAF20C826BC1FB03CC24B65B359F4B5B51E1A234B334505A4
4128166000,화전동,042,25,25,1.1.0,village_bus_static_presence_screen_v1,goyang_mixed_20250825_20260630,population=2026-06-30|onePersonHouseholds=2026-06-30|hiraFacilities=2026-06-30|analysisBoundary=2026-04-01|busStops=2025-08-25,정류장 개소; 노선표기 건; 고유 노선명 개; 비율 0~1; 낮은값 순위 1~44,routes_raw를 comma로 분리하고 '노선명(유형)'을 파싱; 유형='마을' 표기를 추출; 동별 마을정류장비율=마을노선 1개 이상 표기 정류장/전체 경계내 정류장; 고유 마을노선=동별 routeName distinct count,2025-08-25 정류장 CSV의 정적 노선 존재 표기만 쓴 1차 스크리닝이다. 배차·운행횟수·방향·시간대·환승·OD·보행권·노선변경을 알 수 없으므로 공급량·접근성·서비스 품질·도입 우선순위로 해석하지 않는다. 순위는 낮은 값 탐색용이다.,area_adjacency=AF16E5259A667F45F5BF7F6B3DF3A22E1A4837C477F6B68DDC26CDCF60E2DFF0|area_scores=455106174A3E492D501F73B8BA55EFD1B7525656638E8109AE015C290C352DE3|bus_stops=BBA5AC0E8F29538F42373B1789179B5B9D2CF0186E0D3A618537C83B74B628D5|facilities=9AA2BC9D9F9E0EC421FB7D23A9C9BF0BD5EDB59EB173A91CB27E6EB2655A1E07|grid_scores=F2B4631D6C4DB1C379BB9CAA13D29A9C055273F1C0D682BAC13EDD19C0A9E9BF|metrics_code=7A3920ABAC99C0EEE1FA013FF751C14428D5AA95E0F1F3F32FCED6B7A49541BA|model_spec=435B1018F2D35A2B421D1827A23C0DC739DC1F827F71189F8F818CE0B0C670E4|source_manifest=86163BE779951590317AB41BE2F9DE18666BC936F1735593673513008868CEC9,population=4D1530F251B312CE6564BA5676093B1043057F46A0FE2A58CF2756AFC530DA7B|one_person=01923C6EBD7440771E4EBE20CAB0648355A18C09D198677C0E265F5E68406A7D|admdongkor_boundary=6A63D079BA8AF4701AB200AD0B54EBDEA8689808B6E0E9F17973B9BA7883DC6A|bus_stops=01B63929056B55D0A8FE372756942FB9A81A89CB121A0CDB1838DDE9ED8555BF|hira_hospital=458D04F264BFE005CB12078699156CA72AD47B52062E0F79B8140E2635086268|hira_pharmacy=65B2B1E7F65BF1EFAF20C826BC1FB03CC24B65B359F4B5B51E1A234B334505A4
4128166000,화전동,075A,18,18,1.1.0,village_bus_static_presence_screen_v1,goyang_mixed_20250825_20260630,population=2026-06-30|onePersonHouseholds=2026-06-30|hiraFacilities=2026-06-30|analysisBoundary=2026-04-01|busStops=2025-08-25,정류장 개소; 노선표기 건; 고유 노선명 개; 비율 0~1; 낮은값 순위 1~44,routes_raw를 comma로 분리하고 '노선명(유형)'을 파싱; 유형='마을' 표기를 추출; 동별 마을정류장비율=마을노선 1개 이상 표기 정류장/전체 경계내 정류장; 고유 마을노선=동별 routeName distinct count,2025-08-25 정류장 CSV의 정적 노선 존재 표기만 쓴 1차 스크리닝이다. 배차·운행횟수·방향·시간대·환승·OD·보행권·노선변경을 알 수 없으므로 공급량·접근성·서비스 품질·도입 우선순위로 해석하지 않는다. 순위는 낮은 값 탐색용이다.,area_adjacency=AF16E5259A667F45F5BF7F6B3DF3A22E1A4837C477F6B68DDC26CDCF60E2DFF0|area_scores=455106174A3E492D501F73B8BA55EFD1B7525656638E8109AE015C290C352DE3|bus_stops=BBA5AC0E8F29538F42373B1789179B5B9D2CF0186E0D3A618537C83B74B628D5|facilities=9AA2BC9D9F9E0EC421FB7D23A9C9BF0BD5EDB59EB173A91CB27E6EB2655A1E07|grid_scores=F2B4631D6C4DB1C379BB9CAA13D29A9C055273F1C0D682BAC13EDD19C0A9E9BF|metrics_code=7A3920ABAC99C0EEE1FA013FF751C14428D5AA95E0F1F3F32FCED6B7A49541BA|model_spec=435B1018F2D35A2B421D1827A23C0DC739DC1F827F71189F8F818CE0B0C670E4|source_manifest=86163BE779951590317AB41BE2F9DE18666BC936F1735593673513008868CEC9,population=4D1530F251B312CE6564BA5676093B1043057F46A0FE2A58CF2756AFC530DA7B|one_person=01923C6EBD7440771E4EBE20CAB0648355A18C09D198677C0E265F5E68406A7D|admdongkor_boundary=6A63D079BA8AF4701AB200AD0B54EBDEA8689808B6E0E9F17973B9BA7883DC6A|bus_stops=01B63929056B55D0A8FE372756942FB9A81A89CB121A0CDB1838DDE9ED8555BF|hira_hospital=458D04F264BFE005CB12078699156CA72AD47B52062E0F79B8140E2635086268|hira_pharmacy=65B2B1E7F65BF1EFAF20C826BC1FB03CC24B65B359F4B5B51E1A234B334505A4
4128166000,화전동,075B,11,11,1.1.0,village_bus_static_presence_screen_v1,goyang_mixed_20250825_20260630,population=2026-06-30|onePersonHouseholds=2026-06-30|hiraFacilities=2026-06-30|analysisBoundary=2026-04-01|busStops=2025-08-25,정류장 개소; 노선표기 건; 고유 노선명 개; 비율 0~1; 낮은값 순위 1~44,routes_raw를 comma로 분리하고 '노선명(유형)'을 파싱; 유형='마을' 표기를 추출; 동별 마을정류장비율=마을노선 1개 이상 표기 정류장/전체 경계내 정류장; 고유 마을노선=동별 routeName distinct count,2025-08-25 정류장 CSV의 정적 노선 존재 표기만 쓴 1차 스크리닝이다. 배차·운행횟수·방향·시간대·환승·OD·보행권·노선변경을 알 수 없으므로 공급량·접근성·서비스 품질·도입 우선순위로 해석하지 않는다. 순위는 낮은 값 탐색용이다.,area_adjacency=AF16E5259A667F45F5BF7F6B3DF3A22E1A4837C477F6B68DDC26CDCF60E2DFF0|area_scores=455106174A3E492D501F73B8BA55EFD1B7525656638E8109AE015C290C352DE3|bus_stops=BBA5AC0E8F29538F42373B1789179B5B9D2CF0186E0D3A618537C83B74B628D5|facilities=9AA2BC9D9F9E0EC421FB7D23A9C9BF0BD5EDB59EB173A91CB27E6EB2655A1E07|grid_scores=F2B4631D6C4DB1C379BB9CAA13D29A9C055273F1C0D682BAC13EDD19C0A9E9BF|metrics_code=7A3920ABAC99C0EEE1FA013FF751C14428D5AA95E0F1F3F32FCED6B7A49541BA|model_spec=435B1018F2D35A2B421D1827A23C0DC739DC1F827F71189F8F818CE0B0C670E4|source_manifest=86163BE779951590317AB41BE2F9DE18666BC936F1735593673513008868CEC9,population=4D1530F251B312CE6564BA5676093B1043057F46A0FE2A58CF2756AFC530DA7B|one_person=01923C6EBD7440771E4EBE20CAB0648355A18C09D198677C0E265F5E68406A7D|admdongkor_boundary=6A63D079BA8AF4701AB200AD0B54EBDEA8689808B6E0E9F17973B9BA7883DC6A|bus_stops=01B63929056B55D0A8FE372756942FB9A81A89CB121A0CDB1838DDE9ED8555BF|hira_hospital=458D04F264BFE005CB12078699156CA72AD47B52062E0F79B8140E2635086268|hira_pharmacy=65B2B1E7F65BF1EFAF20C826BC1FB03CC24B65B359F4B5B51E1A234B334505A4
4128167000,대덕동,022A,37,37,1.1.0,village_bus_static_presence_screen_v1,goyang_mixed_20250825_20260630,population=2026-06-30|onePersonHouseholds=2026-06-30|hiraFacilities=2026-06-30|analysisBoundary=2026-04-01|busStops=2025-08-25,정류장 개소; 노선표기 건; 고유 노선명 개; 비율 0~1; 낮은값 순위 1~44,routes_raw를 comma로 분리하고 '노선명(유형)'을 파싱; 유형='마을' 표기를 추출; 동별 마을정류장비율=마을노선 1개 이상 표기 정류장/전체 경계내 정류장; 고유 마을노선=동별 routeName distinct count,2025-08-25 정류장 CSV의 정적 노선 존재 표기만 쓴 1차 스크리닝이다. 배차·운행횟수·방향·시간대·환승·OD·보행권·노선변경을 알 수 없으므로 공급량·접근성·서비스 품질·도입 우선순위로 해석하지 않는다. 순위는 낮은 값 탐색용이다.,area_adjacency=AF16E5259A667F45F5BF7F6B3DF3A22E1A4837C477F6B68DDC26CDCF60E2DFF0|area_scores=455106174A3E492D501F73B8BA55EFD1B7525656638E8109AE015C290C352DE3|bus_stops=BBA5AC0E8F29538F42373B1789179B5B9D2CF0186E0D3A618537C83B74B628D5|facilities=9AA2BC9D9F9E0EC421FB7D23A9C9BF0BD5EDB59EB173A91CB27E6EB2655A1E07|grid_scores=F2B4631D6C4DB1C379BB9CAA13D29A9C055273F1C0D682BAC13EDD19C0A9E9BF|metrics_code=7A3920ABAC99C0EEE1FA013FF751C14428D5AA95E0F1F3F32FCED6B7A49541BA|model_spec=435B1018F2D35A2B421D1827A23C0DC739DC1F827F71189F8F818CE0B0C670E4|source_manifest=86163BE779951590317AB41BE2F9DE18666BC936F1735593673513008868CEC9,population=4D1530F251B312CE6564BA5676093B1043057F46A0FE2A58CF2756AFC530DA7B|one_person=01923C6EBD7440771E4EBE20CAB0648355A18C09D198677C0E265F5E68406A7D|admdongkor_boundary=6A63D079BA8AF4701AB200AD0B54EBDEA8689808B6E0E9F17973B9BA7883DC6A|bus_stops=01B63929056B55D0A8FE372756942FB9A81A89CB121A0CDB1838DDE9ED8555BF|hira_hospital=458D04F264BFE005CB12078699156CA72AD47B52062E0F79B8140E2635086268|hira_pharmacy=65B2B1E7F65BF1EFAF20C826BC1FB03CC24B65B359F4B5B51E1A234B334505A4
4128167000,대덕동,022B,20,20,1.1.0,village_bus_static_presence_screen_v1,goyang_mixed_20250825_20260630,population=2026-06-30|onePersonHouseholds=2026-06-30|hiraFacilities=2026-06-30|analysisBoundary=2026-04-01|busStops=2025-08-25,정류장 개소; 노선표기 건; 고유 노선명 개; 비율 0~1; 낮은값 순위 1~44,routes_raw를 comma로 분리하고 '노선명(유형)'을 파싱; 유형='마을' 표기를 추출; 동별 마을정류장비율=마을노선 1개 이상 표기 정류장/전체 경계내 정류장; 고유 마을노선=동별 routeName distinct count,2025-08-25 정류장 CSV의 정적 노선 존재 표기만 쓴 1차 스크리닝이다. 배차·운행횟수·방향·시간대·환승·OD·보행권·노선변경을 알 수 없으므로 공급량·접근성·서비스 품질·도입 우선순위로 해석하지 않는다. 순위는 낮은 값 탐색용이다.,area_adjacency=AF16E5259A667F45F5BF7F6B3DF3A22E1A4837C477F6B68DDC26CDCF60E2DFF0|area_scores=455106174A3E492D501F73B8BA55EFD1B7525656638E8109AE015C290C352DE3|bus_stops=BBA5AC0E8F29538F42373B1789179B5B9D2CF0186E0D3A618537C83B74B628D5|facilities=9AA2BC9D9F9E0EC421FB7D23A9C9BF0BD5EDB59EB173A91CB27E6EB2655A1E07|grid_scores=F2B4631D6C4DB1C379BB9CAA13D29A9C055273F1C0D682BAC13EDD19C0A9E9BF|metrics_code=7A3920ABAC99C0EEE1FA013FF751C14428D5AA95E0F1F3F32FCED6B7A49541BA|model_spec=435B1018F2D35A2B421D1827A23C0DC739DC1F827F71189F8F818CE0B0C670E4|source_manifest=86163BE779951590317AB41BE2F9DE18666BC936F1735593673513008868CEC9,population=4D1530F251B312CE6564BA5676093B1043057F46A0FE2A58CF2756AFC530DA7B|one_person=01923C6EBD7440771E4EBE20CAB0648355A18C09D198677C0E265F5E68406A7D|admdongkor_boundary=6A63D079BA8AF4701AB200AD0B54EBDEA8689808B6E0E9F17973B9BA7883DC6A|bus_stops=01B63929056B55D0A8FE372756942FB9A81A89CB121A0CDB1838DDE9ED8555BF|hira_hospital=458D04F264BFE005CB12078699156CA72AD47B52062E0F79B8140E2635086268|hira_pharmacy=65B2B1E7F65BF1EFAF20C826BC1FB03CC24B65B359F4B5B51E1A234B334505A4
4128167000,대덕동,054,20,20,1.1.0,village_bus_static_presence_screen_v1,goyang_mixed_20250825_20260630,population=2026-06-30|onePersonHouseholds=2026-06-30|hiraFacilities=2026-06-30|analysisBoundary=2026-04-01|busStops=2025-08-25,정류장 개소; 노선표기 건; 고유 노선명 개; 비율 0~1; 낮은값 순위 1~44,routes_raw를 comma로 분리하고 '노선명(유형)'을 파싱; 유형='마을' 표기를 추출; 동별 마을정류장비율=마을노선 1개 이상 표기 정류장/전체 경계내 정류장; 고유 마을노선=동별 routeName distinct count,2025-08-25 정류장 CSV의 정적 노선 존재 표기만 쓴 1차 스크리닝이다. 배차·운행횟수·방향·시간대·환승·OD·보행권·노선변경을 알 수 없으므로 공급량·접근성·서비스 품질·도입 우선순위로 해석하지 않는다. 순위는 낮은 값 탐색용이다.,area_adjacency=AF16E5259A667F45F5BF7F6B3DF3A22E1A4837C477F6B68DDC26CDCF60E2DFF0|area_scores=455106174A3E492D501F73B8BA55EFD1B7525656638E8109AE015C290C352DE3|bus_stops=BBA5AC0E8F29538F42373B1789179B5B9D2CF0186E0D3A618537C83B74B628D5|facilities=9AA2BC9D9F9E0EC421FB7D23A9C9BF0BD5EDB59EB173A91CB27E6EB2655A1E07|grid_scores=F2B4631D6C4DB1C379BB9CAA13D29A9C055273F1C0D682BAC13EDD19C0A9E9BF|metrics_code=7A3920ABAC99C0EEE1FA013FF751C14428D5AA95E0F1F3F32FCED6B7A49541BA|model_spec=435B1018F2D35A2B421D1827A23C0DC739DC1F827F71189F8F818CE0B0C670E4|source_manifest=86163BE779951590317AB41BE2F9DE18666BC936F1735593673513008868CEC9,population=4D1530F251B312CE6564BA5676093B1043057F46A0FE2A58CF2756AFC530DA7B|one_person=01923C6EBD7440771E4EBE20CAB0648355A18C09D198677C0E265F5E68406A7D|admdongkor_boundary=6A63D079BA8AF4701AB200AD0B54EBDEA8689808B6E0E9F17973B9BA7883DC6A|bus_stops=01B63929056B55D0A8FE372756942FB9A81A89CB121A0CDB1838DDE9ED8555BF|hira_hospital=458D04F264BFE005CB12078699156CA72AD47B52062E0F79B8140E2635086268|hira_pharmacy=65B2B1E7F65BF1EFAF20C826BC1FB03CC24B65B359F4B5B51E1A234B334505A4
4128167000,대덕동,064,17,17,1.1.0,village_bus_static_presence_screen_v1,goyang_mixed_20250825_20260630,population=2026-06-30|onePersonHouseholds=2026-06-30|hiraFacilities=2026-06-30|analysisBoundary=2026-04-01|busStops=2025-08-25,정류장 개소; 노선표기 건; 고유 노선명 개; 비율 0~1; 낮은값 순위 1~44,routes_raw를 comma로 분리하고 '노선명(유형)'을 파싱; 유형='마을' 표기를 추출; 동별 마을정류장비율=마을노선 1개 이상 표기 정류장/전체 경계내 정류장; 고유 마을노선=동별 routeName distinct count,2025-08-25 정류장 CSV의 정적 노선 존재 표기만 쓴 1차 스크리닝이다. 배차·운행횟수·방향·시간대·환승·OD·보행권·노선변경을 알 수 없으므로 공급량·접근성·서비스 품질·도입 우선순위로 해석하지 않는다. 순위는 낮은 값 탐색용이다.,area_adjacency=AF16E5259A667F45F5BF7F6B3DF3A22E1A4837C477F6B68DDC26CDCF60E2DFF0|area_scores=455106174A3E492D501F73B8BA55EFD1B7525656638E8109AE015C290C352DE3|bus_stops=BBA5AC0E8F29538F42373B1789179B5B9D2CF0186E0D3A618537C83B74B628D5|facilities=9AA2BC9D9F9E0EC421FB7D23A9C9BF0BD5EDB59EB173A91CB27E6EB2655A1E07|grid_scores=F2B4631D6C4DB1C379BB9CAA13D29A9C055273F1C0D682BAC13EDD19C0A9E9BF|metrics_code=7A3920ABAC99C0EEE1FA013FF751C14428D5AA95E0F1F3F32FCED6B7A49541BA|model_spec=435B1018F2D35A2B421D1827A23C0DC739DC1F827F71189F8F818CE0B0C670E4|source_manifest=86163BE779951590317AB41BE2F9DE18666BC936F1735593673513008868CEC9,population=4D1530F251B312CE6564BA5676093B1043057F46A0FE2A58CF2756AFC530DA7B|one_person=01923C6EBD7440771E4EBE20CAB0648355A18C09D198677C0E265F5E68406A7D|admdongkor_boundary=6A63D079BA8AF4701AB200AD0B54EBDEA8689808B6E0E9F17973B9BA7883DC6A|bus_stops=01B63929056B55D0A8FE372756942FB9A81A89CB121A0CDB1838DDE9ED8555BF|hira_hospital=458D04F264BFE005CB12078699156CA72AD47B52062E0F79B8140E2635086268|hira_pharmacy=65B2B1E7F65BF1EFAF20C826BC1FB03CC24B65B359F4B5B51E1A234B334505A4
4128551000,식사동,097,33,33,1.1.0,village_bus_static_presence_screen_v1,goyang_mixed_20250825_20260630,population=2026-06-30|onePersonHouseholds=2026-06-30|hiraFacilities=2026-06-30|analysisBoundary=2026-04-01|busStops=2025-08-25,정류장 개소; 노선표기 건; 고유 노선명 개; 비율 0~1; 낮은값 순위 1~44,routes_raw를 comma로 분리하고 '노선명(유형)'을 파싱; 유형='마을' 표기를 추출; 동별 마을정류장비율=마을노선 1개 이상 표기 정류장/전체 경계내 정류장; 고유 마을노선=동별 routeName distinct count,2025-08-25 정류장 CSV의 정적 노선 존재 표기만 쓴 1차 스크리닝이다. 배차·운행횟수·방향·시간대·환승·OD·보행권·노선변경을 알 수 없으므로 공급량·접근성·서비스 품질·도입 우선순위로 해석하지 않는다. 순위는 낮은 값 탐색용이다.,area_adjacency=AF16E5259A667F45F5BF7F6B3DF3A22E1A4837C477F6B68DDC26CDCF60E2DFF0|area_scores=455106174A3E492D501F73B8BA55EFD1B7525656638E8109AE015C290C352DE3|bus_stops=BBA5AC0E8F29538F42373B1789179B5B9D2CF0186E0D3A618537C83B74B628D5|facilities=9AA2BC9D9F9E0EC421FB7D23A9C9BF0BD5EDB59EB173A91CB27E6EB2655A1E07|grid_scores=F2B4631D6C4DB1C379BB9CAA13D29A9C055273F1C0D682BAC13EDD19C0A9E9BF|metrics_code=7A3920ABAC99C0EEE1FA013FF751C14428D5AA95E0F1F3F32FCED6B7A49541BA|model_spec=435B1018F2D35A2B421D1827A23C0DC739DC1F827F71189F8F818CE0B0C670E4|source_manifest=86163BE779951590317AB41BE2F9DE18666BC936F1735593673513008868CEC9,population=4D1530F251B312CE6564BA5676093B1043057F46A0FE2A58CF2756AFC530DA7B|one_person=01923C6EBD7440771E4EBE20CAB0648355A18C09D198677C0E265F5E68406A7D|admdongkor_boundary=6A63D079BA8AF4701AB200AD0B54EBDEA8689808B6E0E9F17973B9BA7883DC6A|bus_stops=01B63929056B55D0A8FE372756942FB9A81A89CB121A0CDB1838DDE9ED8555BF|hira_hospital=458D04F264BFE005CB12078699156CA72AD47B52062E0F79B8140E2635086268|hira_pharmacy=65B2B1E7F65BF1EFAF20C826BC1FB03CC24B65B359F4B5B51E1A234B334505A4
4128551000,식사동,099,15,15,1.1.0,village_bus_static_presence_screen_v1,goyang_mixed_20250825_20260630,population=2026-06-30|onePersonHouseholds=2026-06-30|hiraFacilities=2026-06-30|analysisBoundary=2026-04-01|busStops=2025-08-25,정류장 개소; 노선표기 건; 고유 노선명 개; 비율 0~1; 낮은값 순위 1~44,routes_raw를 comma로 분리하고 '노선명(유형)'을 파싱; 유형='마을' 표기를 추출; 동별 마을정류장비율=마을노선 1개 이상 표기 정류장/전체 경계내 정류장; 고유 마을노선=동별 routeName distinct count,2025-08-25 정류장 CSV의 정적 노선 존재 표기만 쓴 1차 스크리닝이다. 배차·운행횟수·방향·시간대·환승·OD·보행권·노선변경을 알 수 없으므로 공급량·접근성·서비스 품질·도입 우선순위로 해석하지 않는다. 순위는 낮은 값 탐색용이다.,area_adjacency=AF16E5259A667F45F5BF7F6B3DF3A22E1A4837C477F6B68DDC26CDCF60E2DFF0|area_scores=455106174A3E492D501F73B8BA55EFD1B7525656638E8109AE015C290C352DE3|bus_stops=BBA5AC0E8F29538F42373B1789179B5B9D2CF0186E0D3A618537C83B74B628D5|facilities=9AA2BC9D9F9E0EC421FB7D23A9C9BF0BD5EDB59EB173A91CB27E6EB2655A1E07|grid_scores=F2B4631D6C4DB1C379BB9CAA13D29A9C055273F1C0D682BAC13EDD19C0A9E9BF|metrics_code=7A3920ABAC99C0EEE1FA013FF751C14428D5AA95E0F1F3F32FCED6B7A49541BA|model_spec=435B1018F2D35A2B421D1827A23C0DC739DC1F827F71189F8F818CE0B0C670E4|source_manifest=86163BE779951590317AB41BE2F9DE18666BC936F1735593673513008868CEC9,population=4D1530F251B312CE6564BA5676093B1043057F46A0FE2A58CF2756AFC530DA7B|one_person=01923C6EBD7440771E4EBE20CAB0648355A18C09D198677C0E265F5E68406A7D|admdongkor_boundary=6A63D079BA8AF4701AB200AD0B54EBDEA8689808B6E0E9F17973B9BA7883DC6A|bus_stops=01B63929056B55D0A8FE372756942FB9A81A89CB121A0CDB1838DDE9ED8555BF|hira_hospital=458D04F264BFE005CB12078699156CA72AD47B52062E0F79B8140E2635086268|hira_pharmacy=65B2B1E7F65BF1EFAF20C826BC1FB03CC24B65B359F4B5B51E1A234B334505A4
4128552500,중산1동,066,1,1,1.1.0,village_bus_static_presence_screen_v1,goyang_mixed_20250825_20260630,population=2026-06-30|onePersonHouseholds=2026-06-30|hiraFacilities=2026-06-30|analysisBoundary=2026-04-01|busStops=2025-08-25,정류장 개소; 노선표기 건; 고유 노선명 개; 비율 0~1; 낮은값 순위 1~44,routes_raw를 comma로 분리하고 '노선명(유형)'을 파싱; 유형='마을' 표기를 추출; 동별 마을정류장비율=마을노선 1개 이상 표기 정류장/전체 경계내 정류장; 고유 마을노선=동별 routeName distinct count,2025-08-25 정류장 CSV의 정적 노선 존재 표기만 쓴 1차 스크리닝이다. 배차·운행횟수·방향·시간대·환승·OD·보행권·노선변경을 알 수 없으므로 공급량·접근성·서비스 품질·도입 우선순위로 해석하지 않는다. 순위는 낮은 값 탐색용이다.,area_adjacency=AF16E5259A667F45F5BF7F6B3DF3A22E1A4837C477F6B68DDC26CDCF60E2DFF0|area_scores=455106174A3E492D501F73B8BA55EFD1B7525656638E8109AE015C290C352DE3|bus_stops=BBA5AC0E8F29538F42373B1789179B5B9D2CF0186E0D3A618537C83B74B628D5|facilities=9AA2BC9D9F9E0EC421FB7D23A9C9BF0BD5EDB59EB173A91CB27E6EB2655A1E07|grid_scores=F2B4631D6C4DB1C379BB9CAA13D29A9C055273F1C0D682BAC13EDD19C0A9E9BF|metrics_code=7A3920ABAC99C0EEE1FA013FF751C14428D5AA95E0F1F3F32FCED6B7A49541BA|model_spec=435B1018F2D35A2B421D1827A23C0DC739DC1F827F71189F8F818CE0B0C670E4|source_manifest=86163BE779951590317AB41BE2F9DE18666BC936F1735593673513008868CEC9,population=4D1530F251B312CE6564BA5676093B1043057F46A0FE2A58CF2756AFC530DA7B|one_person=01923C6EBD7440771E4EBE20CAB0648355A18C09D198677C0E265F5E68406A7D|admdongkor_boundary=6A63D079BA8AF4701AB200AD0B54EBDEA8689808B6E0E9F17973B9BA7883DC6A|bus_stops=01B63929056B55D0A8FE372756942FB9A81A89CB121A0CDB1838DDE9ED8555BF|hira_hospital=458D04F264BFE005CB12078699156CA72AD47B52062E0F79B8140E2635086268|hira_pharmacy=65B2B1E7F65BF1EFAF20C826BC1FB03CC24B65B359F4B5B51E1A234B334505A4
4128552500,중산1동,066A,1,1,1.1.0,village_bus_static_presence_screen_v1,goyang_mixed_20250825_20260630,population=2026-06-30|onePersonHouseholds=2026-06-30|hiraFacilities=2026-06-30|analysisBoundary=2026-04-01|busStops=2025-08-25,정류장 개소; 노선표기 건; 고유 노선명 개; 비율 0~1; 낮은값 순위 1~44,routes_raw를 comma로 분리하고 '노선명(유형)'을 파싱; 유형='마을' 표기를 추출; 동별 마을정류장비율=마을노선 1개 이상 표기 정류장/전체 경계내 정류장; 고유 마을노선=동별 routeName distinct count,2025-08-25 정류장 CSV의 정적 노선 존재 표기만 쓴 1차 스크리닝이다. 배차·운행횟수·방향·시간대·환승·OD·보행권·노선변경을 알 수 없으므로 공급량·접근성·서비스 품질·도입 우선순위로 해석하지 않는다. 순위는 낮은 값 탐색용이다.,area_adjacency=AF16E5259A667F45F5BF7F6B3DF3A22E1A4837C477F6B68DDC26CDCF60E2DFF0|area_scores=455106174A3E492D501F73B8BA55EFD1B7525656638E8109AE015C290C352DE3|bus_stops=BBA5AC0E8F29538F42373B1789179B5B9D2CF0186E0D3A618537C83B74B628D5|facilities=9AA2BC9D9F9E0EC421FB7D23A9C9BF0BD5EDB59EB173A91CB27E6EB2655A1E07|grid_scores=F2B4631D6C4DB1C379BB9CAA13D29A9C055273F1C0D682BAC13EDD19C0A9E9BF|metrics_code=7A3920ABAC99C0EEE1FA013FF751C14428D5AA95E0F1F3F32FCED6B7A49541BA|model_spec=435B1018F2D35A2B421D1827A23C0DC739DC1F827F71189F8F818CE0B0C670E4|source_manifest=86163BE779951590317AB41BE2F9DE18666BC936F1735593673513008868CEC9,population=4D1530F251B312CE6564BA5676093B1043057F46A0FE2A58CF2756AFC530DA7B|one_person=01923C6EBD7440771E4EBE20CAB0648355A18C09D198677C0E265F5E68406A7D|admdongkor_boundary=6A63D079BA8AF4701AB200AD0B54EBDEA8689808B6E0E9F17973B9BA7883DC6A|bus_stops=01B63929056B55D0A8FE372756942FB9A81A89CB121A0CDB1838DDE9ED8555BF|hira_hospital=458D04F264BFE005CB12078699156CA72AD47B52062E0F79B8140E2635086268|hira_pharmacy=65B2B1E7F65BF1EFAF20C826BC1FB03CC24B65B359F4B5B51E1A234B334505A4
4128552500,중산1동,070A,10,10,1.1.0,village_bus_static_presence_screen_v1,goyang_mixed_20250825_20260630,population=2026-06-30|onePersonHouseholds=2026-06-30|hiraFacilities=2026-06-30|analysisBoundary=2026-04-01|busStops=2025-08-25,정류장 개소; 노선표기 건; 고유 노선명 개; 비율 0~1; 낮은값 순위 1~44,routes_raw를 comma로 분리하고 '노선명(유형)'을 파싱; 유형='마을' 표기를 추출; 동별 마을정류장비율=마을노선 1개 이상 표기 정류장/전체 경계내 정류장; 고유 마을노선=동별 routeName distinct count,2025-08-25 정류장 CSV의 정적 노선 존재 표기만 쓴 1차 스크리닝이다. 배차·운행횟수·방향·시간대·환승·OD·보행권·노선변경을 알 수 없으므로 공급량·접근성·서비스 품질·도입 우선순위로 해석하지 않는다. 순위는 낮은 값 탐색용이다.,area_adjacency=AF16E5259A667F45F5BF7F6B3DF3A22E1A4837C477F6B68DDC26CDCF60E2DFF0|area_scores=455106174A3E492D501F73B8BA55EFD1B7525656638E8109AE015C290C352DE3|bus_stops=BBA5AC0E8F29538F42373B1789179B5B9D2CF0186E0D3A618537C83B74B628D5|facilities=9AA2BC9D9F9E0EC421FB7D23A9C9BF0BD5EDB59EB173A91CB27E6EB2655A1E07|grid_scores=F2B4631D6C4DB1C379BB9CAA13D29A9C055273F1C0D682BAC13EDD19C0A9E9BF|metrics_code=7A3920ABAC99C0EEE1FA013FF751C14428D5AA95E0F1F3F32FCED6B7A49541BA|model_spec=435B1018F2D35A2B421D1827A23C0DC739DC1F827F71189F8F818CE0B0C670E4|source_manifest=86163BE779951590317AB41BE2F9DE18666BC936F1735593673513008868CEC9,population=4D1530F251B312CE6564BA5676093B1043057F46A0FE2A58CF2756AFC530DA7B|one_person=01923C6EBD7440771E4EBE20CAB0648355A18C09D198677C0E265F5E68406A7D|admdongkor_boundary=6A63D079BA8AF4701AB200AD0B54EBDEA8689808B6E0E9F17973B9BA7883DC6A|bus_stops=01B63929056B55D0A8FE372756942FB9A81A89CB121A0CDB1838DDE9ED8555BF|hira_hospital=458D04F264BFE005CB12078699156CA72AD47B52062E0F79B8140E2635086268|hira_pharmacy=65B2B1E7F65BF1EFAF20C826BC1FB03CC24B65B359F4B5B51E1A234B334505A4
4128552500,중산1동,070B,13,13,1.1.0,village_bus_static_presence_screen_v1,goyang_mixed_20250825_20260630,population=2026-06-30|onePersonHouseholds=2026-06-30|hiraFacilities=2026-06-30|analysisBoundary=2026-04-01|busStops=2025-08-25,정류장 개소; 노선표기 건; 고유 노선명 개; 비율 0~1; 낮은값 순위 1~44,routes_raw를 comma로 분리하고 '노선명(유형)'을 파싱; 유형='마을' 표기를 추출; 동별 마을정류장비율=마을노선 1개 이상 표기 정류장/전체 경계내 정류장; 고유 마을노선=동별 routeName distinct count,2025-08-25 정류장 CSV의 정적 노선 존재 표기만 쓴 1차 스크리닝이다. 배차·운행횟수·방향·시간대·환승·OD·보행권·노선변경을 알 수 없으므로 공급량·접근성·서비스 품질·도입 우선순위로 해석하지 않는다. 순위는 낮은 값 탐색용이다.,area_adjacency=AF16E5259A667F45F5BF7F6B3DF3A22E1A4837C477F6B68DDC26CDCF60E2DFF0|area_scores=455106174A3E492D501F73B8BA55EFD1B7525656638E8109AE015C290C352DE3|bus_stops=BBA5AC0E8F29538F42373B1789179B5B9D2CF0186E0D3A618537C83B74B628D5|facilities=9AA2BC9D9F9E0EC421FB7D23A9C9BF0BD5EDB59EB173A91CB27E6EB2655A1E07|grid_scores=F2B4631D6C4DB1C379BB9CAA13D29A9C055273F1C0D682BAC13EDD19C0A9E9BF|metrics_code=7A3920ABAC99C0EEE1FA013FF751C14428D5AA95E0F1F3F32FCED6B7A49541BA|model_spec=435B1018F2D35A2B421D1827A23C0DC739DC1F827F71189F8F818CE0B0C670E4|source_manifest=86163BE779951590317AB41BE2F9DE18666BC936F1735593673513008868CEC9,population=4D1530F251B312CE6564BA5676093B1043057F46A0FE2A58CF2756AFC530DA7B|one_person=01923C6EBD7440771E4EBE20CAB0648355A18C09D198677C0E265F5E68406A7D|admdongkor_boundary=6A63D079BA8AF4701AB200AD0B54EBDEA8689808B6E0E9F17973B9BA7883DC6A|bus_stops=01B63929056B55D0A8FE372756942FB9A81A89CB121A0CDB1838DDE9ED8555BF|hira_hospital=458D04F264BFE005CB12078699156CA72AD47B52062E0F79B8140E2635086268|hira_pharmacy=65B2B1E7F65BF1EFAF20C826BC1FB03CC24B65B359F4B5B51E1A234B334505A4
4128552500,중산1동,078,7,7,1.1.0,village_bus_static_presence_screen_v1,goyang_mixed_20250825_20260630,population=2026-06-30|onePersonHouseholds=2026-06-30|hiraFacilities=2026-06-30|analysisBoundary=2026-04-01|busStops=2025-08-25,정류장 개소; 노선표기 건; 고유 노선명 개; 비율 0~1; 낮은값 순위 1~44,routes_raw를 comma로 분리하고 '노선명(유형)'을 파싱; 유형='마을' 표기를 추출; 동별 마을정류장비율=마을노선 1개 이상 표기 정류장/전체 경계내 정류장; 고유 마을노선=동별 routeName distinct count,2025-08-25 정류장 CSV의 정적 노선 존재 표기만 쓴 1차 스크리닝이다. 배차·운행횟수·방향·시간대·환승·OD·보행권·노선변경을 알 수 없으므로 공급량·접근성·서비스 품질·도입 우선순위로 해석하지 않는다. 순위는 낮은 값 탐색용이다.,area_adjacency=AF16E5259A667F45F5BF7F6B3DF3A22E1A4837C477F6B68DDC26CDCF60E2DFF0|area_scores=455106174A3E492D501F73B8BA55EFD1B7525656638E8109AE015C290C352DE3|bus_stops=BBA5AC0E8F29538F42373B1789179B5B9D2CF0186E0D3A618537C83B74B628D5|facilities=9AA2BC9D9F9E0EC421FB7D23A9C9BF0BD5EDB59EB173A91CB27E6EB2655A1E07|grid_scores=F2B4631D6C4DB1C379BB9CAA13D29A9C055273F1C0D682BAC13EDD19C0A9E9BF|metrics_code=7A3920ABAC99C0EEE1FA013FF751C14428D5AA95E0F1F3F32FCED6B7A49541BA|model_spec=435B1018F2D35A2B421D1827A23C0DC739DC1F827F71189F8F818CE0B0C670E4|source_manifest=86163BE779951590317AB41BE2F9DE18666BC936F1735593673513008868CEC9,population=4D1530F251B312CE6564BA5676093B1043057F46A0FE2A58CF2756AFC530DA7B|one_person=01923C6EBD7440771E4EBE20CAB0648355A18C09D198677C0E265F5E68406A7D|admdongkor_boundary=6A63D079BA8AF4701AB200AD0B54EBDEA8689808B6E0E9F17973B9BA7883DC6A|bus_stops=01B63929056B55D0A8FE372756942FB9A81A89CB121A0CDB1838DDE9ED8555BF|hira_hospital=458D04F264BFE005CB12078699156CA72AD47B52062E0F79B8140E2635086268|hira_pharmacy=65B2B1E7F65BF1EFAF20C826BC1FB03CC24B65B359F4B5B51E1A234B334505A4
4128552500,중산1동,090,2,2,1.1.0,village_bus_static_presence_screen_v1,goyang_mixed_20250825_20260630,population=2026-06-30|onePersonHouseholds=2026-06-30|hiraFacilities=2026-06-30|analysisBoundary=2026-04-01|busStops=2025-08-25,정류장 개소; 노선표기 건; 고유 노선명 개; 비율 0~1; 낮은값 순위 1~44,routes_raw를 comma로 분리하고 '노선명(유형)'을 파싱; 유형='마을' 표기를 추출; 동별 마을정류장비율=마을노선 1개 이상 표기 정류장/전체 경계내 정류장; 고유 마을노선=동별 routeName distinct count,2025-08-25 정류장 CSV의 정적 노선 존재 표기만 쓴 1차 스크리닝이다. 배차·운행횟수·방향·시간대·환승·OD·보행권·노선변경을 알 수 없으므로 공급량·접근성·서비스 품질·도입 우선순위로 해석하지 않는다. 순위는 낮은 값 탐색용이다.,area_adjacency=AF16E5259A667F45F5BF7F6B3DF3A22E1A4837C477F6B68DDC26CDCF60E2DFF0|area_scores=455106174A3E492D501F73B8BA55EFD1B7525656638E8109AE015C290C352DE3|bus_stops=BBA5AC0E8F29538F42373B1789179B5B9D2CF0186E0D3A618537C83B74B628D5|facilities=9AA2BC9D9F9E0EC421FB7D23A9C9BF0BD5EDB59EB173A91CB27E6EB2655A1E07|grid_scores=F2B4631D6C4DB1C379BB9CAA13D29A9C055273F1C0D682BAC13EDD19C0A9E9BF|metrics_code=7A3920ABAC99C0EEE1FA013FF751C14428D5AA95E0F1F3F32FCED6B7A49541BA|model_spec=435B1018F2D35A2B421D1827A23C0DC739DC1F827F71189F8F818CE0B0C670E4|source_manifest=86163BE779951590317AB41BE2F9DE18666BC936F1735593673513008868CEC9,population=4D1530F251B312CE6564BA5676093B1043057F46A0FE2A58CF2756AFC530DA7B|one_person=01923C6EBD7440771E4EBE20CAB0648355A18C09D198677C0E265F5E68406A7D|admdongkor_boundary=6A63D079BA8AF4701AB200AD0B54EBDEA8689808B6E0E9F17973B9BA7883DC6A|bus_stops=01B63929056B55D0A8FE372756942FB9A81A89CB121A0CDB1838DDE9ED8555BF|hira_hospital=458D04F264BFE005CB12078699156CA72AD47B52062E0F79B8140E2635086268|hira_pharmacy=65B2B1E7F65BF1EFAF20C826BC1FB03CC24B65B359F4B5B51E1A234B334505A4
4128552500,중산1동,091A,12,12,1.1.0,village_bus_static_presence_screen_v1,goyang_mixed_20250825_20260630,population=2026-06-30|onePersonHouseholds=2026-06-30|hiraFacilities=2026-06-30|analysisBoundary=2026-04-01|busStops=2025-08-25,정류장 개소; 노선표기 건; 고유 노선명 개; 비율 0~1; 낮은값 순위 1~44,routes_raw를 comma로 분리하고 '노선명(유형)'을 파싱; 유형='마을' 표기를 추출; 동별 마을정류장비율=마을노선 1개 이상 표기 정류장/전체 경계내 정류장; 고유 마을노선=동별 routeName distinct count,2025-08-25 정류장 CSV의 정적 노선 존재 표기만 쓴 1차 스크리닝이다. 배차·운행횟수·방향·시간대·환승·OD·보행권·노선변경을 알 수 없으므로 공급량·접근성·서비스 품질·도입 우선순위로 해석하지 않는다. 순위는 낮은 값 탐색용이다.,area_adjacency=AF16E5259A667F45F5BF7F6B3DF3A22E1A4837C477F6B68DDC26CDCF60E2DFF0|area_scores=455106174A3E492D501F73B8BA55EFD1B7525656638E8109AE015C290C352DE3|bus_stops=BBA5AC0E8F29538F42373B1789179B5B9D2CF0186E0D3A618537C83B74B628D5|facilities=9AA2BC9D9F9E0EC421FB7D23A9C9BF0BD5EDB59EB173A91CB27E6EB2655A1E07|grid_scores=F2B4631D6C4DB1C379BB9CAA13D29A9C055273F1C0D682BAC13EDD19C0A9E9BF|metrics_code=7A3920ABAC99C0EEE1FA013FF751C14428D5AA95E0F1F3F32FCED6B7A49541BA|model_spec=435B1018F2D35A2B421D1827A23C0DC739DC1F827F71189F8F818CE0B0C670E4|source_manifest=86163BE779951590317AB41BE2F9DE18666BC936F1735593673513008868CEC9,population=4D1530F251B312CE6564BA5676093B1043057F46A0FE2A58CF2756AFC530DA7B|one_person=01923C6EBD7440771E4EBE20CAB0648355A18C09D198677C0E265F5E68406A7D|admdongkor_boundary=6A63D079BA8AF4701AB200AD0B54EBDEA8689808B6E0E9F17973B9BA7883DC6A|bus_stops=01B63929056B55D0A8FE372756942FB9A81A89CB121A0CDB1838DDE9ED8555BF|hira_hospital=458D04F264BFE005CB12078699156CA72AD47B52062E0F79B8140E2635086268|hira_pharmacy=65B2B1E7F65BF1EFAF20C826BC1FB03CC24B65B359F4B5B51E1A234B334505A4
4128552600,중산2동,070A,11,11,1.1.0,village_bus_static_presence_screen_v1,goyang_mixed_20250825_20260630,population=2026-06-30|onePersonHouseholds=2026-06-30|hiraFacilities=2026-06-30|analysisBoundary=2026-04-01|busStops=2025-08-25,정류장 개소; 노선표기 건; 고유 노선명 개; 비율 0~1; 낮은값 순위 1~44,routes_raw를 comma로 분리하고 '노선명(유형)'을 파싱; 유형='마을' 표기를 추출; 동별 마을정류장비율=마을노선 1개 이상 표기 정류장/전체 경계내 정류장; 고유 마을노선=동별 routeName distinct count,2025-08-25 정류장 CSV의 정적 노선 존재 표기만 쓴 1차 스크리닝이다. 배차·운행횟수·방향·시간대·환승·OD·보행권·노선변경을 알 수 없으므로 공급량·접근성·서비스 품질·도입 우선순위로 해석하지 않는다. 순위는 낮은 값 탐색용이다.,area_adjacency=AF16E5259A667F45F5BF7F6B3DF3A22E1A4837C477F6B68DDC26CDCF60E2DFF0|area_scores=455106174A3E492D501F73B8BA55EFD1B7525656638E8109AE015C290C352DE3|bus_stops=BBA5AC0E8F29538F42373B1789179B5B9D2CF0186E0D3A618537C83B74B628D5|facilities=9AA2BC9D9F9E0EC421FB7D23A9C9BF0BD5EDB59EB173A91CB27E6EB2655A1E07|grid_scores=F2B4631D6C4DB1C379BB9CAA13D29A9C055273F1C0D682BAC13EDD19C0A9E9BF|metrics_code=7A3920ABAC99C0EEE1FA013FF751C14428D5AA95E0F1F3F32FCED6B7A49541BA|model_spec=435B1018F2D35A2B421D1827A23C0DC739DC1F827F71189F8F818CE0B0C670E4|source_manifest=86163BE779951590317AB41BE2F9DE18666BC936F1735593673513008868CEC9,population=4D1530F251B312CE6564BA5676093B1043057F46A0FE2A58CF2756AFC530DA7B|one_person=01923C6EBD7440771E4EBE20CAB0648355A18C09D198677C0E265F5E68406A7D|admdongkor_boundary=6A63D079BA8AF4701AB200AD0B54EBDEA8689808B6E0E9F17973B9BA7883DC6A|bus_stops=01B63929056B55D0A8FE372756942FB9A81A89CB121A0CDB1838DDE9ED8555BF|hira_hospital=458D04F264BFE005CB12078699156CA72AD47B52062E0F79B8140E2635086268|hira_pharmacy=65B2B1E7F65BF1EFAF20C826BC1FB03CC24B65B359F4B5B51E1A234B334505A4
4128552600,중산2동,070B,12,12,1.1.0,village_bus_static_presence_screen_v1,goyang_mixed_20250825_20260630,population=2026-06-30|onePersonHouseholds=2026-06-30|hiraFacilities=2026-06-30|analysisBoundary=2026-04-01|busStops=2025-08-25,정류장 개소; 노선표기 건; 고유 노선명 개; 비율 0~1; 낮은값 순위 1~44,routes_raw를 comma로 분리하고 '노선명(유형)'을 파싱; 유형='마을' 표기를 추출; 동별 마을정류장비율=마을노선 1개 이상 표기 정류장/전체 경계내 정류장; 고유 마을노선=동별 routeName distinct count,2025-08-25 정류장 CSV의 정적 노선 존재 표기만 쓴 1차 스크리닝이다. 배차·운행횟수·방향·시간대·환승·OD·보행권·노선변경을 알 수 없으므로 공급량·접근성·서비스 품질·도입 우선순위로 해석하지 않는다. 순위는 낮은 값 탐색용이다.,area_adjacency=AF16E5259A667F45F5BF7F6B3DF3A22E1A4837C477F6B68DDC26CDCF60E2DFF0|area_scores=455106174A3E492D501F73B8BA55EFD1B7525656638E8109AE015C290C352DE3|bus_stops=BBA5AC0E8F29538F42373B1789179B5B9D2CF0186E0D3A618537C83B74B628D5|facilities=9AA2BC9D9F9E0EC421FB7D23A9C9BF0BD5EDB59EB173A91CB27E6EB2655A1E07|grid_scores=F2B4631D6C4DB1C379BB9CAA13D29A9C055273F1C0D682BAC13EDD19C0A9E9BF|metrics_code=7A3920ABAC99C0EEE1FA013FF751C14428D5AA95E0F1F3F32FCED6B7A49541BA|model_spec=435B1018F2D35A2B421D1827A23C0DC739DC1F827F71189F8F818CE0B0C670E4|source_manifest=86163BE779951590317AB41BE2F9DE18666BC936F1735593673513008868CEC9,population=4D1530F251B312CE6564BA5676093B1043057F46A0FE2A58CF2756AFC530DA7B|one_person=01923C6EBD7440771E4EBE20CAB0648355A18C09D198677C0E265F5E68406A7D|admdongkor_boundary=6A63D079BA8AF4701AB200AD0B54EBDEA8689808B6E0E9F17973B9BA7883DC6A|bus_stops=01B63929056B55D0A8FE372756942FB9A81A89CB121A0CDB1838DDE9ED8555BF|hira_hospital=458D04F264BFE005CB12078699156CA72AD47B52062E0F79B8140E2635086268|hira_pharmacy=65B2B1E7F65BF1EFAF20C826BC1FB03CC24B65B359F4B5B51E1A234B334505A4
4128552600,중산2동,090,12,12,1.1.0,village_bus_static_presence_screen_v1,goyang_mixed_20250825_20260630,population=2026-06-30|onePersonHouseholds=2026-06-30|hiraFacilities=2026-06-30|analysisBoundary=2026-04-01|busStops=2025-08-25,정류장 개소; 노선표기 건; 고유 노선명 개; 비율 0~1; 낮은값 순위 1~44,routes_raw를 comma로 분리하고 '노선명(유형)'을 파싱; 유형='마을' 표기를 추출; 동별 마을정류장비율=마을노선 1개 이상 표기 정류장/전체 경계내 정류장; 고유 마을노선=동별 routeName distinct count,2025-08-25 정류장 CSV의 정적 노선 존재 표기만 쓴 1차 스크리닝이다. 배차·운행횟수·방향·시간대·환승·OD·보행권·노선변경을 알 수 없으므로 공급량·접근성·서비스 품질·도입 우선순위로 해석하지 않는다. 순위는 낮은 값 탐색용이다.,area_adjacency=AF16E5259A667F45F5BF7F6B3DF3A22E1A4837C477F6B68DDC26CDCF60E2DFF0|area_scores=455106174A3E492D501F73B8BA55EFD1B7525656638E8109AE015C290C352DE3|bus_stops=BBA5AC0E8F29538F42373B1789179B5B9D2CF0186E0D3A618537C83B74B628D5|facilities=9AA2BC9D9F9E0EC421FB7D23A9C9BF0BD5EDB59EB173A91CB27E6EB2655A1E07|grid_scores=F2B4631D6C4DB1C379BB9CAA13D29A9C055273F1C0D682BAC13EDD19C0A9E9BF|metrics_code=7A3920ABAC99C0EEE1FA013FF751C14428D5AA95E0F1F3F32FCED6B7A49541BA|model_spec=435B1018F2D35A2B421D1827A23C0DC739DC1F827F71189F8F818CE0B0C670E4|source_manifest=86163BE779951590317AB41BE2F9DE18666BC936F1735593673513008868CEC9,population=4D1530F251B312CE6564BA5676093B1043057F46A0FE2A58CF2756AFC530DA7B|one_person=01923C6EBD7440771E4EBE20CAB0648355A18C09D198677C0E265F5E68406A7D|admdongkor_boundary=6A63D079BA8AF4701AB200AD0B54EBDEA8689808B6E0E9F17973B9BA7883DC6A|bus_stops=01B63929056B55D0A8FE372756942FB9A81A89CB121A0CDB1838DDE9ED8555BF|hira_hospital=458D04F264BFE005CB12078699156CA72AD47B52062E0F79B8140E2635086268|hira_pharmacy=65B2B1E7F65BF1EFAF20C826BC1FB03CC24B65B359F4B5B51E1A234B334505A4
4128553000,정발산동,056,1,1,1.1.0,village_bus_static_presence_screen_v1,goyang_mixed_20250825_20260630,population=2026-06-30|onePersonHouseholds=2026-06-30|hiraFacilities=2026-06-30|analysisBoundary=2026-04-01|busStops=2025-08-25,정류장 개소; 노선표기 건; 고유 노선명 개; 비율 0~1; 낮은값 순위 1~44,routes_raw를 comma로 분리하고 '노선명(유형)'을 파싱; 유형='마을' 표기를 추출; 동별 마을정류장비율=마을노선 1개 이상 표기 정류장/전체 경계내 정류장; 고유 마을노선=동별 routeName distinct count,2025-08-25 정류장 CSV의 정적 노선 존재 표기만 쓴 1차 스크리닝이다. 배차·운행횟수·방향·시간대·환승·OD·보행권·노선변경을 알 수 없으므로 공급량·접근성·서비스 품질·도입 우선순위로 해석하지 않는다. 순위는 낮은 값 탐색용이다.,area_adjacency=AF16E5259A667F45F5BF7F6B3DF3A22E1A4837C477F6B68DDC26CDCF60E2DFF0|area_scores=455106174A3E492D501F73B8BA55EFD1B7525656638E8109AE015C290C352DE3|bus_stops=BBA5AC0E8F29538F42373B1789179B5B9D2CF0186E0D3A618537C83B74B628D5|facilities=9AA2BC9D9F9E0EC421FB7D23A9C9BF0BD5EDB59EB173A91CB27E6EB2655A1E07|grid_scores=F2B4631D6C4DB1C379BB9CAA13D29A9C055273F1C0D682BAC13EDD19C0A9E9BF|metrics_code=7A3920ABAC99C0EEE1FA013FF751C14428D5AA95E0F1F3F32FCED6B7A49541BA|model_spec=435B1018F2D35A2B421D1827A23C0DC739DC1F827F71189F8F818CE0B0C670E4|source_manifest=86163BE779951590317AB41BE2F9DE18666BC936F1735593673513008868CEC9,population=4D1530F251B312CE6564BA5676093B1043057F46A0FE2A58CF2756AFC530DA7B|one_person=01923C6EBD7440771E4EBE20CAB0648355A18C09D198677C0E265F5E68406A7D|admdongkor_boundary=6A63D079BA8AF4701AB200AD0B54EBDEA8689808B6E0E9F17973B9BA7883DC6A|bus_stops=01B63929056B55D0A8FE372756942FB9A81A89CB121A0CDB1838DDE9ED8555BF|hira_hospital=458D04F264BFE005CB12078699156CA72AD47B52062E0F79B8140E2635086268|hira_pharmacy=65B2B1E7F65BF1EFAF20C826BC1FB03CC24B65B359F4B5B51E1A234B334505A4
4128553000,정발산동,057,1,1,1.1.0,village_bus_static_presence_screen_v1,goyang_mixed_20250825_20260630,population=2026-06-30|onePersonHouseholds=2026-06-30|hiraFacilities=2026-06-30|analysisBoundary=2026-04-01|busStops=2025-08-25,정류장 개소; 노선표기 건; 고유 노선명 개; 비율 0~1; 낮은값 순위 1~44,routes_raw를 comma로 분리하고 '노선명(유형)'을 파싱; 유형='마을' 표기를 추출; 동별 마을정류장비율=마을노선 1개 이상 표기 정류장/전체 경계내 정류장; 고유 마을노선=동별 routeName distinct count,2025-08-25 정류장 CSV의 정적 노선 존재 표기만 쓴 1차 스크리닝이다. 배차·운행횟수·방향·시간대·환승·OD·보행권·노선변경을 알 수 없으므로 공급량·접근성·서비스 품질·도입 우선순위로 해석하지 않는다. 순위는 낮은 값 탐색용이다.,area_adjacency=AF16E5259A667F45F5BF7F6B3DF3A22E1A4837C477F6B68DDC26CDCF60E2DFF0|area_scores=455106174A3E492D501F73B8BA55EFD1B7525656638E8109AE015C290C352DE3|bus_stops=BBA5AC0E8F29538F42373B1789179B5B9D2CF0186E0D3A618537C83B74B628D5|facilities=9AA2BC9D9F9E0EC421FB7D23A9C9BF0BD5EDB59EB173A91CB27E6EB2655A1E07|grid_scores=F2B4631D6C4DB1C379BB9CAA13D29A9C055273F1C0D682BAC13EDD19C0A9E9BF|metrics_code=7A3920ABAC99C0EEE1FA013FF751C14428D5AA95E0F1F3F32FCED6B7A49541BA|model_spec=435B1018F2D35A2B421D1827A23C0DC739DC1F827F71189F8F818CE0B0C670E4|source_manifest=86163BE779951590317AB41BE2F9DE18666BC936F1735593673513008868CEC9,population=4D1530F251B312CE6564BA5676093B1043057F46A0FE2A58CF2756AFC530DA7B|one_person=01923C6EBD7440771E4EBE20CAB0648355A18C09D198677C0E265F5E68406A7D|admdongkor_boundary=6A63D079BA8AF4701AB200AD0B54EBDEA8689808B6E0E9F17973B9BA7883DC6A|bus_stops=01B63929056B55D0A8FE372756942FB9A81A89CB121A0CDB1838DDE9ED8555BF|hira_hospital=458D04F264BFE005CB12078699156CA72AD47B52062E0F79B8140E2635086268|hira_pharmacy=65B2B1E7F65BF1EFAF20C826BC1FB03CC24B65B359F4B5B51E1A234B334505A4
4128553000,정발산동,066,1,1,1.1.0,village_bus_static_presence_screen_v1,goyang_mixed_20250825_20260630,population=2026-06-30|onePersonHouseholds=2026-06-30|hiraFacilities=2026-06-30|analysisBoundary=2026-04-01|busStops=2025-08-25,정류장 개소; 노선표기 건; 고유 노선명 개; 비율 0~1; 낮은값 순위 1~44,routes_raw를 comma로 분리하고 '노선명(유형)'을 파싱; 유형='마을' 표기를 추출; 동별 마을정류장비율=마을노선 1개 이상 표기 정류장/전체 경계내 정류장; 고유 마을노선=동별 routeName distinct count,2025-08-25 정류장 CSV의 정적 노선 존재 표기만 쓴 1차 스크리닝이다. 배차·운행횟수·방향·시간대·환승·OD·보행권·노선변경을 알 수 없으므로 공급량·접근성·서비스 품질·도입 우선순위로 해석하지 않는다. 순위는 낮은 값 탐색용이다.,area_adjacency=AF16E5259A667F45F5BF7F6B3DF3A22E1A4837C477F6B68DDC26CDCF60E2DFF0|area_scores=455106174A3E492D501F73B8BA55EFD1B7525656638E8109AE015C290C352DE3|bus_stops=BBA5AC0E8F29538F42373B1789179B5B9D2CF0186E0D3A618537C83B74B628D5|facilities=9AA2BC9D9F9E0EC421FB7D23A9C9BF0BD5EDB59EB173A91CB27E6EB2655A1E07|grid_scores=F2B4631D6C4DB1C379BB9CAA13D29A9C055273F1C0D682BAC13EDD19C0A9E9BF|metrics_code=7A3920ABAC99C0EEE1FA013FF751C14428D5AA95E0F1F3F32FCED6B7A49541BA|model_spec=435B1018F2D35A2B421D1827A23C0DC739DC1F827F71189F8F818CE0B0C670E4|source_manifest=86163BE779951590317AB41BE2F9DE18666BC936F1735593673513008868CEC9,population=4D1530F251B312CE6564BA5676093B1043057F46A0FE2A58CF2756AFC530DA7B|one_person=01923C6EBD7440771E4EBE20CAB0648355A18C09D198677C0E265F5E68406A7D|admdongkor_boundary=6A63D079BA8AF4701AB200AD0B54EBDEA8689808B6E0E9F17973B9BA7883DC6A|bus_stops=01B63929056B55D0A8FE372756942FB9A81A89CB121A0CDB1838DDE9ED8555BF|hira_hospital=458D04F264BFE005CB12078699156CA72AD47B52062E0F79B8140E2635086268|hira_pharmacy=65B2B1E7F65BF1EFAF20C826BC1FB03CC24B65B359F4B5B51E1A234B334505A4
4128553000,정발산동,078,3,3,1.1.0,village_bus_static_presence_screen_v1,goyang_mixed_20250825_20260630,population=2026-06-30|onePersonHouseholds=2026-06-30|hiraFacilities=2026-06-30|analysisBoundary=2026-04-01|busStops=2025-08-25,정류장 개소; 노선표기 건; 고유 노선명 개; 비율 0~1; 낮은값 순위 1~44,routes_raw를 comma로 분리하고 '노선명(유형)'을 파싱; 유형='마을' 표기를 추출; 동별 마을정류장비율=마을노선 1개 이상 표기 정류장/전체 경계내 정류장; 고유 마을노선=동별 routeName distinct count,2025-08-25 정류장 CSV의 정적 노선 존재 표기만 쓴 1차 스크리닝이다. 배차·운행횟수·방향·시간대·환승·OD·보행권·노선변경을 알 수 없으므로 공급량·접근성·서비스 품질·도입 우선순위로 해석하지 않는다. 순위는 낮은 값 탐색용이다.,area_adjacency=AF16E5259A667F45F5BF7F6B3DF3A22E1A4837C477F6B68DDC26CDCF60E2DFF0|area_scores=455106174A3E492D501F73B8BA55EFD1B7525656638E8109AE015C290C352DE3|bus_stops=BBA5AC0E8F29538F42373B1789179B5B9D2CF0186E0D3A618537C83B74B628D5|facilities=9AA2BC9D9F9E0EC421FB7D23A9C9BF0BD5EDB59EB173A91CB27E6EB2655A1E07|grid_scores=F2B4631D6C4DB1C379BB9CAA13D29A9C055273F1C0D682BAC13EDD19C0A9E9BF|metrics_code=7A3920ABAC99C0EEE1FA013FF751C14428D5AA95E0F1F3F32FCED6B7A49541BA|model_spec=435B1018F2D35A2B421D1827A23C0DC739DC1F827F71189F8F818CE0B0C670E4|source_manifest=86163BE779951590317AB41BE2F9DE18666BC936F1735593673513008868CEC9,population=4D1530F251B312CE6564BA5676093B1043057F46A0FE2A58CF2756AFC530DA7B|one_person=01923C6EBD7440771E4EBE20CAB0648355A18C09D198677C0E265F5E68406A7D|admdongkor_boundary=6A63D079BA8AF4701AB200AD0B54EBDEA8689808B6E0E9F17973B9BA7883DC6A|bus_stops=01B63929056B55D0A8FE372756942FB9A81A89CB121A0CDB1838DDE9ED8555BF|hira_hospital=458D04F264BFE005CB12078699156CA72AD47B52062E0F79B8140E2635086268|hira_pharmacy=65B2B1E7F65BF1EFAF20C826BC1FB03CC24B65B359F4B5B51E1A234B334505A4
4128553000,정발산동,090,3,3,1.1.0,village_bus_static_presence_screen_v1,goyang_mixed_20250825_20260630,population=2026-06-30|onePersonHouseholds=2026-06-30|hiraFacilities=2026-06-30|analysisBoundary=2026-04-01|busStops=2025-08-25,정류장 개소; 노선표기 건; 고유 노선명 개; 비율 0~1; 낮은값 순위 1~44,routes_raw를 comma로 분리하고 '노선명(유형)'을 파싱; 유형='마을' 표기를 추출; 동별 마을정류장비율=마을노선 1개 이상 표기 정류장/전체 경계내 정류장; 고유 마을노선=동별 routeName distinct count,2025-08-25 정류장 CSV의 정적 노선 존재 표기만 쓴 1차 스크리닝이다. 배차·운행횟수·방향·시간대·환승·OD·보행권·노선변경을 알 수 없으므로 공급량·접근성·서비스 품질·도입 우선순위로 해석하지 않는다. 순위는 낮은 값 탐색용이다.,area_adjacency=AF16E5259A667F45F5BF7F6B3DF3A22E1A4837C477F6B68DDC26CDCF60E2DFF0|area_scores=455106174A3E492D501F73B8BA55EFD1B7525656638E8109AE015C290C352DE3|bus_stops=BBA5AC0E8F29538F42373B1789179B5B9D2CF0186E0D3A618537C83B74B628D5|facilities=9AA2BC9D9F9E0EC421FB7D23A9C9BF0BD5EDB59EB173A91CB27E6EB2655A1E07|grid_scores=F2B4631D6C4DB1C379BB9CAA13D29A9C055273F1C0D682BAC13EDD19C0A9E9BF|metrics_code=7A3920ABAC99C0EEE1FA013FF751C14428D5AA95E0F1F3F32FCED6B7A49541BA|model_spec=435B1018F2D35A2B421D1827A23C0DC739DC1F827F71189F8F818CE0B0C670E4|source_manifest=86163BE779951590317AB41BE2F9DE18666BC936F1735593673513008868CEC9,population=4D1530F251B312CE6564BA5676093B1043057F46A0FE2A58CF2756AFC530DA7B|one_person=01923C6EBD7440771E4EBE20CAB0648355A18C09D198677C0E265F5E68406A7D|admdongkor_boundary=6A63D079BA8AF4701AB200AD0B54EBDEA8689808B6E0E9F17973B9BA7883DC6A|bus_stops=01B63929056B55D0A8FE372756942FB9A81A89CB121A0CDB1838DDE9ED8555BF|hira_hospital=458D04F264BFE005CB12078699156CA72AD47B52062E0F79B8140E2635086268|hira_pharmacy=65B2B1E7F65BF1EFAF20C826BC1FB03CC24B65B359F4B5B51E1A234B334505A4
4128554000,풍산동,017A,10,10,1.1.0,village_bus_static_presence_screen_v1,goyang_mixed_20250825_20260630,population=2026-06-30|onePersonHouseholds=2026-06-30|hiraFacilities=2026-06-30|analysisBoundary=2026-04-01|busStops=2025-08-25,정류장 개소; 노선표기 건; 고유 노선명 개; 비율 0~1; 낮은값 순위 1~44,routes_raw를 comma로 분리하고 '노선명(유형)'을 파싱; 유형='마을' 표기를 추출; 동별 마을정류장비율=마을노선 1개 이상 표기 정류장/전체 경계내 정류장; 고유 마을노선=동별 routeName distinct count,2025-08-25 정류장 CSV의 정적 노선 존재 표기만 쓴 1차 스크리닝이다. 배차·운행횟수·방향·시간대·환승·OD·보행권·노선변경을 알 수 없으므로 공급량·접근성·서비스 품질·도입 우선순위로 해석하지 않는다. 순위는 낮은 값 탐색용이다.,area_adjacency=AF16E5259A667F45F5BF7F6B3DF3A22E1A4837C477F6B68DDC26CDCF60E2DFF0|area_scores=455106174A3E492D501F73B8BA55EFD1B7525656638E8109AE015C290C352DE3|bus_stops=BBA5AC0E8F29538F42373B1789179B5B9D2CF0186E0D3A618537C83B74B628D5|facilities=9AA2BC9D9F9E0EC421FB7D23A9C9BF0BD5EDB59EB173A91CB27E6EB2655A1E07|grid_scores=F2B4631D6C4DB1C379BB9CAA13D29A9C055273F1C0D682BAC13EDD19C0A9E9BF|metrics_code=7A3920ABAC99C0EEE1FA013FF751C14428D5AA95E0F1F3F32FCED6B7A49541BA|model_spec=435B1018F2D35A2B421D1827A23C0DC739DC1F827F71189F8F818CE0B0C670E4|source_manifest=86163BE779951590317AB41BE2F9DE18666BC936F1735593673513008868CEC9,population=4D1530F251B312CE6564BA5676093B1043057F46A0FE2A58CF2756AFC530DA7B|one_person=01923C6EBD7440771E4EBE20CAB0648355A18C09D198677C0E265F5E68406A7D|admdongkor_boundary=6A63D079BA8AF4701AB200AD0B54EBDEA8689808B6E0E9F17973B9BA7883DC6A|bus_stops=01B63929056B55D0A8FE372756942FB9A81A89CB121A0CDB1838DDE9ED8555BF|hira_hospital=458D04F264BFE005CB12078699156CA72AD47B52062E0F79B8140E2635086268|hira_pharmacy=65B2B1E7F65BF1EFAF20C826BC1FB03CC24B65B359F4B5B51E1A234B334505A4
4128554000,풍산동,070A,4,4,1.1.0,village_bus_static_presence_screen_v1,goyang_mixed_20250825_20260630,population=2026-06-30|onePersonHouseholds=2026-06-30|hiraFacilities=2026-06-30|analysisBoundary=2026-04-01|busStops=2025-08-25,정류장 개소; 노선표기 건; 고유 노선명 개; 비율 0~1; 낮은값 순위 1~44,routes_raw를 comma로 분리하고 '노선명(유형)'을 파싱; 유형='마을' 표기를 추출; 동별 마을정류장비율=마을노선 1개 이상 표기 정류장/전체 경계내 정류장; 고유 마을노선=동별 routeName distinct count,2025-08-25 정류장 CSV의 정적 노선 존재 표기만 쓴 1차 스크리닝이다. 배차·운행횟수·방향·시간대·환승·OD·보행권·노선변경을 알 수 없으므로 공급량·접근성·서비스 품질·도입 우선순위로 해석하지 않는다. 순위는 낮은 값 탐색용이다.,area_adjacency=AF16E5259A667F45F5BF7F6B3DF3A22E1A4837C477F6B68DDC26CDCF60E2DFF0|area_scores=455106174A3E492D501F73B8BA55EFD1B7525656638E8109AE015C290C352DE3|bus_stops=BBA5AC0E8F29538F42373B1789179B5B9D2CF0186E0D3A618537C83B74B628D5|facilities=9AA2BC9D9F9E0EC421FB7D23A9C9BF0BD5EDB59EB173A91CB27E6EB2655A1E07|grid_scores=F2B4631D6C4DB1C379BB9CAA13D29A9C055273F1C0D682BAC13EDD19C0A9E9BF|metrics_code=7A3920ABAC99C0EEE1FA013FF751C14428D5AA95E0F1F3F32FCED6B7A49541BA|model_spec=435B1018F2D35A2B421D1827A23C0DC739DC1F827F71189F8F818CE0B0C670E4|source_manifest=86163BE779951590317AB41BE2F9DE18666BC936F1735593673513008868CEC9,population=4D1530F251B312CE6564BA5676093B1043057F46A0FE2A58CF2756AFC530DA7B|one_person=01923C6EBD7440771E4EBE20CAB0648355A18C09D198677C0E265F5E68406A7D|admdongkor_boundary=6A63D079BA8AF4701AB200AD0B54EBDEA8689808B6E0E9F17973B9BA7883DC6A|bus_stops=01B63929056B55D0A8FE372756942FB9A81A89CB121A0CDB1838DDE9ED8555BF|hira_hospital=458D04F264BFE005CB12078699156CA72AD47B52062E0F79B8140E2635086268|hira_pharmacy=65B2B1E7F65BF1EFAF20C826BC1FB03CC24B65B359F4B5B51E1A234B334505A4
4128554000,풍산동,070B,10,10,1.1.0,village_bus_static_presence_screen_v1,goyang_mixed_20250825_20260630,population=2026-06-30|onePersonHouseholds=2026-06-30|hiraFacilities=2026-06-30|analysisBoundary=2026-04-01|busStops=2025-08-25,정류장 개소; 노선표기 건; 고유 노선명 개; 비율 0~1; 낮은값 순위 1~44,routes_raw를 comma로 분리하고 '노선명(유형)'을 파싱; 유형='마을' 표기를 추출; 동별 마을정류장비율=마을노선 1개 이상 표기 정류장/전체 경계내 정류장; 고유 마을노선=동별 routeName distinct count,2025-08-25 정류장 CSV의 정적 노선 존재 표기만 쓴 1차 스크리닝이다. 배차·운행횟수·방향·시간대·환승·OD·보행권·노선변경을 알 수 없으므로 공급량·접근성·서비스 품질·도입 우선순위로 해석하지 않는다. 순위는 낮은 값 탐색용이다.,area_adjacency=AF16E5259A667F45F5BF7F6B3DF3A22E1A4837C477F6B68DDC26CDCF60E2DFF0|area_scores=455106174A3E492D501F73B8BA55EFD1B7525656638E8109AE015C290C352DE3|bus_stops=BBA5AC0E8F29538F42373B1789179B5B9D2CF0186E0D3A618537C83B74B628D5|facilities=9AA2BC9D9F9E0EC421FB7D23A9C9BF0BD5EDB59EB173A91CB27E6EB2655A1E07|grid_scores=F2B4631D6C4DB1C379BB9CAA13D29A9C055273F1C0D682BAC13EDD19C0A9E9BF|metrics_code=7A3920ABAC99C0EEE1FA013FF751C14428D5AA95E0F1F3F32FCED6B7A49541BA|model_spec=435B1018F2D35A2B421D1827A23C0DC739DC1F827F71189F8F818CE0B0C670E4|source_manifest=86163BE779951590317AB41BE2F9DE18666BC936F1735593673513008868CEC9,population=4D1530F251B312CE6564BA5676093B1043057F46A0FE2A58CF2756AFC530DA7B|one_person=01923C6EBD7440771E4EBE20CAB0648355A18C09D198677C0E265F5E68406A7D|admdongkor_boundary=6A63D079BA8AF4701AB200AD0B54EBDEA8689808B6E0E9F17973B9BA7883DC6A|bus_stops=01B63929056B55D0A8FE372756942FB9A81A89CB121A0CDB1838DDE9ED8555BF|hira_hospital=458D04F264BFE005CB12078699156CA72AD47B52062E0F79B8140E2635086268|hira_pharmacy=65B2B1E7F65BF1EFAF20C826BC1FB03CC24B65B359F4B5B51E1A234B334505A4
4128554000,풍산동,072A,2,2,1.1.0,village_bus_static_presence_screen_v1,goyang_mixed_20250825_20260630,population=2026-06-30|onePersonHouseholds=2026-06-30|hiraFacilities=2026-06-30|analysisBoundary=2026-04-01|busStops=2025-08-25,정류장 개소; 노선표기 건; 고유 노선명 개; 비율 0~1; 낮은값 순위 1~44,routes_raw를 comma로 분리하고 '노선명(유형)'을 파싱; 유형='마을' 표기를 추출; 동별 마을정류장비율=마을노선 1개 이상 표기 정류장/전체 경계내 정류장; 고유 마을노선=동별 routeName distinct count,2025-08-25 정류장 CSV의 정적 노선 존재 표기만 쓴 1차 스크리닝이다. 배차·운행횟수·방향·시간대·환승·OD·보행권·노선변경을 알 수 없으므로 공급량·접근성·서비스 품질·도입 우선순위로 해석하지 않는다. 순위는 낮은 값 탐색용이다.,area_adjacency=AF16E5259A667F45F5BF7F6B3DF3A22E1A4837C477F6B68DDC26CDCF60E2DFF0|area_scores=455106174A3E492D501F73B8BA55EFD1B7525656638E8109AE015C290C352DE3|bus_stops=BBA5AC0E8F29538F42373B1789179B5B9D2CF0186E0D3A618537C83B74B628D5|facilities=9AA2BC9D9F9E0EC421FB7D23A9C9BF0BD5EDB59EB173A91CB27E6EB2655A1E07|grid_scores=F2B4631D6C4DB1C379BB9CAA13D29A9C055273F1C0D682BAC13EDD19C0A9E9BF|metrics_code=7A3920ABAC99C0EEE1FA013FF751C14428D5AA95E0F1F3F32FCED6B7A49541BA|model_spec=435B1018F2D35A2B421D1827A23C0DC739DC1F827F71189F8F818CE0B0C670E4|source_manifest=86163BE779951590317AB41BE2F9DE18666BC936F1735593673513008868CEC9,population=4D1530F251B312CE6564BA5676093B1043057F46A0FE2A58CF2756AFC530DA7B|one_person=01923C6EBD7440771E4EBE20CAB0648355A18C09D198677C0E265F5E68406A7D|admdongkor_boundary=6A63D079BA8AF4701AB200AD0B54EBDEA8689808B6E0E9F17973B9BA7883DC6A|bus_stops=01B63929056B55D0A8FE372756942FB9A81A89CB121A0CDB1838DDE9ED8555BF|hira_hospital=458D04F264BFE005CB12078699156CA72AD47B52062E0F79B8140E2635086268|hira_pharmacy=65B2B1E7F65BF1EFAF20C826BC1FB03CC24B65B359F4B5B51E1A234B334505A4
4128554000,풍산동,098,18,18,1.1.0,village_bus_static_presence_screen_v1,goyang_mixed_20250825_20260630,population=2026-06-30|onePersonHouseholds=2026-06-30|hiraFacilities=2026-06-30|analysisBoundary=2026-04-01|busStops=2025-08-25,정류장 개소; 노선표기 건; 고유 노선명 개; 비율 0~1; 낮은값 순위 1~44,routes_raw를 comma로 분리하고 '노선명(유형)'을 파싱; 유형='마을' 표기를 추출; 동별 마을정류장비율=마을노선 1개 이상 표기 정류장/전체 경계내 정류장; 고유 마을노선=동별 routeName distinct count,2025-08-25 정류장 CSV의 정적 노선 존재 표기만 쓴 1차 스크리닝이다. 배차·운행횟수·방향·시간대·환승·OD·보행권·노선변경을 알 수 없으므로 공급량·접근성·서비스 품질·도입 우선순위로 해석하지 않는다. 순위는 낮은 값 탐색용이다.,area_adjacency=AF16E5259A667F45F5BF7F6B3DF3A22E1A4837C477F6B68DDC26CDCF60E2DFF0|area_scores=455106174A3E492D501F73B8BA55EFD1B7525656638E8109AE015C290C352DE3|bus_stops=BBA5AC0E8F29538F42373B1789179B5B9D2CF0186E0D3A618537C83B74B628D5|facilities=9AA2BC9D9F9E0EC421FB7D23A9C9BF0BD5EDB59EB173A91CB27E6EB2655A1E07|grid_scores=F2B4631D6C4DB1C379BB9CAA13D29A9C055273F1C0D682BAC13EDD19C0A9E9BF|metrics_code=7A3920ABAC99C0EEE1FA013FF751C14428D5AA95E0F1F3F32FCED6B7A49541BA|model_spec=435B1018F2D35A2B421D1827A23C0DC739DC1F827F71189F8F818CE0B0C670E4|source_manifest=86163BE779951590317AB41BE2F9DE18666BC936F1735593673513008868CEC9,population=4D1530F251B312CE6564BA5676093B1043057F46A0FE2A58CF2756AFC530DA7B|one_person=01923C6EBD7440771E4EBE20CAB0648355A18C09D198677C0E265F5E68406A7D|admdongkor_boundary=6A63D079BA8AF4701AB200AD0B54EBDEA8689808B6E0E9F17973B9BA7883DC6A|bus_stops=01B63929056B55D0A8FE372756942FB9A81A89CB121A0CDB1838DDE9ED8555BF|hira_hospital=458D04F264BFE005CB12078699156CA72AD47B52062E0F79B8140E2635086268|hira_pharmacy=65B2B1E7F65BF1EFAF20C826BC1FB03CC24B65B359F4B5B51E1A234B334505A4
4128554000,풍산동,099,14,14,1.1.0,village_bus_static_presence_screen_v1,goyang_mixed_20250825_20260630,population=2026-06-30|onePersonHouseholds=2026-06-30|hiraFacilities=2026-06-30|analysisBoundary=2026-04-01|busStops=2025-08-25,정류장 개소; 노선표기 건; 고유 노선명 개; 비율 0~1; 낮은값 순위 1~44,routes_raw를 comma로 분리하고 '노선명(유형)'을 파싱; 유형='마을' 표기를 추출; 동별 마을정류장비율=마을노선 1개 이상 표기 정류장/전체 경계내 정류장; 고유 마을노선=동별 routeName distinct count,2025-08-25 정류장 CSV의 정적 노선 존재 표기만 쓴 1차 스크리닝이다. 배차·운행횟수·방향·시간대·환승·OD·보행권·노선변경을 알 수 없으므로 공급량·접근성·서비스 품질·도입 우선순위로 해석하지 않는다. 순위는 낮은 값 탐색용이다.,area_adjacency=AF16E5259A667F45F5BF7F6B3DF3A22E1A4837C477F6B68DDC26CDCF60E2DFF0|area_scores=455106174A3E492D501F73B8BA55EFD1B7525656638E8109AE015C290C352DE3|bus_stops=BBA5AC0E8F29538F42373B1789179B5B9D2CF0186E0D3A618537C83B74B628D5|facilities=9AA2BC9D9F9E0EC421FB7D23A9C9BF0BD5EDB59EB173A91CB27E6EB2655A1E07|grid_scores=F2B4631D6C4DB1C379BB9CAA13D29A9C055273F1C0D682BAC13EDD19C0A9E9BF|metrics_code=7A3920ABAC99C0EEE1FA013FF751C14428D5AA95E0F1F3F32FCED6B7A49541BA|model_spec=435B1018F2D35A2B421D1827A23C0DC739DC1F827F71189F8F818CE0B0C670E4|source_manifest=86163BE779951590317AB41BE2F9DE18666BC936F1735593673513008868CEC9,population=4D1530F251B312CE6564BA5676093B1043057F46A0FE2A58CF2756AFC530DA7B|one_person=01923C6EBD7440771E4EBE20CAB0648355A18C09D198677C0E265F5E68406A7D|admdongkor_boundary=6A63D079BA8AF4701AB200AD0B54EBDEA8689808B6E0E9F17973B9BA7883DC6A|bus_stops=01B63929056B55D0A8FE372756942FB9A81A89CB121A0CDB1838DDE9ED8555BF|hira_hospital=458D04F264BFE005CB12078699156CA72AD47B52062E0F79B8140E2635086268|hira_pharmacy=65B2B1E7F65BF1EFAF20C826BC1FB03CC24B65B359F4B5B51E1A234B334505A4
4128555100,백석1동,066,2,2,1.1.0,village_bus_static_presence_screen_v1,goyang_mixed_20250825_20260630,population=2026-06-30|onePersonHouseholds=2026-06-30|hiraFacilities=2026-06-30|analysisBoundary=2026-04-01|busStops=2025-08-25,정류장 개소; 노선표기 건; 고유 노선명 개; 비율 0~1; 낮은값 순위 1~44,routes_raw를 comma로 분리하고 '노선명(유형)'을 파싱; 유형='마을' 표기를 추출; 동별 마을정류장비율=마을노선 1개 이상 표기 정류장/전체 경계내 정류장; 고유 마을노선=동별 routeName distinct count,2025-08-25 정류장 CSV의 정적 노선 존재 표기만 쓴 1차 스크리닝이다. 배차·운행횟수·방향·시간대·환승·OD·보행권·노선변경을 알 수 없으므로 공급량·접근성·서비스 품질·도입 우선순위로 해석하지 않는다. 순위는 낮은 값 탐색용이다.,area_adjacency=AF16E5259A667F45F5BF7F6B3DF3A22E1A4837C477F6B68DDC26CDCF60E2DFF0|area_scores=455106174A3E492D501F73B8BA55EFD1B7525656638E8109AE015C290C352DE3|bus_stops=BBA5AC0E8F29538F42373B1789179B5B9D2CF0186E0D3A618537C83B74B628D5|facilities=9AA2BC9D9F9E0EC421FB7D23A9C9BF0BD5EDB59EB173A91CB27E6EB2655A1E07|grid_scores=F2B4631D6C4DB1C379BB9CAA13D29A9C055273F1C0D682BAC13EDD19C0A9E9BF|metrics_code=7A3920ABAC99C0EEE1FA013FF751C14428D5AA95E0F1F3F32FCED6B7A49541BA|model_spec=435B1018F2D35A2B421D1827A23C0DC739DC1F827F71189F8F818CE0B0C670E4|source_manifest=86163BE779951590317AB41BE2F9DE18666BC936F1735593673513008868CEC9,population=4D1530F251B312CE6564BA5676093B1043057F46A0FE2A58CF2756AFC530DA7B|one_person=01923C6EBD7440771E4EBE20CAB0648355A18C09D198677C0E265F5E68406A7D|admdongkor_boundary=6A63D079BA8AF4701AB200AD0B54EBDEA8689808B6E0E9F17973B9BA7883DC6A|bus_stops=01B63929056B55D0A8FE372756942FB9A81A89CB121A0CDB1838DDE9ED8555BF|hira_hospital=458D04F264BFE005CB12078699156CA72AD47B52062E0F79B8140E2635086268|hira_pharmacy=65B2B1E7F65BF1EFAF20C826BC1FB03CC24B65B359F4B5B51E1A234B334505A4
4128555100,백석1동,068,3,3,1.1.0,village_bus_static_presence_screen_v1,goyang_mixed_20250825_20260630,population=2026-06-30|onePersonHouseholds=2026-06-30|hiraFacilities=2026-06-30|analysisBoundary=2026-04-01|busStops=2025-08-25,정류장 개소; 노선표기 건; 고유 노선명 개; 비율 0~1; 낮은값 순위 1~44,routes_raw를 comma로 분리하고 '노선명(유형)'을 파싱; 유형='마을' 표기를 추출; 동별 마을정류장비율=마을노선 1개 이상 표기 정류장/전체 경계내 정류장; 고유 마을노선=동별 routeName distinct count,2025-08-25 정류장 CSV의 정적 노선 존재 표기만 쓴 1차 스크리닝이다. 배차·운행횟수·방향·시간대·환승·OD·보행권·노선변경을 알 수 없으므로 공급량·접근성·서비스 품질·도입 우선순위로 해석하지 않는다. 순위는 낮은 값 탐색용이다.,area_adjacency=AF16E5259A667F45F5BF7F6B3DF3A22E1A4837C477F6B68DDC26CDCF60E2DFF0|area_scores=455106174A3E492D501F73B8BA55EFD1B7525656638E8109AE015C290C352DE3|bus_stops=BBA5AC0E8F29538F42373B1789179B5B9D2CF0186E0D3A618537C83B74B628D5|facilities=9AA2BC9D9F9E0EC421FB7D23A9C9BF0BD5EDB59EB173A91CB27E6EB2655A1E07|grid_scores=F2B4631D6C4DB1C379BB9CAA13D29A9C055273F1C0D682BAC13EDD19C0A9E9BF|metrics_code=7A3920ABAC99C0EEE1FA013FF751C14428D5AA95E0F1F3F32FCED6B7A49541BA|model_spec=435B1018F2D35A2B421D1827A23C0DC739DC1F827F71189F8F818CE0B0C670E4|source_manifest=86163BE779951590317AB41BE2F9DE18666BC936F1735593673513008868CEC9,population=4D1530F251B312CE6564BA5676093B1043057F46A0FE2A58CF2756AFC530DA7B|one_person=01923C6EBD7440771E4EBE20CAB0648355A18C09D198677C0E265F5E68406A7D|admdongkor_boundary=6A63D079BA8AF4701AB200AD0B54EBDEA8689808B6E0E9F17973B9BA7883DC6A|bus_stops=01B63929056B55D0A8FE372756942FB9A81A89CB121A0CDB1838DDE9ED8555BF|hira_hospital=458D04F264BFE005CB12078699156CA72AD47B52062E0F79B8140E2635086268|hira_pharmacy=65B2B1E7F65BF1EFAF20C826BC1FB03CC24B65B359F4B5B51E1A234B334505A4
4128555100,백석1동,070B,11,11,1.1.0,village_bus_static_presence_screen_v1,goyang_mixed_20250825_20260630,population=2026-06-30|onePersonHouseholds=2026-06-30|hiraFacilities=2026-06-30|analysisBoundary=2026-04-01|busStops=2025-08-25,정류장 개소; 노선표기 건; 고유 노선명 개; 비율 0~1; 낮은값 순위 1~44,routes_raw를 comma로 분리하고 '노선명(유형)'을 파싱; 유형='마을' 표기를 추출; 동별 마을정류장비율=마을노선 1개 이상 표기 정류장/전체 경계내 정류장; 고유 마을노선=동별 routeName distinct count,2025-08-25 정류장 CSV의 정적 노선 존재 표기만 쓴 1차 스크리닝이다. 배차·운행횟수·방향·시간대·환승·OD·보행권·노선변경을 알 수 없으므로 공급량·접근성·서비스 품질·도입 우선순위로 해석하지 않는다. 순위는 낮은 값 탐색용이다.,area_adjacency=AF16E5259A667F45F5BF7F6B3DF3A22E1A4837C477F6B68DDC26CDCF60E2DFF0|area_scores=455106174A3E492D501F73B8BA55EFD1B7525656638E8109AE015C290C352DE3|bus_stops=BBA5AC0E8F29538F42373B1789179B5B9D2CF0186E0D3A618537C83B74B628D5|facilities=9AA2BC9D9F9E0EC421FB7D23A9C9BF0BD5EDB59EB173A91CB27E6EB2655A1E07|grid_scores=F2B4631D6C4DB1C379BB9CAA13D29A9C055273F1C0D682BAC13EDD19C0A9E9BF|metrics_code=7A3920ABAC99C0EEE1FA013FF751C14428D5AA95E0F1F3F32FCED6B7A49541BA|model_spec=435B1018F2D35A2B421D1827A23C0DC739DC1F827F71189F8F818CE0B0C670E4|source_manifest=86163BE779951590317AB41BE2F9DE18666BC936F1735593673513008868CEC9,population=4D1530F251B312CE6564BA5676093B1043057F46A0FE2A58CF2756AFC530DA7B|one_person=01923C6EBD7440771E4EBE20CAB0648355A18C09D198677C0E265F5E68406A7D|admdongkor_boundary=6A63D079BA8AF4701AB200AD0B54EBDEA8689808B6E0E9F17973B9BA7883DC6A|bus_stops=01B63929056B55D0A8FE372756942FB9A81A89CB121A0CDB1838DDE9ED8555BF|hira_hospital=458D04F264BFE005CB12078699156CA72AD47B52062E0F79B8140E2635086268|hira_pharmacy=65B2B1E7F65BF1EFAF20C826BC1FB03CC24B65B359F4B5B51E1A234B334505A4
4128555100,백석1동,078,8,8,1.1.0,village_bus_static_presence_screen_v1,goyang_mixed_20250825_20260630,population=2026-06-30|onePersonHouseholds=2026-06-30|hiraFacilities=2026-06-30|analysisBoundary=2026-04-01|busStops=2025-08-25,정류장 개소; 노선표기 건; 고유 노선명 개; 비율 0~1; 낮은값 순위 1~44,routes_raw를 comma로 분리하고 '노선명(유형)'을 파싱; 유형='마을' 표기를 추출; 동별 마을정류장비율=마을노선 1개 이상 표기 정류장/전체 경계내 정류장; 고유 마을노선=동별 routeName distinct count,2025-08-25 정류장 CSV의 정적 노선 존재 표기만 쓴 1차 스크리닝이다. 배차·운행횟수·방향·시간대·환승·OD·보행권·노선변경을 알 수 없으므로 공급량·접근성·서비스 품질·도입 우선순위로 해석하지 않는다. 순위는 낮은 값 탐색용이다.,area_adjacency=AF16E5259A667F45F5BF7F6B3DF3A22E1A4837C477F6B68DDC26CDCF60E2DFF0|area_scores=455106174A3E492D501F73B8BA55EFD1B7525656638E8109AE015C290C352DE3|bus_stops=BBA5AC0E8F29538F42373B1789179B5B9D2CF0186E0D3A618537C83B74B628D5|facilities=9AA2BC9D9F9E0EC421FB7D23A9C9BF0BD5EDB59EB173A91CB27E6EB2655A1E07|grid_scores=F2B4631D6C4DB1C379BB9CAA13D29A9C055273F1C0D682BAC13EDD19C0A9E9BF|metrics_code=7A3920ABAC99C0EEE1FA013FF751C14428D5AA95E0F1F3F32FCED6B7A49541BA|model_spec=435B1018F2D35A2B421D1827A23C0DC739DC1F827F71189F8F818CE0B0C670E4|source_manifest=86163BE779951590317AB41BE2F9DE18666BC936F1735593673513008868CEC9,population=4D1530F251B312CE6564BA5676093B1043057F46A0FE2A58CF2756AFC530DA7B|one_person=01923C6EBD7440771E4EBE20CAB0648355A18C09D198677C0E265F5E68406A7D|admdongkor_boundary=6A63D079BA8AF4701AB200AD0B54EBDEA8689808B6E0E9F17973B9BA7883DC6A|bus_stops=01B63929056B55D0A8FE372756942FB9A81A89CB121A0CDB1838DDE9ED8555BF|hira_hospital=458D04F264BFE005CB12078699156CA72AD47B52062E0F79B8140E2635086268|hira_pharmacy=65B2B1E7F65BF1EFAF20C826BC1FB03CC24B65B359F4B5B51E1A234B334505A4
4128555100,백석1동,098,1,1,1.1.0,village_bus_static_presence_screen_v1,goyang_mixed_20250825_20260630,population=2026-06-30|onePersonHouseholds=2026-06-30|hiraFacilities=2026-06-30|analysisBoundary=2026-04-01|busStops=2025-08-25,정류장 개소; 노선표기 건; 고유 노선명 개; 비율 0~1; 낮은값 순위 1~44,routes_raw를 comma로 분리하고 '노선명(유형)'을 파싱; 유형='마을' 표기를 추출; 동별 마을정류장비율=마을노선 1개 이상 표기 정류장/전체 경계내 정류장; 고유 마을노선=동별 routeName distinct count,2025-08-25 정류장 CSV의 정적 노선 존재 표기만 쓴 1차 스크리닝이다. 배차·운행횟수·방향·시간대·환승·OD·보행권·노선변경을 알 수 없으므로 공급량·접근성·서비스 품질·도입 우선순위로 해석하지 않는다. 순위는 낮은 값 탐색용이다.,area_adjacency=AF16E5259A667F45F5BF7F6B3DF3A22E1A4837C477F6B68DDC26CDCF60E2DFF0|area_scores=455106174A3E492D501F73B8BA55EFD1B7525656638E8109AE015C290C352DE3|bus_stops=BBA5AC0E8F29538F42373B1789179B5B9D2CF0186E0D3A618537C83B74B628D5|facilities=9AA2BC9D9F9E0EC421FB7D23A9C9BF0BD5EDB59EB173A91CB27E6EB2655A1E07|grid_scores=F2B4631D6C4DB1C379BB9CAA13D29A9C055273F1C0D682BAC13EDD19C0A9E9BF|metrics_code=7A3920ABAC99C0EEE1FA013FF751C14428D5AA95E0F1F3F32FCED6B7A49541BA|model_spec=435B1018F2D35A2B421D1827A23C0DC739DC1F827F71189F8F818CE0B0C670E4|source_manifest=86163BE779951590317AB41BE2F9DE18666BC936F1735593673513008868CEC9,population=4D1530F251B312CE6564BA5676093B1043057F46A0FE2A58CF2756AFC530DA7B|one_person=01923C6EBD7440771E4EBE20CAB0648355A18C09D198677C0E265F5E68406A7D|admdongkor_boundary=6A63D079BA8AF4701AB200AD0B54EBDEA8689808B6E0E9F17973B9BA7883DC6A|bus_stops=01B63929056B55D0A8FE372756942FB9A81A89CB121A0CDB1838DDE9ED8555BF|hira_hospital=458D04F264BFE005CB12078699156CA72AD47B52062E0F79B8140E2635086268|hira_pharmacy=65B2B1E7F65BF1EFAF20C826BC1FB03CC24B65B359F4B5B51E1A234B334505A4
4128555200,백석2동,056,6,6,1.1.0,village_bus_static_presence_screen_v1,goyang_mixed_20250825_20260630,population=2026-06-30|onePersonHouseholds=2026-06-30|hiraFacilities=2026-06-30|analysisBoundary=2026-04-01|busStops=2025-08-25,정류장 개소; 노선표기 건; 고유 노선명 개; 비율 0~1; 낮은값 순위 1~44,routes_raw를 comma로 분리하고 '노선명(유형)'을 파싱; 유형='마을' 표기를 추출; 동별 마을정류장비율=마을노선 1개 이상 표기 정류장/전체 경계내 정류장; 고유 마을노선=동별 routeName distinct count,2025-08-25 정류장 CSV의 정적 노선 존재 표기만 쓴 1차 스크리닝이다. 배차·운행횟수·방향·시간대·환승·OD·보행권·노선변경을 알 수 없으므로 공급량·접근성·서비스 품질·도입 우선순위로 해석하지 않는다. 순위는 낮은 값 탐색용이다.,area_adjacency=AF16E5259A667F45F5BF7F6B3DF3A22E1A4837C477F6B68DDC26CDCF60E2DFF0|area_scores=455106174A3E492D501F73B8BA55EFD1B7525656638E8109AE015C290C352DE3|bus_stops=BBA5AC0E8F29538F42373B1789179B5B9D2CF0186E0D3A618537C83B74B628D5|facilities=9AA2BC9D9F9E0EC421FB7D23A9C9BF0BD5EDB59EB173A91CB27E6EB2655A1E07|grid_scores=F2B4631D6C4DB1C379BB9CAA13D29A9C055273F1C0D682BAC13EDD19C0A9E9BF|metrics_code=7A3920ABAC99C0EEE1FA013FF751C14428D5AA95E0F1F3F32FCED6B7A49541BA|model_spec=435B1018F2D35A2B421D1827A23C0DC739DC1F827F71189F8F818CE0B0C670E4|source_manifest=86163BE779951590317AB41BE2F9DE18666BC936F1735593673513008868CEC9,population=4D1530F251B312CE6564BA5676093B1043057F46A0FE2A58CF2756AFC530DA7B|one_person=01923C6EBD7440771E4EBE20CAB0648355A18C09D198677C0E265F5E68406A7D|admdongkor_boundary=6A63D079BA8AF4701AB200AD0B54EBDEA8689808B6E0E9F17973B9BA7883DC6A|bus_stops=01B63929056B55D0A8FE372756942FB9A81A89CB121A0CDB1838DDE9ED8555BF|hira_hospital=458D04F264BFE005CB12078699156CA72AD47B52062E0F79B8140E2635086268|hira_pharmacy=65B2B1E7F65BF1EFAF20C826BC1FB03CC24B65B359F4B5B51E1A234B334505A4
4128555200,백석2동,068,6,6,1.1.0,village_bus_static_presence_screen_v1,goyang_mixed_20250825_20260630,population=2026-06-30|onePersonHouseholds=2026-06-30|hiraFacilities=2026-06-30|analysisBoundary=2026-04-01|busStops=2025-08-25,정류장 개소; 노선표기 건; 고유 노선명 개; 비율 0~1; 낮은값 순위 1~44,routes_raw를 comma로 분리하고 '노선명(유형)'을 파싱; 유형='마을' 표기를 추출; 동별 마을정류장비율=마을노선 1개 이상 표기 정류장/전체 경계내 정류장; 고유 마을노선=동별 routeName distinct count,2025-08-25 정류장 CSV의 정적 노선 존재 표기만 쓴 1차 스크리닝이다. 배차·운행횟수·방향·시간대·환승·OD·보행권·노선변경을 알 수 없으므로 공급량·접근성·서비스 품질·도입 우선순위로 해석하지 않는다. 순위는 낮은 값 탐색용이다.,area_adjacency=AF16E5259A667F45F5BF7F6B3DF3A22E1A4837C477F6B68DDC26CDCF60E2DFF0|area_scores=455106174A3E492D501F73B8BA55EFD1B7525656638E8109AE015C290C352DE3|bus_stops=BBA5AC0E8F29538F42373B1789179B5B9D2CF0186E0D3A618537C83B74B628D5|facilities=9AA2BC9D9F9E0EC421FB7D23A9C9BF0BD5EDB59EB173A91CB27E6EB2655A1E07|grid_scores=F2B4631D6C4DB1C379BB9CAA13D29A9C055273F1C0D682BAC13EDD19C0A9E9BF|metrics_code=7A3920ABAC99C0EEE1FA013FF751C14428D5AA95E0F1F3F32FCED6B7A49541BA|model_spec=435B1018F2D35A2B421D1827A23C0DC739DC1F827F71189F8F818CE0B0C670E4|source_manifest=86163BE779951590317AB41BE2F9DE18666BC936F1735593673513008868CEC9,population=4D1530F251B312CE6564BA5676093B1043057F46A0FE2A58CF2756AFC530DA7B|one_person=01923C6EBD7440771E4EBE20CAB0648355A18C09D198677C0E265F5E68406A7D|admdongkor_boundary=6A63D079BA8AF4701AB200AD0B54EBDEA8689808B6E0E9F17973B9BA7883DC6A|bus_stops=01B63929056B55D0A8FE372756942FB9A81A89CB121A0CDB1838DDE9ED8555BF|hira_hospital=458D04F264BFE005CB12078699156CA72AD47B52062E0F79B8140E2635086268|hira_pharmacy=65B2B1E7F65BF1EFAF20C826BC1FB03CC24B65B359F4B5B51E1A234B334505A4
4128555200,백석2동,N001,9,9,1.1.0,village_bus_static_presence_screen_v1,goyang_mixed_20250825_20260630,population=2026-06-30|onePersonHouseholds=2026-06-30|hiraFacilities=2026-06-30|analysisBoundary=2026-04-01|busStops=2025-08-25,정류장 개소; 노선표기 건; 고유 노선명 개; 비율 0~1; 낮은값 순위 1~44,routes_raw를 comma로 분리하고 '노선명(유형)'을 파싱; 유형='마을' 표기를 추출; 동별 마을정류장비율=마을노선 1개 이상 표기 정류장/전체 경계내 정류장; 고유 마을노선=동별 routeName distinct count,2025-08-25 정류장 CSV의 정적 노선 존재 표기만 쓴 1차 스크리닝이다. 배차·운행횟수·방향·시간대·환승·OD·보행권·노선변경을 알 수 없으므로 공급량·접근성·서비스 품질·도입 우선순위로 해석하지 않는다. 순위는 낮은 값 탐색용이다.,area_adjacency=AF16E5259A667F45F5BF7F6B3DF3A22E1A4837C477F6B68DDC26CDCF60E2DFF0|area_scores=455106174A3E492D501F73B8BA55EFD1B7525656638E8109AE015C290C352DE3|bus_stops=BBA5AC0E8F29538F42373B1789179B5B9D2CF0186E0D3A618537C83B74B628D5|facilities=9AA2BC9D9F9E0EC421FB7D23A9C9BF0BD5EDB59EB173A91CB27E6EB2655A1E07|grid_scores=F2B4631D6C4DB1C379BB9CAA13D29A9C055273F1C0D682BAC13EDD19C0A9E9BF|metrics_code=7A3920ABAC99C0EEE1FA013FF751C14428D5AA95E0F1F3F32FCED6B7A49541BA|model_spec=435B1018F2D35A2B421D1827A23C0DC739DC1F827F71189F8F818CE0B0C670E4|source_manifest=86163BE779951590317AB41BE2F9DE18666BC936F1735593673513008868CEC9,population=4D1530F251B312CE6564BA5676093B1043057F46A0FE2A58CF2756AFC530DA7B|one_person=01923C6EBD7440771E4EBE20CAB0648355A18C09D198677C0E265F5E68406A7D|admdongkor_boundary=6A63D079BA8AF4701AB200AD0B54EBDEA8689808B6E0E9F17973B9BA7883DC6A|bus_stops=01B63929056B55D0A8FE372756942FB9A81A89CB121A0CDB1838DDE9ED8555BF|hira_hospital=458D04F264BFE005CB12078699156CA72AD47B52062E0F79B8140E2635086268|hira_pharmacy=65B2B1E7F65BF1EFAF20C826BC1FB03CC24B65B359F4B5B51E1A234B334505A4
4128556000,마두1동,017A,1,1,1.1.0,village_bus_static_presence_screen_v1,goyang_mixed_20250825_20260630,population=2026-06-30|onePersonHouseholds=2026-06-30|hiraFacilities=2026-06-30|analysisBoundary=2026-04-01|busStops=2025-08-25,정류장 개소; 노선표기 건; 고유 노선명 개; 비율 0~1; 낮은값 순위 1~44,routes_raw를 comma로 분리하고 '노선명(유형)'을 파싱; 유형='마을' 표기를 추출; 동별 마을정류장비율=마을노선 1개 이상 표기 정류장/전체 경계내 정류장; 고유 마을노선=동별 routeName distinct count,2025-08-25 정류장 CSV의 정적 노선 존재 표기만 쓴 1차 스크리닝이다. 배차·운행횟수·방향·시간대·환승·OD·보행권·노선변경을 알 수 없으므로 공급량·접근성·서비스 품질·도입 우선순위로 해석하지 않는다. 순위는 낮은 값 탐색용이다.,area_adjacency=AF16E5259A667F45F5BF7F6B3DF3A22E1A4837C477F6B68DDC26CDCF60E2DFF0|area_scores=455106174A3E492D501F73B8BA55EFD1B7525656638E8109AE015C290C352DE3|bus_stops=BBA5AC0E8F29538F42373B1789179B5B9D2CF0186E0D3A618537C83B74B628D5|facilities=9AA2BC9D9F9E0EC421FB7D23A9C9BF0BD5EDB59EB173A91CB27E6EB2655A1E07|grid_scores=F2B4631D6C4DB1C379BB9CAA13D29A9C055273F1C0D682BAC13EDD19C0A9E9BF|metrics_code=7A3920ABAC99C0EEE1FA013FF751C14428D5AA95E0F1F3F32FCED6B7A49541BA|model_spec=435B1018F2D35A2B421D1827A23C0DC739DC1F827F71189F8F818CE0B0C670E4|source_manifest=86163BE779951590317AB41BE2F9DE18666BC936F1735593673513008868CEC9,population=4D1530F251B312CE6564BA5676093B1043057F46A0FE2A58CF2756AFC530DA7B|one_person=01923C6EBD7440771E4EBE20CAB0648355A18C09D198677C0E265F5E68406A7D|admdongkor_boundary=6A63D079BA8AF4701AB200AD0B54EBDEA8689808B6E0E9F17973B9BA7883DC6A|bus_stops=01B63929056B55D0A8FE372756942FB9A81A89CB121A0CDB1838DDE9ED8555BF|hira_hospital=458D04F264BFE005CB12078699156CA72AD47B52062E0F79B8140E2635086268|hira_pharmacy=65B2B1E7F65BF1EFAF20C826BC1FB03CC24B65B359F4B5B51E1A234B334505A4
4128556000,마두1동,056,1,1,1.1.0,village_bus_static_presence_screen_v1,goyang_mixed_20250825_20260630,population=2026-06-30|onePersonHouseholds=2026-06-30|hiraFacilities=2026-06-30|analysisBoundary=2026-04-01|busStops=2025-08-25,정류장 개소; 노선표기 건; 고유 노선명 개; 비율 0~1; 낮은값 순위 1~44,routes_raw를 comma로 분리하고 '노선명(유형)'을 파싱; 유형='마을' 표기를 추출; 동별 마을정류장비율=마을노선 1개 이상 표기 정류장/전체 경계내 정류장; 고유 마을노선=동별 routeName distinct count,2025-08-25 정류장 CSV의 정적 노선 존재 표기만 쓴 1차 스크리닝이다. 배차·운행횟수·방향·시간대·환승·OD·보행권·노선변경을 알 수 없으므로 공급량·접근성·서비스 품질·도입 우선순위로 해석하지 않는다. 순위는 낮은 값 탐색용이다.,area_adjacency=AF16E5259A667F45F5BF7F6B3DF3A22E1A4837C477F6B68DDC26CDCF60E2DFF0|area_scores=455106174A3E492D501F73B8BA55EFD1B7525656638E8109AE015C290C352DE3|bus_stops=BBA5AC0E8F29538F42373B1789179B5B9D2CF0186E0D3A618537C83B74B628D5|facilities=9AA2BC9D9F9E0EC421FB7D23A9C9BF0BD5EDB59EB173A91CB27E6EB2655A1E07|grid_scores=F2B4631D6C4DB1C379BB9CAA13D29A9C055273F1C0D682BAC13EDD19C0A9E9BF|metrics_code=7A3920ABAC99C0EEE1FA013FF751C14428D5AA95E0F1F3F32FCED6B7A49541BA|model_spec=435B1018F2D35A2B421D1827A23C0DC739DC1F827F71189F8F818CE0B0C670E4|source_manifest=86163BE779951590317AB41BE2F9DE18666BC936F1735593673513008868CEC9,population=4D1530F251B312CE6564BA5676093B1043057F46A0FE2A58CF2756AFC530DA7B|one_person=01923C6EBD7440771E4EBE20CAB0648355A18C09D198677C0E265F5E68406A7D|admdongkor_boundary=6A63D079BA8AF4701AB200AD0B54EBDEA8689808B6E0E9F17973B9BA7883DC6A|bus_stops=01B63929056B55D0A8FE372756942FB9A81A89CB121A0CDB1838DDE9ED8555BF|hira_hospital=458D04F264BFE005CB12078699156CA72AD47B52062E0F79B8140E2635086268|hira_pharmacy=65B2B1E7F65BF1EFAF20C826BC1FB03CC24B65B359F4B5B51E1A234B334505A4
4128556000,마두1동,057,1,1,1.1.0,village_bus_static_presence_screen_v1,goyang_mixed_20250825_20260630,population=2026-06-30|onePersonHouseholds=2026-06-30|hiraFacilities=2026-06-30|analysisBoundary=2026-04-01|busStops=2025-08-25,정류장 개소; 노선표기 건; 고유 노선명 개; 비율 0~1; 낮은값 순위 1~44,routes_raw를 comma로 분리하고 '노선명(유형)'을 파싱; 유형='마을' 표기를 추출; 동별 마을정류장비율=마을노선 1개 이상 표기 정류장/전체 경계내 정류장; 고유 마을노선=동별 routeName distinct count,2025-08-25 정류장 CSV의 정적 노선 존재 표기만 쓴 1차 스크리닝이다. 배차·운행횟수·방향·시간대·환승·OD·보행권·노선변경을 알 수 없으므로 공급량·접근성·서비스 품질·도입 우선순위로 해석하지 않는다. 순위는 낮은 값 탐색용이다.,area_adjacency=AF16E5259A667F45F5BF7F6B3DF3A22E1A4837C477F6B68DDC26CDCF60E2DFF0|area_scores=455106174A3E492D501F73B8BA55EFD1B7525656638E8109AE015C290C352DE3|bus_stops=BBA5AC0E8F29538F42373B1789179B5B9D2CF0186E0D3A618537C83B74B628D5|facilities=9AA2BC9D9F9E0EC421FB7D23A9C9BF0BD5EDB59EB173A91CB27E6EB2655A1E07|grid_scores=F2B4631D6C4DB1C379BB9CAA13D29A9C055273F1C0D682BAC13EDD19C0A9E9BF|metrics_code=7A3920ABAC99C0EEE1FA013FF751C14428D5AA95E0F1F3F32FCED6B7A49541BA|model_spec=435B1018F2D35A2B421D1827A23C0DC739DC1F827F71189F8F818CE0B0C670E4|source_manifest=86163BE779951590317AB41BE2F9DE18666BC936F1735593673513008868CEC9,population=4D1530F251B312CE6564BA5676093B1043057F46A0FE2A58CF2756AFC530DA7B|one_person=01923C6EBD7440771E4EBE20CAB0648355A18C09D198677C0E265F5E68406A7D|admdongkor_boundary=6A63D079BA8AF4701AB200AD0B54EBDEA8689808B6E0E9F17973B9BA7883DC6A|bus_stops=01B63929056B55D0A8FE372756942FB9A81A89CB121A0CDB1838DDE9ED8555BF|hira_hospital=458D04F264BFE005CB12078699156CA72AD47B52062E0F79B8140E2635086268|hira_pharmacy=65B2B1E7F65BF1EFAF20C826BC1FB03CC24B65B359F4B5B51E1A234B334505A4
4128556000,마두1동,066,10,10,1.1.0,village_bus_static_presence_screen_v1,goyang_mixed_20250825_20260630,population=2026-06-30|onePersonHouseholds=2026-06-30|hiraFacilities=2026-06-30|analysisBoundary=2026-04-01|busStops=2025-08-25,정류장 개소; 노선표기 건; 고유 노선명 개; 비율 0~1; 낮은값 순위 1~44,routes_raw를 comma로 분리하고 '노선명(유형)'을 파싱; 유형='마을' 표기를 추출; 동별 마을정류장비율=마을노선 1개 이상 표기 정류장/전체 경계내 정류장; 고유 마을노선=동별 routeName distinct count,2025-08-25 정류장 CSV의 정적 노선 존재 표기만 쓴 1차 스크리닝이다. 배차·운행횟수·방향·시간대·환승·OD·보행권·노선변경을 알 수 없으므로 공급량·접근성·서비스 품질·도입 우선순위로 해석하지 않는다. 순위는 낮은 값 탐색용이다.,area_adjacency=AF16E5259A667F45F5BF7F6B3DF3A22E1A4837C477F6B68DDC26CDCF60E2DFF0|area_scores=455106174A3E492D501F73B8BA55EFD1B7525656638E8109AE015C290C352DE3|bus_stops=BBA5AC0E8F29538F42373B1789179B5B9D2CF0186E0D3A618537C83B74B628D5|facilities=9AA2BC9D9F9E0EC421FB7D23A9C9BF0BD5EDB59EB173A91CB27E6EB2655A1E07|grid_scores=F2B4631D6C4DB1C379BB9CAA13D29A9C055273F1C0D682BAC13EDD19C0A9E9BF|metrics_code=7A3920ABAC99C0EEE1FA013FF751C14428D5AA95E0F1F3F32FCED6B7A49541BA|model_spec=435B1018F2D35A2B421D1827A23C0DC739DC1F827F71189F8F818CE0B0C670E4|source_manifest=86163BE779951590317AB41BE2F9DE18666BC936F1735593673513008868CEC9,population=4D1530F251B312CE6564BA5676093B1043057F46A0FE2A58CF2756AFC530DA7B|one_person=01923C6EBD7440771E4EBE20CAB0648355A18C09D198677C0E265F5E68406A7D|admdongkor_boundary=6A63D079BA8AF4701AB200AD0B54EBDEA8689808B6E0E9F17973B9BA7883DC6A|bus_stops=01B63929056B55D0A8FE372756942FB9A81A89CB121A0CDB1838DDE9ED8555BF|hira_hospital=458D04F264BFE005CB12078699156CA72AD47B52062E0F79B8140E2635086268|hira_pharmacy=65B2B1E7F65BF1EFAF20C826BC1FB03CC24B65B359F4B5B51E1A234B334505A4
4128556000,마두1동,070A,12,12,1.1.0,village_bus_static_presence_screen_v1,goyang_mixed_20250825_20260630,population=2026-06-30|onePersonHouseholds=2026-06-30|hiraFacilities=2026-06-30|analysisBoundary=2026-04-01|busStops=2025-08-25,정류장 개소; 노선표기 건; 고유 노선명 개; 비율 0~1; 낮은값 순위 1~44,routes_raw를 comma로 분리하고 '노선명(유형)'을 파싱; 유형='마을' 표기를 추출; 동별 마을정류장비율=마을노선 1개 이상 표기 정류장/전체 경계내 정류장; 고유 마을노선=동별 routeName distinct count,2025-08-25 정류장 CSV의 정적 노선 존재 표기만 쓴 1차 스크리닝이다. 배차·운행횟수·방향·시간대·환승·OD·보행권·노선변경을 알 수 없으므로 공급량·접근성·서비스 품질·도입 우선순위로 해석하지 않는다. 순위는 낮은 값 탐색용이다.,area_adjacency=AF16E5259A667F45F5BF7F6B3DF3A22E1A4837C477F6B68DDC26CDCF60E2DFF0|area_scores=455106174A3E492D501F73B8BA55EFD1B7525656638E8109AE015C290C352DE3|bus_stops=BBA5AC0E8F29538F42373B1789179B5B9D2CF0186E0D3A618537C83B74B628D5|facilities=9AA2BC9D9F9E0EC421FB7D23A9C9BF0BD5EDB59EB173A91CB27E6EB2655A1E07|grid_scores=F2B4631D6C4DB1C379BB9CAA13D29A9C055273F1C0D682BAC13EDD19C0A9E9BF|metrics_code=7A3920ABAC99C0EEE1FA013FF751C14428D5AA95E0F1F3F32FCED6B7A49541BA|model_spec=435B1018F2D35A2B421D1827A23C0DC739DC1F827F71189F8F818CE0B0C670E4|source_manifest=86163BE779951590317AB41BE2F9DE18666BC936F1735593673513008868CEC9,population=4D1530F251B312CE6564BA5676093B1043057F46A0FE2A58CF2756AFC530DA7B|one_person=01923C6EBD7440771E4EBE20CAB0648355A18C09D198677C0E265F5E68406A7D|admdongkor_boundary=6A63D079BA8AF4701AB200AD0B54EBDEA8689808B6E0E9F17973B9BA7883DC6A|bus_stops=01B63929056B55D0A8FE372756942FB9A81A89CB121A0CDB1838DDE9ED8555BF|hira_hospital=458D04F264BFE005CB12078699156CA72AD47B52062E0F79B8140E2635086268|hira_pharmacy=65B2B1E7F65BF1EFAF20C826BC1FB03CC24B65B359F4B5B51E1A234B334505A4
4128556000,마두1동,070B,2,2,1.1.0,village_bus_static_presence_screen_v1,goyang_mixed_20250825_20260630,population=2026-06-30|onePersonHouseholds=2026-06-30|hiraFacilities=2026-06-30|analysisBoundary=2026-04-01|busStops=2025-08-25,정류장 개소; 노선표기 건; 고유 노선명 개; 비율 0~1; 낮은값 순위 1~44,routes_raw를 comma로 분리하고 '노선명(유형)'을 파싱; 유형='마을' 표기를 추출; 동별 마을정류장비율=마을노선 1개 이상 표기 정류장/전체 경계내 정류장; 고유 마을노선=동별 routeName distinct count,2025-08-25 정류장 CSV의 정적 노선 존재 표기만 쓴 1차 스크리닝이다. 배차·운행횟수·방향·시간대·환승·OD·보행권·노선변경을 알 수 없으므로 공급량·접근성·서비스 품질·도입 우선순위로 해석하지 않는다. 순위는 낮은 값 탐색용이다.,area_adjacency=AF16E5259A667F45F5BF7F6B3DF3A22E1A4837C477F6B68DDC26CDCF60E2DFF0|area_scores=455106174A3E492D501F73B8BA55EFD1B7525656638E8109AE015C290C352DE3|bus_stops=BBA5AC0E8F29538F42373B1789179B5B9D2CF0186E0D3A618537C83B74B628D5|facilities=9AA2BC9D9F9E0EC421FB7D23A9C9BF0BD5EDB59EB173A91CB27E6EB2655A1E07|grid_scores=F2B4631D6C4DB1C379BB9CAA13D29A9C055273F1C0D682BAC13EDD19C0A9E9BF|metrics_code=7A3920ABAC99C0EEE1FA013FF751C14428D5AA95E0F1F3F32FCED6B7A49541BA|model_spec=435B1018F2D35A2B421D1827A23C0DC739DC1F827F71189F8F818CE0B0C670E4|source_manifest=86163BE779951590317AB41BE2F9DE18666BC936F1735593673513008868CEC9,population=4D1530F251B312CE6564BA5676093B1043057F46A0FE2A58CF2756AFC530DA7B|one_person=01923C6EBD7440771E4EBE20CAB0648355A18C09D198677C0E265F5E68406A7D|admdongkor_boundary=6A63D079BA8AF4701AB200AD0B54EBDEA8689808B6E0E9F17973B9BA7883DC6A|bus_stops=01B63929056B55D0A8FE372756942FB9A81A89CB121A0CDB1838DDE9ED8555BF|hira_hospital=458D04F264BFE005CB12078699156CA72AD47B52062E0F79B8140E2635086268|hira_pharmacy=65B2B1E7F65BF1EFAF20C826BC1FB03CC24B65B359F4B5B51E1A234B334505A4
4128556000,마두1동,078,1,1,1.1.0,village_bus_static_presence_screen_v1,goyang_mixed_20250825_20260630,population=2026-06-30|onePersonHouseholds=2026-06-30|hiraFacilities=2026-06-30|analysisBoundary=2026-04-01|busStops=2025-08-25,정류장 개소; 노선표기 건; 고유 노선명 개; 비율 0~1; 낮은값 순위 1~44,routes_raw를 comma로 분리하고 '노선명(유형)'을 파싱; 유형='마을' 표기를 추출; 동별 마을정류장비율=마을노선 1개 이상 표기 정류장/전체 경계내 정류장; 고유 마을노선=동별 routeName distinct count,2025-08-25 정류장 CSV의 정적 노선 존재 표기만 쓴 1차 스크리닝이다. 배차·운행횟수·방향·시간대·환승·OD·보행권·노선변경을 알 수 없으므로 공급량·접근성·서비스 품질·도입 우선순위로 해석하지 않는다. 순위는 낮은 값 탐색용이다.,area_adjacency=AF16E5259A667F45F5BF7F6B3DF3A22E1A4837C477F6B68DDC26CDCF60E2DFF0|area_scores=455106174A3E492D501F73B8BA55EFD1B7525656638E8109AE015C290C352DE3|bus_stops=BBA5AC0E8F29538F42373B1789179B5B9D2CF0186E0D3A618537C83B74B628D5|facilities=9AA2BC9D9F9E0EC421FB7D23A9C9BF0BD5EDB59EB173A91CB27E6EB2655A1E07|grid_scores=F2B4631D6C4DB1C379BB9CAA13D29A9C055273F1C0D682BAC13EDD19C0A9E9BF|metrics_code=7A3920ABAC99C0EEE1FA013FF751C14428D5AA95E0F1F3F32FCED6B7A49541BA|model_spec=435B1018F2D35A2B421D1827A23C0DC739DC1F827F71189F8F818CE0B0C670E4|source_manifest=86163BE779951590317AB41BE2F9DE18666BC936F1735593673513008868CEC9,population=4D1530F251B312CE6564BA5676093B1043057F46A0FE2A58CF2756AFC530DA7B|one_person=01923C6EBD7440771E4EBE20CAB0648355A18C09D198677C0E265F5E68406A7D|admdongkor_boundary=6A63D079BA8AF4701AB200AD0B54EBDEA8689808B6E0E9F17973B9BA7883DC6A|bus_stops=01B63929056B55D0A8FE372756942FB9A81A89CB121A0CDB1838DDE9ED8555BF|hira_hospital=458D04F264BFE005CB12078699156CA72AD47B52062E0F79B8140E2635086268|hira_pharmacy=65B2B1E7F65BF1EFAF20C826BC1FB03CC24B65B359F4B5B51E1A234B334505A4
4128556000,마두1동,098,11,11,1.1.0,village_bus_static_presence_screen_v1,goyang_mixed_20250825_20260630,population=2026-06-30|onePersonHouseholds=2026-06-30|hiraFacilities=2026-06-30|analysisBoundary=2026-04-01|busStops=2025-08-25,정류장 개소; 노선표기 건; 고유 노선명 개; 비율 0~1; 낮은값 순위 1~44,routes_raw를 comma로 분리하고 '노선명(유형)'을 파싱; 유형='마을' 표기를 추출; 동별 마을정류장비율=마을노선 1개 이상 표기 정류장/전체 경계내 정류장; 고유 마을노선=동별 routeName distinct count,2025-08-25 정류장 CSV의 정적 노선 존재 표기만 쓴 1차 스크리닝이다. 배차·운행횟수·방향·시간대·환승·OD·보행권·노선변경을 알 수 없으므로 공급량·접근성·서비스 품질·도입 우선순위로 해석하지 않는다. 순위는 낮은 값 탐색용이다.,area_adjacency=AF16E5259A667F45F5BF7F6B3DF3A22E1A4837C477F6B68DDC26CDCF60E2DFF0|area_scores=455106174A3E492D501F73B8BA55EFD1B7525656638E8109AE015C290C352DE3|bus_stops=BBA5AC0E8F29538F42373B1789179B5B9D2CF0186E0D3A618537C83B74B628D5|facilities=9AA2BC9D9F9E0EC421FB7D23A9C9BF0BD5EDB59EB173A91CB27E6EB2655A1E07|grid_scores=F2B4631D6C4DB1C379BB9CAA13D29A9C055273F1C0D682BAC13EDD19C0A9E9BF|metrics_code=7A3920ABAC99C0EEE1FA013FF751C14428D5AA95E0F1F3F32FCED6B7A49541BA|model_spec=435B1018F2D35A2B421D1827A23C0DC739DC1F827F71189F8F818CE0B0C670E4|source_manifest=86163BE779951590317AB41BE2F9DE18666BC936F1735593673513008868CEC9,population=4D1530F251B312CE6564BA5676093B1043057F46A0FE2A58CF2756AFC530DA7B|one_person=01923C6EBD7440771E4EBE20CAB0648355A18C09D198677C0E265F5E68406A7D|admdongkor_boundary=6A63D079BA8AF4701AB200AD0B54EBDEA8689808B6E0E9F17973B9BA7883DC6A|bus_stops=01B63929056B55D0A8FE372756942FB9A81A89CB121A0CDB1838DDE9ED8555BF|hira_hospital=458D04F264BFE005CB12078699156CA72AD47B52062E0F79B8140E2635086268|hira_pharmacy=65B2B1E7F65BF1EFAF20C826BC1FB03CC24B65B359F4B5B51E1A234B334505A4
4128557000,마두2동,056,1,1,1.1.0,village_bus_static_presence_screen_v1,goyang_mixed_20250825_20260630,population=2026-06-30|onePersonHouseholds=2026-06-30|hiraFacilities=2026-06-30|analysisBoundary=2026-04-01|busStops=2025-08-25,정류장 개소; 노선표기 건; 고유 노선명 개; 비율 0~1; 낮은값 순위 1~44,routes_raw를 comma로 분리하고 '노선명(유형)'을 파싱; 유형='마을' 표기를 추출; 동별 마을정류장비율=마을노선 1개 이상 표기 정류장/전체 경계내 정류장; 고유 마을노선=동별 routeName distinct count,2025-08-25 정류장 CSV의 정적 노선 존재 표기만 쓴 1차 스크리닝이다. 배차·운행횟수·방향·시간대·환승·OD·보행권·노선변경을 알 수 없으므로 공급량·접근성·서비스 품질·도입 우선순위로 해석하지 않는다. 순위는 낮은 값 탐색용이다.,area_adjacency=AF16E5259A667F45F5BF7F6B3DF3A22E1A4837C477F6B68DDC26CDCF60E2DFF0|area_scores=455106174A3E492D501F73B8BA55EFD1B7525656638E8109AE015C290C352DE3|bus_stops=BBA5AC0E8F29538F42373B1789179B5B9D2CF0186E0D3A618537C83B74B628D5|facilities=9AA2BC9D9F9E0EC421FB7D23A9C9BF0BD5EDB59EB173A91CB27E6EB2655A1E07|grid_scores=F2B4631D6C4DB1C379BB9CAA13D29A9C055273F1C0D682BAC13EDD19C0A9E9BF|metrics_code=7A3920ABAC99C0EEE1FA013FF751C14428D5AA95E0F1F3F32FCED6B7A49541BA|model_spec=435B1018F2D35A2B421D1827A23C0DC739DC1F827F71189F8F818CE0B0C670E4|source_manifest=86163BE779951590317AB41BE2F9DE18666BC936F1735593673513008868CEC9,population=4D1530F251B312CE6564BA5676093B1043057F46A0FE2A58CF2756AFC530DA7B|one_person=01923C6EBD7440771E4EBE20CAB0648355A18C09D198677C0E265F5E68406A7D|admdongkor_boundary=6A63D079BA8AF4701AB200AD0B54EBDEA8689808B6E0E9F17973B9BA7883DC6A|bus_stops=01B63929056B55D0A8FE372756942FB9A81A89CB121A0CDB1838DDE9ED8555BF|hira_hospital=458D04F264BFE005CB12078699156CA72AD47B52062E0F79B8140E2635086268|hira_pharmacy=65B2B1E7F65BF1EFAF20C826BC1FB03CC24B65B359F4B5B51E1A234B334505A4
4128557000,마두2동,066,3,3,1.1.0,village_bus_static_presence_screen_v1,goyang_mixed_20250825_20260630,population=2026-06-30|onePersonHouseholds=2026-06-30|hiraFacilities=2026-06-30|analysisBoundary=2026-04-01|busStops=2025-08-25,정류장 개소; 노선표기 건; 고유 노선명 개; 비율 0~1; 낮은값 순위 1~44,routes_raw를 comma로 분리하고 '노선명(유형)'을 파싱; 유형='마을' 표기를 추출; 동별 마을정류장비율=마을노선 1개 이상 표기 정류장/전체 경계내 정류장; 고유 마을노선=동별 routeName distinct count,2025-08-25 정류장 CSV의 정적 노선 존재 표기만 쓴 1차 스크리닝이다. 배차·운행횟수·방향·시간대·환승·OD·보행권·노선변경을 알 수 없으므로 공급량·접근성·서비스 품질·도입 우선순위로 해석하지 않는다. 순위는 낮은 값 탐색용이다.,area_adjacency=AF16E5259A667F45F5BF7F6B3DF3A22E1A4837C477F6B68DDC26CDCF60E2DFF0|area_scores=455106174A3E492D501F73B8BA55EFD1B7525656638E8109AE015C290C352DE3|bus_stops=BBA5AC0E8F29538F42373B1789179B5B9D2CF0186E0D3A618537C83B74B628D5|facilities=9AA2BC9D9F9E0EC421FB7D23A9C9BF0BD5EDB59EB173A91CB27E6EB2655A1E07|grid_scores=F2B4631D6C4DB1C379BB9CAA13D29A9C055273F1C0D682BAC13EDD19C0A9E9BF|metrics_code=7A3920ABAC99C0EEE1FA013FF751C14428D5AA95E0F1F3F32FCED6B7A49541BA|model_spec=435B1018F2D35A2B421D1827A23C0DC739DC1F827F71189F8F818CE0B0C670E4|source_manifest=86163BE779951590317AB41BE2F9DE18666BC936F1735593673513008868CEC9,population=4D1530F251B312CE6564BA5676093B1043057F46A0FE2A58CF2756AFC530DA7B|one_person=01923C6EBD7440771E4EBE20CAB0648355A18C09D198677C0E265F5E68406A7D|admdongkor_boundary=6A63D079BA8AF4701AB200AD0B54EBDEA8689808B6E0E9F17973B9BA7883DC6A|bus_stops=01B63929056B55D0A8FE372756942FB9A81A89CB121A0CDB1838DDE9ED8555BF|hira_hospital=458D04F264BFE005CB12078699156CA72AD47B52062E0F79B8140E2635086268|hira_pharmacy=65B2B1E7F65BF1EFAF20C826BC1FB03CC24B65B359F4B5B51E1A234B334505A4
4128557000,마두2동,067,1,1,1.1.0,village_bus_static_presence_screen_v1,goyang_mixed_20250825_20260630,population=2026-06-30|onePersonHouseholds=2026-06-30|hiraFacilities=2026-06-30|analysisBoundary=2026-04-01|busStops=2025-08-25,정류장 개소; 노선표기 건; 고유 노선명 개; 비율 0~1; 낮은값 순위 1~44,routes_raw를 comma로 분리하고 '노선명(유형)'을 파싱; 유형='마을' 표기를 추출; 동별 마을정류장비율=마을노선 1개 이상 표기 정류장/전체 경계내 정류장; 고유 마을노선=동별 routeName distinct count,2025-08-25 정류장 CSV의 정적 노선 존재 표기만 쓴 1차 스크리닝이다. 배차·운행횟수·방향·시간대·환승·OD·보행권·노선변경을 알 수 없으므로 공급량·접근성·서비스 품질·도입 우선순위로 해석하지 않는다. 순위는 낮은 값 탐색용이다.,area_adjacency=AF16E5259A667F45F5BF7F6B3DF3A22E1A4837C477F6B68DDC26CDCF60E2DFF0|area_scores=455106174A3E492D501F73B8BA55EFD1B7525656638E8109AE015C290C352DE3|bus_stops=BBA5AC0E8F29538F42373B1789179B5B9D2CF0186E0D3A618537C83B74B628D5|facilities=9AA2BC9D9F9E0EC421FB7D23A9C9BF0BD5EDB59EB173A91CB27E6EB2655A1E07|grid_scores=F2B4631D6C4DB1C379BB9CAA13D29A9C055273F1C0D682BAC13EDD19C0A9E9BF|metrics_code=7A3920ABAC99C0EEE1FA013FF751C14428D5AA95E0F1F3F32FCED6B7A49541BA|model_spec=435B1018F2D35A2B421D1827A23C0DC739DC1F827F71189F8F818CE0B0C670E4|source_manifest=86163BE779951590317AB41BE2F9DE18666BC936F1735593673513008868CEC9,population=4D1530F251B312CE6564BA5676093B1043057F46A0FE2A58CF2756AFC530DA7B|one_person=01923C6EBD7440771E4EBE20CAB0648355A18C09D198677C0E265F5E68406A7D|admdongkor_boundary=6A63D079BA8AF4701AB200AD0B54EBDEA8689808B6E0E9F17973B9BA7883DC6A|bus_stops=01B63929056B55D0A8FE372756942FB9A81A89CB121A0CDB1838DDE9ED8555BF|hira_hospital=458D04F264BFE005CB12078699156CA72AD47B52062E0F79B8140E2635086268|hira_pharmacy=65B2B1E7F65BF1EFAF20C826BC1FB03CC24B65B359F4B5B51E1A234B334505A4
4128557000,마두2동,070A,4,4,1.1.0,village_bus_static_presence_screen_v1,goyang_mixed_20250825_20260630,population=2026-06-30|onePersonHouseholds=2026-06-30|hiraFacilities=2026-06-30|analysisBoundary=2026-04-01|busStops=2025-08-25,정류장 개소; 노선표기 건; 고유 노선명 개; 비율 0~1; 낮은값 순위 1~44,routes_raw를 comma로 분리하고 '노선명(유형)'을 파싱; 유형='마을' 표기를 추출; 동별 마을정류장비율=마을노선 1개 이상 표기 정류장/전체 경계내 정류장; 고유 마을노선=동별 routeName distinct count,2025-08-25 정류장 CSV의 정적 노선 존재 표기만 쓴 1차 스크리닝이다. 배차·운행횟수·방향·시간대·환승·OD·보행권·노선변경을 알 수 없으므로 공급량·접근성·서비스 품질·도입 우선순위로 해석하지 않는다. 순위는 낮은 값 탐색용이다.,area_adjacency=AF16E5259A667F45F5BF7F6B3DF3A22E1A4837C477F6B68DDC26CDCF60E2DFF0|area_scores=455106174A3E492D501F73B8BA55EFD1B7525656638E8109AE015C290C352DE3|bus_stops=BBA5AC0E8F29538F42373B1789179B5B9D2CF0186E0D3A618537C83B74B628D5|facilities=9AA2BC9D9F9E0EC421FB7D23A9C9BF0BD5EDB59EB173A91CB27E6EB2655A1E07|grid_scores=F2B4631D6C4DB1C379BB9CAA13D29A9C055273F1C0D682BAC13EDD19C0A9E9BF|metrics_code=7A3920ABAC99C0EEE1FA013FF751C14428D5AA95E0F1F3F32FCED6B7A49541BA|model_spec=435B1018F2D35A2B421D1827A23C0DC739DC1F827F71189F8F818CE0B0C670E4|source_manifest=86163BE779951590317AB41BE2F9DE18666BC936F1735593673513008868CEC9,population=4D1530F251B312CE6564BA5676093B1043057F46A0FE2A58CF2756AFC530DA7B|one_person=01923C6EBD7440771E4EBE20CAB0648355A18C09D198677C0E265F5E68406A7D|admdongkor_boundary=6A63D079BA8AF4701AB200AD0B54EBDEA8689808B6E0E9F17973B9BA7883DC6A|bus_stops=01B63929056B55D0A8FE372756942FB9A81A89CB121A0CDB1838DDE9ED8555BF|hira_hospital=458D04F264BFE005CB12078699156CA72AD47B52062E0F79B8140E2635086268|hira_pharmacy=65B2B1E7F65BF1EFAF20C826BC1FB03CC24B65B359F4B5B51E1A234B334505A4
4128557000,마두2동,078,1,1,1.1.0,village_bus_static_presence_screen_v1,goyang_mixed_20250825_20260630,population=2026-06-30|onePersonHouseholds=2026-06-30|hiraFacilities=2026-06-30|analysisBoundary=2026-04-01|busStops=2025-08-25,정류장 개소; 노선표기 건; 고유 노선명 개; 비율 0~1; 낮은값 순위 1~44,routes_raw를 comma로 분리하고 '노선명(유형)'을 파싱; 유형='마을' 표기를 추출; 동별 마을정류장비율=마을노선 1개 이상 표기 정류장/전체 경계내 정류장; 고유 마을노선=동별 routeName distinct count,2025-08-25 정류장 CSV의 정적 노선 존재 표기만 쓴 1차 스크리닝이다. 배차·운행횟수·방향·시간대·환승·OD·보행권·노선변경을 알 수 없으므로 공급량·접근성·서비스 품질·도입 우선순위로 해석하지 않는다. 순위는 낮은 값 탐색용이다.,area_adjacency=AF16E5259A667F45F5BF7F6B3DF3A22E1A4837C477F6B68DDC26CDCF60E2DFF0|area_scores=455106174A3E492D501F73B8BA55EFD1B7525656638E8109AE015C290C352DE3|bus_stops=BBA5AC0E8F29538F42373B1789179B5B9D2CF0186E0D3A618537C83B74B628D5|facilities=9AA2BC9D9F9E0EC421FB7D23A9C9BF0BD5EDB59EB173A91CB27E6EB2655A1E07|grid_scores=F2B4631D6C4DB1C379BB9CAA13D29A9C055273F1C0D682BAC13EDD19C0A9E9BF|metrics_code=7A3920ABAC99C0EEE1FA013FF751C14428D5AA95E0F1F3F32FCED6B7A49541BA|model_spec=435B1018F2D35A2B421D1827A23C0DC739DC1F827F71189F8F818CE0B0C670E4|source_manifest=86163BE779951590317AB41BE2F9DE18666BC936F1735593673513008868CEC9,population=4D1530F251B312CE6564BA5676093B1043057F46A0FE2A58CF2756AFC530DA7B|one_person=01923C6EBD7440771E4EBE20CAB0648355A18C09D198677C0E265F5E68406A7D|admdongkor_boundary=6A63D079BA8AF4701AB200AD0B54EBDEA8689808B6E0E9F17973B9BA7883DC6A|bus_stops=01B63929056B55D0A8FE372756942FB9A81A89CB121A0CDB1838DDE9ED8555BF|hira_hospital=458D04F264BFE005CB12078699156CA72AD47B52062E0F79B8140E2635086268|hira_pharmacy=65B2B1E7F65BF1EFAF20C826BC1FB03CC24B65B359F4B5B51E1A234B334505A4
4128557000,마두2동,098,1,1,1.1.0,village_bus_static_presence_screen_v1,goyang_mixed_20250825_20260630,population=2026-06-30|onePersonHouseholds=2026-06-30|hiraFacilities=2026-06-30|analysisBoundary=2026-04-01|busStops=2025-08-25,정류장 개소; 노선표기 건; 고유 노선명 개; 비율 0~1; 낮은값 순위 1~44,routes_raw를 comma로 분리하고 '노선명(유형)'을 파싱; 유형='마을' 표기를 추출; 동별 마을정류장비율=마을노선 1개 이상 표기 정류장/전체 경계내 정류장; 고유 마을노선=동별 routeName distinct count,2025-08-25 정류장 CSV의 정적 노선 존재 표기만 쓴 1차 스크리닝이다. 배차·운행횟수·방향·시간대·환승·OD·보행권·노선변경을 알 수 없으므로 공급량·접근성·서비스 품질·도입 우선순위로 해석하지 않는다. 순위는 낮은 값 탐색용이다.,area_adjacency=AF16E5259A667F45F5BF7F6B3DF3A22E1A4837C477F6B68DDC26CDCF60E2DFF0|area_scores=455106174A3E492D501F73B8BA55EFD1B7525656638E8109AE015C290C352DE3|bus_stops=BBA5AC0E8F29538F42373B1789179B5B9D2CF0186E0D3A618537C83B74B628D5|facilities=9AA2BC9D9F9E0EC421FB7D23A9C9BF0BD5EDB59EB173A91CB27E6EB2655A1E07|grid_scores=F2B4631D6C4DB1C379BB9CAA13D29A9C055273F1C0D682BAC13EDD19C0A9E9BF|metrics_code=7A3920ABAC99C0EEE1FA013FF751C14428D5AA95E0F1F3F32FCED6B7A49541BA|model_spec=435B1018F2D35A2B421D1827A23C0DC739DC1F827F71189F8F818CE0B0C670E4|source_manifest=86163BE779951590317AB41BE2F9DE18666BC936F1735593673513008868CEC9,population=4D1530F251B312CE6564BA5676093B1043057F46A0FE2A58CF2756AFC530DA7B|one_person=01923C6EBD7440771E4EBE20CAB0648355A18C09D198677C0E265F5E68406A7D|admdongkor_boundary=6A63D079BA8AF4701AB200AD0B54EBDEA8689808B6E0E9F17973B9BA7883DC6A|bus_stops=01B63929056B55D0A8FE372756942FB9A81A89CB121A0CDB1838DDE9ED8555BF|hira_hospital=458D04F264BFE005CB12078699156CA72AD47B52062E0F79B8140E2635086268|hira_pharmacy=65B2B1E7F65BF1EFAF20C826BC1FB03CC24B65B359F4B5B51E1A234B334505A4
4128558000,장항1동,062B,3,3,1.1.0,village_bus_static_presence_screen_v1,goyang_mixed_20250825_20260630,population=2026-06-30|onePersonHouseholds=2026-06-30|hiraFacilities=2026-06-30|analysisBoundary=2026-04-01|busStops=2025-08-25,정류장 개소; 노선표기 건; 고유 노선명 개; 비율 0~1; 낮은값 순위 1~44,routes_raw를 comma로 분리하고 '노선명(유형)'을 파싱; 유형='마을' 표기를 추출; 동별 마을정류장비율=마을노선 1개 이상 표기 정류장/전체 경계내 정류장; 고유 마을노선=동별 routeName distinct count,2025-08-25 정류장 CSV의 정적 노선 존재 표기만 쓴 1차 스크리닝이다. 배차·운행횟수·방향·시간대·환승·OD·보행권·노선변경을 알 수 없으므로 공급량·접근성·서비스 품질·도입 우선순위로 해석하지 않는다. 순위는 낮은 값 탐색용이다.,area_adjacency=AF16E5259A667F45F5BF7F6B3DF3A22E1A4837C477F6B68DDC26CDCF60E2DFF0|area_scores=455106174A3E492D501F73B8BA55EFD1B7525656638E8109AE015C290C352DE3|bus_stops=BBA5AC0E8F29538F42373B1789179B5B9D2CF0186E0D3A618537C83B74B628D5|facilities=9AA2BC9D9F9E0EC421FB7D23A9C9BF0BD5EDB59EB173A91CB27E6EB2655A1E07|grid_scores=F2B4631D6C4DB1C379BB9CAA13D29A9C055273F1C0D682BAC13EDD19C0A9E9BF|metrics_code=7A3920ABAC99C0EEE1FA013FF751C14428D5AA95E0F1F3F32FCED6B7A49541BA|model_spec=435B1018F2D35A2B421D1827A23C0DC739DC1F827F71189F8F818CE0B0C670E4|source_manifest=86163BE779951590317AB41BE2F9DE18666BC936F1735593673513008868CEC9,population=4D1530F251B312CE6564BA5676093B1043057F46A0FE2A58CF2756AFC530DA7B|one_person=01923C6EBD7440771E4EBE20CAB0648355A18C09D198677C0E265F5E68406A7D|admdongkor_boundary=6A63D079BA8AF4701AB200AD0B54EBDEA8689808B6E0E9F17973B9BA7883DC6A|bus_stops=01B63929056B55D0A8FE372756942FB9A81A89CB121A0CDB1838DDE9ED8555BF|hira_hospital=458D04F264BFE005CB12078699156CA72AD47B52062E0F79B8140E2635086268|hira_pharmacy=65B2B1E7F65BF1EFAF20C826BC1FB03CC24B65B359F4B5B51E1A234B334505A4
4128558000,장항1동,067,5,5,1.1.0,village_bus_static_presence_screen_v1,goyang_mixed_20250825_20260630,population=2026-06-30|onePersonHouseholds=2026-06-30|hiraFacilities=2026-06-30|analysisBoundary=2026-04-01|busStops=2025-08-25,정류장 개소; 노선표기 건; 고유 노선명 개; 비율 0~1; 낮은값 순위 1~44,routes_raw를 comma로 분리하고 '노선명(유형)'을 파싱; 유형='마을' 표기를 추출; 동별 마을정류장비율=마을노선 1개 이상 표기 정류장/전체 경계내 정류장; 고유 마을노선=동별 routeName distinct count,2025-08-25 정류장 CSV의 정적 노선 존재 표기만 쓴 1차 스크리닝이다. 배차·운행횟수·방향·시간대·환승·OD·보행권·노선변경을 알 수 없으므로 공급량·접근성·서비스 품질·도입 우선순위로 해석하지 않는다. 순위는 낮은 값 탐색용이다.,area_adjacency=AF16E5259A667F45F5BF7F6B3DF3A22E1A4837C477F6B68DDC26CDCF60E2DFF0|area_scores=455106174A3E492D501F73B8BA55EFD1B7525656638E8109AE015C290C352DE3|bus_stops=BBA5AC0E8F29538F42373B1789179B5B9D2CF0186E0D3A618537C83B74B628D5|facilities=9AA2BC9D9F9E0EC421FB7D23A9C9BF0BD5EDB59EB173A91CB27E6EB2655A1E07|grid_scores=F2B4631D6C4DB1C379BB9CAA13D29A9C055273F1C0D682BAC13EDD19C0A9E9BF|metrics_code=7A3920ABAC99C0EEE1FA013FF751C14428D5AA95E0F1F3F32FCED6B7A49541BA|model_spec=435B1018F2D35A2B421D1827A23C0DC739DC1F827F71189F8F818CE0B0C670E4|source_manifest=86163BE779951590317AB41BE2F9DE18666BC936F1735593673513008868CEC9,population=4D1530F251B312CE6564BA5676093B1043057F46A0FE2A58CF2756AFC530DA7B|one_person=01923C6EBD7440771E4EBE20CAB0648355A18C09D198677C0E265F5E68406A7D|admdongkor_boundary=6A63D079BA8AF4701AB200AD0B54EBDEA8689808B6E0E9F17973B9BA7883DC6A|bus_stops=01B63929056B55D0A8FE372756942FB9A81A89CB121A0CDB1838DDE9ED8555BF|hira_hospital=458D04F264BFE005CB12078699156CA72AD47B52062E0F79B8140E2635086268|hira_pharmacy=65B2B1E7F65BF1EFAF20C826BC1FB03CC24B65B359F4B5B51E1A234B334505A4
4128558000,장항1동,068,21,21,1.1.0,village_bus_static_presence_screen_v1,goyang_mixed_20250825_20260630,population=2026-06-30|onePersonHouseholds=2026-06-30|hiraFacilities=2026-06-30|analysisBoundary=2026-04-01|busStops=2025-08-25,정류장 개소; 노선표기 건; 고유 노선명 개; 비율 0~1; 낮은값 순위 1~44,routes_raw를 comma로 분리하고 '노선명(유형)'을 파싱; 유형='마을' 표기를 추출; 동별 마을정류장비율=마을노선 1개 이상 표기 정류장/전체 경계내 정류장; 고유 마을노선=동별 routeName distinct count,2025-08-25 정류장 CSV의 정적 노선 존재 표기만 쓴 1차 스크리닝이다. 배차·운행횟수·방향·시간대·환승·OD·보행권·노선변경을 알 수 없으므로 공급량·접근성·서비스 품질·도입 우선순위로 해석하지 않는다. 순위는 낮은 값 탐색용이다.,area_adjacency=AF16E5259A667F45F5BF7F6B3DF3A22E1A4837C477F6B68DDC26CDCF60E2DFF0|area_scores=455106174A3E492D501F73B8BA55EFD1B7525656638E8109AE015C290C352DE3|bus_stops=BBA5AC0E8F29538F42373B1789179B5B9D2CF0186E0D3A618537C83B74B628D5|facilities=9AA2BC9D9F9E0EC421FB7D23A9C9BF0BD5EDB59EB173A91CB27E6EB2655A1E07|grid_scores=F2B4631D6C4DB1C379BB9CAA13D29A9C055273F1C0D682BAC13EDD19C0A9E9BF|metrics_code=7A3920ABAC99C0EEE1FA013FF751C14428D5AA95E0F1F3F32FCED6B7A49541BA|model_spec=435B1018F2D35A2B421D1827A23C0DC739DC1F827F71189F8F818CE0B0C670E4|source_manifest=86163BE779951590317AB41BE2F9DE18666BC936F1735593673513008868CEC9,population=4D1530F251B312CE6564BA5676093B1043057F46A0FE2A58CF2756AFC530DA7B|one_person=01923C6EBD7440771E4EBE20CAB0648355A18C09D198677C0E265F5E68406A7D|admdongkor_boundary=6A63D079BA8AF4701AB200AD0B54EBDEA8689808B6E0E9F17973B9BA7883DC6A|bus_stops=01B63929056B55D0A8FE372756942FB9A81A89CB121A0CDB1838DDE9ED8555BF|hira_hospital=458D04F264BFE005CB12078699156CA72AD47B52062E0F79B8140E2635086268|hira_pharmacy=65B2B1E7F65BF1EFAF20C826BC1FB03CC24B65B359F4B5B51E1A234B334505A4
4128558000,장항1동,069,3,3,1.1.0,village_bus_static_presence_screen_v1,goyang_mixed_20250825_20260630,population=2026-06-30|onePersonHouseholds=2026-06-30|hiraFacilities=2026-06-30|analysisBoundary=2026-04-01|busStops=2025-08-25,정류장 개소; 노선표기 건; 고유 노선명 개; 비율 0~1; 낮은값 순위 1~44,routes_raw를 comma로 분리하고 '노선명(유형)'을 파싱; 유형='마을' 표기를 추출; 동별 마을정류장비율=마을노선 1개 이상 표기 정류장/전체 경계내 정류장; 고유 마을노선=동별 routeName distinct count,2025-08-25 정류장 CSV의 정적 노선 존재 표기만 쓴 1차 스크리닝이다. 배차·운행횟수·방향·시간대·환승·OD·보행권·노선변경을 알 수 없으므로 공급량·접근성·서비스 품질·도입 우선순위로 해석하지 않는다. 순위는 낮은 값 탐색용이다.,area_adjacency=AF16E5259A667F45F5BF7F6B3DF3A22E1A4837C477F6B68DDC26CDCF60E2DFF0|area_scores=455106174A3E492D501F73B8BA55EFD1B7525656638E8109AE015C290C352DE3|bus_stops=BBA5AC0E8F29538F42373B1789179B5B9D2CF0186E0D3A618537C83B74B628D5|facilities=9AA2BC9D9F9E0EC421FB7D23A9C9BF0BD5EDB59EB173A91CB27E6EB2655A1E07|grid_scores=F2B4631D6C4DB1C379BB9CAA13D29A9C055273F1C0D682BAC13EDD19C0A9E9BF|metrics_code=7A3920ABAC99C0EEE1FA013FF751C14428D5AA95E0F1F3F32FCED6B7A49541BA|model_spec=435B1018F2D35A2B421D1827A23C0DC739DC1F827F71189F8F818CE0B0C670E4|source_manifest=86163BE779951590317AB41BE2F9DE18666BC936F1735593673513008868CEC9,population=4D1530F251B312CE6564BA5676093B1043057F46A0FE2A58CF2756AFC530DA7B|one_person=01923C6EBD7440771E4EBE20CAB0648355A18C09D198677C0E265F5E68406A7D|admdongkor_boundary=6A63D079BA8AF4701AB200AD0B54EBDEA8689808B6E0E9F17973B9BA7883DC6A|bus_stops=01B63929056B55D0A8FE372756942FB9A81A89CB121A0CDB1838DDE9ED8555BF|hira_hospital=458D04F264BFE005CB12078699156CA72AD47B52062E0F79B8140E2635086268|hira_pharmacy=65B2B1E7F65BF1EFAF20C826BC1FB03CC24B65B359F4B5B51E1A234B334505A4
4128558000,장항1동,N001,10,10,1.1.0,village_bus_static_presence_screen_v1,goyang_mixed_20250825_20260630,population=2026-06-30|onePersonHouseholds=2026-06-30|hiraFacilities=2026-06-30|analysisBoundary=2026-04-01|busStops=2025-08-25,정류장 개소; 노선표기 건; 고유 노선명 개; 비율 0~1; 낮은값 순위 1~44,routes_raw를 comma로 분리하고 '노선명(유형)'을 파싱; 유형='마을' 표기를 추출; 동별 마을정류장비율=마을노선 1개 이상 표기 정류장/전체 경계내 정류장; 고유 마을노선=동별 routeName distinct count,2025-08-25 정류장 CSV의 정적 노선 존재 표기만 쓴 1차 스크리닝이다. 배차·운행횟수·방향·시간대·환승·OD·보행권·노선변경을 알 수 없으므로 공급량·접근성·서비스 품질·도입 우선순위로 해석하지 않는다. 순위는 낮은 값 탐색용이다.,area_adjacency=AF16E5259A667F45F5BF7F6B3DF3A22E1A4837C477F6B68DDC26CDCF60E2DFF0|area_scores=455106174A3E492D501F73B8BA55EFD1B7525656638E8109AE015C290C352DE3|bus_stops=BBA5AC0E8F29538F42373B1789179B5B9D2CF0186E0D3A618537C83B74B628D5|facilities=9AA2BC9D9F9E0EC421FB7D23A9C9BF0BD5EDB59EB173A91CB27E6EB2655A1E07|grid_scores=F2B4631D6C4DB1C379BB9CAA13D29A9C055273F1C0D682BAC13EDD19C0A9E9BF|metrics_code=7A3920ABAC99C0EEE1FA013FF751C14428D5AA95E0F1F3F32FCED6B7A49541BA|model_spec=435B1018F2D35A2B421D1827A23C0DC739DC1F827F71189F8F818CE0B0C670E4|source_manifest=86163BE779951590317AB41BE2F9DE18666BC936F1735593673513008868CEC9,population=4D1530F251B312CE6564BA5676093B1043057F46A0FE2A58CF2756AFC530DA7B|one_person=01923C6EBD7440771E4EBE20CAB0648355A18C09D198677C0E265F5E68406A7D|admdongkor_boundary=6A63D079BA8AF4701AB200AD0B54EBDEA8689808B6E0E9F17973B9BA7883DC6A|bus_stops=01B63929056B55D0A8FE372756942FB9A81A89CB121A0CDB1838DDE9ED8555BF|hira_hospital=458D04F264BFE005CB12078699156CA72AD47B52062E0F79B8140E2635086268|hira_pharmacy=65B2B1E7F65BF1EFAF20C826BC1FB03CC24B65B359F4B5B51E1A234B334505A4
4128558000,장항1동,N003,6,6,1.1.0,village_bus_static_presence_screen_v1,goyang_mixed_20250825_20260630,population=2026-06-30|onePersonHouseholds=2026-06-30|hiraFacilities=2026-06-30|analysisBoundary=2026-04-01|busStops=2025-08-25,정류장 개소; 노선표기 건; 고유 노선명 개; 비율 0~1; 낮은값 순위 1~44,routes_raw를 comma로 분리하고 '노선명(유형)'을 파싱; 유형='마을' 표기를 추출; 동별 마을정류장비율=마을노선 1개 이상 표기 정류장/전체 경계내 정류장; 고유 마을노선=동별 routeName distinct count,2025-08-25 정류장 CSV의 정적 노선 존재 표기만 쓴 1차 스크리닝이다. 배차·운행횟수·방향·시간대·환승·OD·보행권·노선변경을 알 수 없으므로 공급량·접근성·서비스 품질·도입 우선순위로 해석하지 않는다. 순위는 낮은 값 탐색용이다.,area_adjacency=AF16E5259A667F45F5BF7F6B3DF3A22E1A4837C477F6B68DDC26CDCF60E2DFF0|area_scores=455106174A3E492D501F73B8BA55EFD1B7525656638E8109AE015C290C352DE3|bus_stops=BBA5AC0E8F29538F42373B1789179B5B9D2CF0186E0D3A618537C83B74B628D5|facilities=9AA2BC9D9F9E0EC421FB7D23A9C9BF0BD5EDB59EB173A91CB27E6EB2655A1E07|grid_scores=F2B4631D6C4DB1C379BB9CAA13D29A9C055273F1C0D682BAC13EDD19C0A9E9BF|metrics_code=7A3920ABAC99C0EEE1FA013FF751C14428D5AA95E0F1F3F32FCED6B7A49541BA|model_spec=435B1018F2D35A2B421D1827A23C0DC739DC1F827F71189F8F818CE0B0C670E4|source_manifest=86163BE779951590317AB41BE2F9DE18666BC936F1735593673513008868CEC9,population=4D1530F251B312CE6564BA5676093B1043057F46A0FE2A58CF2756AFC530DA7B|one_person=01923C6EBD7440771E4EBE20CAB0648355A18C09D198677C0E265F5E68406A7D|admdongkor_boundary=6A63D079BA8AF4701AB200AD0B54EBDEA8689808B6E0E9F17973B9BA7883DC6A|bus_stops=01B63929056B55D0A8FE372756942FB9A81A89CB121A0CDB1838DDE9ED8555BF|hira_hospital=458D04F264BFE005CB12078699156CA72AD47B52062E0F79B8140E2635086268|hira_pharmacy=65B2B1E7F65BF1EFAF20C826BC1FB03CC24B65B359F4B5B51E1A234B334505A4
4128558000,장항1동,N007,3,3,1.1.0,village_bus_static_presence_screen_v1,goyang_mixed_20250825_20260630,population=2026-06-30|onePersonHouseholds=2026-06-30|hiraFacilities=2026-06-30|analysisBoundary=2026-04-01|busStops=2025-08-25,정류장 개소; 노선표기 건; 고유 노선명 개; 비율 0~1; 낮은값 순위 1~44,routes_raw를 comma로 분리하고 '노선명(유형)'을 파싱; 유형='마을' 표기를 추출; 동별 마을정류장비율=마을노선 1개 이상 표기 정류장/전체 경계내 정류장; 고유 마을노선=동별 routeName distinct count,2025-08-25 정류장 CSV의 정적 노선 존재 표기만 쓴 1차 스크리닝이다. 배차·운행횟수·방향·시간대·환승·OD·보행권·노선변경을 알 수 없으므로 공급량·접근성·서비스 품질·도입 우선순위로 해석하지 않는다. 순위는 낮은 값 탐색용이다.,area_adjacency=AF16E5259A667F45F5BF7F6B3DF3A22E1A4837C477F6B68DDC26CDCF60E2DFF0|area_scores=455106174A3E492D501F73B8BA55EFD1B7525656638E8109AE015C290C352DE3|bus_stops=BBA5AC0E8F29538F42373B1789179B5B9D2CF0186E0D3A618537C83B74B628D5|facilities=9AA2BC9D9F9E0EC421FB7D23A9C9BF0BD5EDB59EB173A91CB27E6EB2655A1E07|grid_scores=F2B4631D6C4DB1C379BB9CAA13D29A9C055273F1C0D682BAC13EDD19C0A9E9BF|metrics_code=7A3920ABAC99C0EEE1FA013FF751C14428D5AA95E0F1F3F32FCED6B7A49541BA|model_spec=435B1018F2D35A2B421D1827A23C0DC739DC1F827F71189F8F818CE0B0C670E4|source_manifest=86163BE779951590317AB41BE2F9DE18666BC936F1735593673513008868CEC9,population=4D1530F251B312CE6564BA5676093B1043057F46A0FE2A58CF2756AFC530DA7B|one_person=01923C6EBD7440771E4EBE20CAB0648355A18C09D198677C0E265F5E68406A7D|admdongkor_boundary=6A63D079BA8AF4701AB200AD0B54EBDEA8689808B6E0E9F17973B9BA7883DC6A|bus_stops=01B63929056B55D0A8FE372756942FB9A81A89CB121A0CDB1838DDE9ED8555BF|hira_hospital=458D04F264BFE005CB12078699156CA72AD47B52062E0F79B8140E2635086268|hira_pharmacy=65B2B1E7F65BF1EFAF20C826BC1FB03CC24B65B359F4B5B51E1A234B334505A4
4128559000,장항2동,056,4,4,1.1.0,village_bus_static_presence_screen_v1,goyang_mixed_20250825_20260630,population=2026-06-30|onePersonHouseholds=2026-06-30|hiraFacilities=2026-06-30|analysisBoundary=2026-04-01|busStops=2025-08-25,정류장 개소; 노선표기 건; 고유 노선명 개; 비율 0~1; 낮은값 순위 1~44,routes_raw를 comma로 분리하고 '노선명(유형)'을 파싱; 유형='마을' 표기를 추출; 동별 마을정류장비율=마을노선 1개 이상 표기 정류장/전체 경계내 정류장; 고유 마을노선=동별 routeName distinct count,2025-08-25 정류장 CSV의 정적 노선 존재 표기만 쓴 1차 스크리닝이다. 배차·운행횟수·방향·시간대·환승·OD·보행권·노선변경을 알 수 없으므로 공급량·접근성·서비스 품질·도입 우선순위로 해석하지 않는다. 순위는 낮은 값 탐색용이다.,area_adjacency=AF16E5259A667F45F5BF7F6B3DF3A22E1A4837C477F6B68DDC26CDCF60E2DFF0|area_scores=455106174A3E492D501F73B8BA55EFD1B7525656638E8109AE015C290C352DE3|bus_stops=BBA5AC0E8F29538F42373B1789179B5B9D2CF0186E0D3A618537C83B74B628D5|facilities=9AA2BC9D9F9E0EC421FB7D23A9C9BF0BD5EDB59EB173A91CB27E6EB2655A1E07|grid_scores=F2B4631D6C4DB1C379BB9CAA13D29A9C055273F1C0D682BAC13EDD19C0A9E9BF|metrics_code=7A3920ABAC99C0EEE1FA013FF751C14428D5AA95E0F1F3F32FCED6B7A49541BA|model_spec=435B1018F2D35A2B421D1827A23C0DC739DC1F827F71189F8F818CE0B0C670E4|source_manifest=86163BE779951590317AB41BE2F9DE18666BC936F1735593673513008868CEC9,population=4D1530F251B312CE6564BA5676093B1043057F46A0FE2A58CF2756AFC530DA7B|one_person=01923C6EBD7440771E4EBE20CAB0648355A18C09D198677C0E265F5E68406A7D|admdongkor_boundary=6A63D079BA8AF4701AB200AD0B54EBDEA8689808B6E0E9F17973B9BA7883DC6A|bus_stops=01B63929056B55D0A8FE372756942FB9A81A89CB121A0CDB1838DDE9ED8555BF|hira_hospital=458D04F264BFE005CB12078699156CA72AD47B52062E0F79B8140E2635086268|hira_pharmacy=65B2B1E7F65BF1EFAF20C826BC1FB03CC24B65B359F4B5B51E1A234B334505A4
4128559000,장항2동,057,2,2,1.1.0,village_bus_static_presence_screen_v1,goyang_mixed_20250825_20260630,population=2026-06-30|onePersonHouseholds=2026-06-30|hiraFacilities=2026-06-30|analysisBoundary=2026-04-01|busStops=2025-08-25,정류장 개소; 노선표기 건; 고유 노선명 개; 비율 0~1; 낮은값 순위 1~44,routes_raw를 comma로 분리하고 '노선명(유형)'을 파싱; 유형='마을' 표기를 추출; 동별 마을정류장비율=마을노선 1개 이상 표기 정류장/전체 경계내 정류장; 고유 마을노선=동별 routeName distinct count,2025-08-25 정류장 CSV의 정적 노선 존재 표기만 쓴 1차 스크리닝이다. 배차·운행횟수·방향·시간대·환승·OD·보행권·노선변경을 알 수 없으므로 공급량·접근성·서비스 품질·도입 우선순위로 해석하지 않는다. 순위는 낮은 값 탐색용이다.,area_adjacency=AF16E5259A667F45F5BF7F6B3DF3A22E1A4837C477F6B68DDC26CDCF60E2DFF0|area_scores=455106174A3E492D501F73B8BA55EFD1B7525656638E8109AE015C290C352DE3|bus_stops=BBA5AC0E8F29538F42373B1789179B5B9D2CF0186E0D3A618537C83B74B628D5|facilities=9AA2BC9D9F9E0EC421FB7D23A9C9BF0BD5EDB59EB173A91CB27E6EB2655A1E07|grid_scores=F2B4631D6C4DB1C379BB9CAA13D29A9C055273F1C0D682BAC13EDD19C0A9E9BF|metrics_code=7A3920ABAC99C0EEE1FA013FF751C14428D5AA95E0F1F3F32FCED6B7A49541BA|model_spec=435B1018F2D35A2B421D1827A23C0DC739DC1F827F71189F8F818CE0B0C670E4|source_manifest=86163BE779951590317AB41BE2F9DE18666BC936F1735593673513008868CEC9,population=4D1530F251B312CE6564BA5676093B1043057F46A0FE2A58CF2756AFC530DA7B|one_person=01923C6EBD7440771E4EBE20CAB0648355A18C09D198677C0E265F5E68406A7D|admdongkor_boundary=6A63D079BA8AF4701AB200AD0B54EBDEA8689808B6E0E9F17973B9BA7883DC6A|bus_stops=01B63929056B55D0A8FE372756942FB9A81A89CB121A0CDB1838DDE9ED8555BF|hira_hospital=458D04F264BFE005CB12078699156CA72AD47B52062E0F79B8140E2635086268|hira_pharmacy=65B2B1E7F65BF1EFAF20C826BC1FB03CC24B65B359F4B5B51E1A234B334505A4
4128559000,장항2동,066,3,3,1.1.0,village_bus_static_presence_screen_v1,goyang_mixed_20250825_20260630,population=2026-06-30|onePersonHouseholds=2026-06-30|hiraFacilities=2026-06-30|analysisBoundary=2026-04-01|busStops=2025-08-25,정류장 개소; 노선표기 건; 고유 노선명 개; 비율 0~1; 낮은값 순위 1~44,routes_raw를 comma로 분리하고 '노선명(유형)'을 파싱; 유형='마을' 표기를 추출; 동별 마을정류장비율=마을노선 1개 이상 표기 정류장/전체 경계내 정류장; 고유 마을노선=동별 routeName distinct count,2025-08-25 정류장 CSV의 정적 노선 존재 표기만 쓴 1차 스크리닝이다. 배차·운행횟수·방향·시간대·환승·OD·보행권·노선변경을 알 수 없으므로 공급량·접근성·서비스 품질·도입 우선순위로 해석하지 않는다. 순위는 낮은 값 탐색용이다.,area_adjacency=AF16E5259A667F45F5BF7F6B3DF3A22E1A4837C477F6B68DDC26CDCF60E2DFF0|area_scores=455106174A3E492D501F73B8BA55EFD1B7525656638E8109AE015C290C352DE3|bus_stops=BBA5AC0E8F29538F42373B1789179B5B9D2CF0186E0D3A618537C83B74B628D5|facilities=9AA2BC9D9F9E0EC421FB7D23A9C9BF0BD5EDB59EB173A91CB27E6EB2655A1E07|grid_scores=F2B4631D6C4DB1C379BB9CAA13D29A9C055273F1C0D682BAC13EDD19C0A9E9BF|metrics_code=7A3920ABAC99C0EEE1FA013FF751C14428D5AA95E0F1F3F32FCED6B7A49541BA|model_spec=435B1018F2D35A2B421D1827A23C0DC739DC1F827F71189F8F818CE0B0C670E4|source_manifest=86163BE779951590317AB41BE2F9DE18666BC936F1735593673513008868CEC9,population=4D1530F251B312CE6564BA5676093B1043057F46A0FE2A58CF2756AFC530DA7B|one_person=01923C6EBD7440771E4EBE20CAB0648355A18C09D198677C0E265F5E68406A7D|admdongkor_boundary=6A63D079BA8AF4701AB200AD0B54EBDEA8689808B6E0E9F17973B9BA7883DC6A|bus_stops=01B63929056B55D0A8FE372756942FB9A81A89CB121A0CDB1838DDE9ED8555BF|hira_hospital=458D04F264BFE005CB12078699156CA72AD47B52062E0F79B8140E2635086268|hira_pharmacy=65B2B1E7F65BF1EFAF20C826BC1FB03CC24B65B359F4B5B51E1A234B334505A4
4128559000,장항2동,067,1,1,1.1.0,village_bus_static_presence_screen_v1,goyang_mixed_20250825_20260630,population=2026-06-30|onePersonHouseholds=2026-06-30|hiraFacilities=2026-06-30|analysisBoundary=2026-04-01|busStops=2025-08-25,정류장 개소; 노선표기 건; 고유 노선명 개; 비율 0~1; 낮은값 순위 1~44,routes_raw를 comma로 분리하고 '노선명(유형)'을 파싱; 유형='마을' 표기를 추출; 동별 마을정류장비율=마을노선 1개 이상 표기 정류장/전체 경계내 정류장; 고유 마을노선=동별 routeName distinct count,2025-08-25 정류장 CSV의 정적 노선 존재 표기만 쓴 1차 스크리닝이다. 배차·운행횟수·방향·시간대·환승·OD·보행권·노선변경을 알 수 없으므로 공급량·접근성·서비스 품질·도입 우선순위로 해석하지 않는다. 순위는 낮은 값 탐색용이다.,area_adjacency=AF16E5259A667F45F5BF7F6B3DF3A22E1A4837C477F6B68DDC26CDCF60E2DFF0|area_scores=455106174A3E492D501F73B8BA55EFD1B7525656638E8109AE015C290C352DE3|bus_stops=BBA5AC0E8F29538F42373B1789179B5B9D2CF0186E0D3A618537C83B74B628D5|facilities=9AA2BC9D9F9E0EC421FB7D23A9C9BF0BD5EDB59EB173A91CB27E6EB2655A1E07|grid_scores=F2B4631D6C4DB1C379BB9CAA13D29A9C055273F1C0D682BAC13EDD19C0A9E9BF|metrics_code=7A3920ABAC99C0EEE1FA013FF751C14428D5AA95E0F1F3F32FCED6B7A49541BA|model_spec=435B1018F2D35A2B421D1827A23C0DC739DC1F827F71189F8F818CE0B0C670E4|source_manifest=86163BE779951590317AB41BE2F9DE18666BC936F1735593673513008868CEC9,population=4D1530F251B312CE6564BA5676093B1043057F46A0FE2A58CF2756AFC530DA7B|one_person=01923C6EBD7440771E4EBE20CAB0648355A18C09D198677C0E265F5E68406A7D|admdongkor_boundary=6A63D079BA8AF4701AB200AD0B54EBDEA8689808B6E0E9F17973B9BA7883DC6A|bus_stops=01B63929056B55D0A8FE372756942FB9A81A89CB121A0CDB1838DDE9ED8555BF|hira_hospital=458D04F264BFE005CB12078699156CA72AD47B52062E0F79B8140E2635086268|hira_pharmacy=65B2B1E7F65BF1EFAF20C826BC1FB03CC24B65B359F4B5B51E1A234B334505A4
4128559000,장항2동,078,3,3,1.1.0,village_bus_static_presence_screen_v1,goyang_mixed_20250825_20260630,population=2026-06-30|onePersonHouseholds=2026-06-30|hiraFacilities=2026-06-30|analysisBoundary=2026-04-01|busStops=2025-08-25,정류장 개소; 노선표기 건; 고유 노선명 개; 비율 0~1; 낮은값 순위 1~44,routes_raw를 comma로 분리하고 '노선명(유형)'을 파싱; 유형='마을' 표기를 추출; 동별 마을정류장비율=마을노선 1개 이상 표기 정류장/전체 경계내 정류장; 고유 마을노선=동별 routeName distinct count,2025-08-25 정류장 CSV의 정적 노선 존재 표기만 쓴 1차 스크리닝이다. 배차·운행횟수·방향·시간대·환승·OD·보행권·노선변경을 알 수 없으므로 공급량·접근성·서비스 품질·도입 우선순위로 해석하지 않는다. 순위는 낮은 값 탐색용이다.,area_adjacency=AF16E5259A667F45F5BF7F6B3DF3A22E1A4837C477F6B68DDC26CDCF60E2DFF0|area_scores=455106174A3E492D501F73B8BA55EFD1B7525656638E8109AE015C290C352DE3|bus_stops=BBA5AC0E8F29538F42373B1789179B5B9D2CF0186E0D3A618537C83B74B628D5|facilities=9AA2BC9D9F9E0EC421FB7D23A9C9BF0BD5EDB59EB173A91CB27E6EB2655A1E07|grid_scores=F2B4631D6C4DB1C379BB9CAA13D29A9C055273F1C0D682BAC13EDD19C0A9E9BF|metrics_code=7A3920ABAC99C0EEE1FA013FF751C14428D5AA95E0F1F3F32FCED6B7A49541BA|model_spec=435B1018F2D35A2B421D1827A23C0DC739DC1F827F71189F8F818CE0B0C670E4|source_manifest=86163BE779951590317AB41BE2F9DE18666BC936F1735593673513008868CEC9,population=4D1530F251B312CE6564BA5676093B1043057F46A0FE2A58CF2756AFC530DA7B|one_person=01923C6EBD7440771E4EBE20CAB0648355A18C09D198677C0E265F5E68406A7D|admdongkor_boundary=6A63D079BA8AF4701AB200AD0B54EBDEA8689808B6E0E9F17973B9BA7883DC6A|bus_stops=01B63929056B55D0A8FE372756942FB9A81A89CB121A0CDB1838DDE9ED8555BF|hira_hospital=458D04F264BFE005CB12078699156CA72AD47B52062E0F79B8140E2635086268|hira_pharmacy=65B2B1E7F65BF1EFAF20C826BC1FB03CC24B65B359F4B5B51E1A234B334505A4
4128559000,장항2동,098,4,4,1.1.0,village_bus_static_presence_screen_v1,goyang_mixed_20250825_20260630,population=2026-06-30|onePersonHouseholds=2026-06-30|hiraFacilities=2026-06-30|analysisBoundary=2026-04-01|busStops=2025-08-25,정류장 개소; 노선표기 건; 고유 노선명 개; 비율 0~1; 낮은값 순위 1~44,routes_raw를 comma로 분리하고 '노선명(유형)'을 파싱; 유형='마을' 표기를 추출; 동별 마을정류장비율=마을노선 1개 이상 표기 정류장/전체 경계내 정류장; 고유 마을노선=동별 routeName distinct count,2025-08-25 정류장 CSV의 정적 노선 존재 표기만 쓴 1차 스크리닝이다. 배차·운행횟수·방향·시간대·환승·OD·보행권·노선변경을 알 수 없으므로 공급량·접근성·서비스 품질·도입 우선순위로 해석하지 않는다. 순위는 낮은 값 탐색용이다.,area_adjacency=AF16E5259A667F45F5BF7F6B3DF3A22E1A4837C477F6B68DDC26CDCF60E2DFF0|area_scores=455106174A3E492D501F73B8BA55EFD1B7525656638E8109AE015C290C352DE3|bus_stops=BBA5AC0E8F29538F42373B1789179B5B9D2CF0186E0D3A618537C83B74B628D5|facilities=9AA2BC9D9F9E0EC421FB7D23A9C9BF0BD5EDB59EB173A91CB27E6EB2655A1E07|grid_scores=F2B4631D6C4DB1C379BB9CAA13D29A9C055273F1C0D682BAC13EDD19C0A9E9BF|metrics_code=7A3920ABAC99C0EEE1FA013FF751C14428D5AA95E0F1F3F32FCED6B7A49541BA|model_spec=435B1018F2D35A2B421D1827A23C0DC739DC1F827F71189F8F818CE0B0C670E4|source_manifest=86163BE779951590317AB41BE2F9DE18666BC936F1735593673513008868CEC9,population=4D1530F251B312CE6564BA5676093B1043057F46A0FE2A58CF2756AFC530DA7B|one_person=01923C6EBD7440771E4EBE20CAB0648355A18C09D198677C0E265F5E68406A7D|admdongkor_boundary=6A63D079BA8AF4701AB200AD0B54EBDEA8689808B6E0E9F17973B9BA7883DC6A|bus_stops=01B63929056B55D0A8FE372756942FB9A81A89CB121A0CDB1838DDE9ED8555BF|hira_hospital=458D04F264BFE005CB12078699156CA72AD47B52062E0F79B8140E2635086268|hira_pharmacy=65B2B1E7F65BF1EFAF20C826BC1FB03CC24B65B359F4B5B51E1A234B334505A4
4128560000,고봉동,036,44,44,1.1.0,village_bus_static_presence_screen_v1,goyang_mixed_20250825_20260630,population=2026-06-30|onePersonHouseholds=2026-06-30|hiraFacilities=2026-06-30|analysisBoundary=2026-04-01|busStops=2025-08-25,정류장 개소; 노선표기 건; 고유 노선명 개; 비율 0~1; 낮은값 순위 1~44,routes_raw를 comma로 분리하고 '노선명(유형)'을 파싱; 유형='마을' 표기를 추출; 동별 마을정류장비율=마을노선 1개 이상 표기 정류장/전체 경계내 정류장; 고유 마을노선=동별 routeName distinct count,2025-08-25 정류장 CSV의 정적 노선 존재 표기만 쓴 1차 스크리닝이다. 배차·운행횟수·방향·시간대·환승·OD·보행권·노선변경을 알 수 없으므로 공급량·접근성·서비스 품질·도입 우선순위로 해석하지 않는다. 순위는 낮은 값 탐색용이다.,area_adjacency=AF16E5259A667F45F5BF7F6B3DF3A22E1A4837C477F6B68DDC26CDCF60E2DFF0|area_scores=455106174A3E492D501F73B8BA55EFD1B7525656638E8109AE015C290C352DE3|bus_stops=BBA5AC0E8F29538F42373B1789179B5B9D2CF0186E0D3A618537C83B74B628D5|facilities=9AA2BC9D9F9E0EC421FB7D23A9C9BF0BD5EDB59EB173A91CB27E6EB2655A1E07|grid_scores=F2B4631D6C4DB1C379BB9CAA13D29A9C055273F1C0D682BAC13EDD19C0A9E9BF|metrics_code=7A3920ABAC99C0EEE1FA013FF751C14428D5AA95E0F1F3F32FCED6B7A49541BA|model_spec=435B1018F2D35A2B421D1827A23C0DC739DC1F827F71189F8F818CE0B0C670E4|source_manifest=86163BE779951590317AB41BE2F9DE18666BC936F1735593673513008868CEC9,population=4D1530F251B312CE6564BA5676093B1043057F46A0FE2A58CF2756AFC530DA7B|one_person=01923C6EBD7440771E4EBE20CAB0648355A18C09D198677C0E265F5E68406A7D|admdongkor_boundary=6A63D079BA8AF4701AB200AD0B54EBDEA8689808B6E0E9F17973B9BA7883DC6A|bus_stops=01B63929056B55D0A8FE372756942FB9A81A89CB121A0CDB1838DDE9ED8555BF|hira_hospital=458D04F264BFE005CB12078699156CA72AD47B52062E0F79B8140E2635086268|hira_pharmacy=65B2B1E7F65BF1EFAF20C826BC1FB03CC24B65B359F4B5B51E1A234B334505A4
4128560000,고봉동,037,30,30,1.1.0,village_bus_static_presence_screen_v1,goyang_mixed_20250825_20260630,population=2026-06-30|onePersonHouseholds=2026-06-30|hiraFacilities=2026-06-30|analysisBoundary=2026-04-01|busStops=2025-08-25,정류장 개소; 노선표기 건; 고유 노선명 개; 비율 0~1; 낮은값 순위 1~44,routes_raw를 comma로 분리하고 '노선명(유형)'을 파싱; 유형='마을' 표기를 추출; 동별 마을정류장비율=마을노선 1개 이상 표기 정류장/전체 경계내 정류장; 고유 마을노선=동별 routeName distinct count,2025-08-25 정류장 CSV의 정적 노선 존재 표기만 쓴 1차 스크리닝이다. 배차·운행횟수·방향·시간대·환승·OD·보행권·노선변경을 알 수 없으므로 공급량·접근성·서비스 품질·도입 우선순위로 해석하지 않는다. 순위는 낮은 값 탐색용이다.,area_adjacency=AF16E5259A667F45F5BF7F6B3DF3A22E1A4837C477F6B68DDC26CDCF60E2DFF0|area_scores=455106174A3E492D501F73B8BA55EFD1B7525656638E8109AE015C290C352DE3|bus_stops=BBA5AC0E8F29538F42373B1789179B5B9D2CF0186E0D3A618537C83B74B628D5|facilities=9AA2BC9D9F9E0EC421FB7D23A9C9BF0BD5EDB59EB173A91CB27E6EB2655A1E07|grid_scores=F2B4631D6C4DB1C379BB9CAA13D29A9C055273F1C0D682BAC13EDD19C0A9E9BF|metrics_code=7A3920ABAC99C0EEE1FA013FF751C14428D5AA95E0F1F3F32FCED6B7A49541BA|model_spec=435B1018F2D35A2B421D1827A23C0DC739DC1F827F71189F8F818CE0B0C670E4|source_manifest=86163BE779951590317AB41BE2F9DE18666BC936F1735593673513008868CEC9,population=4D1530F251B312CE6564BA5676093B1043057F46A0FE2A58CF2756AFC530DA7B|one_person=01923C6EBD7440771E4EBE20CAB0648355A18C09D198677C0E265F5E68406A7D|admdongkor_boundary=6A63D079BA8AF4701AB200AD0B54EBDEA8689808B6E0E9F17973B9BA7883DC6A|bus_stops=01B63929056B55D0A8FE372756942FB9A81A89CB121A0CDB1838DDE9ED8555BF|hira_hospital=458D04F264BFE005CB12078699156CA72AD47B52062E0F79B8140E2635086268|hira_pharmacy=65B2B1E7F65BF1EFAF20C826BC1FB03CC24B65B359F4B5B51E1A234B334505A4
4128560000,고봉동,065,7,7,1.1.0,village_bus_static_presence_screen_v1,goyang_mixed_20250825_20260630,population=2026-06-30|onePersonHouseholds=2026-06-30|hiraFacilities=2026-06-30|analysisBoundary=2026-04-01|busStops=2025-08-25,정류장 개소; 노선표기 건; 고유 노선명 개; 비율 0~1; 낮은값 순위 1~44,routes_raw를 comma로 분리하고 '노선명(유형)'을 파싱; 유형='마을' 표기를 추출; 동별 마을정류장비율=마을노선 1개 이상 표기 정류장/전체 경계내 정류장; 고유 마을노선=동별 routeName distinct count,2025-08-25 정류장 CSV의 정적 노선 존재 표기만 쓴 1차 스크리닝이다. 배차·운행횟수·방향·시간대·환승·OD·보행권·노선변경을 알 수 없으므로 공급량·접근성·서비스 품질·도입 우선순위로 해석하지 않는다. 순위는 낮은 값 탐색용이다.,area_adjacency=AF16E5259A667F45F5BF7F6B3DF3A22E1A4837C477F6B68DDC26CDCF60E2DFF0|area_scores=455106174A3E492D501F73B8BA55EFD1B7525656638E8109AE015C290C352DE3|bus_stops=BBA5AC0E8F29538F42373B1789179B5B9D2CF0186E0D3A618537C83B74B628D5|facilities=9AA2BC9D9F9E0EC421FB7D23A9C9BF0BD5EDB59EB173A91CB27E6EB2655A1E07|grid_scores=F2B4631D6C4DB1C379BB9CAA13D29A9C055273F1C0D682BAC13EDD19C0A9E9BF|metrics_code=7A3920ABAC99C0EEE1FA013FF751C14428D5AA95E0F1F3F32FCED6B7A49541BA|model_spec=435B1018F2D35A2B421D1827A23C0DC739DC1F827F71189F8F818CE0B0C670E4|source_manifest=86163BE779951590317AB41BE2F9DE18666BC936F1735593673513008868CEC9,population=4D1530F251B312CE6564BA5676093B1043057F46A0FE2A58CF2756AFC530DA7B|one_person=01923C6EBD7440771E4EBE20CAB0648355A18C09D198677C0E265F5E68406A7D|admdongkor_boundary=6A63D079BA8AF4701AB200AD0B54EBDEA8689808B6E0E9F17973B9BA7883DC6A|bus_stops=01B63929056B55D0A8FE372756942FB9A81A89CB121A0CDB1838DDE9ED8555BF|hira_hospital=458D04F264BFE005CB12078699156CA72AD47B52062E0F79B8140E2635086268|hira_pharmacy=65B2B1E7F65BF1EFAF20C826BC1FB03CC24B65B359F4B5B51E1A234B334505A4
4128560000,고봉동,066,3,3,1.1.0,village_bus_static_presence_screen_v1,goyang_mixed_20250825_20260630,population=2026-06-30|onePersonHouseholds=2026-06-30|hiraFacilities=2026-06-30|analysisBoundary=2026-04-01|busStops=2025-08-25,정류장 개소; 노선표기 건; 고유 노선명 개; 비율 0~1; 낮은값 순위 1~44,routes_raw를 comma로 분리하고 '노선명(유형)'을 파싱; 유형='마을' 표기를 추출; 동별 마을정류장비율=마을노선 1개 이상 표기 정류장/전체 경계내 정류장; 고유 마을노선=동별 routeName distinct count,2025-08-25 정류장 CSV의 정적 노선 존재 표기만 쓴 1차 스크리닝이다. 배차·운행횟수·방향·시간대·환승·OD·보행권·노선변경을 알 수 없으므로 공급량·접근성·서비스 품질·도입 우선순위로 해석하지 않는다. 순위는 낮은 값 탐색용이다.,area_adjacency=AF16E5259A667F45F5BF7F6B3DF3A22E1A4837C477F6B68DDC26CDCF60E2DFF0|area_scores=455106174A3E492D501F73B8BA55EFD1B7525656638E8109AE015C290C352DE3|bus_stops=BBA5AC0E8F29538F42373B1789179B5B9D2CF0186E0D3A618537C83B74B628D5|facilities=9AA2BC9D9F9E0EC421FB7D23A9C9BF0BD5EDB59EB173A91CB27E6EB2655A1E07|grid_scores=F2B4631D6C4DB1C379BB9CAA13D29A9C055273F1C0D682BAC13EDD19C0A9E9BF|metrics_code=7A3920ABAC99C0EEE1FA013FF751C14428D5AA95E0F1F3F32FCED6B7A49541BA|model_spec=435B1018F2D35A2B421D1827A23C0DC739DC1F827F71189F8F818CE0B0C670E4|source_manifest=86163BE779951590317AB41BE2F9DE18666BC936F1735593673513008868CEC9,population=4D1530F251B312CE6564BA5676093B1043057F46A0FE2A58CF2756AFC530DA7B|one_person=01923C6EBD7440771E4EBE20CAB0648355A18C09D198677C0E265F5E68406A7D|admdongkor_boundary=6A63D079BA8AF4701AB200AD0B54EBDEA8689808B6E0E9F17973B9BA7883DC6A|bus_stops=01B63929056B55D0A8FE372756942FB9A81A89CB121A0CDB1838DDE9ED8555BF|hira_hospital=458D04F264BFE005CB12078699156CA72AD47B52062E0F79B8140E2635086268|hira_pharmacy=65B2B1E7F65BF1EFAF20C826BC1FB03CC24B65B359F4B5B51E1A234B334505A4
4128560000,고봉동,066A,3,3,1.1.0,village_bus_static_presence_screen_v1,goyang_mixed_20250825_20260630,population=2026-06-30|onePersonHouseholds=2026-06-30|hiraFacilities=2026-06-30|analysisBoundary=2026-04-01|busStops=2025-08-25,정류장 개소; 노선표기 건; 고유 노선명 개; 비율 0~1; 낮은값 순위 1~44,routes_raw를 comma로 분리하고 '노선명(유형)'을 파싱; 유형='마을' 표기를 추출; 동별 마을정류장비율=마을노선 1개 이상 표기 정류장/전체 경계내 정류장; 고유 마을노선=동별 routeName distinct count,2025-08-25 정류장 CSV의 정적 노선 존재 표기만 쓴 1차 스크리닝이다. 배차·운행횟수·방향·시간대·환승·OD·보행권·노선변경을 알 수 없으므로 공급량·접근성·서비스 품질·도입 우선순위로 해석하지 않는다. 순위는 낮은 값 탐색용이다.,area_adjacency=AF16E5259A667F45F5BF7F6B3DF3A22E1A4837C477F6B68DDC26CDCF60E2DFF0|area_scores=455106174A3E492D501F73B8BA55EFD1B7525656638E8109AE015C290C352DE3|bus_stops=BBA5AC0E8F29538F42373B1789179B5B9D2CF0186E0D3A618537C83B74B628D5|facilities=9AA2BC9D9F9E0EC421FB7D23A9C9BF0BD5EDB59EB173A91CB27E6EB2655A1E07|grid_scores=F2B4631D6C4DB1C379BB9CAA13D29A9C055273F1C0D682BAC13EDD19C0A9E9BF|metrics_code=7A3920ABAC99C0EEE1FA013FF751C14428D5AA95E0F1F3F32FCED6B7A49541BA|model_spec=435B1018F2D35A2B421D1827A23C0DC739DC1F827F71189F8F818CE0B0C670E4|source_manifest=86163BE779951590317AB41BE2F9DE18666BC936F1735593673513008868CEC9,population=4D1530F251B312CE6564BA5676093B1043057F46A0FE2A58CF2756AFC530DA7B|one_person=01923C6EBD7440771E4EBE20CAB0648355A18C09D198677C0E265F5E68406A7D|admdongkor_boundary=6A63D079BA8AF4701AB200AD0B54EBDEA8689808B6E0E9F17973B9BA7883DC6A|bus_stops=01B63929056B55D0A8FE372756942FB9A81A89CB121A0CDB1838DDE9ED8555BF|hira_hospital=458D04F264BFE005CB12078699156CA72AD47B52062E0F79B8140E2635086268|hira_pharmacy=65B2B1E7F65BF1EFAF20C826BC1FB03CC24B65B359F4B5B51E1A234B334505A4
4128560000,고봉동,070A,11,11,1.1.0,village_bus_static_presence_screen_v1,goyang_mixed_20250825_20260630,population=2026-06-30|onePersonHouseholds=2026-06-30|hiraFacilities=2026-06-30|analysisBoundary=2026-04-01|busStops=2025-08-25,정류장 개소; 노선표기 건; 고유 노선명 개; 비율 0~1; 낮은값 순위 1~44,routes_raw를 comma로 분리하고 '노선명(유형)'을 파싱; 유형='마을' 표기를 추출; 동별 마을정류장비율=마을노선 1개 이상 표기 정류장/전체 경계내 정류장; 고유 마을노선=동별 routeName distinct count,2025-08-25 정류장 CSV의 정적 노선 존재 표기만 쓴 1차 스크리닝이다. 배차·운행횟수·방향·시간대·환승·OD·보행권·노선변경을 알 수 없으므로 공급량·접근성·서비스 품질·도입 우선순위로 해석하지 않는다. 순위는 낮은 값 탐색용이다.,area_adjacency=AF16E5259A667F45F5BF7F6B3DF3A22E1A4837C477F6B68DDC26CDCF60E2DFF0|area_scores=455106174A3E492D501F73B8BA55EFD1B7525656638E8109AE015C290C352DE3|bus_stops=BBA5AC0E8F29538F42373B1789179B5B9D2CF0186E0D3A618537C83B74B628D5|facilities=9AA2BC9D9F9E0EC421FB7D23A9C9BF0BD5EDB59EB173A91CB27E6EB2655A1E07|grid_scores=F2B4631D6C4DB1C379BB9CAA13D29A9C055273F1C0D682BAC13EDD19C0A9E9BF|metrics_code=7A3920ABAC99C0EEE1FA013FF751C14428D5AA95E0F1F3F32FCED6B7A49541BA|model_spec=435B1018F2D35A2B421D1827A23C0DC739DC1F827F71189F8F818CE0B0C670E4|source_manifest=86163BE779951590317AB41BE2F9DE18666BC936F1735593673513008868CEC9,population=4D1530F251B312CE6564BA5676093B1043057F46A0FE2A58CF2756AFC530DA7B|one_person=01923C6EBD7440771E4EBE20CAB0648355A18C09D198677C0E265F5E68406A7D|admdongkor_boundary=6A63D079BA8AF4701AB200AD0B54EBDEA8689808B6E0E9F17973B9BA7883DC6A|bus_stops=01B63929056B55D0A8FE372756942FB9A81A89CB121A0CDB1838DDE9ED8555BF|hira_hospital=458D04F264BFE005CB12078699156CA72AD47B52062E0F79B8140E2635086268|hira_pharmacy=65B2B1E7F65BF1EFAF20C826BC1FB03CC24B65B359F4B5B51E1A234B334505A4
4128560000,고봉동,090,3,3,1.1.0,village_bus_static_presence_screen_v1,goyang_mixed_20250825_20260630,population=2026-06-30|onePersonHouseholds=2026-06-30|hiraFacilities=2026-06-30|analysisBoundary=2026-04-01|busStops=2025-08-25,정류장 개소; 노선표기 건; 고유 노선명 개; 비율 0~1; 낮은값 순위 1~44,routes_raw를 comma로 분리하고 '노선명(유형)'을 파싱; 유형='마을' 표기를 추출; 동별 마을정류장비율=마을노선 1개 이상 표기 정류장/전체 경계내 정류장; 고유 마을노선=동별 routeName distinct count,2025-08-25 정류장 CSV의 정적 노선 존재 표기만 쓴 1차 스크리닝이다. 배차·운행횟수·방향·시간대·환승·OD·보행권·노선변경을 알 수 없으므로 공급량·접근성·서비스 품질·도입 우선순위로 해석하지 않는다. 순위는 낮은 값 탐색용이다.,area_adjacency=AF16E5259A667F45F5BF7F6B3DF3A22E1A4837C477F6B68DDC26CDCF60E2DFF0|area_scores=455106174A3E492D501F73B8BA55EFD1B7525656638E8109AE015C290C352DE3|bus_stops=BBA5AC0E8F29538F42373B1789179B5B9D2CF0186E0D3A618537C83B74B628D5|facilities=9AA2BC9D9F9E0EC421FB7D23A9C9BF0BD5EDB59EB173A91CB27E6EB2655A1E07|grid_scores=F2B4631D6C4DB1C379BB9CAA13D29A9C055273F1C0D682BAC13EDD19C0A9E9BF|metrics_code=7A3920ABAC99C0EEE1FA013FF751C14428D5AA95E0F1F3F32FCED6B7A49541BA|model_spec=435B1018F2D35A2B421D1827A23C0DC739DC1F827F71189F8F818CE0B0C670E4|source_manifest=86163BE779951590317AB41BE2F9DE18666BC936F1735593673513008868CEC9,population=4D1530F251B312CE6564BA5676093B1043057F46A0FE2A58CF2756AFC530DA7B|one_person=01923C6EBD7440771E4EBE20CAB0648355A18C09D198677C0E265F5E68406A7D|admdongkor_boundary=6A63D079BA8AF4701AB200AD0B54EBDEA8689808B6E0E9F17973B9BA7883DC6A|bus_stops=01B63929056B55D0A8FE372756942FB9A81A89CB121A0CDB1838DDE9ED8555BF|hira_hospital=458D04F264BFE005CB12078699156CA72AD47B52062E0F79B8140E2635086268|hira_pharmacy=65B2B1E7F65BF1EFAF20C826BC1FB03CC24B65B359F4B5B51E1A234B334505A4
4128560000,고봉동,091A,3,3,1.1.0,village_bus_static_presence_screen_v1,goyang_mixed_20250825_20260630,population=2026-06-30|onePersonHouseholds=2026-06-30|hiraFacilities=2026-06-30|analysisBoundary=2026-04-01|busStops=2025-08-25,정류장 개소; 노선표기 건; 고유 노선명 개; 비율 0~1; 낮은값 순위 1~44,routes_raw를 comma로 분리하고 '노선명(유형)'을 파싱; 유형='마을' 표기를 추출; 동별 마을정류장비율=마을노선 1개 이상 표기 정류장/전체 경계내 정류장; 고유 마을노선=동별 routeName distinct count,2025-08-25 정류장 CSV의 정적 노선 존재 표기만 쓴 1차 스크리닝이다. 배차·운행횟수·방향·시간대·환승·OD·보행권·노선변경을 알 수 없으므로 공급량·접근성·서비스 품질·도입 우선순위로 해석하지 않는다. 순위는 낮은 값 탐색용이다.,area_adjacency=AF16E5259A667F45F5BF7F6B3DF3A22E1A4837C477F6B68DDC26CDCF60E2DFF0|area_scores=455106174A3E492D501F73B8BA55EFD1B7525656638E8109AE015C290C352DE3|bus_stops=BBA5AC0E8F29538F42373B1789179B5B9D2CF0186E0D3A618537C83B74B628D5|facilities=9AA2BC9D9F9E0EC421FB7D23A9C9BF0BD5EDB59EB173A91CB27E6EB2655A1E07|grid_scores=F2B4631D6C4DB1C379BB9CAA13D29A9C055273F1C0D682BAC13EDD19C0A9E9BF|metrics_code=7A3920ABAC99C0EEE1FA013FF751C14428D5AA95E0F1F3F32FCED6B7A49541BA|model_spec=435B1018F2D35A2B421D1827A23C0DC739DC1F827F71189F8F818CE0B0C670E4|source_manifest=86163BE779951590317AB41BE2F9DE18666BC936F1735593673513008868CEC9,population=4D1530F251B312CE6564BA5676093B1043057F46A0FE2A58CF2756AFC530DA7B|one_person=01923C6EBD7440771E4EBE20CAB0648355A18C09D198677C0E265F5E68406A7D|admdongkor_boundary=6A63D079BA8AF4701AB200AD0B54EBDEA8689808B6E0E9F17973B9BA7883DC6A|bus_stops=01B63929056B55D0A8FE372756942FB9A81A89CB121A0CDB1838DDE9ED8555BF|hira_hospital=458D04F264BFE005CB12078699156CA72AD47B52062E0F79B8140E2635086268|hira_pharmacy=65B2B1E7F65BF1EFAF20C826BC1FB03CC24B65B359F4B5B51E1A234B334505A4
4128751000,일산1동,056,3,3,1.1.0,village_bus_static_presence_screen_v1,goyang_mixed_20250825_20260630,population=2026-06-30|onePersonHouseholds=2026-06-30|hiraFacilities=2026-06-30|analysisBoundary=2026-04-01|busStops=2025-08-25,정류장 개소; 노선표기 건; 고유 노선명 개; 비율 0~1; 낮은값 순위 1~44,routes_raw를 comma로 분리하고 '노선명(유형)'을 파싱; 유형='마을' 표기를 추출; 동별 마을정류장비율=마을노선 1개 이상 표기 정류장/전체 경계내 정류장; 고유 마을노선=동별 routeName distinct count,2025-08-25 정류장 CSV의 정적 노선 존재 표기만 쓴 1차 스크리닝이다. 배차·운행횟수·방향·시간대·환승·OD·보행권·노선변경을 알 수 없으므로 공급량·접근성·서비스 품질·도입 우선순위로 해석하지 않는다. 순위는 낮은 값 탐색용이다.,area_adjacency=AF16E5259A667F45F5BF7F6B3DF3A22E1A4837C477F6B68DDC26CDCF60E2DFF0|area_scores=455106174A3E492D501F73B8BA55EFD1B7525656638E8109AE015C290C352DE3|bus_stops=BBA5AC0E8F29538F42373B1789179B5B9D2CF0186E0D3A618537C83B74B628D5|facilities=9AA2BC9D9F9E0EC421FB7D23A9C9BF0BD5EDB59EB173A91CB27E6EB2655A1E07|grid_scores=F2B4631D6C4DB1C379BB9CAA13D29A9C055273F1C0D682BAC13EDD19C0A9E9BF|metrics_code=7A3920ABAC99C0EEE1FA013FF751C14428D5AA95E0F1F3F32FCED6B7A49541BA|model_spec=435B1018F2D35A2B421D1827A23C0DC739DC1F827F71189F8F818CE0B0C670E4|source_manifest=86163BE779951590317AB41BE2F9DE18666BC936F1735593673513008868CEC9,population=4D1530F251B312CE6564BA5676093B1043057F46A0FE2A58CF2756AFC530DA7B|one_person=01923C6EBD7440771E4EBE20CAB0648355A18C09D198677C0E265F5E68406A7D|admdongkor_boundary=6A63D079BA8AF4701AB200AD0B54EBDEA8689808B6E0E9F17973B9BA7883DC6A|bus_stops=01B63929056B55D0A8FE372756942FB9A81A89CB121A0CDB1838DDE9ED8555BF|hira_hospital=458D04F264BFE005CB12078699156CA72AD47B52062E0F79B8140E2635086268|hira_pharmacy=65B2B1E7F65BF1EFAF20C826BC1FB03CC24B65B359F4B5B51E1A234B334505A4
4128751000,일산1동,066,4,4,1.1.0,village_bus_static_presence_screen_v1,goyang_mixed_20250825_20260630,population=2026-06-30|onePersonHouseholds=2026-06-30|hiraFacilities=2026-06-30|analysisBoundary=2026-04-01|busStops=2025-08-25,정류장 개소; 노선표기 건; 고유 노선명 개; 비율 0~1; 낮은값 순위 1~44,routes_raw를 comma로 분리하고 '노선명(유형)'을 파싱; 유형='마을' 표기를 추출; 동별 마을정류장비율=마을노선 1개 이상 표기 정류장/전체 경계내 정류장; 고유 마을노선=동별 routeName distinct count,2025-08-25 정류장 CSV의 정적 노선 존재 표기만 쓴 1차 스크리닝이다. 배차·운행횟수·방향·시간대·환승·OD·보행권·노선변경을 알 수 없으므로 공급량·접근성·서비스 품질·도입 우선순위로 해석하지 않는다. 순위는 낮은 값 탐색용이다.,area_adjacency=AF16E5259A667F45F5BF7F6B3DF3A22E1A4837C477F6B68DDC26CDCF60E2DFF0|area_scores=455106174A3E492D501F73B8BA55EFD1B7525656638E8109AE015C290C352DE3|bus_stops=BBA5AC0E8F29538F42373B1789179B5B9D2CF0186E0D3A618537C83B74B628D5|facilities=9AA2BC9D9F9E0EC421FB7D23A9C9BF0BD5EDB59EB173A91CB27E6EB2655A1E07|grid_scores=F2B4631D6C4DB1C379BB9CAA13D29A9C055273F1C0D682BAC13EDD19C0A9E9BF|metrics_code=7A3920ABAC99C0EEE1FA013FF751C14428D5AA95E0F1F3F32FCED6B7A49541BA|model_spec=435B1018F2D35A2B421D1827A23C0DC739DC1F827F71189F8F818CE0B0C670E4|source_manifest=86163BE779951590317AB41BE2F9DE18666BC936F1735593673513008868CEC9,population=4D1530F251B312CE6564BA5676093B1043057F46A0FE2A58CF2756AFC530DA7B|one_person=01923C6EBD7440771E4EBE20CAB0648355A18C09D198677C0E265F5E68406A7D|admdongkor_boundary=6A63D079BA8AF4701AB200AD0B54EBDEA8689808B6E0E9F17973B9BA7883DC6A|bus_stops=01B63929056B55D0A8FE372756942FB9A81A89CB121A0CDB1838DDE9ED8555BF|hira_hospital=458D04F264BFE005CB12078699156CA72AD47B52062E0F79B8140E2635086268|hira_pharmacy=65B2B1E7F65BF1EFAF20C826BC1FB03CC24B65B359F4B5B51E1A234B334505A4
4128751000,일산1동,066A,4,4,1.1.0,village_bus_static_presence_screen_v1,goyang_mixed_20250825_20260630,population=2026-06-30|onePersonHouseholds=2026-06-30|hiraFacilities=2026-06-30|analysisBoundary=2026-04-01|busStops=2025-08-25,정류장 개소; 노선표기 건; 고유 노선명 개; 비율 0~1; 낮은값 순위 1~44,routes_raw를 comma로 분리하고 '노선명(유형)'을 파싱; 유형='마을' 표기를 추출; 동별 마을정류장비율=마을노선 1개 이상 표기 정류장/전체 경계내 정류장; 고유 마을노선=동별 routeName distinct count,2025-08-25 정류장 CSV의 정적 노선 존재 표기만 쓴 1차 스크리닝이다. 배차·운행횟수·방향·시간대·환승·OD·보행권·노선변경을 알 수 없으므로 공급량·접근성·서비스 품질·도입 우선순위로 해석하지 않는다. 순위는 낮은 값 탐색용이다.,area_adjacency=AF16E5259A667F45F5BF7F6B3DF3A22E1A4837C477F6B68DDC26CDCF60E2DFF0|area_scores=455106174A3E492D501F73B8BA55EFD1B7525656638E8109AE015C290C352DE3|bus_stops=BBA5AC0E8F29538F42373B1789179B5B9D2CF0186E0D3A618537C83B74B628D5|facilities=9AA2BC9D9F9E0EC421FB7D23A9C9BF0BD5EDB59EB173A91CB27E6EB2655A1E07|grid_scores=F2B4631D6C4DB1C379BB9CAA13D29A9C055273F1C0D682BAC13EDD19C0A9E9BF|metrics_code=7A3920ABAC99C0EEE1FA013FF751C14428D5AA95E0F1F3F32FCED6B7A49541BA|model_spec=435B1018F2D35A2B421D1827A23C0DC739DC1F827F71189F8F818CE0B0C670E4|source_manifest=86163BE779951590317AB41BE2F9DE18666BC936F1735593673513008868CEC9,population=4D1530F251B312CE6564BA5676093B1043057F46A0FE2A58CF2756AFC530DA7B|one_person=01923C6EBD7440771E4EBE20CAB0648355A18C09D198677C0E265F5E68406A7D|admdongkor_boundary=6A63D079BA8AF4701AB200AD0B54EBDEA8689808B6E0E9F17973B9BA7883DC6A|bus_stops=01B63929056B55D0A8FE372756942FB9A81A89CB121A0CDB1838DDE9ED8555BF|hira_hospital=458D04F264BFE005CB12078699156CA72AD47B52062E0F79B8140E2635086268|hira_pharmacy=65B2B1E7F65BF1EFAF20C826BC1FB03CC24B65B359F4B5B51E1A234B334505A4
4128751000,일산1동,078,7,7,1.1.0,village_bus_static_presence_screen_v1,goyang_mixed_20250825_20260630,population=2026-06-30|onePersonHouseholds=2026-06-30|hiraFacilities=2026-06-30|analysisBoundary=2026-04-01|busStops=2025-08-25,정류장 개소; 노선표기 건; 고유 노선명 개; 비율 0~1; 낮은값 순위 1~44,routes_raw를 comma로 분리하고 '노선명(유형)'을 파싱; 유형='마을' 표기를 추출; 동별 마을정류장비율=마을노선 1개 이상 표기 정류장/전체 경계내 정류장; 고유 마을노선=동별 routeName distinct count,2025-08-25 정류장 CSV의 정적 노선 존재 표기만 쓴 1차 스크리닝이다. 배차·운행횟수·방향·시간대·환승·OD·보행권·노선변경을 알 수 없으므로 공급량·접근성·서비스 품질·도입 우선순위로 해석하지 않는다. 순위는 낮은 값 탐색용이다.,area_adjacency=AF16E5259A667F45F5BF7F6B3DF3A22E1A4837C477F6B68DDC26CDCF60E2DFF0|area_scores=455106174A3E492D501F73B8BA55EFD1B7525656638E8109AE015C290C352DE3|bus_stops=BBA5AC0E8F29538F42373B1789179B5B9D2CF0186E0D3A618537C83B74B628D5|facilities=9AA2BC9D9F9E0EC421FB7D23A9C9BF0BD5EDB59EB173A91CB27E6EB2655A1E07|grid_scores=F2B4631D6C4DB1C379BB9CAA13D29A9C055273F1C0D682BAC13EDD19C0A9E9BF|metrics_code=7A3920ABAC99C0EEE1FA013FF751C14428D5AA95E0F1F3F32FCED6B7A49541BA|model_spec=435B1018F2D35A2B421D1827A23C0DC739DC1F827F71189F8F818CE0B0C670E4|source_manifest=86163BE779951590317AB41BE2F9DE18666BC936F1735593673513008868CEC9,population=4D1530F251B312CE6564BA5676093B1043057F46A0FE2A58CF2756AFC530DA7B|one_person=01923C6EBD7440771E4EBE20CAB0648355A18C09D198677C0E265F5E68406A7D|admdongkor_boundary=6A63D079BA8AF4701AB200AD0B54EBDEA8689808B6E0E9F17973B9BA7883DC6A|bus_stops=01B63929056B55D0A8FE372756942FB9A81A89CB121A0CDB1838DDE9ED8555BF|hira_hospital=458D04F264BFE005CB12078699156CA72AD47B52062E0F79B8140E2635086268|hira_pharmacy=65B2B1E7F65BF1EFAF20C826BC1FB03CC24B65B359F4B5B51E1A234B334505A4
4128751000,일산1동,079,10,10,1.1.0,village_bus_static_presence_screen_v1,goyang_mixed_20250825_20260630,population=2026-06-30|onePersonHouseholds=2026-06-30|hiraFacilities=2026-06-30|analysisBoundary=2026-04-01|busStops=2025-08-25,정류장 개소; 노선표기 건; 고유 노선명 개; 비율 0~1; 낮은값 순위 1~44,routes_raw를 comma로 분리하고 '노선명(유형)'을 파싱; 유형='마을' 표기를 추출; 동별 마을정류장비율=마을노선 1개 이상 표기 정류장/전체 경계내 정류장; 고유 마을노선=동별 routeName distinct count,2025-08-25 정류장 CSV의 정적 노선 존재 표기만 쓴 1차 스크리닝이다. 배차·운행횟수·방향·시간대·환승·OD·보행권·노선변경을 알 수 없으므로 공급량·접근성·서비스 품질·도입 우선순위로 해석하지 않는다. 순위는 낮은 값 탐색용이다.,area_adjacency=AF16E5259A667F45F5BF7F6B3DF3A22E1A4837C477F6B68DDC26CDCF60E2DFF0|area_scores=455106174A3E492D501F73B8BA55EFD1B7525656638E8109AE015C290C352DE3|bus_stops=BBA5AC0E8F29538F42373B1789179B5B9D2CF0186E0D3A618537C83B74B628D5|facilities=9AA2BC9D9F9E0EC421FB7D23A9C9BF0BD5EDB59EB173A91CB27E6EB2655A1E07|grid_scores=F2B4631D6C4DB1C379BB9CAA13D29A9C055273F1C0D682BAC13EDD19C0A9E9BF|metrics_code=7A3920ABAC99C0EEE1FA013FF751C14428D5AA95E0F1F3F32FCED6B7A49541BA|model_spec=435B1018F2D35A2B421D1827A23C0DC739DC1F827F71189F8F818CE0B0C670E4|source_manifest=86163BE779951590317AB41BE2F9DE18666BC936F1735593673513008868CEC9,population=4D1530F251B312CE6564BA5676093B1043057F46A0FE2A58CF2756AFC530DA7B|one_person=01923C6EBD7440771E4EBE20CAB0648355A18C09D198677C0E265F5E68406A7D|admdongkor_boundary=6A63D079BA8AF4701AB200AD0B54EBDEA8689808B6E0E9F17973B9BA7883DC6A|bus_stops=01B63929056B55D0A8FE372756942FB9A81A89CB121A0CDB1838DDE9ED8555BF|hira_hospital=458D04F264BFE005CB12078699156CA72AD47B52062E0F79B8140E2635086268|hira_pharmacy=65B2B1E7F65BF1EFAF20C826BC1FB03CC24B65B359F4B5B51E1A234B334505A4
4128751000,일산1동,090,2,2,1.1.0,village_bus_static_presence_screen_v1,goyang_mixed_20250825_20260630,population=2026-06-30|onePersonHouseholds=2026-06-30|hiraFacilities=2026-06-30|analysisBoundary=2026-04-01|busStops=2025-08-25,정류장 개소; 노선표기 건; 고유 노선명 개; 비율 0~1; 낮은값 순위 1~44,routes_raw를 comma로 분리하고 '노선명(유형)'을 파싱; 유형='마을' 표기를 추출; 동별 마을정류장비율=마을노선 1개 이상 표기 정류장/전체 경계내 정류장; 고유 마을노선=동별 routeName distinct count,2025-08-25 정류장 CSV의 정적 노선 존재 표기만 쓴 1차 스크리닝이다. 배차·운행횟수·방향·시간대·환승·OD·보행권·노선변경을 알 수 없으므로 공급량·접근성·서비스 품질·도입 우선순위로 해석하지 않는다. 순위는 낮은 값 탐색용이다.,area_adjacency=AF16E5259A667F45F5BF7F6B3DF3A22E1A4837C477F6B68DDC26CDCF60E2DFF0|area_scores=455106174A3E492D501F73B8BA55EFD1B7525656638E8109AE015C290C352DE3|bus_stops=BBA5AC0E8F29538F42373B1789179B5B9D2CF0186E0D3A618537C83B74B628D5|facilities=9AA2BC9D9F9E0EC421FB7D23A9C9BF0BD5EDB59EB173A91CB27E6EB2655A1E07|grid_scores=F2B4631D6C4DB1C379BB9CAA13D29A9C055273F1C0D682BAC13EDD19C0A9E9BF|metrics_code=7A3920ABAC99C0EEE1FA013FF751C14428D5AA95E0F1F3F32FCED6B7A49541BA|model_spec=435B1018F2D35A2B421D1827A23C0DC739DC1F827F71189F8F818CE0B0C670E4|source_manifest=86163BE779951590317AB41BE2F9DE18666BC936F1735593673513008868CEC9,population=4D1530F251B312CE6564BA5676093B1043057F46A0FE2A58CF2756AFC530DA7B|one_person=01923C6EBD7440771E4EBE20CAB0648355A18C09D198677C0E265F5E68406A7D|admdongkor_boundary=6A63D079BA8AF4701AB200AD0B54EBDEA8689808B6E0E9F17973B9BA7883DC6A|bus_stops=01B63929056B55D0A8FE372756942FB9A81A89CB121A0CDB1838DDE9ED8555BF|hira_hospital=458D04F264BFE005CB12078699156CA72AD47B52062E0F79B8140E2635086268|hira_pharmacy=65B2B1E7F65BF1EFAF20C826BC1FB03CC24B65B359F4B5B51E1A234B334505A4
4128752000,일산2동,056,6,6,1.1.0,village_bus_static_presence_screen_v1,goyang_mixed_20250825_20260630,population=2026-06-30|onePersonHouseholds=2026-06-30|hiraFacilities=2026-06-30|analysisBoundary=2026-04-01|busStops=2025-08-25,정류장 개소; 노선표기 건; 고유 노선명 개; 비율 0~1; 낮은값 순위 1~44,routes_raw를 comma로 분리하고 '노선명(유형)'을 파싱; 유형='마을' 표기를 추출; 동별 마을정류장비율=마을노선 1개 이상 표기 정류장/전체 경계내 정류장; 고유 마을노선=동별 routeName distinct count,2025-08-25 정류장 CSV의 정적 노선 존재 표기만 쓴 1차 스크리닝이다. 배차·운행횟수·방향·시간대·환승·OD·보행권·노선변경을 알 수 없으므로 공급량·접근성·서비스 품질·도입 우선순위로 해석하지 않는다. 순위는 낮은 값 탐색용이다.,area_adjacency=AF16E5259A667F45F5BF7F6B3DF3A22E1A4837C477F6B68DDC26CDCF60E2DFF0|area_scores=455106174A3E492D501F73B8BA55EFD1B7525656638E8109AE015C290C352DE3|bus_stops=BBA5AC0E8F29538F42373B1789179B5B9D2CF0186E0D3A618537C83B74B628D5|facilities=9AA2BC9D9F9E0EC421FB7D23A9C9BF0BD5EDB59EB173A91CB27E6EB2655A1E07|grid_scores=F2B4631D6C4DB1C379BB9CAA13D29A9C055273F1C0D682BAC13EDD19C0A9E9BF|metrics_code=7A3920ABAC99C0EEE1FA013FF751C14428D5AA95E0F1F3F32FCED6B7A49541BA|model_spec=435B1018F2D35A2B421D1827A23C0DC739DC1F827F71189F8F818CE0B0C670E4|source_manifest=86163BE779951590317AB41BE2F9DE18666BC936F1735593673513008868CEC9,population=4D1530F251B312CE6564BA5676093B1043057F46A0FE2A58CF2756AFC530DA7B|one_person=01923C6EBD7440771E4EBE20CAB0648355A18C09D198677C0E265F5E68406A7D|admdongkor_boundary=6A63D079BA8AF4701AB200AD0B54EBDEA8689808B6E0E9F17973B9BA7883DC6A|bus_stops=01B63929056B55D0A8FE372756942FB9A81A89CB121A0CDB1838DDE9ED8555BF|hira_hospital=458D04F264BFE005CB12078699156CA72AD47B52062E0F79B8140E2635086268|hira_pharmacy=65B2B1E7F65BF1EFAF20C826BC1FB03CC24B65B359F4B5B51E1A234B334505A4
4128752000,일산2동,066,6,6,1.1.0,village_bus_static_presence_screen_v1,goyang_mixed_20250825_20260630,population=2026-06-30|onePersonHouseholds=2026-06-30|hiraFacilities=2026-06-30|analysisBoundary=2026-04-01|busStops=2025-08-25,정류장 개소; 노선표기 건; 고유 노선명 개; 비율 0~1; 낮은값 순위 1~44,routes_raw를 comma로 분리하고 '노선명(유형)'을 파싱; 유형='마을' 표기를 추출; 동별 마을정류장비율=마을노선 1개 이상 표기 정류장/전체 경계내 정류장; 고유 마을노선=동별 routeName distinct count,2025-08-25 정류장 CSV의 정적 노선 존재 표기만 쓴 1차 스크리닝이다. 배차·운행횟수·방향·시간대·환승·OD·보행권·노선변경을 알 수 없으므로 공급량·접근성·서비스 품질·도입 우선순위로 해석하지 않는다. 순위는 낮은 값 탐색용이다.,area_adjacency=AF16E5259A667F45F5BF7F6B3DF3A22E1A4837C477F6B68DDC26CDCF60E2DFF0|area_scores=455106174A3E492D501F73B8BA55EFD1B7525656638E8109AE015C290C352DE3|bus_stops=BBA5AC0E8F29538F42373B1789179B5B9D2CF0186E0D3A618537C83B74B628D5|facilities=9AA2BC9D9F9E0EC421FB7D23A9C9BF0BD5EDB59EB173A91CB27E6EB2655A1E07|grid_scores=F2B4631D6C4DB1C379BB9CAA13D29A9C055273F1C0D682BAC13EDD19C0A9E9BF|metrics_code=7A3920ABAC99C0EEE1FA013FF751C14428D5AA95E0F1F3F32FCED6B7A49541BA|model_spec=435B1018F2D35A2B421D1827A23C0DC739DC1F827F71189F8F818CE0B0C670E4|source_manifest=86163BE779951590317AB41BE2F9DE18666BC936F1735593673513008868CEC9,population=4D1530F251B312CE6564BA5676093B1043057F46A0FE2A58CF2756AFC530DA7B|one_person=01923C6EBD7440771E4EBE20CAB0648355A18C09D198677C0E265F5E68406A7D|admdongkor_boundary=6A63D079BA8AF4701AB200AD0B54EBDEA8689808B6E0E9F17973B9BA7883DC6A|bus_stops=01B63929056B55D0A8FE372756942FB9A81A89CB121A0CDB1838DDE9ED8555BF|hira_hospital=458D04F264BFE005CB12078699156CA72AD47B52062E0F79B8140E2635086268|hira_pharmacy=65B2B1E7F65BF1EFAF20C826BC1FB03CC24B65B359F4B5B51E1A234B334505A4
4128752000,일산2동,066A,6,6,1.1.0,village_bus_static_presence_screen_v1,goyang_mixed_20250825_20260630,population=2026-06-30|onePersonHouseholds=2026-06-30|hiraFacilities=2026-06-30|analysisBoundary=2026-04-01|busStops=2025-08-25,정류장 개소; 노선표기 건; 고유 노선명 개; 비율 0~1; 낮은값 순위 1~44,routes_raw를 comma로 분리하고 '노선명(유형)'을 파싱; 유형='마을' 표기를 추출; 동별 마을정류장비율=마을노선 1개 이상 표기 정류장/전체 경계내 정류장; 고유 마을노선=동별 routeName distinct count,2025-08-25 정류장 CSV의 정적 노선 존재 표기만 쓴 1차 스크리닝이다. 배차·운행횟수·방향·시간대·환승·OD·보행권·노선변경을 알 수 없으므로 공급량·접근성·서비스 품질·도입 우선순위로 해석하지 않는다. 순위는 낮은 값 탐색용이다.,area_adjacency=AF16E5259A667F45F5BF7F6B3DF3A22E1A4837C477F6B68DDC26CDCF60E2DFF0|area_scores=455106174A3E492D501F73B8BA55EFD1B7525656638E8109AE015C290C352DE3|bus_stops=BBA5AC0E8F29538F42373B1789179B5B9D2CF0186E0D3A618537C83B74B628D5|facilities=9AA2BC9D9F9E0EC421FB7D23A9C9BF0BD5EDB59EB173A91CB27E6EB2655A1E07|grid_scores=F2B4631D6C4DB1C379BB9CAA13D29A9C055273F1C0D682BAC13EDD19C0A9E9BF|metrics_code=7A3920ABAC99C0EEE1FA013FF751C14428D5AA95E0F1F3F32FCED6B7A49541BA|model_spec=435B1018F2D35A2B421D1827A23C0DC739DC1F827F71189F8F818CE0B0C670E4|source_manifest=86163BE779951590317AB41BE2F9DE18666BC936F1735593673513008868CEC9,population=4D1530F251B312CE6564BA5676093B1043057F46A0FE2A58CF2756AFC530DA7B|one_person=01923C6EBD7440771E4EBE20CAB0648355A18C09D198677C0E265F5E68406A7D|admdongkor_boundary=6A63D079BA8AF4701AB200AD0B54EBDEA8689808B6E0E9F17973B9BA7883DC6A|bus_stops=01B63929056B55D0A8FE372756942FB9A81A89CB121A0CDB1838DDE9ED8555BF|hira_hospital=458D04F264BFE005CB12078699156CA72AD47B52062E0F79B8140E2635086268|hira_pharmacy=65B2B1E7F65BF1EFAF20C826BC1FB03CC24B65B359F4B5B51E1A234B334505A4
4128752000,일산2동,070B,1,1,1.1.0,village_bus_static_presence_screen_v1,goyang_mixed_20250825_20260630,population=2026-06-30|onePersonHouseholds=2026-06-30|hiraFacilities=2026-06-30|analysisBoundary=2026-04-01|busStops=2025-08-25,정류장 개소; 노선표기 건; 고유 노선명 개; 비율 0~1; 낮은값 순위 1~44,routes_raw를 comma로 분리하고 '노선명(유형)'을 파싱; 유형='마을' 표기를 추출; 동별 마을정류장비율=마을노선 1개 이상 표기 정류장/전체 경계내 정류장; 고유 마을노선=동별 routeName distinct count,2025-08-25 정류장 CSV의 정적 노선 존재 표기만 쓴 1차 스크리닝이다. 배차·운행횟수·방향·시간대·환승·OD·보행권·노선변경을 알 수 없으므로 공급량·접근성·서비스 품질·도입 우선순위로 해석하지 않는다. 순위는 낮은 값 탐색용이다.,area_adjacency=AF16E5259A667F45F5BF7F6B3DF3A22E1A4837C477F6B68DDC26CDCF60E2DFF0|area_scores=455106174A3E492D501F73B8BA55EFD1B7525656638E8109AE015C290C352DE3|bus_stops=BBA5AC0E8F29538F42373B1789179B5B9D2CF0186E0D3A618537C83B74B628D5|facilities=9AA2BC9D9F9E0EC421FB7D23A9C9BF0BD5EDB59EB173A91CB27E6EB2655A1E07|grid_scores=F2B4631D6C4DB1C379BB9CAA13D29A9C055273F1C0D682BAC13EDD19C0A9E9BF|metrics_code=7A3920ABAC99C0EEE1FA013FF751C14428D5AA95E0F1F3F32FCED6B7A49541BA|model_spec=435B1018F2D35A2B421D1827A23C0DC739DC1F827F71189F8F818CE0B0C670E4|source_manifest=86163BE779951590317AB41BE2F9DE18666BC936F1735593673513008868CEC9,population=4D1530F251B312CE6564BA5676093B1043057F46A0FE2A58CF2756AFC530DA7B|one_person=01923C6EBD7440771E4EBE20CAB0648355A18C09D198677C0E265F5E68406A7D|admdongkor_boundary=6A63D079BA8AF4701AB200AD0B54EBDEA8689808B6E0E9F17973B9BA7883DC6A|bus_stops=01B63929056B55D0A8FE372756942FB9A81A89CB121A0CDB1838DDE9ED8555BF|hira_hospital=458D04F264BFE005CB12078699156CA72AD47B52062E0F79B8140E2635086268|hira_pharmacy=65B2B1E7F65BF1EFAF20C826BC1FB03CC24B65B359F4B5B51E1A234B334505A4
4128752000,일산2동,078,8,8,1.1.0,village_bus_static_presence_screen_v1,goyang_mixed_20250825_20260630,population=2026-06-30|onePersonHouseholds=2026-06-30|hiraFacilities=2026-06-30|analysisBoundary=2026-04-01|busStops=2025-08-25,정류장 개소; 노선표기 건; 고유 노선명 개; 비율 0~1; 낮은값 순위 1~44,routes_raw를 comma로 분리하고 '노선명(유형)'을 파싱; 유형='마을' 표기를 추출; 동별 마을정류장비율=마을노선 1개 이상 표기 정류장/전체 경계내 정류장; 고유 마을노선=동별 routeName distinct count,2025-08-25 정류장 CSV의 정적 노선 존재 표기만 쓴 1차 스크리닝이다. 배차·운행횟수·방향·시간대·환승·OD·보행권·노선변경을 알 수 없으므로 공급량·접근성·서비스 품질·도입 우선순위로 해석하지 않는다. 순위는 낮은 값 탐색용이다.,area_adjacency=AF16E5259A667F45F5BF7F6B3DF3A22E1A4837C477F6B68DDC26CDCF60E2DFF0|area_scores=455106174A3E492D501F73B8BA55EFD1B7525656638E8109AE015C290C352DE3|bus_stops=BBA5AC0E8F29538F42373B1789179B5B9D2CF0186E0D3A618537C83B74B628D5|facilities=9AA2BC9D9F9E0EC421FB7D23A9C9BF0BD5EDB59EB173A91CB27E6EB2655A1E07|grid_scores=F2B4631D6C4DB1C379BB9CAA13D29A9C055273F1C0D682BAC13EDD19C0A9E9BF|metrics_code=7A3920ABAC99C0EEE1FA013FF751C14428D5AA95E0F1F3F32FCED6B7A49541BA|model_spec=435B1018F2D35A2B421D1827A23C0DC739DC1F827F71189F8F818CE0B0C670E4|source_manifest=86163BE779951590317AB41BE2F9DE18666BC936F1735593673513008868CEC9,population=4D1530F251B312CE6564BA5676093B1043057F46A0FE2A58CF2756AFC530DA7B|one_person=01923C6EBD7440771E4EBE20CAB0648355A18C09D198677C0E265F5E68406A7D|admdongkor_boundary=6A63D079BA8AF4701AB200AD0B54EBDEA8689808B6E0E9F17973B9BA7883DC6A|bus_stops=01B63929056B55D0A8FE372756942FB9A81A89CB121A0CDB1838DDE9ED8555BF|hira_hospital=458D04F264BFE005CB12078699156CA72AD47B52062E0F79B8140E2635086268|hira_pharmacy=65B2B1E7F65BF1EFAF20C826BC1FB03CC24B65B359F4B5B51E1A234B334505A4
4128752000,일산2동,079,7,7,1.1.0,village_bus_static_presence_screen_v1,goyang_mixed_20250825_20260630,population=2026-06-30|onePersonHouseholds=2026-06-30|hiraFacilities=2026-06-30|analysisBoundary=2026-04-01|busStops=2025-08-25,정류장 개소; 노선표기 건; 고유 노선명 개; 비율 0~1; 낮은값 순위 1~44,routes_raw를 comma로 분리하고 '노선명(유형)'을 파싱; 유형='마을' 표기를 추출; 동별 마을정류장비율=마을노선 1개 이상 표기 정류장/전체 경계내 정류장; 고유 마을노선=동별 routeName distinct count,2025-08-25 정류장 CSV의 정적 노선 존재 표기만 쓴 1차 스크리닝이다. 배차·운행횟수·방향·시간대·환승·OD·보행권·노선변경을 알 수 없으므로 공급량·접근성·서비스 품질·도입 우선순위로 해석하지 않는다. 순위는 낮은 값 탐색용이다.,area_adjacency=AF16E5259A667F45F5BF7F6B3DF3A22E1A4837C477F6B68DDC26CDCF60E2DFF0|area_scores=455106174A3E492D501F73B8BA55EFD1B7525656638E8109AE015C290C352DE3|bus_stops=BBA5AC0E8F29538F42373B1789179B5B9D2CF0186E0D3A618537C83B74B628D5|facilities=9AA2BC9D9F9E0EC421FB7D23A9C9BF0BD5EDB59EB173A91CB27E6EB2655A1E07|grid_scores=F2B4631D6C4DB1C379BB9CAA13D29A9C055273F1C0D682BAC13EDD19C0A9E9BF|metrics_code=7A3920ABAC99C0EEE1FA013FF751C14428D5AA95E0F1F3F32FCED6B7A49541BA|model_spec=435B1018F2D35A2B421D1827A23C0DC739DC1F827F71189F8F818CE0B0C670E4|source_manifest=86163BE779951590317AB41BE2F9DE18666BC936F1735593673513008868CEC9,population=4D1530F251B312CE6564BA5676093B1043057F46A0FE2A58CF2756AFC530DA7B|one_person=01923C6EBD7440771E4EBE20CAB0648355A18C09D198677C0E265F5E68406A7D|admdongkor_boundary=6A63D079BA8AF4701AB200AD0B54EBDEA8689808B6E0E9F17973B9BA7883DC6A|bus_stops=01B63929056B55D0A8FE372756942FB9A81A89CB121A0CDB1838DDE9ED8555BF|hira_hospital=458D04F264BFE005CB12078699156CA72AD47B52062E0F79B8140E2635086268|hira_pharmacy=65B2B1E7F65BF1EFAF20C826BC1FB03CC24B65B359F4B5B51E1A234B334505A4
4128752000,일산2동,091A,7,7,1.1.0,village_bus_static_presence_screen_v1,goyang_mixed_20250825_20260630,population=2026-06-30|onePersonHouseholds=2026-06-30|hiraFacilities=2026-06-30|analysisBoundary=2026-04-01|busStops=2025-08-25,정류장 개소; 노선표기 건; 고유 노선명 개; 비율 0~1; 낮은값 순위 1~44,routes_raw를 comma로 분리하고 '노선명(유형)'을 파싱; 유형='마을' 표기를 추출; 동별 마을정류장비율=마을노선 1개 이상 표기 정류장/전체 경계내 정류장; 고유 마을노선=동별 routeName distinct count,2025-08-25 정류장 CSV의 정적 노선 존재 표기만 쓴 1차 스크리닝이다. 배차·운행횟수·방향·시간대·환승·OD·보행권·노선변경을 알 수 없으므로 공급량·접근성·서비스 품질·도입 우선순위로 해석하지 않는다. 순위는 낮은 값 탐색용이다.,area_adjacency=AF16E5259A667F45F5BF7F6B3DF3A22E1A4837C477F6B68DDC26CDCF60E2DFF0|area_scores=455106174A3E492D501F73B8BA55EFD1B7525656638E8109AE015C290C352DE3|bus_stops=BBA5AC0E8F29538F42373B1789179B5B9D2CF0186E0D3A618537C83B74B628D5|facilities=9AA2BC9D9F9E0EC421FB7D23A9C9BF0BD5EDB59EB173A91CB27E6EB2655A1E07|grid_scores=F2B4631D6C4DB1C379BB9CAA13D29A9C055273F1C0D682BAC13EDD19C0A9E9BF|metrics_code=7A3920ABAC99C0EEE1FA013FF751C14428D5AA95E0F1F3F32FCED6B7A49541BA|model_spec=435B1018F2D35A2B421D1827A23C0DC739DC1F827F71189F8F818CE0B0C670E4|source_manifest=86163BE779951590317AB41BE2F9DE18666BC936F1735593673513008868CEC9,population=4D1530F251B312CE6564BA5676093B1043057F46A0FE2A58CF2756AFC530DA7B|one_person=01923C6EBD7440771E4EBE20CAB0648355A18C09D198677C0E265F5E68406A7D|admdongkor_boundary=6A63D079BA8AF4701AB200AD0B54EBDEA8689808B6E0E9F17973B9BA7883DC6A|bus_stops=01B63929056B55D0A8FE372756942FB9A81A89CB121A0CDB1838DDE9ED8555BF|hira_hospital=458D04F264BFE005CB12078699156CA72AD47B52062E0F79B8140E2635086268|hira_pharmacy=65B2B1E7F65BF1EFAF20C826BC1FB03CC24B65B359F4B5B51E1A234B334505A4
4128753000,일산3동,056,4,4,1.1.0,village_bus_static_presence_screen_v1,goyang_mixed_20250825_20260630,population=2026-06-30|onePersonHouseholds=2026-06-30|hiraFacilities=2026-06-30|analysisBoundary=2026-04-01|busStops=2025-08-25,정류장 개소; 노선표기 건; 고유 노선명 개; 비율 0~1; 낮은값 순위 1~44,routes_raw를 comma로 분리하고 '노선명(유형)'을 파싱; 유형='마을' 표기를 추출; 동별 마을정류장비율=마을노선 1개 이상 표기 정류장/전체 경계내 정류장; 고유 마을노선=동별 routeName distinct count,2025-08-25 정류장 CSV의 정적 노선 존재 표기만 쓴 1차 스크리닝이다. 배차·운행횟수·방향·시간대·환승·OD·보행권·노선변경을 알 수 없으므로 공급량·접근성·서비스 품질·도입 우선순위로 해석하지 않는다. 순위는 낮은 값 탐색용이다.,area_adjacency=AF16E5259A667F45F5BF7F6B3DF3A22E1A4837C477F6B68DDC26CDCF60E2DFF0|area_scores=455106174A3E492D501F73B8BA55EFD1B7525656638E8109AE015C290C352DE3|bus_stops=BBA5AC0E8F29538F42373B1789179B5B9D2CF0186E0D3A618537C83B74B628D5|facilities=9AA2BC9D9F9E0EC421FB7D23A9C9BF0BD5EDB59EB173A91CB27E6EB2655A1E07|grid_scores=F2B4631D6C4DB1C379BB9CAA13D29A9C055273F1C0D682BAC13EDD19C0A9E9BF|metrics_code=7A3920ABAC99C0EEE1FA013FF751C14428D5AA95E0F1F3F32FCED6B7A49541BA|model_spec=435B1018F2D35A2B421D1827A23C0DC739DC1F827F71189F8F818CE0B0C670E4|source_manifest=86163BE779951590317AB41BE2F9DE18666BC936F1735593673513008868CEC9,population=4D1530F251B312CE6564BA5676093B1043057F46A0FE2A58CF2756AFC530DA7B|one_person=01923C6EBD7440771E4EBE20CAB0648355A18C09D198677C0E265F5E68406A7D|admdongkor_boundary=6A63D079BA8AF4701AB200AD0B54EBDEA8689808B6E0E9F17973B9BA7883DC6A|bus_stops=01B63929056B55D0A8FE372756942FB9A81A89CB121A0CDB1838DDE9ED8555BF|hira_hospital=458D04F264BFE005CB12078699156CA72AD47B52062E0F79B8140E2635086268|hira_pharmacy=65B2B1E7F65BF1EFAF20C826BC1FB03CC24B65B359F4B5B51E1A234B334505A4
4128753000,일산3동,066,4,4,1.1.0,village_bus_static_presence_screen_v1,goyang_mixed_20250825_20260630,population=2026-06-30|onePersonHouseholds=2026-06-30|hiraFacilities=2026-06-30|analysisBoundary=2026-04-01|busStops=2025-08-25,정류장 개소; 노선표기 건; 고유 노선명 개; 비율 0~1; 낮은값 순위 1~44,routes_raw를 comma로 분리하고 '노선명(유형)'을 파싱; 유형='마을' 표기를 추출; 동별 마을정류장비율=마을노선 1개 이상 표기 정류장/전체 경계내 정류장; 고유 마을노선=동별 routeName distinct count,2025-08-25 정류장 CSV의 정적 노선 존재 표기만 쓴 1차 스크리닝이다. 배차·운행횟수·방향·시간대·환승·OD·보행권·노선변경을 알 수 없으므로 공급량·접근성·서비스 품질·도입 우선순위로 해석하지 않는다. 순위는 낮은 값 탐색용이다.,area_adjacency=AF16E5259A667F45F5BF7F6B3DF3A22E1A4837C477F6B68DDC26CDCF60E2DFF0|area_scores=455106174A3E492D501F73B8BA55EFD1B7525656638E8109AE015C290C352DE3|bus_stops=BBA5AC0E8F29538F42373B1789179B5B9D2CF0186E0D3A618537C83B74B628D5|facilities=9AA2BC9D9F9E0EC421FB7D23A9C9BF0BD5EDB59EB173A91CB27E6EB2655A1E07|grid_scores=F2B4631D6C4DB1C379BB9CAA13D29A9C055273F1C0D682BAC13EDD19C0A9E9BF|metrics_code=7A3920ABAC99C0EEE1FA013FF751C14428D5AA95E0F1F3F32FCED6B7A49541BA|model_spec=435B1018F2D35A2B421D1827A23C0DC739DC1F827F71189F8F818CE0B0C670E4|source_manifest=86163BE779951590317AB41BE2F9DE18666BC936F1735593673513008868CEC9,population=4D1530F251B312CE6564BA5676093B1043057F46A0FE2A58CF2756AFC530DA7B|one_person=01923C6EBD7440771E4EBE20CAB0648355A18C09D198677C0E265F5E68406A7D|admdongkor_boundary=6A63D079BA8AF4701AB200AD0B54EBDEA8689808B6E0E9F17973B9BA7883DC6A|bus_stops=01B63929056B55D0A8FE372756942FB9A81A89CB121A0CDB1838DDE9ED8555BF|hira_hospital=458D04F264BFE005CB12078699156CA72AD47B52062E0F79B8140E2635086268|hira_pharmacy=65B2B1E7F65BF1EFAF20C826BC1FB03CC24B65B359F4B5B51E1A234B334505A4
4128753000,일산3동,066A,4,4,1.1.0,village_bus_static_presence_screen_v1,goyang_mixed_20250825_20260630,population=2026-06-30|onePersonHouseholds=2026-06-30|hiraFacilities=2026-06-30|analysisBoundary=2026-04-01|busStops=2025-08-25,정류장 개소; 노선표기 건; 고유 노선명 개; 비율 0~1; 낮은값 순위 1~44,routes_raw를 comma로 분리하고 '노선명(유형)'을 파싱; 유형='마을' 표기를 추출; 동별 마을정류장비율=마을노선 1개 이상 표기 정류장/전체 경계내 정류장; 고유 마을노선=동별 routeName distinct count,2025-08-25 정류장 CSV의 정적 노선 존재 표기만 쓴 1차 스크리닝이다. 배차·운행횟수·방향·시간대·환승·OD·보행권·노선변경을 알 수 없으므로 공급량·접근성·서비스 품질·도입 우선순위로 해석하지 않는다. 순위는 낮은 값 탐색용이다.,area_adjacency=AF16E5259A667F45F5BF7F6B3DF3A22E1A4837C477F6B68DDC26CDCF60E2DFF0|area_scores=455106174A3E492D501F73B8BA55EFD1B7525656638E8109AE015C290C352DE3|bus_stops=BBA5AC0E8F29538F42373B1789179B5B9D2CF0186E0D3A618537C83B74B628D5|facilities=9AA2BC9D9F9E0EC421FB7D23A9C9BF0BD5EDB59EB173A91CB27E6EB2655A1E07|grid_scores=F2B4631D6C4DB1C379BB9CAA13D29A9C055273F1C0D682BAC13EDD19C0A9E9BF|metrics_code=7A3920ABAC99C0EEE1FA013FF751C14428D5AA95E0F1F3F32FCED6B7A49541BA|model_spec=435B1018F2D35A2B421D1827A23C0DC739DC1F827F71189F8F818CE0B0C670E4|source_manifest=86163BE779951590317AB41BE2F9DE18666BC936F1735593673513008868CEC9,population=4D1530F251B312CE6564BA5676093B1043057F46A0FE2A58CF2756AFC530DA7B|one_person=01923C6EBD7440771E4EBE20CAB0648355A18C09D198677C0E265F5E68406A7D|admdongkor_boundary=6A63D079BA8AF4701AB200AD0B54EBDEA8689808B6E0E9F17973B9BA7883DC6A|bus_stops=01B63929056B55D0A8FE372756942FB9A81A89CB121A0CDB1838DDE9ED8555BF|hira_hospital=458D04F264BFE005CB12078699156CA72AD47B52062E0F79B8140E2635086268|hira_pharmacy=65B2B1E7F65BF1EFAF20C826BC1FB03CC24B65B359F4B5B51E1A234B334505A4
4128753000,일산3동,074,6,6,1.1.0,village_bus_static_presence_screen_v1,goyang_mixed_20250825_20260630,population=2026-06-30|onePersonHouseholds=2026-06-30|hiraFacilities=2026-06-30|analysisBoundary=2026-04-01|busStops=2025-08-25,정류장 개소; 노선표기 건; 고유 노선명 개; 비율 0~1; 낮은값 순위 1~44,routes_raw를 comma로 분리하고 '노선명(유형)'을 파싱; 유형='마을' 표기를 추출; 동별 마을정류장비율=마을노선 1개 이상 표기 정류장/전체 경계내 정류장; 고유 마을노선=동별 routeName distinct count,2025-08-25 정류장 CSV의 정적 노선 존재 표기만 쓴 1차 스크리닝이다. 배차·운행횟수·방향·시간대·환승·OD·보행권·노선변경을 알 수 없으므로 공급량·접근성·서비스 품질·도입 우선순위로 해석하지 않는다. 순위는 낮은 값 탐색용이다.,area_adjacency=AF16E5259A667F45F5BF7F6B3DF3A22E1A4837C477F6B68DDC26CDCF60E2DFF0|area_scores=455106174A3E492D501F73B8BA55EFD1B7525656638E8109AE015C290C352DE3|bus_stops=BBA5AC0E8F29538F42373B1789179B5B9D2CF0186E0D3A618537C83B74B628D5|facilities=9AA2BC9D9F9E0EC421FB7D23A9C9BF0BD5EDB59EB173A91CB27E6EB2655A1E07|grid_scores=F2B4631D6C4DB1C379BB9CAA13D29A9C055273F1C0D682BAC13EDD19C0A9E9BF|metrics_code=7A3920ABAC99C0EEE1FA013FF751C14428D5AA95E0F1F3F32FCED6B7A49541BA|model_spec=435B1018F2D35A2B421D1827A23C0DC739DC1F827F71189F8F818CE0B0C670E4|source_manifest=86163BE779951590317AB41BE2F9DE18666BC936F1735593673513008868CEC9,population=4D1530F251B312CE6564BA5676093B1043057F46A0FE2A58CF2756AFC530DA7B|one_person=01923C6EBD7440771E4EBE20CAB0648355A18C09D198677C0E265F5E68406A7D|admdongkor_boundary=6A63D079BA8AF4701AB200AD0B54EBDEA8689808B6E0E9F17973B9BA7883DC6A|bus_stops=01B63929056B55D0A8FE372756942FB9A81A89CB121A0CDB1838DDE9ED8555BF|hira_hospital=458D04F264BFE005CB12078699156CA72AD47B52062E0F79B8140E2635086268|hira_pharmacy=65B2B1E7F65BF1EFAF20C826BC1FB03CC24B65B359F4B5B51E1A234B334505A4
4128753000,일산3동,078,4,4,1.1.0,village_bus_static_presence_screen_v1,goyang_mixed_20250825_20260630,population=2026-06-30|onePersonHouseholds=2026-06-30|hiraFacilities=2026-06-30|analysisBoundary=2026-04-01|busStops=2025-08-25,정류장 개소; 노선표기 건; 고유 노선명 개; 비율 0~1; 낮은값 순위 1~44,routes_raw를 comma로 분리하고 '노선명(유형)'을 파싱; 유형='마을' 표기를 추출; 동별 마을정류장비율=마을노선 1개 이상 표기 정류장/전체 경계내 정류장; 고유 마을노선=동별 routeName distinct count,2025-08-25 정류장 CSV의 정적 노선 존재 표기만 쓴 1차 스크리닝이다. 배차·운행횟수·방향·시간대·환승·OD·보행권·노선변경을 알 수 없으므로 공급량·접근성·서비스 품질·도입 우선순위로 해석하지 않는다. 순위는 낮은 값 탐색용이다.,area_adjacency=AF16E5259A667F45F5BF7F6B3DF3A22E1A4837C477F6B68DDC26CDCF60E2DFF0|area_scores=455106174A3E492D501F73B8BA55EFD1B7525656638E8109AE015C290C352DE3|bus_stops=BBA5AC0E8F29538F42373B1789179B5B9D2CF0186E0D3A618537C83B74B628D5|facilities=9AA2BC9D9F9E0EC421FB7D23A9C9BF0BD5EDB59EB173A91CB27E6EB2655A1E07|grid_scores=F2B4631D6C4DB1C379BB9CAA13D29A9C055273F1C0D682BAC13EDD19C0A9E9BF|metrics_code=7A3920ABAC99C0EEE1FA013FF751C14428D5AA95E0F1F3F32FCED6B7A49541BA|model_spec=435B1018F2D35A2B421D1827A23C0DC739DC1F827F71189F8F818CE0B0C670E4|source_manifest=86163BE779951590317AB41BE2F9DE18666BC936F1735593673513008868CEC9,population=4D1530F251B312CE6564BA5676093B1043057F46A0FE2A58CF2756AFC530DA7B|one_person=01923C6EBD7440771E4EBE20CAB0648355A18C09D198677C0E265F5E68406A7D|admdongkor_boundary=6A63D079BA8AF4701AB200AD0B54EBDEA8689808B6E0E9F17973B9BA7883DC6A|bus_stops=01B63929056B55D0A8FE372756942FB9A81A89CB121A0CDB1838DDE9ED8555BF|hira_hospital=458D04F264BFE005CB12078699156CA72AD47B52062E0F79B8140E2635086268|hira_pharmacy=65B2B1E7F65BF1EFAF20C826BC1FB03CC24B65B359F4B5B51E1A234B334505A4
4128753000,일산3동,090,1,1,1.1.0,village_bus_static_presence_screen_v1,goyang_mixed_20250825_20260630,population=2026-06-30|onePersonHouseholds=2026-06-30|hiraFacilities=2026-06-30|analysisBoundary=2026-04-01|busStops=2025-08-25,정류장 개소; 노선표기 건; 고유 노선명 개; 비율 0~1; 낮은값 순위 1~44,routes_raw를 comma로 분리하고 '노선명(유형)'을 파싱; 유형='마을' 표기를 추출; 동별 마을정류장비율=마을노선 1개 이상 표기 정류장/전체 경계내 정류장; 고유 마을노선=동별 routeName distinct count,2025-08-25 정류장 CSV의 정적 노선 존재 표기만 쓴 1차 스크리닝이다. 배차·운행횟수·방향·시간대·환승·OD·보행권·노선변경을 알 수 없으므로 공급량·접근성·서비스 품질·도입 우선순위로 해석하지 않는다. 순위는 낮은 값 탐색용이다.,area_adjacency=AF16E5259A667F45F5BF7F6B3DF3A22E1A4837C477F6B68DDC26CDCF60E2DFF0|area_scores=455106174A3E492D501F73B8BA55EFD1B7525656638E8109AE015C290C352DE3|bus_stops=BBA5AC0E8F29538F42373B1789179B5B9D2CF0186E0D3A618537C83B74B628D5|facilities=9AA2BC9D9F9E0EC421FB7D23A9C9BF0BD5EDB59EB173A91CB27E6EB2655A1E07|grid_scores=F2B4631D6C4DB1C379BB9CAA13D29A9C055273F1C0D682BAC13EDD19C0A9E9BF|metrics_code=7A3920ABAC99C0EEE1FA013FF751C14428D5AA95E0F1F3F32FCED6B7A49541BA|model_spec=435B1018F2D35A2B421D1827A23C0DC739DC1F827F71189F8F818CE0B0C670E4|source_manifest=86163BE779951590317AB41BE2F9DE18666BC936F1735593673513008868CEC9,population=4D1530F251B312CE6564BA5676093B1043057F46A0FE2A58CF2756AFC530DA7B|one_person=01923C6EBD7440771E4EBE20CAB0648355A18C09D198677C0E265F5E68406A7D|admdongkor_boundary=6A63D079BA8AF4701AB200AD0B54EBDEA8689808B6E0E9F17973B9BA7883DC6A|bus_stops=01B63929056B55D0A8FE372756942FB9A81A89CB121A0CDB1838DDE9ED8555BF|hira_hospital=458D04F264BFE005CB12078699156CA72AD47B52062E0F79B8140E2635086268|hira_pharmacy=65B2B1E7F65BF1EFAF20C826BC1FB03CC24B65B359F4B5B51E1A234B334505A4
4128753000,일산3동,091A,3,3,1.1.0,village_bus_static_presence_screen_v1,goyang_mixed_20250825_20260630,population=2026-06-30|onePersonHouseholds=2026-06-30|hiraFacilities=2026-06-30|analysisBoundary=2026-04-01|busStops=2025-08-25,정류장 개소; 노선표기 건; 고유 노선명 개; 비율 0~1; 낮은값 순위 1~44,routes_raw를 comma로 분리하고 '노선명(유형)'을 파싱; 유형='마을' 표기를 추출; 동별 마을정류장비율=마을노선 1개 이상 표기 정류장/전체 경계내 정류장; 고유 마을노선=동별 routeName distinct count,2025-08-25 정류장 CSV의 정적 노선 존재 표기만 쓴 1차 스크리닝이다. 배차·운행횟수·방향·시간대·환승·OD·보행권·노선변경을 알 수 없으므로 공급량·접근성·서비스 품질·도입 우선순위로 해석하지 않는다. 순위는 낮은 값 탐색용이다.,area_adjacency=AF16E5259A667F45F5BF7F6B3DF3A22E1A4837C477F6B68DDC26CDCF60E2DFF0|area_scores=455106174A3E492D501F73B8BA55EFD1B7525656638E8109AE015C290C352DE3|bus_stops=BBA5AC0E8F29538F42373B1789179B5B9D2CF0186E0D3A618537C83B74B628D5|facilities=9AA2BC9D9F9E0EC421FB7D23A9C9BF0BD5EDB59EB173A91CB27E6EB2655A1E07|grid_scores=F2B4631D6C4DB1C379BB9CAA13D29A9C055273F1C0D682BAC13EDD19C0A9E9BF|metrics_code=7A3920ABAC99C0EEE1FA013FF751C14428D5AA95E0F1F3F32FCED6B7A49541BA|model_spec=435B1018F2D35A2B421D1827A23C0DC739DC1F827F71189F8F818CE0B0C670E4|source_manifest=86163BE779951590317AB41BE2F9DE18666BC936F1735593673513008868CEC9,population=4D1530F251B312CE6564BA5676093B1043057F46A0FE2A58CF2756AFC530DA7B|one_person=01923C6EBD7440771E4EBE20CAB0648355A18C09D198677C0E265F5E68406A7D|admdongkor_boundary=6A63D079BA8AF4701AB200AD0B54EBDEA8689808B6E0E9F17973B9BA7883DC6A|bus_stops=01B63929056B55D0A8FE372756942FB9A81A89CB121A0CDB1838DDE9ED8555BF|hira_hospital=458D04F264BFE005CB12078699156CA72AD47B52062E0F79B8140E2635086268|hira_pharmacy=65B2B1E7F65BF1EFAF20C826BC1FB03CC24B65B359F4B5B51E1A234B334505A4
4128754500,탄현1동,066,15,15,1.1.0,village_bus_static_presence_screen_v1,goyang_mixed_20250825_20260630,population=2026-06-30|onePersonHouseholds=2026-06-30|hiraFacilities=2026-06-30|analysisBoundary=2026-04-01|busStops=2025-08-25,정류장 개소; 노선표기 건; 고유 노선명 개; 비율 0~1; 낮은값 순위 1~44,routes_raw를 comma로 분리하고 '노선명(유형)'을 파싱; 유형='마을' 표기를 추출; 동별 마을정류장비율=마을노선 1개 이상 표기 정류장/전체 경계내 정류장; 고유 마을노선=동별 routeName distinct count,2025-08-25 정류장 CSV의 정적 노선 존재 표기만 쓴 1차 스크리닝이다. 배차·운행횟수·방향·시간대·환승·OD·보행권·노선변경을 알 수 없으므로 공급량·접근성·서비스 품질·도입 우선순위로 해석하지 않는다. 순위는 낮은 값 탐색용이다.,area_adjacency=AF16E5259A667F45F5BF7F6B3DF3A22E1A4837C477F6B68DDC26CDCF60E2DFF0|area_scores=455106174A3E492D501F73B8BA55EFD1B7525656638E8109AE015C290C352DE3|bus_stops=BBA5AC0E8F29538F42373B1789179B5B9D2CF0186E0D3A618537C83B74B628D5|facilities=9AA2BC9D9F9E0EC421FB7D23A9C9BF0BD5EDB59EB173A91CB27E6EB2655A1E07|grid_scores=F2B4631D6C4DB1C379BB9CAA13D29A9C055273F1C0D682BAC13EDD19C0A9E9BF|metrics_code=7A3920ABAC99C0EEE1FA013FF751C14428D5AA95E0F1F3F32FCED6B7A49541BA|model_spec=435B1018F2D35A2B421D1827A23C0DC739DC1F827F71189F8F818CE0B0C670E4|source_manifest=86163BE779951590317AB41BE2F9DE18666BC936F1735593673513008868CEC9,population=4D1530F251B312CE6564BA5676093B1043057F46A0FE2A58CF2756AFC530DA7B|one_person=01923C6EBD7440771E4EBE20CAB0648355A18C09D198677C0E265F5E68406A7D|admdongkor_boundary=6A63D079BA8AF4701AB200AD0B54EBDEA8689808B6E0E9F17973B9BA7883DC6A|bus_stops=01B63929056B55D0A8FE372756942FB9A81A89CB121A0CDB1838DDE9ED8555BF|hira_hospital=458D04F264BFE005CB12078699156CA72AD47B52062E0F79B8140E2635086268|hira_pharmacy=65B2B1E7F65BF1EFAF20C826BC1FB03CC24B65B359F4B5B51E1A234B334505A4
4128754500,탄현1동,066A,15,15,1.1.0,village_bus_static_presence_screen_v1,goyang_mixed_20250825_20260630,population=2026-06-30|onePersonHouseholds=2026-06-30|hiraFacilities=2026-06-30|analysisBoundary=2026-04-01|busStops=2025-08-25,정류장 개소; 노선표기 건; 고유 노선명 개; 비율 0~1; 낮은값 순위 1~44,routes_raw를 comma로 분리하고 '노선명(유형)'을 파싱; 유형='마을' 표기를 추출; 동별 마을정류장비율=마을노선 1개 이상 표기 정류장/전체 경계내 정류장; 고유 마을노선=동별 routeName distinct count,2025-08-25 정류장 CSV의 정적 노선 존재 표기만 쓴 1차 스크리닝이다. 배차·운행횟수·방향·시간대·환승·OD·보행권·노선변경을 알 수 없으므로 공급량·접근성·서비스 품질·도입 우선순위로 해석하지 않는다. 순위는 낮은 값 탐색용이다.,area_adjacency=AF16E5259A667F45F5BF7F6B3DF3A22E1A4837C477F6B68DDC26CDCF60E2DFF0|area_scores=455106174A3E492D501F73B8BA55EFD1B7525656638E8109AE015C290C352DE3|bus_stops=BBA5AC0E8F29538F42373B1789179B5B9D2CF0186E0D3A618537C83B74B628D5|facilities=9AA2BC9D9F9E0EC421FB7D23A9C9BF0BD5EDB59EB173A91CB27E6EB2655A1E07|grid_scores=F2B4631D6C4DB1C379BB9CAA13D29A9C055273F1C0D682BAC13EDD19C0A9E9BF|metrics_code=7A3920ABAC99C0EEE1FA013FF751C14428D5AA95E0F1F3F32FCED6B7A49541BA|model_spec=435B1018F2D35A2B421D1827A23C0DC739DC1F827F71189F8F818CE0B0C670E4|source_manifest=86163BE779951590317AB41BE2F9DE18666BC936F1735593673513008868CEC9,population=4D1530F251B312CE6564BA5676093B1043057F46A0FE2A58CF2756AFC530DA7B|one_person=01923C6EBD7440771E4EBE20CAB0648355A18C09D198677C0E265F5E68406A7D|admdongkor_boundary=6A63D079BA8AF4701AB200AD0B54EBDEA8689808B6E0E9F17973B9BA7883DC6A|bus_stops=01B63929056B55D0A8FE372756942FB9A81A89CB121A0CDB1838DDE9ED8555BF|hira_hospital=458D04F264BFE005CB12078699156CA72AD47B52062E0F79B8140E2635086268|hira_pharmacy=65B2B1E7F65BF1EFAF20C826BC1FB03CC24B65B359F4B5B51E1A234B334505A4
4128754500,탄현1동,078,17,17,1.1.0,village_bus_static_presence_screen_v1,goyang_mixed_20250825_20260630,population=2026-06-30|onePersonHouseholds=2026-06-30|hiraFacilities=2026-06-30|analysisBoundary=2026-04-01|busStops=2025-08-25,정류장 개소; 노선표기 건; 고유 노선명 개; 비율 0~1; 낮은값 순위 1~44,routes_raw를 comma로 분리하고 '노선명(유형)'을 파싱; 유형='마을' 표기를 추출; 동별 마을정류장비율=마을노선 1개 이상 표기 정류장/전체 경계내 정류장; 고유 마을노선=동별 routeName distinct count,2025-08-25 정류장 CSV의 정적 노선 존재 표기만 쓴 1차 스크리닝이다. 배차·운행횟수·방향·시간대·환승·OD·보행권·노선변경을 알 수 없으므로 공급량·접근성·서비스 품질·도입 우선순위로 해석하지 않는다. 순위는 낮은 값 탐색용이다.,area_adjacency=AF16E5259A667F45F5BF7F6B3DF3A22E1A4837C477F6B68DDC26CDCF60E2DFF0|area_scores=455106174A3E492D501F73B8BA55EFD1B7525656638E8109AE015C290C352DE3|bus_stops=BBA5AC0E8F29538F42373B1789179B5B9D2CF0186E0D3A618537C83B74B628D5|facilities=9AA2BC9D9F9E0EC421FB7D23A9C9BF0BD5EDB59EB173A91CB27E6EB2655A1E07|grid_scores=F2B4631D6C4DB1C379BB9CAA13D29A9C055273F1C0D682BAC13EDD19C0A9E9BF|metrics_code=7A3920ABAC99C0EEE1FA013FF751C14428D5AA95E0F1F3F32FCED6B7A49541BA|model_spec=435B1018F2D35A2B421D1827A23C0DC739DC1F827F71189F8F818CE0B0C670E4|source_manifest=86163BE779951590317AB41BE2F9DE18666BC936F1735593673513008868CEC9,population=4D1530F251B312CE6564BA5676093B1043057F46A0FE2A58CF2756AFC530DA7B|one_person=01923C6EBD7440771E4EBE20CAB0648355A18C09D198677C0E265F5E68406A7D|admdongkor_boundary=6A63D079BA8AF4701AB200AD0B54EBDEA8689808B6E0E9F17973B9BA7883DC6A|bus_stops=01B63929056B55D0A8FE372756942FB9A81A89CB121A0CDB1838DDE9ED8555BF|hira_hospital=458D04F264BFE005CB12078699156CA72AD47B52062E0F79B8140E2635086268|hira_pharmacy=65B2B1E7F65BF1EFAF20C826BC1FB03CC24B65B359F4B5B51E1A234B334505A4
4128754500,탄현1동,079,3,3,1.1.0,village_bus_static_presence_screen_v1,goyang_mixed_20250825_20260630,population=2026-06-30|onePersonHouseholds=2026-06-30|hiraFacilities=2026-06-30|analysisBoundary=2026-04-01|busStops=2025-08-25,정류장 개소; 노선표기 건; 고유 노선명 개; 비율 0~1; 낮은값 순위 1~44,routes_raw를 comma로 분리하고 '노선명(유형)'을 파싱; 유형='마을' 표기를 추출; 동별 마을정류장비율=마을노선 1개 이상 표기 정류장/전체 경계내 정류장; 고유 마을노선=동별 routeName distinct count,2025-08-25 정류장 CSV의 정적 노선 존재 표기만 쓴 1차 스크리닝이다. 배차·운행횟수·방향·시간대·환승·OD·보행권·노선변경을 알 수 없으므로 공급량·접근성·서비스 품질·도입 우선순위로 해석하지 않는다. 순위는 낮은 값 탐색용이다.,area_adjacency=AF16E5259A667F45F5BF7F6B3DF3A22E1A4837C477F6B68DDC26CDCF60E2DFF0|area_scores=455106174A3E492D501F73B8BA55EFD1B7525656638E8109AE015C290C352DE3|bus_stops=BBA5AC0E8F29538F42373B1789179B5B9D2CF0186E0D3A618537C83B74B628D5|facilities=9AA2BC9D9F9E0EC421FB7D23A9C9BF0BD5EDB59EB173A91CB27E6EB2655A1E07|grid_scores=F2B4631D6C4DB1C379BB9CAA13D29A9C055273F1C0D682BAC13EDD19C0A9E9BF|metrics_code=7A3920ABAC99C0EEE1FA013FF751C14428D5AA95E0F1F3F32FCED6B7A49541BA|model_spec=435B1018F2D35A2B421D1827A23C0DC739DC1F827F71189F8F818CE0B0C670E4|source_manifest=86163BE779951590317AB41BE2F9DE18666BC936F1735593673513008868CEC9,population=4D1530F251B312CE6564BA5676093B1043057F46A0FE2A58CF2756AFC530DA7B|one_person=01923C6EBD7440771E4EBE20CAB0648355A18C09D198677C0E265F5E68406A7D|admdongkor_boundary=6A63D079BA8AF4701AB200AD0B54EBDEA8689808B6E0E9F17973B9BA7883DC6A|bus_stops=01B63929056B55D0A8FE372756942FB9A81A89CB121A0CDB1838DDE9ED8555BF|hira_hospital=458D04F264BFE005CB12078699156CA72AD47B52062E0F79B8140E2635086268|hira_pharmacy=65B2B1E7F65BF1EFAF20C826BC1FB03CC24B65B359F4B5B51E1A234B334505A4
4128754500,탄현1동,090,15,15,1.1.0,village_bus_static_presence_screen_v1,goyang_mixed_20250825_20260630,population=2026-06-30|onePersonHouseholds=2026-06-30|hiraFacilities=2026-06-30|analysisBoundary=2026-04-01|busStops=2025-08-25,정류장 개소; 노선표기 건; 고유 노선명 개; 비율 0~1; 낮은값 순위 1~44,routes_raw를 comma로 분리하고 '노선명(유형)'을 파싱; 유형='마을' 표기를 추출; 동별 마을정류장비율=마을노선 1개 이상 표기 정류장/전체 경계내 정류장; 고유 마을노선=동별 routeName distinct count,2025-08-25 정류장 CSV의 정적 노선 존재 표기만 쓴 1차 스크리닝이다. 배차·운행횟수·방향·시간대·환승·OD·보행권·노선변경을 알 수 없으므로 공급량·접근성·서비스 품질·도입 우선순위로 해석하지 않는다. 순위는 낮은 값 탐색용이다.,area_adjacency=AF16E5259A667F45F5BF7F6B3DF3A22E1A4837C477F6B68DDC26CDCF60E2DFF0|area_scores=455106174A3E492D501F73B8BA55EFD1B7525656638E8109AE015C290C352DE3|bus_stops=BBA5AC0E8F29538F42373B1789179B5B9D2CF0186E0D3A618537C83B74B628D5|facilities=9AA2BC9D9F9E0EC421FB7D23A9C9BF0BD5EDB59EB173A91CB27E6EB2655A1E07|grid_scores=F2B4631D6C4DB1C379BB9CAA13D29A9C055273F1C0D682BAC13EDD19C0A9E9BF|metrics_code=7A3920ABAC99C0EEE1FA013FF751C14428D5AA95E0F1F3F32FCED6B7A49541BA|model_spec=435B1018F2D35A2B421D1827A23C0DC739DC1F827F71189F8F818CE0B0C670E4|source_manifest=86163BE779951590317AB41BE2F9DE18666BC936F1735593673513008868CEC9,population=4D1530F251B312CE6564BA5676093B1043057F46A0FE2A58CF2756AFC530DA7B|one_person=01923C6EBD7440771E4EBE20CAB0648355A18C09D198677C0E265F5E68406A7D|admdongkor_boundary=6A63D079BA8AF4701AB200AD0B54EBDEA8689808B6E0E9F17973B9BA7883DC6A|bus_stops=01B63929056B55D0A8FE372756942FB9A81A89CB121A0CDB1838DDE9ED8555BF|hira_hospital=458D04F264BFE005CB12078699156CA72AD47B52062E0F79B8140E2635086268|hira_pharmacy=65B2B1E7F65BF1EFAF20C826BC1FB03CC24B65B359F4B5B51E1A234B334505A4
4128754500,탄현1동,091B,9,9,1.1.0,village_bus_static_presence_screen_v1,goyang_mixed_20250825_20260630,population=2026-06-30|onePersonHouseholds=2026-06-30|hiraFacilities=2026-06-30|analysisBoundary=2026-04-01|busStops=2025-08-25,정류장 개소; 노선표기 건; 고유 노선명 개; 비율 0~1; 낮은값 순위 1~44,routes_raw를 comma로 분리하고 '노선명(유형)'을 파싱; 유형='마을' 표기를 추출; 동별 마을정류장비율=마을노선 1개 이상 표기 정류장/전체 경계내 정류장; 고유 마을노선=동별 routeName distinct count,2025-08-25 정류장 CSV의 정적 노선 존재 표기만 쓴 1차 스크리닝이다. 배차·운행횟수·방향·시간대·환승·OD·보행권·노선변경을 알 수 없으므로 공급량·접근성·서비스 품질·도입 우선순위로 해석하지 않는다. 순위는 낮은 값 탐색용이다.,area_adjacency=AF16E5259A667F45F5BF7F6B3DF3A22E1A4837C477F6B68DDC26CDCF60E2DFF0|area_scores=455106174A3E492D501F73B8BA55EFD1B7525656638E8109AE015C290C352DE3|bus_stops=BBA5AC0E8F29538F42373B1789179B5B9D2CF0186E0D3A618537C83B74B628D5|facilities=9AA2BC9D9F9E0EC421FB7D23A9C9BF0BD5EDB59EB173A91CB27E6EB2655A1E07|grid_scores=F2B4631D6C4DB1C379BB9CAA13D29A9C055273F1C0D682BAC13EDD19C0A9E9BF|metrics_code=7A3920ABAC99C0EEE1FA013FF751C14428D5AA95E0F1F3F32FCED6B7A49541BA|model_spec=435B1018F2D35A2B421D1827A23C0DC739DC1F827F71189F8F818CE0B0C670E4|source_manifest=86163BE779951590317AB41BE2F9DE18666BC936F1735593673513008868CEC9,population=4D1530F251B312CE6564BA5676093B1043057F46A0FE2A58CF2756AFC530DA7B|one_person=01923C6EBD7440771E4EBE20CAB0648355A18C09D198677C0E265F5E68406A7D|admdongkor_boundary=6A63D079BA8AF4701AB200AD0B54EBDEA8689808B6E0E9F17973B9BA7883DC6A|bus_stops=01B63929056B55D0A8FE372756942FB9A81A89CB121A0CDB1838DDE9ED8555BF|hira_hospital=458D04F264BFE005CB12078699156CA72AD47B52062E0F79B8140E2635086268|hira_pharmacy=65B2B1E7F65BF1EFAF20C826BC1FB03CC24B65B359F4B5B51E1A234B334505A4
4128754500,탄현1동,092,4,4,1.1.0,village_bus_static_presence_screen_v1,goyang_mixed_20250825_20260630,population=2026-06-30|onePersonHouseholds=2026-06-30|hiraFacilities=2026-06-30|analysisBoundary=2026-04-01|busStops=2025-08-25,정류장 개소; 노선표기 건; 고유 노선명 개; 비율 0~1; 낮은값 순위 1~44,routes_raw를 comma로 분리하고 '노선명(유형)'을 파싱; 유형='마을' 표기를 추출; 동별 마을정류장비율=마을노선 1개 이상 표기 정류장/전체 경계내 정류장; 고유 마을노선=동별 routeName distinct count,2025-08-25 정류장 CSV의 정적 노선 존재 표기만 쓴 1차 스크리닝이다. 배차·운행횟수·방향·시간대·환승·OD·보행권·노선변경을 알 수 없으므로 공급량·접근성·서비스 품질·도입 우선순위로 해석하지 않는다. 순위는 낮은 값 탐색용이다.,area_adjacency=AF16E5259A667F45F5BF7F6B3DF3A22E1A4837C477F6B68DDC26CDCF60E2DFF0|area_scores=455106174A3E492D501F73B8BA55EFD1B7525656638E8109AE015C290C352DE3|bus_stops=BBA5AC0E8F29538F42373B1789179B5B9D2CF0186E0D3A618537C83B74B628D5|facilities=9AA2BC9D9F9E0EC421FB7D23A9C9BF0BD5EDB59EB173A91CB27E6EB2655A1E07|grid_scores=F2B4631D6C4DB1C379BB9CAA13D29A9C055273F1C0D682BAC13EDD19C0A9E9BF|metrics_code=7A3920ABAC99C0EEE1FA013FF751C14428D5AA95E0F1F3F32FCED6B7A49541BA|model_spec=435B1018F2D35A2B421D1827A23C0DC739DC1F827F71189F8F818CE0B0C670E4|source_manifest=86163BE779951590317AB41BE2F9DE18666BC936F1735593673513008868CEC9,population=4D1530F251B312CE6564BA5676093B1043057F46A0FE2A58CF2756AFC530DA7B|one_person=01923C6EBD7440771E4EBE20CAB0648355A18C09D198677C0E265F5E68406A7D|admdongkor_boundary=6A63D079BA8AF4701AB200AD0B54EBDEA8689808B6E0E9F17973B9BA7883DC6A|bus_stops=01B63929056B55D0A8FE372756942FB9A81A89CB121A0CDB1838DDE9ED8555BF|hira_hospital=458D04F264BFE005CB12078699156CA72AD47B52062E0F79B8140E2635086268|hira_pharmacy=65B2B1E7F65BF1EFAF20C826BC1FB03CC24B65B359F4B5B51E1A234B334505A4
4128754600,탄현2동,066,7,7,1.1.0,village_bus_static_presence_screen_v1,goyang_mixed_20250825_20260630,population=2026-06-30|onePersonHouseholds=2026-06-30|hiraFacilities=2026-06-30|analysisBoundary=2026-04-01|busStops=2025-08-25,정류장 개소; 노선표기 건; 고유 노선명 개; 비율 0~1; 낮은값 순위 1~44,routes_raw를 comma로 분리하고 '노선명(유형)'을 파싱; 유형='마을' 표기를 추출; 동별 마을정류장비율=마을노선 1개 이상 표기 정류장/전체 경계내 정류장; 고유 마을노선=동별 routeName distinct count,2025-08-25 정류장 CSV의 정적 노선 존재 표기만 쓴 1차 스크리닝이다. 배차·운행횟수·방향·시간대·환승·OD·보행권·노선변경을 알 수 없으므로 공급량·접근성·서비스 품질·도입 우선순위로 해석하지 않는다. 순위는 낮은 값 탐색용이다.,area_adjacency=AF16E5259A667F45F5BF7F6B3DF3A22E1A4837C477F6B68DDC26CDCF60E2DFF0|area_scores=455106174A3E492D501F73B8BA55EFD1B7525656638E8109AE015C290C352DE3|bus_stops=BBA5AC0E8F29538F42373B1789179B5B9D2CF0186E0D3A618537C83B74B628D5|facilities=9AA2BC9D9F9E0EC421FB7D23A9C9BF0BD5EDB59EB173A91CB27E6EB2655A1E07|grid_scores=F2B4631D6C4DB1C379BB9CAA13D29A9C055273F1C0D682BAC13EDD19C0A9E9BF|metrics_code=7A3920ABAC99C0EEE1FA013FF751C14428D5AA95E0F1F3F32FCED6B7A49541BA|model_spec=435B1018F2D35A2B421D1827A23C0DC739DC1F827F71189F8F818CE0B0C670E4|source_manifest=86163BE779951590317AB41BE2F9DE18666BC936F1735593673513008868CEC9,population=4D1530F251B312CE6564BA5676093B1043057F46A0FE2A58CF2756AFC530DA7B|one_person=01923C6EBD7440771E4EBE20CAB0648355A18C09D198677C0E265F5E68406A7D|admdongkor_boundary=6A63D079BA8AF4701AB200AD0B54EBDEA8689808B6E0E9F17973B9BA7883DC6A|bus_stops=01B63929056B55D0A8FE372756942FB9A81A89CB121A0CDB1838DDE9ED8555BF|hira_hospital=458D04F264BFE005CB12078699156CA72AD47B52062E0F79B8140E2635086268|hira_pharmacy=65B2B1E7F65BF1EFAF20C826BC1FB03CC24B65B359F4B5B51E1A234B334505A4
4128754600,탄현2동,066A,7,7,1.1.0,village_bus_static_presence_screen_v1,goyang_mixed_20250825_20260630,population=2026-06-30|onePersonHouseholds=2026-06-30|hiraFacilities=2026-06-30|analysisBoundary=2026-04-01|busStops=2025-08-25,정류장 개소; 노선표기 건; 고유 노선명 개; 비율 0~1; 낮은값 순위 1~44,routes_raw를 comma로 분리하고 '노선명(유형)'을 파싱; 유형='마을' 표기를 추출; 동별 마을정류장비율=마을노선 1개 이상 표기 정류장/전체 경계내 정류장; 고유 마을노선=동별 routeName distinct count,2025-08-25 정류장 CSV의 정적 노선 존재 표기만 쓴 1차 스크리닝이다. 배차·운행횟수·방향·시간대·환승·OD·보행권·노선변경을 알 수 없으므로 공급량·접근성·서비스 품질·도입 우선순위로 해석하지 않는다. 순위는 낮은 값 탐색용이다.,area_adjacency=AF16E5259A667F45F5BF7F6B3DF3A22E1A4837C477F6B68DDC26CDCF60E2DFF0|area_scores=455106174A3E492D501F73B8BA55EFD1B7525656638E8109AE015C290C352DE3|bus_stops=BBA5AC0E8F29538F42373B1789179B5B9D2CF0186E0D3A618537C83B74B628D5|facilities=9AA2BC9D9F9E0EC421FB7D23A9C9BF0BD5EDB59EB173A91CB27E6EB2655A1E07|grid_scores=F2B4631D6C4DB1C379BB9CAA13D29A9C055273F1C0D682BAC13EDD19C0A9E9BF|metrics_code=7A3920ABAC99C0EEE1FA013FF751C14428D5AA95E0F1F3F32FCED6B7A49541BA|model_spec=435B1018F2D35A2B421D1827A23C0DC739DC1F827F71189F8F818CE0B0C670E4|source_manifest=86163BE779951590317AB41BE2F9DE18666BC936F1735593673513008868CEC9,population=4D1530F251B312CE6564BA5676093B1043057F46A0FE2A58CF2756AFC530DA7B|one_person=01923C6EBD7440771E4EBE20CAB0648355A18C09D198677C0E265F5E68406A7D|admdongkor_boundary=6A63D079BA8AF4701AB200AD0B54EBDEA8689808B6E0E9F17973B9BA7883DC6A|bus_stops=01B63929056B55D0A8FE372756942FB9A81A89CB121A0CDB1838DDE9ED8555BF|hira_hospital=458D04F264BFE005CB12078699156CA72AD47B52062E0F79B8140E2635086268|hira_pharmacy=65B2B1E7F65BF1EFAF20C826BC1FB03CC24B65B359F4B5B51E1A234B334505A4
4128754600,탄현2동,078,6,6,1.1.0,village_bus_static_presence_screen_v1,goyang_mixed_20250825_20260630,population=2026-06-30|onePersonHouseholds=2026-06-30|hiraFacilities=2026-06-30|analysisBoundary=2026-04-01|busStops=2025-08-25,정류장 개소; 노선표기 건; 고유 노선명 개; 비율 0~1; 낮은값 순위 1~44,routes_raw를 comma로 분리하고 '노선명(유형)'을 파싱; 유형='마을' 표기를 추출; 동별 마을정류장비율=마을노선 1개 이상 표기 정류장/전체 경계내 정류장; 고유 마을노선=동별 routeName distinct count,2025-08-25 정류장 CSV의 정적 노선 존재 표기만 쓴 1차 스크리닝이다. 배차·운행횟수·방향·시간대·환승·OD·보행권·노선변경을 알 수 없으므로 공급량·접근성·서비스 품질·도입 우선순위로 해석하지 않는다. 순위는 낮은 값 탐색용이다.,area_adjacency=AF16E5259A667F45F5BF7F6B3DF3A22E1A4837C477F6B68DDC26CDCF60E2DFF0|area_scores=455106174A3E492D501F73B8BA55EFD1B7525656638E8109AE015C290C352DE3|bus_stops=BBA5AC0E8F29538F42373B1789179B5B9D2CF0186E0D3A618537C83B74B628D5|facilities=9AA2BC9D9F9E0EC421FB7D23A9C9BF0BD5EDB59EB173A91CB27E6EB2655A1E07|grid_scores=F2B4631D6C4DB1C379BB9CAA13D29A9C055273F1C0D682BAC13EDD19C0A9E9BF|metrics_code=7A3920ABAC99C0EEE1FA013FF751C14428D5AA95E0F1F3F32FCED6B7A49541BA|model_spec=435B1018F2D35A2B421D1827A23C0DC739DC1F827F71189F8F818CE0B0C670E4|source_manifest=86163BE779951590317AB41BE2F9DE18666BC936F1735593673513008868CEC9,population=4D1530F251B312CE6564BA5676093B1043057F46A0FE2A58CF2756AFC530DA7B|one_person=01923C6EBD7440771E4EBE20CAB0648355A18C09D198677C0E265F5E68406A7D|admdongkor_boundary=6A63D079BA8AF4701AB200AD0B54EBDEA8689808B6E0E9F17973B9BA7883DC6A|bus_stops=01B63929056B55D0A8FE372756942FB9A81A89CB121A0CDB1838DDE9ED8555BF|hira_hospital=458D04F264BFE005CB12078699156CA72AD47B52062E0F79B8140E2635086268|hira_pharmacy=65B2B1E7F65BF1EFAF20C826BC1FB03CC24B65B359F4B5B51E1A234B334505A4
4128754600,탄현2동,090,7,7,1.1.0,village_bus_static_presence_screen_v1,goyang_mixed_20250825_20260630,population=2026-06-30|onePersonHouseholds=2026-06-30|hiraFacilities=2026-06-30|analysisBoundary=2026-04-01|busStops=2025-08-25,정류장 개소; 노선표기 건; 고유 노선명 개; 비율 0~1; 낮은값 순위 1~44,routes_raw를 comma로 분리하고 '노선명(유형)'을 파싱; 유형='마을' 표기를 추출; 동별 마을정류장비율=마을노선 1개 이상 표기 정류장/전체 경계내 정류장; 고유 마을노선=동별 routeName distinct count,2025-08-25 정류장 CSV의 정적 노선 존재 표기만 쓴 1차 스크리닝이다. 배차·운행횟수·방향·시간대·환승·OD·보행권·노선변경을 알 수 없으므로 공급량·접근성·서비스 품질·도입 우선순위로 해석하지 않는다. 순위는 낮은 값 탐색용이다.,area_adjacency=AF16E5259A667F45F5BF7F6B3DF3A22E1A4837C477F6B68DDC26CDCF60E2DFF0|area_scores=455106174A3E492D501F73B8BA55EFD1B7525656638E8109AE015C290C352DE3|bus_stops=BBA5AC0E8F29538F42373B1789179B5B9D2CF0186E0D3A618537C83B74B628D5|facilities=9AA2BC9D9F9E0EC421FB7D23A9C9BF0BD5EDB59EB173A91CB27E6EB2655A1E07|grid_scores=F2B4631D6C4DB1C379BB9CAA13D29A9C055273F1C0D682BAC13EDD19C0A9E9BF|metrics_code=7A3920ABAC99C0EEE1FA013FF751C14428D5AA95E0F1F3F32FCED6B7A49541BA|model_spec=435B1018F2D35A2B421D1827A23C0DC739DC1F827F71189F8F818CE0B0C670E4|source_manifest=86163BE779951590317AB41BE2F9DE18666BC936F1735593673513008868CEC9,population=4D1530F251B312CE6564BA5676093B1043057F46A0FE2A58CF2756AFC530DA7B|one_person=01923C6EBD7440771E4EBE20CAB0648355A18C09D198677C0E265F5E68406A7D|admdongkor_boundary=6A63D079BA8AF4701AB200AD0B54EBDEA8689808B6E0E9F17973B9BA7883DC6A|bus_stops=01B63929056B55D0A8FE372756942FB9A81A89CB121A0CDB1838DDE9ED8555BF|hira_hospital=458D04F264BFE005CB12078699156CA72AD47B52062E0F79B8140E2635086268|hira_pharmacy=65B2B1E7F65BF1EFAF20C826BC1FB03CC24B65B359F4B5B51E1A234B334505A4
4128754600,탄현2동,091B,8,8,1.1.0,village_bus_static_presence_screen_v1,goyang_mixed_20250825_20260630,population=2026-06-30|onePersonHouseholds=2026-06-30|hiraFacilities=2026-06-30|analysisBoundary=2026-04-01|busStops=2025-08-25,정류장 개소; 노선표기 건; 고유 노선명 개; 비율 0~1; 낮은값 순위 1~44,routes_raw를 comma로 분리하고 '노선명(유형)'을 파싱; 유형='마을' 표기를 추출; 동별 마을정류장비율=마을노선 1개 이상 표기 정류장/전체 경계내 정류장; 고유 마을노선=동별 routeName distinct count,2025-08-25 정류장 CSV의 정적 노선 존재 표기만 쓴 1차 스크리닝이다. 배차·운행횟수·방향·시간대·환승·OD·보행권·노선변경을 알 수 없으므로 공급량·접근성·서비스 품질·도입 우선순위로 해석하지 않는다. 순위는 낮은 값 탐색용이다.,area_adjacency=AF16E5259A667F45F5BF7F6B3DF3A22E1A4837C477F6B68DDC26CDCF60E2DFF0|area_scores=455106174A3E492D501F73B8BA55EFD1B7525656638E8109AE015C290C352DE3|bus_stops=BBA5AC0E8F29538F42373B1789179B5B9D2CF0186E0D3A618537C83B74B628D5|facilities=9AA2BC9D9F9E0EC421FB7D23A9C9BF0BD5EDB59EB173A91CB27E6EB2655A1E07|grid_scores=F2B4631D6C4DB1C379BB9CAA13D29A9C055273F1C0D682BAC13EDD19C0A9E9BF|metrics_code=7A3920ABAC99C0EEE1FA013FF751C14428D5AA95E0F1F3F32FCED6B7A49541BA|model_spec=435B1018F2D35A2B421D1827A23C0DC739DC1F827F71189F8F818CE0B0C670E4|source_manifest=86163BE779951590317AB41BE2F9DE18666BC936F1735593673513008868CEC9,population=4D1530F251B312CE6564BA5676093B1043057F46A0FE2A58CF2756AFC530DA7B|one_person=01923C6EBD7440771E4EBE20CAB0648355A18C09D198677C0E265F5E68406A7D|admdongkor_boundary=6A63D079BA8AF4701AB200AD0B54EBDEA8689808B6E0E9F17973B9BA7883DC6A|bus_stops=01B63929056B55D0A8FE372756942FB9A81A89CB121A0CDB1838DDE9ED8555BF|hira_hospital=458D04F264BFE005CB12078699156CA72AD47B52062E0F79B8140E2635086268|hira_pharmacy=65B2B1E7F65BF1EFAF20C826BC1FB03CC24B65B359F4B5B51E1A234B334505A4
4128754600,탄현2동,092,8,8,1.1.0,village_bus_static_presence_screen_v1,goyang_mixed_20250825_20260630,population=2026-06-30|onePersonHouseholds=2026-06-30|hiraFacilities=2026-06-30|analysisBoundary=2026-04-01|busStops=2025-08-25,정류장 개소; 노선표기 건; 고유 노선명 개; 비율 0~1; 낮은값 순위 1~44,routes_raw를 comma로 분리하고 '노선명(유형)'을 파싱; 유형='마을' 표기를 추출; 동별 마을정류장비율=마을노선 1개 이상 표기 정류장/전체 경계내 정류장; 고유 마을노선=동별 routeName distinct count,2025-08-25 정류장 CSV의 정적 노선 존재 표기만 쓴 1차 스크리닝이다. 배차·운행횟수·방향·시간대·환승·OD·보행권·노선변경을 알 수 없으므로 공급량·접근성·서비스 품질·도입 우선순위로 해석하지 않는다. 순위는 낮은 값 탐색용이다.,area_adjacency=AF16E5259A667F45F5BF7F6B3DF3A22E1A4837C477F6B68DDC26CDCF60E2DFF0|area_scores=455106174A3E492D501F73B8BA55EFD1B7525656638E8109AE015C290C352DE3|bus_stops=BBA5AC0E8F29538F42373B1789179B5B9D2CF0186E0D3A618537C83B74B628D5|facilities=9AA2BC9D9F9E0EC421FB7D23A9C9BF0BD5EDB59EB173A91CB27E6EB2655A1E07|grid_scores=F2B4631D6C4DB1C379BB9CAA13D29A9C055273F1C0D682BAC13EDD19C0A9E9BF|metrics_code=7A3920ABAC99C0EEE1FA013FF751C14428D5AA95E0F1F3F32FCED6B7A49541BA|model_spec=435B1018F2D35A2B421D1827A23C0DC739DC1F827F71189F8F818CE0B0C670E4|source_manifest=86163BE779951590317AB41BE2F9DE18666BC936F1735593673513008868CEC9,population=4D1530F251B312CE6564BA5676093B1043057F46A0FE2A58CF2756AFC530DA7B|one_person=01923C6EBD7440771E4EBE20CAB0648355A18C09D198677C0E265F5E68406A7D|admdongkor_boundary=6A63D079BA8AF4701AB200AD0B54EBDEA8689808B6E0E9F17973B9BA7883DC6A|bus_stops=01B63929056B55D0A8FE372756942FB9A81A89CB121A0CDB1838DDE9ED8555BF|hira_hospital=458D04F264BFE005CB12078699156CA72AD47B52062E0F79B8140E2635086268|hira_pharmacy=65B2B1E7F65BF1EFAF20C826BC1FB03CC24B65B359F4B5B51E1A234B334505A4
4128755000,주엽1동,056,5,5,1.1.0,village_bus_static_presence_screen_v1,goyang_mixed_20250825_20260630,population=2026-06-30|onePersonHouseholds=2026-06-30|hiraFacilities=2026-06-30|analysisBoundary=2026-04-01|busStops=2025-08-25,정류장 개소; 노선표기 건; 고유 노선명 개; 비율 0~1; 낮은값 순위 1~44,routes_raw를 comma로 분리하고 '노선명(유형)'을 파싱; 유형='마을' 표기를 추출; 동별 마을정류장비율=마을노선 1개 이상 표기 정류장/전체 경계내 정류장; 고유 마을노선=동별 routeName distinct count,2025-08-25 정류장 CSV의 정적 노선 존재 표기만 쓴 1차 스크리닝이다. 배차·운행횟수·방향·시간대·환승·OD·보행권·노선변경을 알 수 없으므로 공급량·접근성·서비스 품질·도입 우선순위로 해석하지 않는다. 순위는 낮은 값 탐색용이다.,area_adjacency=AF16E5259A667F45F5BF7F6B3DF3A22E1A4837C477F6B68DDC26CDCF60E2DFF0|area_scores=455106174A3E492D501F73B8BA55EFD1B7525656638E8109AE015C290C352DE3|bus_stops=BBA5AC0E8F29538F42373B1789179B5B9D2CF0186E0D3A618537C83B74B628D5|facilities=9AA2BC9D9F9E0EC421FB7D23A9C9BF0BD5EDB59EB173A91CB27E6EB2655A1E07|grid_scores=F2B4631D6C4DB1C379BB9CAA13D29A9C055273F1C0D682BAC13EDD19C0A9E9BF|metrics_code=7A3920ABAC99C0EEE1FA013FF751C14428D5AA95E0F1F3F32FCED6B7A49541BA|model_spec=435B1018F2D35A2B421D1827A23C0DC739DC1F827F71189F8F818CE0B0C670E4|source_manifest=86163BE779951590317AB41BE2F9DE18666BC936F1735593673513008868CEC9,population=4D1530F251B312CE6564BA5676093B1043057F46A0FE2A58CF2756AFC530DA7B|one_person=01923C6EBD7440771E4EBE20CAB0648355A18C09D198677C0E265F5E68406A7D|admdongkor_boundary=6A63D079BA8AF4701AB200AD0B54EBDEA8689808B6E0E9F17973B9BA7883DC6A|bus_stops=01B63929056B55D0A8FE372756942FB9A81A89CB121A0CDB1838DDE9ED8555BF|hira_hospital=458D04F264BFE005CB12078699156CA72AD47B52062E0F79B8140E2635086268|hira_pharmacy=65B2B1E7F65BF1EFAF20C826BC1FB03CC24B65B359F4B5B51E1A234B334505A4
4128755000,주엽1동,057,3,3,1.1.0,village_bus_static_presence_screen_v1,goyang_mixed_20250825_20260630,population=2026-06-30|onePersonHouseholds=2026-06-30|hiraFacilities=2026-06-30|analysisBoundary=2026-04-01|busStops=2025-08-25,정류장 개소; 노선표기 건; 고유 노선명 개; 비율 0~1; 낮은값 순위 1~44,routes_raw를 comma로 분리하고 '노선명(유형)'을 파싱; 유형='마을' 표기를 추출; 동별 마을정류장비율=마을노선 1개 이상 표기 정류장/전체 경계내 정류장; 고유 마을노선=동별 routeName distinct count,2025-08-25 정류장 CSV의 정적 노선 존재 표기만 쓴 1차 스크리닝이다. 배차·운행횟수·방향·시간대·환승·OD·보행권·노선변경을 알 수 없으므로 공급량·접근성·서비스 품질·도입 우선순위로 해석하지 않는다. 순위는 낮은 값 탐색용이다.,area_adjacency=AF16E5259A667F45F5BF7F6B3DF3A22E1A4837C477F6B68DDC26CDCF60E2DFF0|area_scores=455106174A3E492D501F73B8BA55EFD1B7525656638E8109AE015C290C352DE3|bus_stops=BBA5AC0E8F29538F42373B1789179B5B9D2CF0186E0D3A618537C83B74B628D5|facilities=9AA2BC9D9F9E0EC421FB7D23A9C9BF0BD5EDB59EB173A91CB27E6EB2655A1E07|grid_scores=F2B4631D6C4DB1C379BB9CAA13D29A9C055273F1C0D682BAC13EDD19C0A9E9BF|metrics_code=7A3920ABAC99C0EEE1FA013FF751C14428D5AA95E0F1F3F32FCED6B7A49541BA|model_spec=435B1018F2D35A2B421D1827A23C0DC739DC1F827F71189F8F818CE0B0C670E4|source_manifest=86163BE779951590317AB41BE2F9DE18666BC936F1735593673513008868CEC9,population=4D1530F251B312CE6564BA5676093B1043057F46A0FE2A58CF2756AFC530DA7B|one_person=01923C6EBD7440771E4EBE20CAB0648355A18C09D198677C0E265F5E68406A7D|admdongkor_boundary=6A63D079BA8AF4701AB200AD0B54EBDEA8689808B6E0E9F17973B9BA7883DC6A|bus_stops=01B63929056B55D0A8FE372756942FB9A81A89CB121A0CDB1838DDE9ED8555BF|hira_hospital=458D04F264BFE005CB12078699156CA72AD47B52062E0F79B8140E2635086268|hira_pharmacy=65B2B1E7F65BF1EFAF20C826BC1FB03CC24B65B359F4B5B51E1A234B334505A4
4128755000,주엽1동,066,3,3,1.1.0,village_bus_static_presence_screen_v1,goyang_mixed_20250825_20260630,population=2026-06-30|onePersonHouseholds=2026-06-30|hiraFacilities=2026-06-30|analysisBoundary=2026-04-01|busStops=2025-08-25,정류장 개소; 노선표기 건; 고유 노선명 개; 비율 0~1; 낮은값 순위 1~44,routes_raw를 comma로 분리하고 '노선명(유형)'을 파싱; 유형='마을' 표기를 추출; 동별 마을정류장비율=마을노선 1개 이상 표기 정류장/전체 경계내 정류장; 고유 마을노선=동별 routeName distinct count,2025-08-25 정류장 CSV의 정적 노선 존재 표기만 쓴 1차 스크리닝이다. 배차·운행횟수·방향·시간대·환승·OD·보행권·노선변경을 알 수 없으므로 공급량·접근성·서비스 품질·도입 우선순위로 해석하지 않는다. 순위는 낮은 값 탐색용이다.,area_adjacency=AF16E5259A667F45F5BF7F6B3DF3A22E1A4837C477F6B68DDC26CDCF60E2DFF0|area_scores=455106174A3E492D501F73B8BA55EFD1B7525656638E8109AE015C290C352DE3|bus_stops=BBA5AC0E8F29538F42373B1789179B5B9D2CF0186E0D3A618537C83B74B628D5|facilities=9AA2BC9D9F9E0EC421FB7D23A9C9BF0BD5EDB59EB173A91CB27E6EB2655A1E07|grid_scores=F2B4631D6C4DB1C379BB9CAA13D29A9C055273F1C0D682BAC13EDD19C0A9E9BF|metrics_code=7A3920ABAC99C0EEE1FA013FF751C14428D5AA95E0F1F3F32FCED6B7A49541BA|model_spec=435B1018F2D35A2B421D1827A23C0DC739DC1F827F71189F8F818CE0B0C670E4|source_manifest=86163BE779951590317AB41BE2F9DE18666BC936F1735593673513008868CEC9,population=4D1530F251B312CE6564BA5676093B1043057F46A0FE2A58CF2756AFC530DA7B|one_person=01923C6EBD7440771E4EBE20CAB0648355A18C09D198677C0E265F5E68406A7D|admdongkor_boundary=6A63D079BA8AF4701AB200AD0B54EBDEA8689808B6E0E9F17973B9BA7883DC6A|bus_stops=01B63929056B55D0A8FE372756942FB9A81A89CB121A0CDB1838DDE9ED8555BF|hira_hospital=458D04F264BFE005CB12078699156CA72AD47B52062E0F79B8140E2635086268|hira_pharmacy=65B2B1E7F65BF1EFAF20C826BC1FB03CC24B65B359F4B5B51E1A234B334505A4
4128755000,주엽1동,074,4,4,1.1.0,village_bus_static_presence_screen_v1,goyang_mixed_20250825_20260630,population=2026-06-30|onePersonHouseholds=2026-06-30|hiraFacilities=2026-06-30|analysisBoundary=2026-04-01|busStops=2025-08-25,정류장 개소; 노선표기 건; 고유 노선명 개; 비율 0~1; 낮은값 순위 1~44,routes_raw를 comma로 분리하고 '노선명(유형)'을 파싱; 유형='마을' 표기를 추출; 동별 마을정류장비율=마을노선 1개 이상 표기 정류장/전체 경계내 정류장; 고유 마을노선=동별 routeName distinct count,2025-08-25 정류장 CSV의 정적 노선 존재 표기만 쓴 1차 스크리닝이다. 배차·운행횟수·방향·시간대·환승·OD·보행권·노선변경을 알 수 없으므로 공급량·접근성·서비스 품질·도입 우선순위로 해석하지 않는다. 순위는 낮은 값 탐색용이다.,area_adjacency=AF16E5259A667F45F5BF7F6B3DF3A22E1A4837C477F6B68DDC26CDCF60E2DFF0|area_scores=455106174A3E492D501F73B8BA55EFD1B7525656638E8109AE015C290C352DE3|bus_stops=BBA5AC0E8F29538F42373B1789179B5B9D2CF0186E0D3A618537C83B74B628D5|facilities=9AA2BC9D9F9E0EC421FB7D23A9C9BF0BD5EDB59EB173A91CB27E6EB2655A1E07|grid_scores=F2B4631D6C4DB1C379BB9CAA13D29A9C055273F1C0D682BAC13EDD19C0A9E9BF|metrics_code=7A3920ABAC99C0EEE1FA013FF751C14428D5AA95E0F1F3F32FCED6B7A49541BA|model_spec=435B1018F2D35A2B421D1827A23C0DC739DC1F827F71189F8F818CE0B0C670E4|source_manifest=86163BE779951590317AB41BE2F9DE18666BC936F1735593673513008868CEC9,population=4D1530F251B312CE6564BA5676093B1043057F46A0FE2A58CF2756AFC530DA7B|one_person=01923C6EBD7440771E4EBE20CAB0648355A18C09D198677C0E265F5E68406A7D|admdongkor_boundary=6A63D079BA8AF4701AB200AD0B54EBDEA8689808B6E0E9F17973B9BA7883DC6A|bus_stops=01B63929056B55D0A8FE372756942FB9A81A89CB121A0CDB1838DDE9ED8555BF|hira_hospital=458D04F264BFE005CB12078699156CA72AD47B52062E0F79B8140E2635086268|hira_pharmacy=65B2B1E7F65BF1EFAF20C826BC1FB03CC24B65B359F4B5B51E1A234B334505A4
4128755000,주엽1동,078,2,2,1.1.0,village_bus_static_presence_screen_v1,goyang_mixed_20250825_20260630,population=2026-06-30|onePersonHouseholds=2026-06-30|hiraFacilities=2026-06-30|analysisBoundary=2026-04-01|busStops=2025-08-25,정류장 개소; 노선표기 건; 고유 노선명 개; 비율 0~1; 낮은값 순위 1~44,routes_raw를 comma로 분리하고 '노선명(유형)'을 파싱; 유형='마을' 표기를 추출; 동별 마을정류장비율=마을노선 1개 이상 표기 정류장/전체 경계내 정류장; 고유 마을노선=동별 routeName distinct count,2025-08-25 정류장 CSV의 정적 노선 존재 표기만 쓴 1차 스크리닝이다. 배차·운행횟수·방향·시간대·환승·OD·보행권·노선변경을 알 수 없으므로 공급량·접근성·서비스 품질·도입 우선순위로 해석하지 않는다. 순위는 낮은 값 탐색용이다.,area_adjacency=AF16E5259A667F45F5BF7F6B3DF3A22E1A4837C477F6B68DDC26CDCF60E2DFF0|area_scores=455106174A3E492D501F73B8BA55EFD1B7525656638E8109AE015C290C352DE3|bus_stops=BBA5AC0E8F29538F42373B1789179B5B9D2CF0186E0D3A618537C83B74B628D5|facilities=9AA2BC9D9F9E0EC421FB7D23A9C9BF0BD5EDB59EB173A91CB27E6EB2655A1E07|grid_scores=F2B4631D6C4DB1C379BB9CAA13D29A9C055273F1C0D682BAC13EDD19C0A9E9BF|metrics_code=7A3920ABAC99C0EEE1FA013FF751C14428D5AA95E0F1F3F32FCED6B7A49541BA|model_spec=435B1018F2D35A2B421D1827A23C0DC739DC1F827F71189F8F818CE0B0C670E4|source_manifest=86163BE779951590317AB41BE2F9DE18666BC936F1735593673513008868CEC9,population=4D1530F251B312CE6564BA5676093B1043057F46A0FE2A58CF2756AFC530DA7B|one_person=01923C6EBD7440771E4EBE20CAB0648355A18C09D198677C0E265F5E68406A7D|admdongkor_boundary=6A63D079BA8AF4701AB200AD0B54EBDEA8689808B6E0E9F17973B9BA7883DC6A|bus_stops=01B63929056B55D0A8FE372756942FB9A81A89CB121A0CDB1838DDE9ED8555BF|hira_hospital=458D04F264BFE005CB12078699156CA72AD47B52062E0F79B8140E2635086268|hira_pharmacy=65B2B1E7F65BF1EFAF20C826BC1FB03CC24B65B359F4B5B51E1A234B334505A4
4128755000,주엽1동,090,5,5,1.1.0,village_bus_static_presence_screen_v1,goyang_mixed_20250825_20260630,population=2026-06-30|onePersonHouseholds=2026-06-30|hiraFacilities=2026-06-30|analysisBoundary=2026-04-01|busStops=2025-08-25,정류장 개소; 노선표기 건; 고유 노선명 개; 비율 0~1; 낮은값 순위 1~44,routes_raw를 comma로 분리하고 '노선명(유형)'을 파싱; 유형='마을' 표기를 추출; 동별 마을정류장비율=마을노선 1개 이상 표기 정류장/전체 경계내 정류장; 고유 마을노선=동별 routeName distinct count,2025-08-25 정류장 CSV의 정적 노선 존재 표기만 쓴 1차 스크리닝이다. 배차·운행횟수·방향·시간대·환승·OD·보행권·노선변경을 알 수 없으므로 공급량·접근성·서비스 품질·도입 우선순위로 해석하지 않는다. 순위는 낮은 값 탐색용이다.,area_adjacency=AF16E5259A667F45F5BF7F6B3DF3A22E1A4837C477F6B68DDC26CDCF60E2DFF0|area_scores=455106174A3E492D501F73B8BA55EFD1B7525656638E8109AE015C290C352DE3|bus_stops=BBA5AC0E8F29538F42373B1789179B5B9D2CF0186E0D3A618537C83B74B628D5|facilities=9AA2BC9D9F9E0EC421FB7D23A9C9BF0BD5EDB59EB173A91CB27E6EB2655A1E07|grid_scores=F2B4631D6C4DB1C379BB9CAA13D29A9C055273F1C0D682BAC13EDD19C0A9E9BF|metrics_code=7A3920ABAC99C0EEE1FA013FF751C14428D5AA95E0F1F3F32FCED6B7A49541BA|model_spec=435B1018F2D35A2B421D1827A23C0DC739DC1F827F71189F8F818CE0B0C670E4|source_manifest=86163BE779951590317AB41BE2F9DE18666BC936F1735593673513008868CEC9,population=4D1530F251B312CE6564BA5676093B1043057F46A0FE2A58CF2756AFC530DA7B|one_person=01923C6EBD7440771E4EBE20CAB0648355A18C09D198677C0E265F5E68406A7D|admdongkor_boundary=6A63D079BA8AF4701AB200AD0B54EBDEA8689808B6E0E9F17973B9BA7883DC6A|bus_stops=01B63929056B55D0A8FE372756942FB9A81A89CB121A0CDB1838DDE9ED8555BF|hira_hospital=458D04F264BFE005CB12078699156CA72AD47B52062E0F79B8140E2635086268|hira_pharmacy=65B2B1E7F65BF1EFAF20C826BC1FB03CC24B65B359F4B5B51E1A234B334505A4
4128755000,주엽1동,091A,4,4,1.1.0,village_bus_static_presence_screen_v1,goyang_mixed_20250825_20260630,population=2026-06-30|onePersonHouseholds=2026-06-30|hiraFacilities=2026-06-30|analysisBoundary=2026-04-01|busStops=2025-08-25,정류장 개소; 노선표기 건; 고유 노선명 개; 비율 0~1; 낮은값 순위 1~44,routes_raw를 comma로 분리하고 '노선명(유형)'을 파싱; 유형='마을' 표기를 추출; 동별 마을정류장비율=마을노선 1개 이상 표기 정류장/전체 경계내 정류장; 고유 마을노선=동별 routeName distinct count,2025-08-25 정류장 CSV의 정적 노선 존재 표기만 쓴 1차 스크리닝이다. 배차·운행횟수·방향·시간대·환승·OD·보행권·노선변경을 알 수 없으므로 공급량·접근성·서비스 품질·도입 우선순위로 해석하지 않는다. 순위는 낮은 값 탐색용이다.,area_adjacency=AF16E5259A667F45F5BF7F6B3DF3A22E1A4837C477F6B68DDC26CDCF60E2DFF0|area_scores=455106174A3E492D501F73B8BA55EFD1B7525656638E8109AE015C290C352DE3|bus_stops=BBA5AC0E8F29538F42373B1789179B5B9D2CF0186E0D3A618537C83B74B628D5|facilities=9AA2BC9D9F9E0EC421FB7D23A9C9BF0BD5EDB59EB173A91CB27E6EB2655A1E07|grid_scores=F2B4631D6C4DB1C379BB9CAA13D29A9C055273F1C0D682BAC13EDD19C0A9E9BF|metrics_code=7A3920ABAC99C0EEE1FA013FF751C14428D5AA95E0F1F3F32FCED6B7A49541BA|model_spec=435B1018F2D35A2B421D1827A23C0DC739DC1F827F71189F8F818CE0B0C670E4|source_manifest=86163BE779951590317AB41BE2F9DE18666BC936F1735593673513008868CEC9,population=4D1530F251B312CE6564BA5676093B1043057F46A0FE2A58CF2756AFC530DA7B|one_person=01923C6EBD7440771E4EBE20CAB0648355A18C09D198677C0E265F5E68406A7D|admdongkor_boundary=6A63D079BA8AF4701AB200AD0B54EBDEA8689808B6E0E9F17973B9BA7883DC6A|bus_stops=01B63929056B55D0A8FE372756942FB9A81A89CB121A0CDB1838DDE9ED8555BF|hira_hospital=458D04F264BFE005CB12078699156CA72AD47B52062E0F79B8140E2635086268|hira_pharmacy=65B2B1E7F65BF1EFAF20C826BC1FB03CC24B65B359F4B5B51E1A234B334505A4
4128755000,주엽1동,091B,3,3,1.1.0,village_bus_static_presence_screen_v1,goyang_mixed_20250825_20260630,population=2026-06-30|onePersonHouseholds=2026-06-30|hiraFacilities=2026-06-30|analysisBoundary=2026-04-01|busStops=2025-08-25,정류장 개소; 노선표기 건; 고유 노선명 개; 비율 0~1; 낮은값 순위 1~44,routes_raw를 comma로 분리하고 '노선명(유형)'을 파싱; 유형='마을' 표기를 추출; 동별 마을정류장비율=마을노선 1개 이상 표기 정류장/전체 경계내 정류장; 고유 마을노선=동별 routeName distinct count,2025-08-25 정류장 CSV의 정적 노선 존재 표기만 쓴 1차 스크리닝이다. 배차·운행횟수·방향·시간대·환승·OD·보행권·노선변경을 알 수 없으므로 공급량·접근성·서비스 품질·도입 우선순위로 해석하지 않는다. 순위는 낮은 값 탐색용이다.,area_adjacency=AF16E5259A667F45F5BF7F6B3DF3A22E1A4837C477F6B68DDC26CDCF60E2DFF0|area_scores=455106174A3E492D501F73B8BA55EFD1B7525656638E8109AE015C290C352DE3|bus_stops=BBA5AC0E8F29538F42373B1789179B5B9D2CF0186E0D3A618537C83B74B628D5|facilities=9AA2BC9D9F9E0EC421FB7D23A9C9BF0BD5EDB59EB173A91CB27E6EB2655A1E07|grid_scores=F2B4631D6C4DB1C379BB9CAA13D29A9C055273F1C0D682BAC13EDD19C0A9E9BF|metrics_code=7A3920ABAC99C0EEE1FA013FF751C14428D5AA95E0F1F3F32FCED6B7A49541BA|model_spec=435B1018F2D35A2B421D1827A23C0DC739DC1F827F71189F8F818CE0B0C670E4|source_manifest=86163BE779951590317AB41BE2F9DE18666BC936F1735593673513008868CEC9,population=4D1530F251B312CE6564BA5676093B1043057F46A0FE2A58CF2756AFC530DA7B|one_person=01923C6EBD7440771E4EBE20CAB0648355A18C09D198677C0E265F5E68406A7D|admdongkor_boundary=6A63D079BA8AF4701AB200AD0B54EBDEA8689808B6E0E9F17973B9BA7883DC6A|bus_stops=01B63929056B55D0A8FE372756942FB9A81A89CB121A0CDB1838DDE9ED8555BF|hira_hospital=458D04F264BFE005CB12078699156CA72AD47B52062E0F79B8140E2635086268|hira_pharmacy=65B2B1E7F65BF1EFAF20C826BC1FB03CC24B65B359F4B5B51E1A234B334505A4
4128756000,주엽2동,057,3,3,1.1.0,village_bus_static_presence_screen_v1,goyang_mixed_20250825_20260630,population=2026-06-30|onePersonHouseholds=2026-06-30|hiraFacilities=2026-06-30|analysisBoundary=2026-04-01|busStops=2025-08-25,정류장 개소; 노선표기 건; 고유 노선명 개; 비율 0~1; 낮은값 순위 1~44,routes_raw를 comma로 분리하고 '노선명(유형)'을 파싱; 유형='마을' 표기를 추출; 동별 마을정류장비율=마을노선 1개 이상 표기 정류장/전체 경계내 정류장; 고유 마을노선=동별 routeName distinct count,2025-08-25 정류장 CSV의 정적 노선 존재 표기만 쓴 1차 스크리닝이다. 배차·운행횟수·방향·시간대·환승·OD·보행권·노선변경을 알 수 없으므로 공급량·접근성·서비스 품질·도입 우선순위로 해석하지 않는다. 순위는 낮은 값 탐색용이다.,area_adjacency=AF16E5259A667F45F5BF7F6B3DF3A22E1A4837C477F6B68DDC26CDCF60E2DFF0|area_scores=455106174A3E492D501F73B8BA55EFD1B7525656638E8109AE015C290C352DE3|bus_stops=BBA5AC0E8F29538F42373B1789179B5B9D2CF0186E0D3A618537C83B74B628D5|facilities=9AA2BC9D9F9E0EC421FB7D23A9C9BF0BD5EDB59EB173A91CB27E6EB2655A1E07|grid_scores=F2B4631D6C4DB1C379BB9CAA13D29A9C055273F1C0D682BAC13EDD19C0A9E9BF|metrics_code=7A3920ABAC99C0EEE1FA013FF751C14428D5AA95E0F1F3F32FCED6B7A49541BA|model_spec=435B1018F2D35A2B421D1827A23C0DC739DC1F827F71189F8F818CE0B0C670E4|source_manifest=86163BE779951590317AB41BE2F9DE18666BC936F1735593673513008868CEC9,population=4D1530F251B312CE6564BA5676093B1043057F46A0FE2A58CF2756AFC530DA7B|one_person=01923C6EBD7440771E4EBE20CAB0648355A18C09D198677C0E265F5E68406A7D|admdongkor_boundary=6A63D079BA8AF4701AB200AD0B54EBDEA8689808B6E0E9F17973B9BA7883DC6A|bus_stops=01B63929056B55D0A8FE372756942FB9A81A89CB121A0CDB1838DDE9ED8555BF|hira_hospital=458D04F264BFE005CB12078699156CA72AD47B52062E0F79B8140E2635086268|hira_pharmacy=65B2B1E7F65BF1EFAF20C826BC1FB03CC24B65B359F4B5B51E1A234B334505A4
4128756000,주엽2동,066,5,5,1.1.0,village_bus_static_presence_screen_v1,goyang_mixed_20250825_20260630,population=2026-06-30|onePersonHouseholds=2026-06-30|hiraFacilities=2026-06-30|analysisBoundary=2026-04-01|busStops=2025-08-25,정류장 개소; 노선표기 건; 고유 노선명 개; 비율 0~1; 낮은값 순위 1~44,routes_raw를 comma로 분리하고 '노선명(유형)'을 파싱; 유형='마을' 표기를 추출; 동별 마을정류장비율=마을노선 1개 이상 표기 정류장/전체 경계내 정류장; 고유 마을노선=동별 routeName distinct count,2025-08-25 정류장 CSV의 정적 노선 존재 표기만 쓴 1차 스크리닝이다. 배차·운행횟수·방향·시간대·환승·OD·보행권·노선변경을 알 수 없으므로 공급량·접근성·서비스 품질·도입 우선순위로 해석하지 않는다. 순위는 낮은 값 탐색용이다.,area_adjacency=AF16E5259A667F45F5BF7F6B3DF3A22E1A4837C477F6B68DDC26CDCF60E2DFF0|area_scores=455106174A3E492D501F73B8BA55EFD1B7525656638E8109AE015C290C352DE3|bus_stops=BBA5AC0E8F29538F42373B1789179B5B9D2CF0186E0D3A618537C83B74B628D5|facilities=9AA2BC9D9F9E0EC421FB7D23A9C9BF0BD5EDB59EB173A91CB27E6EB2655A1E07|grid_scores=F2B4631D6C4DB1C379BB9CAA13D29A9C055273F1C0D682BAC13EDD19C0A9E9BF|metrics_code=7A3920ABAC99C0EEE1FA013FF751C14428D5AA95E0F1F3F32FCED6B7A49541BA|model_spec=435B1018F2D35A2B421D1827A23C0DC739DC1F827F71189F8F818CE0B0C670E4|source_manifest=86163BE779951590317AB41BE2F9DE18666BC936F1735593673513008868CEC9,population=4D1530F251B312CE6564BA5676093B1043057F46A0FE2A58CF2756AFC530DA7B|one_person=01923C6EBD7440771E4EBE20CAB0648355A18C09D198677C0E265F5E68406A7D|admdongkor_boundary=6A63D079BA8AF4701AB200AD0B54EBDEA8689808B6E0E9F17973B9BA7883DC6A|bus_stops=01B63929056B55D0A8FE372756942FB9A81A89CB121A0CDB1838DDE9ED8555BF|hira_hospital=458D04F264BFE005CB12078699156CA72AD47B52062E0F79B8140E2635086268|hira_pharmacy=65B2B1E7F65BF1EFAF20C826BC1FB03CC24B65B359F4B5B51E1A234B334505A4
4128756000,주엽2동,066A,10,10,1.1.0,village_bus_static_presence_screen_v1,goyang_mixed_20250825_20260630,population=2026-06-30|onePersonHouseholds=2026-06-30|hiraFacilities=2026-06-30|analysisBoundary=2026-04-01|busStops=2025-08-25,정류장 개소; 노선표기 건; 고유 노선명 개; 비율 0~1; 낮은값 순위 1~44,routes_raw를 comma로 분리하고 '노선명(유형)'을 파싱; 유형='마을' 표기를 추출; 동별 마을정류장비율=마을노선 1개 이상 표기 정류장/전체 경계내 정류장; 고유 마을노선=동별 routeName distinct count,2025-08-25 정류장 CSV의 정적 노선 존재 표기만 쓴 1차 스크리닝이다. 배차·운행횟수·방향·시간대·환승·OD·보행권·노선변경을 알 수 없으므로 공급량·접근성·서비스 품질·도입 우선순위로 해석하지 않는다. 순위는 낮은 값 탐색용이다.,area_adjacency=AF16E5259A667F45F5BF7F6B3DF3A22E1A4837C477F6B68DDC26CDCF60E2DFF0|area_scores=455106174A3E492D501F73B8BA55EFD1B7525656638E8109AE015C290C352DE3|bus_stops=BBA5AC0E8F29538F42373B1789179B5B9D2CF0186E0D3A618537C83B74B628D5|facilities=9AA2BC9D9F9E0EC421FB7D23A9C9BF0BD5EDB59EB173A91CB27E6EB2655A1E07|grid_scores=F2B4631D6C4DB1C379BB9CAA13D29A9C055273F1C0D682BAC13EDD19C0A9E9BF|metrics_code=7A3920ABAC99C0EEE1FA013FF751C14428D5AA95E0F1F3F32FCED6B7A49541BA|model_spec=435B1018F2D35A2B421D1827A23C0DC739DC1F827F71189F8F818CE0B0C670E4|source_manifest=86163BE779951590317AB41BE2F9DE18666BC936F1735593673513008868CEC9,population=4D1530F251B312CE6564BA5676093B1043057F46A0FE2A58CF2756AFC530DA7B|one_person=01923C6EBD7440771E4EBE20CAB0648355A18C09D198677C0E265F5E68406A7D|admdongkor_boundary=6A63D079BA8AF4701AB200AD0B54EBDEA8689808B6E0E9F17973B9BA7883DC6A|bus_stops=01B63929056B55D0A8FE372756942FB9A81A89CB121A0CDB1838DDE9ED8555BF|hira_hospital=458D04F264BFE005CB12078699156CA72AD47B52062E0F79B8140E2635086268|hira_pharmacy=65B2B1E7F65BF1EFAF20C826BC1FB03CC24B65B359F4B5B51E1A234B334505A4
4128756000,주엽2동,074,4,4,1.1.0,village_bus_static_presence_screen_v1,goyang_mixed_20250825_20260630,population=2026-06-30|onePersonHouseholds=2026-06-30|hiraFacilities=2026-06-30|analysisBoundary=2026-04-01|busStops=2025-08-25,정류장 개소; 노선표기 건; 고유 노선명 개; 비율 0~1; 낮은값 순위 1~44,routes_raw를 comma로 분리하고 '노선명(유형)'을 파싱; 유형='마을' 표기를 추출; 동별 마을정류장비율=마을노선 1개 이상 표기 정류장/전체 경계내 정류장; 고유 마을노선=동별 routeName distinct count,2025-08-25 정류장 CSV의 정적 노선 존재 표기만 쓴 1차 스크리닝이다. 배차·운행횟수·방향·시간대·환승·OD·보행권·노선변경을 알 수 없으므로 공급량·접근성·서비스 품질·도입 우선순위로 해석하지 않는다. 순위는 낮은 값 탐색용이다.,area_adjacency=AF16E5259A667F45F5BF7F6B3DF3A22E1A4837C477F6B68DDC26CDCF60E2DFF0|area_scores=455106174A3E492D501F73B8BA55EFD1B7525656638E8109AE015C290C352DE3|bus_stops=BBA5AC0E8F29538F42373B1789179B5B9D2CF0186E0D3A618537C83B74B628D5|facilities=9AA2BC9D9F9E0EC421FB7D23A9C9BF0BD5EDB59EB173A91CB27E6EB2655A1E07|grid_scores=F2B4631D6C4DB1C379BB9CAA13D29A9C055273F1C0D682BAC13EDD19C0A9E9BF|metrics_code=7A3920ABAC99C0EEE1FA013FF751C14428D5AA95E0F1F3F32FCED6B7A49541BA|model_spec=435B1018F2D35A2B421D1827A23C0DC739DC1F827F71189F8F818CE0B0C670E4|source_manifest=86163BE779951590317AB41BE2F9DE18666BC936F1735593673513008868CEC9,population=4D1530F251B312CE6564BA5676093B1043057F46A0FE2A58CF2756AFC530DA7B|one_person=01923C6EBD7440771E4EBE20CAB0648355A18C09D198677C0E265F5E68406A7D|admdongkor_boundary=6A63D079BA8AF4701AB200AD0B54EBDEA8689808B6E0E9F17973B9BA7883DC6A|bus_stops=01B63929056B55D0A8FE372756942FB9A81A89CB121A0CDB1838DDE9ED8555BF|hira_hospital=458D04F264BFE005CB12078699156CA72AD47B52062E0F79B8140E2635086268|hira_pharmacy=65B2B1E7F65BF1EFAF20C826BC1FB03CC24B65B359F4B5B51E1A234B334505A4
4128756000,주엽2동,090,3,3,1.1.0,village_bus_static_presence_screen_v1,goyang_mixed_20250825_20260630,population=2026-06-30|onePersonHouseholds=2026-06-30|hiraFacilities=2026-06-30|analysisBoundary=2026-04-01|busStops=2025-08-25,정류장 개소; 노선표기 건; 고유 노선명 개; 비율 0~1; 낮은값 순위 1~44,routes_raw를 comma로 분리하고 '노선명(유형)'을 파싱; 유형='마을' 표기를 추출; 동별 마을정류장비율=마을노선 1개 이상 표기 정류장/전체 경계내 정류장; 고유 마을노선=동별 routeName distinct count,2025-08-25 정류장 CSV의 정적 노선 존재 표기만 쓴 1차 스크리닝이다. 배차·운행횟수·방향·시간대·환승·OD·보행권·노선변경을 알 수 없으므로 공급량·접근성·서비스 품질·도입 우선순위로 해석하지 않는다. 순위는 낮은 값 탐색용이다.,area_adjacency=AF16E5259A667F45F5BF7F6B3DF3A22E1A4837C477F6B68DDC26CDCF60E2DFF0|area_scores=455106174A3E492D501F73B8BA55EFD1B7525656638E8109AE015C290C352DE3|bus_stops=BBA5AC0E8F29538F42373B1789179B5B9D2CF0186E0D3A618537C83B74B628D5|facilities=9AA2BC9D9F9E0EC421FB7D23A9C9BF0BD5EDB59EB173A91CB27E6EB2655A1E07|grid_scores=F2B4631D6C4DB1C379BB9CAA13D29A9C055273F1C0D682BAC13EDD19C0A9E9BF|metrics_code=7A3920ABAC99C0EEE1FA013FF751C14428D5AA95E0F1F3F32FCED6B7A49541BA|model_spec=435B1018F2D35A2B421D1827A23C0DC739DC1F827F71189F8F818CE0B0C670E4|source_manifest=86163BE779951590317AB41BE2F9DE18666BC936F1735593673513008868CEC9,population=4D1530F251B312CE6564BA5676093B1043057F46A0FE2A58CF2756AFC530DA7B|one_person=01923C6EBD7440771E4EBE20CAB0648355A18C09D198677C0E265F5E68406A7D|admdongkor_boundary=6A63D079BA8AF4701AB200AD0B54EBDEA8689808B6E0E9F17973B9BA7883DC6A|bus_stops=01B63929056B55D0A8FE372756942FB9A81A89CB121A0CDB1838DDE9ED8555BF|hira_hospital=458D04F264BFE005CB12078699156CA72AD47B52062E0F79B8140E2635086268|hira_pharmacy=65B2B1E7F65BF1EFAF20C826BC1FB03CC24B65B359F4B5B51E1A234B334505A4
4128756000,주엽2동,091A,4,4,1.1.0,village_bus_static_presence_screen_v1,goyang_mixed_20250825_20260630,population=2026-06-30|onePersonHouseholds=2026-06-30|hiraFacilities=2026-06-30|analysisBoundary=2026-04-01|busStops=2025-08-25,정류장 개소; 노선표기 건; 고유 노선명 개; 비율 0~1; 낮은값 순위 1~44,routes_raw를 comma로 분리하고 '노선명(유형)'을 파싱; 유형='마을' 표기를 추출; 동별 마을정류장비율=마을노선 1개 이상 표기 정류장/전체 경계내 정류장; 고유 마을노선=동별 routeName distinct count,2025-08-25 정류장 CSV의 정적 노선 존재 표기만 쓴 1차 스크리닝이다. 배차·운행횟수·방향·시간대·환승·OD·보행권·노선변경을 알 수 없으므로 공급량·접근성·서비스 품질·도입 우선순위로 해석하지 않는다. 순위는 낮은 값 탐색용이다.,area_adjacency=AF16E5259A667F45F5BF7F6B3DF3A22E1A4837C477F6B68DDC26CDCF60E2DFF0|area_scores=455106174A3E492D501F73B8BA55EFD1B7525656638E8109AE015C290C352DE3|bus_stops=BBA5AC0E8F29538F42373B1789179B5B9D2CF0186E0D3A618537C83B74B628D5|facilities=9AA2BC9D9F9E0EC421FB7D23A9C9BF0BD5EDB59EB173A91CB27E6EB2655A1E07|grid_scores=F2B4631D6C4DB1C379BB9CAA13D29A9C055273F1C0D682BAC13EDD19C0A9E9BF|metrics_code=7A3920ABAC99C0EEE1FA013FF751C14428D5AA95E0F1F3F32FCED6B7A49541BA|model_spec=435B1018F2D35A2B421D1827A23C0DC739DC1F827F71189F8F818CE0B0C670E4|source_manifest=86163BE779951590317AB41BE2F9DE18666BC936F1735593673513008868CEC9,population=4D1530F251B312CE6564BA5676093B1043057F46A0FE2A58CF2756AFC530DA7B|one_person=01923C6EBD7440771E4EBE20CAB0648355A18C09D198677C0E265F5E68406A7D|admdongkor_boundary=6A63D079BA8AF4701AB200AD0B54EBDEA8689808B6E0E9F17973B9BA7883DC6A|bus_stops=01B63929056B55D0A8FE372756942FB9A81A89CB121A0CDB1838DDE9ED8555BF|hira_hospital=458D04F264BFE005CB12078699156CA72AD47B52062E0F79B8140E2635086268|hira_pharmacy=65B2B1E7F65BF1EFAF20C826BC1FB03CC24B65B359F4B5B51E1A234B334505A4
4128756000,주엽2동,091B,3,3,1.1.0,village_bus_static_presence_screen_v1,goyang_mixed_20250825_20260630,population=2026-06-30|onePersonHouseholds=2026-06-30|hiraFacilities=2026-06-30|analysisBoundary=2026-04-01|busStops=2025-08-25,정류장 개소; 노선표기 건; 고유 노선명 개; 비율 0~1; 낮은값 순위 1~44,routes_raw를 comma로 분리하고 '노선명(유형)'을 파싱; 유형='마을' 표기를 추출; 동별 마을정류장비율=마을노선 1개 이상 표기 정류장/전체 경계내 정류장; 고유 마을노선=동별 routeName distinct count,2025-08-25 정류장 CSV의 정적 노선 존재 표기만 쓴 1차 스크리닝이다. 배차·운행횟수·방향·시간대·환승·OD·보행권·노선변경을 알 수 없으므로 공급량·접근성·서비스 품질·도입 우선순위로 해석하지 않는다. 순위는 낮은 값 탐색용이다.,area_adjacency=AF16E5259A667F45F5BF7F6B3DF3A22E1A4837C477F6B68DDC26CDCF60E2DFF0|area_scores=455106174A3E492D501F73B8BA55EFD1B7525656638E8109AE015C290C352DE3|bus_stops=BBA5AC0E8F29538F42373B1789179B5B9D2CF0186E0D3A618537C83B74B628D5|facilities=9AA2BC9D9F9E0EC421FB7D23A9C9BF0BD5EDB59EB173A91CB27E6EB2655A1E07|grid_scores=F2B4631D6C4DB1C379BB9CAA13D29A9C055273F1C0D682BAC13EDD19C0A9E9BF|metrics_code=7A3920ABAC99C0EEE1FA013FF751C14428D5AA95E0F1F3F32FCED6B7A49541BA|model_spec=435B1018F2D35A2B421D1827A23C0DC739DC1F827F71189F8F818CE0B0C670E4|source_manifest=86163BE779951590317AB41BE2F9DE18666BC936F1735593673513008868CEC9,population=4D1530F251B312CE6564BA5676093B1043057F46A0FE2A58CF2756AFC530DA7B|one_person=01923C6EBD7440771E4EBE20CAB0648355A18C09D198677C0E265F5E68406A7D|admdongkor_boundary=6A63D079BA8AF4701AB200AD0B54EBDEA8689808B6E0E9F17973B9BA7883DC6A|bus_stops=01B63929056B55D0A8FE372756942FB9A81A89CB121A0CDB1838DDE9ED8555BF|hira_hospital=458D04F264BFE005CB12078699156CA72AD47B52062E0F79B8140E2635086268|hira_pharmacy=65B2B1E7F65BF1EFAF20C826BC1FB03CC24B65B359F4B5B51E1A234B334505A4
4128757000,대화동,056,19,19,1.1.0,village_bus_static_presence_screen_v1,goyang_mixed_20250825_20260630,population=2026-06-30|onePersonHouseholds=2026-06-30|hiraFacilities=2026-06-30|analysisBoundary=2026-04-01|busStops=2025-08-25,정류장 개소; 노선표기 건; 고유 노선명 개; 비율 0~1; 낮은값 순위 1~44,routes_raw를 comma로 분리하고 '노선명(유형)'을 파싱; 유형='마을' 표기를 추출; 동별 마을정류장비율=마을노선 1개 이상 표기 정류장/전체 경계내 정류장; 고유 마을노선=동별 routeName distinct count,2025-08-25 정류장 CSV의 정적 노선 존재 표기만 쓴 1차 스크리닝이다. 배차·운행횟수·방향·시간대·환승·OD·보행권·노선변경을 알 수 없으므로 공급량·접근성·서비스 품질·도입 우선순위로 해석하지 않는다. 순위는 낮은 값 탐색용이다.,area_adjacency=AF16E5259A667F45F5BF7F6B3DF3A22E1A4837C477F6B68DDC26CDCF60E2DFF0|area_scores=455106174A3E492D501F73B8BA55EFD1B7525656638E8109AE015C290C352DE3|bus_stops=BBA5AC0E8F29538F42373B1789179B5B9D2CF0186E0D3A618537C83B74B628D5|facilities=9AA2BC9D9F9E0EC421FB7D23A9C9BF0BD5EDB59EB173A91CB27E6EB2655A1E07|grid_scores=F2B4631D6C4DB1C379BB9CAA13D29A9C055273F1C0D682BAC13EDD19C0A9E9BF|metrics_code=7A3920ABAC99C0EEE1FA013FF751C14428D5AA95E0F1F3F32FCED6B7A49541BA|model_spec=435B1018F2D35A2B421D1827A23C0DC739DC1F827F71189F8F818CE0B0C670E4|source_manifest=86163BE779951590317AB41BE2F9DE18666BC936F1735593673513008868CEC9,population=4D1530F251B312CE6564BA5676093B1043057F46A0FE2A58CF2756AFC530DA7B|one_person=01923C6EBD7440771E4EBE20CAB0648355A18C09D198677C0E265F5E68406A7D|admdongkor_boundary=6A63D079BA8AF4701AB200AD0B54EBDEA8689808B6E0E9F17973B9BA7883DC6A|bus_stops=01B63929056B55D0A8FE372756942FB9A81A89CB121A0CDB1838DDE9ED8555BF|hira_hospital=458D04F264BFE005CB12078699156CA72AD47B52062E0F79B8140E2635086268|hira_pharmacy=65B2B1E7F65BF1EFAF20C826BC1FB03CC24B65B359F4B5B51E1A234B334505A4
4128757000,대화동,057,8,8,1.1.0,village_bus_static_presence_screen_v1,goyang_mixed_20250825_20260630,population=2026-06-30|onePersonHouseholds=2026-06-30|hiraFacilities=2026-06-30|analysisBoundary=2026-04-01|busStops=2025-08-25,정류장 개소; 노선표기 건; 고유 노선명 개; 비율 0~1; 낮은값 순위 1~44,routes_raw를 comma로 분리하고 '노선명(유형)'을 파싱; 유형='마을' 표기를 추출; 동별 마을정류장비율=마을노선 1개 이상 표기 정류장/전체 경계내 정류장; 고유 마을노선=동별 routeName distinct count,2025-08-25 정류장 CSV의 정적 노선 존재 표기만 쓴 1차 스크리닝이다. 배차·운행횟수·방향·시간대·환승·OD·보행권·노선변경을 알 수 없으므로 공급량·접근성·서비스 품질·도입 우선순위로 해석하지 않는다. 순위는 낮은 값 탐색용이다.,area_adjacency=AF16E5259A667F45F5BF7F6B3DF3A22E1A4837C477F6B68DDC26CDCF60E2DFF0|area_scores=455106174A3E492D501F73B8BA55EFD1B7525656638E8109AE015C290C352DE3|bus_stops=BBA5AC0E8F29538F42373B1789179B5B9D2CF0186E0D3A618537C83B74B628D5|facilities=9AA2BC9D9F9E0EC421FB7D23A9C9BF0BD5EDB59EB173A91CB27E6EB2655A1E07|grid_scores=F2B4631D6C4DB1C379BB9CAA13D29A9C055273F1C0D682BAC13EDD19C0A9E9BF|metrics_code=7A3920ABAC99C0EEE1FA013FF751C14428D5AA95E0F1F3F32FCED6B7A49541BA|model_spec=435B1018F2D35A2B421D1827A23C0DC739DC1F827F71189F8F818CE0B0C670E4|source_manifest=86163BE779951590317AB41BE2F9DE18666BC936F1735593673513008868CEC9,population=4D1530F251B312CE6564BA5676093B1043057F46A0FE2A58CF2756AFC530DA7B|one_person=01923C6EBD7440771E4EBE20CAB0648355A18C09D198677C0E265F5E68406A7D|admdongkor_boundary=6A63D079BA8AF4701AB200AD0B54EBDEA8689808B6E0E9F17973B9BA7883DC6A|bus_stops=01B63929056B55D0A8FE372756942FB9A81A89CB121A0CDB1838DDE9ED8555BF|hira_hospital=458D04F264BFE005CB12078699156CA72AD47B52062E0F79B8140E2635086268|hira_pharmacy=65B2B1E7F65BF1EFAF20C826BC1FB03CC24B65B359F4B5B51E1A234B334505A4
4128757000,대화동,059,6,6,1.1.0,village_bus_static_presence_screen_v1,goyang_mixed_20250825_20260630,population=2026-06-30|onePersonHouseholds=2026-06-30|hiraFacilities=2026-06-30|analysisBoundary=2026-04-01|busStops=2025-08-25,정류장 개소; 노선표기 건; 고유 노선명 개; 비율 0~1; 낮은값 순위 1~44,routes_raw를 comma로 분리하고 '노선명(유형)'을 파싱; 유형='마을' 표기를 추출; 동별 마을정류장비율=마을노선 1개 이상 표기 정류장/전체 경계내 정류장; 고유 마을노선=동별 routeName distinct count,2025-08-25 정류장 CSV의 정적 노선 존재 표기만 쓴 1차 스크리닝이다. 배차·운행횟수·방향·시간대·환승·OD·보행권·노선변경을 알 수 없으므로 공급량·접근성·서비스 품질·도입 우선순위로 해석하지 않는다. 순위는 낮은 값 탐색용이다.,area_adjacency=AF16E5259A667F45F5BF7F6B3DF3A22E1A4837C477F6B68DDC26CDCF60E2DFF0|area_scores=455106174A3E492D501F73B8BA55EFD1B7525656638E8109AE015C290C352DE3|bus_stops=BBA5AC0E8F29538F42373B1789179B5B9D2CF0186E0D3A618537C83B74B628D5|facilities=9AA2BC9D9F9E0EC421FB7D23A9C9BF0BD5EDB59EB173A91CB27E6EB2655A1E07|grid_scores=F2B4631D6C4DB1C379BB9CAA13D29A9C055273F1C0D682BAC13EDD19C0A9E9BF|metrics_code=7A3920ABAC99C0EEE1FA013FF751C14428D5AA95E0F1F3F32FCED6B7A49541BA|model_spec=435B1018F2D35A2B421D1827A23C0DC739DC1F827F71189F8F818CE0B0C670E4|source_manifest=86163BE779951590317AB41BE2F9DE18666BC936F1735593673513008868CEC9,population=4D1530F251B312CE6564BA5676093B1043057F46A0FE2A58CF2756AFC530DA7B|one_person=01923C6EBD7440771E4EBE20CAB0648355A18C09D198677C0E265F5E68406A7D|admdongkor_boundary=6A63D079BA8AF4701AB200AD0B54EBDEA8689808B6E0E9F17973B9BA7883DC6A|bus_stops=01B63929056B55D0A8FE372756942FB9A81A89CB121A0CDB1838DDE9ED8555BF|hira_hospital=458D04F264BFE005CB12078699156CA72AD47B52062E0F79B8140E2635086268|hira_pharmacy=65B2B1E7F65BF1EFAF20C826BC1FB03CC24B65B359F4B5B51E1A234B334505A4
4128757000,대화동,062A,19,19,1.1.0,village_bus_static_presence_screen_v1,goyang_mixed_20250825_20260630,population=2026-06-30|onePersonHouseholds=2026-06-30|hiraFacilities=2026-06-30|analysisBoundary=2026-04-01|busStops=2025-08-25,정류장 개소; 노선표기 건; 고유 노선명 개; 비율 0~1; 낮은값 순위 1~44,routes_raw를 comma로 분리하고 '노선명(유형)'을 파싱; 유형='마을' 표기를 추출; 동별 마을정류장비율=마을노선 1개 이상 표기 정류장/전체 경계내 정류장; 고유 마을노선=동별 routeName distinct count,2025-08-25 정류장 CSV의 정적 노선 존재 표기만 쓴 1차 스크리닝이다. 배차·운행횟수·방향·시간대·환승·OD·보행권·노선변경을 알 수 없으므로 공급량·접근성·서비스 품질·도입 우선순위로 해석하지 않는다. 순위는 낮은 값 탐색용이다.,area_adjacency=AF16E5259A667F45F5BF7F6B3DF3A22E1A4837C477F6B68DDC26CDCF60E2DFF0|area_scores=455106174A3E492D501F73B8BA55EFD1B7525656638E8109AE015C290C352DE3|bus_stops=BBA5AC0E8F29538F42373B1789179B5B9D2CF0186E0D3A618537C83B74B628D5|facilities=9AA2BC9D9F9E0EC421FB7D23A9C9BF0BD5EDB59EB173A91CB27E6EB2655A1E07|grid_scores=F2B4631D6C4DB1C379BB9CAA13D29A9C055273F1C0D682BAC13EDD19C0A9E9BF|metrics_code=7A3920ABAC99C0EEE1FA013FF751C14428D5AA95E0F1F3F32FCED6B7A49541BA|model_spec=435B1018F2D35A2B421D1827A23C0DC739DC1F827F71189F8F818CE0B0C670E4|source_manifest=86163BE779951590317AB41BE2F9DE18666BC936F1735593673513008868CEC9,population=4D1530F251B312CE6564BA5676093B1043057F46A0FE2A58CF2756AFC530DA7B|one_person=01923C6EBD7440771E4EBE20CAB0648355A18C09D198677C0E265F5E68406A7D|admdongkor_boundary=6A63D079BA8AF4701AB200AD0B54EBDEA8689808B6E0E9F17973B9BA7883DC6A|bus_stops=01B63929056B55D0A8FE372756942FB9A81A89CB121A0CDB1838DDE9ED8555BF|hira_hospital=458D04F264BFE005CB12078699156CA72AD47B52062E0F79B8140E2635086268|hira_pharmacy=65B2B1E7F65BF1EFAF20C826BC1FB03CC24B65B359F4B5B51E1A234B334505A4
4128757000,대화동,062B,5,5,1.1.0,village_bus_static_presence_screen_v1,goyang_mixed_20250825_20260630,population=2026-06-30|onePersonHouseholds=2026-06-30|hiraFacilities=2026-06-30|analysisBoundary=2026-04-01|busStops=2025-08-25,정류장 개소; 노선표기 건; 고유 노선명 개; 비율 0~1; 낮은값 순위 1~44,routes_raw를 comma로 분리하고 '노선명(유형)'을 파싱; 유형='마을' 표기를 추출; 동별 마을정류장비율=마을노선 1개 이상 표기 정류장/전체 경계내 정류장; 고유 마을노선=동별 routeName distinct count,2025-08-25 정류장 CSV의 정적 노선 존재 표기만 쓴 1차 스크리닝이다. 배차·운행횟수·방향·시간대·환승·OD·보행권·노선변경을 알 수 없으므로 공급량·접근성·서비스 품질·도입 우선순위로 해석하지 않는다. 순위는 낮은 값 탐색용이다.,area_adjacency=AF16E5259A667F45F5BF7F6B3DF3A22E1A4837C477F6B68DDC26CDCF60E2DFF0|area_scores=455106174A3E492D501F73B8BA55EFD1B7525656638E8109AE015C290C352DE3|bus_stops=BBA5AC0E8F29538F42373B1789179B5B9D2CF0186E0D3A618537C83B74B628D5|facilities=9AA2BC9D9F9E0EC421FB7D23A9C9BF0BD5EDB59EB173A91CB27E6EB2655A1E07|grid_scores=F2B4631D6C4DB1C379BB9CAA13D29A9C055273F1C0D682BAC13EDD19C0A9E9BF|metrics_code=7A3920ABAC99C0EEE1FA013FF751C14428D5AA95E0F1F3F32FCED6B7A49541BA|model_spec=435B1018F2D35A2B421D1827A23C0DC739DC1F827F71189F8F818CE0B0C670E4|source_manifest=86163BE779951590317AB41BE2F9DE18666BC936F1735593673513008868CEC9,population=4D1530F251B312CE6564BA5676093B1043057F46A0FE2A58CF2756AFC530DA7B|one_person=01923C6EBD7440771E4EBE20CAB0648355A18C09D198677C0E265F5E68406A7D|admdongkor_boundary=6A63D079BA8AF4701AB200AD0B54EBDEA8689808B6E0E9F17973B9BA7883DC6A|bus_stops=01B63929056B55D0A8FE372756942FB9A81A89CB121A0CDB1838DDE9ED8555BF|hira_hospital=458D04F264BFE005CB12078699156CA72AD47B52062E0F79B8140E2635086268|hira_pharmacy=65B2B1E7F65BF1EFAF20C826BC1FB03CC24B65B359F4B5B51E1A234B334505A4
4128757000,대화동,066A,4,4,1.1.0,village_bus_static_presence_screen_v1,goyang_mixed_20250825_20260630,population=2026-06-30|onePersonHouseholds=2026-06-30|hiraFacilities=2026-06-30|analysisBoundary=2026-04-01|busStops=2025-08-25,정류장 개소; 노선표기 건; 고유 노선명 개; 비율 0~1; 낮은값 순위 1~44,routes_raw를 comma로 분리하고 '노선명(유형)'을 파싱; 유형='마을' 표기를 추출; 동별 마을정류장비율=마을노선 1개 이상 표기 정류장/전체 경계내 정류장; 고유 마을노선=동별 routeName distinct count,2025-08-25 정류장 CSV의 정적 노선 존재 표기만 쓴 1차 스크리닝이다. 배차·운행횟수·방향·시간대·환승·OD·보행권·노선변경을 알 수 없으므로 공급량·접근성·서비스 품질·도입 우선순위로 해석하지 않는다. 순위는 낮은 값 탐색용이다.,area_adjacency=AF16E5259A667F45F5BF7F6B3DF3A22E1A4837C477F6B68DDC26CDCF60E2DFF0|area_scores=455106174A3E492D501F73B8BA55EFD1B7525656638E8109AE015C290C352DE3|bus_stops=BBA5AC0E8F29538F42373B1789179B5B9D2CF0186E0D3A618537C83B74B628D5|facilities=9AA2BC9D9F9E0EC421FB7D23A9C9BF0BD5EDB59EB173A91CB27E6EB2655A1E07|grid_scores=F2B4631D6C4DB1C379BB9CAA13D29A9C055273F1C0D682BAC13EDD19C0A9E9BF|metrics_code=7A3920ABAC99C0EEE1FA013FF751C14428D5AA95E0F1F3F32FCED6B7A49541BA|model_spec=435B1018F2D35A2B421D1827A23C0DC739DC1F827F71189F8F818CE0B0C670E4|source_manifest=86163BE779951590317AB41BE2F9DE18666BC936F1735593673513008868CEC9,population=4D1530F251B312CE6564BA5676093B1043057F46A0FE2A58CF2756AFC530DA7B|one_person=01923C6EBD7440771E4EBE20CAB0648355A18C09D198677C0E265F5E68406A7D|admdongkor_boundary=6A63D079BA8AF4701AB200AD0B54EBDEA8689808B6E0E9F17973B9BA7883DC6A|bus_stops=01B63929056B55D0A8FE372756942FB9A81A89CB121A0CDB1838DDE9ED8555BF|hira_hospital=458D04F264BFE005CB12078699156CA72AD47B52062E0F79B8140E2635086268|hira_pharmacy=65B2B1E7F65BF1EFAF20C826BC1FB03CC24B65B359F4B5B51E1A234B334505A4
4128757000,대화동,074,8,8,1.1.0,village_bus_static_presence_screen_v1,goyang_mixed_20250825_20260630,population=2026-06-30|onePersonHouseholds=2026-06-30|hiraFacilities=2026-06-30|analysisBoundary=2026-04-01|busStops=2025-08-25,정류장 개소; 노선표기 건; 고유 노선명 개; 비율 0~1; 낮은값 순위 1~44,routes_raw를 comma로 분리하고 '노선명(유형)'을 파싱; 유형='마을' 표기를 추출; 동별 마을정류장비율=마을노선 1개 이상 표기 정류장/전체 경계내 정류장; 고유 마을노선=동별 routeName distinct count,2025-08-25 정류장 CSV의 정적 노선 존재 표기만 쓴 1차 스크리닝이다. 배차·운행횟수·방향·시간대·환승·OD·보행권·노선변경을 알 수 없으므로 공급량·접근성·서비스 품질·도입 우선순위로 해석하지 않는다. 순위는 낮은 값 탐색용이다.,area_adjacency=AF16E5259A667F45F5BF7F6B3DF3A22E1A4837C477F6B68DDC26CDCF60E2DFF0|area_scores=455106174A3E492D501F73B8BA55EFD1B7525656638E8109AE015C290C352DE3|bus_stops=BBA5AC0E8F29538F42373B1789179B5B9D2CF0186E0D3A618537C83B74B628D5|facilities=9AA2BC9D9F9E0EC421FB7D23A9C9BF0BD5EDB59EB173A91CB27E6EB2655A1E07|grid_scores=F2B4631D6C4DB1C379BB9CAA13D29A9C055273F1C0D682BAC13EDD19C0A9E9BF|metrics_code=7A3920ABAC99C0EEE1FA013FF751C14428D5AA95E0F1F3F32FCED6B7A49541BA|model_spec=435B1018F2D35A2B421D1827A23C0DC739DC1F827F71189F8F818CE0B0C670E4|source_manifest=86163BE779951590317AB41BE2F9DE18666BC936F1735593673513008868CEC9,population=4D1530F251B312CE6564BA5676093B1043057F46A0FE2A58CF2756AFC530DA7B|one_person=01923C6EBD7440771E4EBE20CAB0648355A18C09D198677C0E265F5E68406A7D|admdongkor_boundary=6A63D079BA8AF4701AB200AD0B54EBDEA8689808B6E0E9F17973B9BA7883DC6A|bus_stops=01B63929056B55D0A8FE372756942FB9A81A89CB121A0CDB1838DDE9ED8555BF|hira_hospital=458D04F264BFE005CB12078699156CA72AD47B52062E0F79B8140E2635086268|hira_pharmacy=65B2B1E7F65BF1EFAF20C826BC1FB03CC24B65B359F4B5B51E1A234B334505A4
4128757000,대화동,090,11,11,1.1.0,village_bus_static_presence_screen_v1,goyang_mixed_20250825_20260630,population=2026-06-30|onePersonHouseholds=2026-06-30|hiraFacilities=2026-06-30|analysisBoundary=2026-04-01|busStops=2025-08-25,정류장 개소; 노선표기 건; 고유 노선명 개; 비율 0~1; 낮은값 순위 1~44,routes_raw를 comma로 분리하고 '노선명(유형)'을 파싱; 유형='마을' 표기를 추출; 동별 마을정류장비율=마을노선 1개 이상 표기 정류장/전체 경계내 정류장; 고유 마을노선=동별 routeName distinct count,2025-08-25 정류장 CSV의 정적 노선 존재 표기만 쓴 1차 스크리닝이다. 배차·운행횟수·방향·시간대·환승·OD·보행권·노선변경을 알 수 없으므로 공급량·접근성·서비스 품질·도입 우선순위로 해석하지 않는다. 순위는 낮은 값 탐색용이다.,area_adjacency=AF16E5259A667F45F5BF7F6B3DF3A22E1A4837C477F6B68DDC26CDCF60E2DFF0|area_scores=455106174A3E492D501F73B8BA55EFD1B7525656638E8109AE015C290C352DE3|bus_stops=BBA5AC0E8F29538F42373B1789179B5B9D2CF0186E0D3A618537C83B74B628D5|facilities=9AA2BC9D9F9E0EC421FB7D23A9C9BF0BD5EDB59EB173A91CB27E6EB2655A1E07|grid_scores=F2B4631D6C4DB1C379BB9CAA13D29A9C055273F1C0D682BAC13EDD19C0A9E9BF|metrics_code=7A3920ABAC99C0EEE1FA013FF751C14428D5AA95E0F1F3F32FCED6B7A49541BA|model_spec=435B1018F2D35A2B421D1827A23C0DC739DC1F827F71189F8F818CE0B0C670E4|source_manifest=86163BE779951590317AB41BE2F9DE18666BC936F1735593673513008868CEC9,population=4D1530F251B312CE6564BA5676093B1043057F46A0FE2A58CF2756AFC530DA7B|one_person=01923C6EBD7440771E4EBE20CAB0648355A18C09D198677C0E265F5E68406A7D|admdongkor_boundary=6A63D079BA8AF4701AB200AD0B54EBDEA8689808B6E0E9F17973B9BA7883DC6A|bus_stops=01B63929056B55D0A8FE372756942FB9A81A89CB121A0CDB1838DDE9ED8555BF|hira_hospital=458D04F264BFE005CB12078699156CA72AD47B52062E0F79B8140E2635086268|hira_pharmacy=65B2B1E7F65BF1EFAF20C826BC1FB03CC24B65B359F4B5B51E1A234B334505A4
4128757000,대화동,091A,4,4,1.1.0,village_bus_static_presence_screen_v1,goyang_mixed_20250825_20260630,population=2026-06-30|onePersonHouseholds=2026-06-30|hiraFacilities=2026-06-30|analysisBoundary=2026-04-01|busStops=2025-08-25,정류장 개소; 노선표기 건; 고유 노선명 개; 비율 0~1; 낮은값 순위 1~44,routes_raw를 comma로 분리하고 '노선명(유형)'을 파싱; 유형='마을' 표기를 추출; 동별 마을정류장비율=마을노선 1개 이상 표기 정류장/전체 경계내 정류장; 고유 마을노선=동별 routeName distinct count,2025-08-25 정류장 CSV의 정적 노선 존재 표기만 쓴 1차 스크리닝이다. 배차·운행횟수·방향·시간대·환승·OD·보행권·노선변경을 알 수 없으므로 공급량·접근성·서비스 품질·도입 우선순위로 해석하지 않는다. 순위는 낮은 값 탐색용이다.,area_adjacency=AF16E5259A667F45F5BF7F6B3DF3A22E1A4837C477F6B68DDC26CDCF60E2DFF0|area_scores=455106174A3E492D501F73B8BA55EFD1B7525656638E8109AE015C290C352DE3|bus_stops=BBA5AC0E8F29538F42373B1789179B5B9D2CF0186E0D3A618537C83B74B628D5|facilities=9AA2BC9D9F9E0EC421FB7D23A9C9BF0BD5EDB59EB173A91CB27E6EB2655A1E07|grid_scores=F2B4631D6C4DB1C379BB9CAA13D29A9C055273F1C0D682BAC13EDD19C0A9E9BF|metrics_code=7A3920ABAC99C0EEE1FA013FF751C14428D5AA95E0F1F3F32FCED6B7A49541BA|model_spec=435B1018F2D35A2B421D1827A23C0DC739DC1F827F71189F8F818CE0B0C670E4|source_manifest=86163BE779951590317AB41BE2F9DE18666BC936F1735593673513008868CEC9,population=4D1530F251B312CE6564BA5676093B1043057F46A0FE2A58CF2756AFC530DA7B|one_person=01923C6EBD7440771E4EBE20CAB0648355A18C09D198677C0E265F5E68406A7D|admdongkor_boundary=6A63D079BA8AF4701AB200AD0B54EBDEA8689808B6E0E9F17973B9BA7883DC6A|bus_stops=01B63929056B55D0A8FE372756942FB9A81A89CB121A0CDB1838DDE9ED8555BF|hira_hospital=458D04F264BFE005CB12078699156CA72AD47B52062E0F79B8140E2635086268|hira_pharmacy=65B2B1E7F65BF1EFAF20C826BC1FB03CC24B65B359F4B5B51E1A234B334505A4
4128757000,대화동,091B,11,11,1.1.0,village_bus_static_presence_screen_v1,goyang_mixed_20250825_20260630,population=2026-06-30|onePersonHouseholds=2026-06-30|hiraFacilities=2026-06-30|analysisBoundary=2026-04-01|busStops=2025-08-25,정류장 개소; 노선표기 건; 고유 노선명 개; 비율 0~1; 낮은값 순위 1~44,routes_raw를 comma로 분리하고 '노선명(유형)'을 파싱; 유형='마을' 표기를 추출; 동별 마을정류장비율=마을노선 1개 이상 표기 정류장/전체 경계내 정류장; 고유 마을노선=동별 routeName distinct count,2025-08-25 정류장 CSV의 정적 노선 존재 표기만 쓴 1차 스크리닝이다. 배차·운행횟수·방향·시간대·환승·OD·보행권·노선변경을 알 수 없으므로 공급량·접근성·서비스 품질·도입 우선순위로 해석하지 않는다. 순위는 낮은 값 탐색용이다.,area_adjacency=AF16E5259A667F45F5BF7F6B3DF3A22E1A4837C477F6B68DDC26CDCF60E2DFF0|area_scores=455106174A3E492D501F73B8BA55EFD1B7525656638E8109AE015C290C352DE3|bus_stops=BBA5AC0E8F29538F42373B1789179B5B9D2CF0186E0D3A618537C83B74B628D5|facilities=9AA2BC9D9F9E0EC421FB7D23A9C9BF0BD5EDB59EB173A91CB27E6EB2655A1E07|grid_scores=F2B4631D6C4DB1C379BB9CAA13D29A9C055273F1C0D682BAC13EDD19C0A9E9BF|metrics_code=7A3920ABAC99C0EEE1FA013FF751C14428D5AA95E0F1F3F32FCED6B7A49541BA|model_spec=435B1018F2D35A2B421D1827A23C0DC739DC1F827F71189F8F818CE0B0C670E4|source_manifest=86163BE779951590317AB41BE2F9DE18666BC936F1735593673513008868CEC9,population=4D1530F251B312CE6564BA5676093B1043057F46A0FE2A58CF2756AFC530DA7B|one_person=01923C6EBD7440771E4EBE20CAB0648355A18C09D198677C0E265F5E68406A7D|admdongkor_boundary=6A63D079BA8AF4701AB200AD0B54EBDEA8689808B6E0E9F17973B9BA7883DC6A|bus_stops=01B63929056B55D0A8FE372756942FB9A81A89CB121A0CDB1838DDE9ED8555BF|hira_hospital=458D04F264BFE005CB12078699156CA72AD47B52062E0F79B8140E2635086268|hira_pharmacy=65B2B1E7F65BF1EFAF20C826BC1FB03CC24B65B359F4B5B51E1A234B334505A4
4128757000,대화동,N002,12,12,1.1.0,village_bus_static_presence_screen_v1,goyang_mixed_20250825_20260630,population=2026-06-30|onePersonHouseholds=2026-06-30|hiraFacilities=2026-06-30|analysisBoundary=2026-04-01|busStops=2025-08-25,정류장 개소; 노선표기 건; 고유 노선명 개; 비율 0~1; 낮은값 순위 1~44,routes_raw를 comma로 분리하고 '노선명(유형)'을 파싱; 유형='마을' 표기를 추출; 동별 마을정류장비율=마을노선 1개 이상 표기 정류장/전체 경계내 정류장; 고유 마을노선=동별 routeName distinct count,2025-08-25 정류장 CSV의 정적 노선 존재 표기만 쓴 1차 스크리닝이다. 배차·운행횟수·방향·시간대·환승·OD·보행권·노선변경을 알 수 없으므로 공급량·접근성·서비스 품질·도입 우선순위로 해석하지 않는다. 순위는 낮은 값 탐색용이다.,area_adjacency=AF16E5259A667F45F5BF7F6B3DF3A22E1A4837C477F6B68DDC26CDCF60E2DFF0|area_scores=455106174A3E492D501F73B8BA55EFD1B7525656638E8109AE015C290C352DE3|bus_stops=BBA5AC0E8F29538F42373B1789179B5B9D2CF0186E0D3A618537C83B74B628D5|facilities=9AA2BC9D9F9E0EC421FB7D23A9C9BF0BD5EDB59EB173A91CB27E6EB2655A1E07|grid_scores=F2B4631D6C4DB1C379BB9CAA13D29A9C055273F1C0D682BAC13EDD19C0A9E9BF|metrics_code=7A3920ABAC99C0EEE1FA013FF751C14428D5AA95E0F1F3F32FCED6B7A49541BA|model_spec=435B1018F2D35A2B421D1827A23C0DC739DC1F827F71189F8F818CE0B0C670E4|source_manifest=86163BE779951590317AB41BE2F9DE18666BC936F1735593673513008868CEC9,population=4D1530F251B312CE6564BA5676093B1043057F46A0FE2A58CF2756AFC530DA7B|one_person=01923C6EBD7440771E4EBE20CAB0648355A18C09D198677C0E265F5E68406A7D|admdongkor_boundary=6A63D079BA8AF4701AB200AD0B54EBDEA8689808B6E0E9F17973B9BA7883DC6A|bus_stops=01B63929056B55D0A8FE372756942FB9A81A89CB121A0CDB1838DDE9ED8555BF|hira_hospital=458D04F264BFE005CB12078699156CA72AD47B52062E0F79B8140E2635086268|hira_pharmacy=65B2B1E7F65BF1EFAF20C826BC1FB03CC24B65B359F4B5B51E1A234B334505A4
4128757000,대화동,N007,5,5,1.1.0,village_bus_static_presence_screen_v1,goyang_mixed_20250825_20260630,population=2026-06-30|onePersonHouseholds=2026-06-30|hiraFacilities=2026-06-30|analysisBoundary=2026-04-01|busStops=2025-08-25,정류장 개소; 노선표기 건; 고유 노선명 개; 비율 0~1; 낮은값 순위 1~44,routes_raw를 comma로 분리하고 '노선명(유형)'을 파싱; 유형='마을' 표기를 추출; 동별 마을정류장비율=마을노선 1개 이상 표기 정류장/전체 경계내 정류장; 고유 마을노선=동별 routeName distinct count,2025-08-25 정류장 CSV의 정적 노선 존재 표기만 쓴 1차 스크리닝이다. 배차·운행횟수·방향·시간대·환승·OD·보행권·노선변경을 알 수 없으므로 공급량·접근성·서비스 품질·도입 우선순위로 해석하지 않는다. 순위는 낮은 값 탐색용이다.,area_adjacency=AF16E5259A667F45F5BF7F6B3DF3A22E1A4837C477F6B68DDC26CDCF60E2DFF0|area_scores=455106174A3E492D501F73B8BA55EFD1B7525656638E8109AE015C290C352DE3|bus_stops=BBA5AC0E8F29538F42373B1789179B5B9D2CF0186E0D3A618537C83B74B628D5|facilities=9AA2BC9D9F9E0EC421FB7D23A9C9BF0BD5EDB59EB173A91CB27E6EB2655A1E07|grid_scores=F2B4631D6C4DB1C379BB9CAA13D29A9C055273F1C0D682BAC13EDD19C0A9E9BF|metrics_code=7A3920ABAC99C0EEE1FA013FF751C14428D5AA95E0F1F3F32FCED6B7A49541BA|model_spec=435B1018F2D35A2B421D1827A23C0DC739DC1F827F71189F8F818CE0B0C670E4|source_manifest=86163BE779951590317AB41BE2F9DE18666BC936F1735593673513008868CEC9,population=4D1530F251B312CE6564BA5676093B1043057F46A0FE2A58CF2756AFC530DA7B|one_person=01923C6EBD7440771E4EBE20CAB0648355A18C09D198677C0E265F5E68406A7D|admdongkor_boundary=6A63D079BA8AF4701AB200AD0B54EBDEA8689808B6E0E9F17973B9BA7883DC6A|bus_stops=01B63929056B55D0A8FE372756942FB9A81A89CB121A0CDB1838DDE9ED8555BF|hira_hospital=458D04F264BFE005CB12078699156CA72AD47B52062E0F79B8140E2635086268|hira_pharmacy=65B2B1E7F65BF1EFAF20C826BC1FB03CC24B65B359F4B5B51E1A234B334505A4
4128758000,송포동,056,14,14,1.1.0,village_bus_static_presence_screen_v1,goyang_mixed_20250825_20260630,population=2026-06-30|onePersonHouseholds=2026-06-30|hiraFacilities=2026-06-30|analysisBoundary=2026-04-01|busStops=2025-08-25,정류장 개소; 노선표기 건; 고유 노선명 개; 비율 0~1; 낮은값 순위 1~44,routes_raw를 comma로 분리하고 '노선명(유형)'을 파싱; 유형='마을' 표기를 추출; 동별 마을정류장비율=마을노선 1개 이상 표기 정류장/전체 경계내 정류장; 고유 마을노선=동별 routeName distinct count,2025-08-25 정류장 CSV의 정적 노선 존재 표기만 쓴 1차 스크리닝이다. 배차·운행횟수·방향·시간대·환승·OD·보행권·노선변경을 알 수 없으므로 공급량·접근성·서비스 품질·도입 우선순위로 해석하지 않는다. 순위는 낮은 값 탐색용이다.,area_adjacency=AF16E5259A667F45F5BF7F6B3DF3A22E1A4837C477F6B68DDC26CDCF60E2DFF0|area_scores=455106174A3E492D501F73B8BA55EFD1B7525656638E8109AE015C290C352DE3|bus_stops=BBA5AC0E8F29538F42373B1789179B5B9D2CF0186E0D3A618537C83B74B628D5|facilities=9AA2BC9D9F9E0EC421FB7D23A9C9BF0BD5EDB59EB173A91CB27E6EB2655A1E07|grid_scores=F2B4631D6C4DB1C379BB9CAA13D29A9C055273F1C0D682BAC13EDD19C0A9E9BF|metrics_code=7A3920ABAC99C0EEE1FA013FF751C14428D5AA95E0F1F3F32FCED6B7A49541BA|model_spec=435B1018F2D35A2B421D1827A23C0DC739DC1F827F71189F8F818CE0B0C670E4|source_manifest=86163BE779951590317AB41BE2F9DE18666BC936F1735593673513008868CEC9,population=4D1530F251B312CE6564BA5676093B1043057F46A0FE2A58CF2756AFC530DA7B|one_person=01923C6EBD7440771E4EBE20CAB0648355A18C09D198677C0E265F5E68406A7D|admdongkor_boundary=6A63D079BA8AF4701AB200AD0B54EBDEA8689808B6E0E9F17973B9BA7883DC6A|bus_stops=01B63929056B55D0A8FE372756942FB9A81A89CB121A0CDB1838DDE9ED8555BF|hira_hospital=458D04F264BFE005CB12078699156CA72AD47B52062E0F79B8140E2635086268|hira_pharmacy=65B2B1E7F65BF1EFAF20C826BC1FB03CC24B65B359F4B5B51E1A234B334505A4
4128758000,송포동,062A,13,13,1.1.0,village_bus_static_presence_screen_v1,goyang_mixed_20250825_20260630,population=2026-06-30|onePersonHouseholds=2026-06-30|hiraFacilities=2026-06-30|analysisBoundary=2026-04-01|busStops=2025-08-25,정류장 개소; 노선표기 건; 고유 노선명 개; 비율 0~1; 낮은값 순위 1~44,routes_raw를 comma로 분리하고 '노선명(유형)'을 파싱; 유형='마을' 표기를 추출; 동별 마을정류장비율=마을노선 1개 이상 표기 정류장/전체 경계내 정류장; 고유 마을노선=동별 routeName distinct count,2025-08-25 정류장 CSV의 정적 노선 존재 표기만 쓴 1차 스크리닝이다. 배차·운행횟수·방향·시간대·환승·OD·보행권·노선변경을 알 수 없으므로 공급량·접근성·서비스 품질·도입 우선순위로 해석하지 않는다. 순위는 낮은 값 탐색용이다.,area_adjacency=AF16E5259A667F45F5BF7F6B3DF3A22E1A4837C477F6B68DDC26CDCF60E2DFF0|area_scores=455106174A3E492D501F73B8BA55EFD1B7525656638E8109AE015C290C352DE3|bus_stops=BBA5AC0E8F29538F42373B1789179B5B9D2CF0186E0D3A618537C83B74B628D5|facilities=9AA2BC9D9F9E0EC421FB7D23A9C9BF0BD5EDB59EB173A91CB27E6EB2655A1E07|grid_scores=F2B4631D6C4DB1C379BB9CAA13D29A9C055273F1C0D682BAC13EDD19C0A9E9BF|metrics_code=7A3920ABAC99C0EEE1FA013FF751C14428D5AA95E0F1F3F32FCED6B7A49541BA|model_spec=435B1018F2D35A2B421D1827A23C0DC739DC1F827F71189F8F818CE0B0C670E4|source_manifest=86163BE779951590317AB41BE2F9DE18666BC936F1735593673513008868CEC9,population=4D1530F251B312CE6564BA5676093B1043057F46A0FE2A58CF2756AFC530DA7B|one_person=01923C6EBD7440771E4EBE20CAB0648355A18C09D198677C0E265F5E68406A7D|admdongkor_boundary=6A63D079BA8AF4701AB200AD0B54EBDEA8689808B6E0E9F17973B9BA7883DC6A|bus_stops=01B63929056B55D0A8FE372756942FB9A81A89CB121A0CDB1838DDE9ED8555BF|hira_hospital=458D04F264BFE005CB12078699156CA72AD47B52062E0F79B8140E2635086268|hira_pharmacy=65B2B1E7F65BF1EFAF20C826BC1FB03CC24B65B359F4B5B51E1A234B334505A4
4128758000,송포동,062B,14,14,1.1.0,village_bus_static_presence_screen_v1,goyang_mixed_20250825_20260630,population=2026-06-30|onePersonHouseholds=2026-06-30|hiraFacilities=2026-06-30|analysisBoundary=2026-04-01|busStops=2025-08-25,정류장 개소; 노선표기 건; 고유 노선명 개; 비율 0~1; 낮은값 순위 1~44,routes_raw를 comma로 분리하고 '노선명(유형)'을 파싱; 유형='마을' 표기를 추출; 동별 마을정류장비율=마을노선 1개 이상 표기 정류장/전체 경계내 정류장; 고유 마을노선=동별 routeName distinct count,2025-08-25 정류장 CSV의 정적 노선 존재 표기만 쓴 1차 스크리닝이다. 배차·운행횟수·방향·시간대·환승·OD·보행권·노선변경을 알 수 없으므로 공급량·접근성·서비스 품질·도입 우선순위로 해석하지 않는다. 순위는 낮은 값 탐색용이다.,area_adjacency=AF16E5259A667F45F5BF7F6B3DF3A22E1A4837C477F6B68DDC26CDCF60E2DFF0|area_scores=455106174A3E492D501F73B8BA55EFD1B7525656638E8109AE015C290C352DE3|bus_stops=BBA5AC0E8F29538F42373B1789179B5B9D2CF0186E0D3A618537C83B74B628D5|facilities=9AA2BC9D9F9E0EC421FB7D23A9C9BF0BD5EDB59EB173A91CB27E6EB2655A1E07|grid_scores=F2B4631D6C4DB1C379BB9CAA13D29A9C055273F1C0D682BAC13EDD19C0A9E9BF|metrics_code=7A3920ABAC99C0EEE1FA013FF751C14428D5AA95E0F1F3F32FCED6B7A49541BA|model_spec=435B1018F2D35A2B421D1827A23C0DC739DC1F827F71189F8F818CE0B0C670E4|source_manifest=86163BE779951590317AB41BE2F9DE18666BC936F1735593673513008868CEC9,population=4D1530F251B312CE6564BA5676093B1043057F46A0FE2A58CF2756AFC530DA7B|one_person=01923C6EBD7440771E4EBE20CAB0648355A18C09D198677C0E265F5E68406A7D|admdongkor_boundary=6A63D079BA8AF4701AB200AD0B54EBDEA8689808B6E0E9F17973B9BA7883DC6A|bus_stops=01B63929056B55D0A8FE372756942FB9A81A89CB121A0CDB1838DDE9ED8555BF|hira_hospital=458D04F264BFE005CB12078699156CA72AD47B52062E0F79B8140E2635086268|hira_pharmacy=65B2B1E7F65BF1EFAF20C826BC1FB03CC24B65B359F4B5B51E1A234B334505A4
4128758000,송포동,066A,2,2,1.1.0,village_bus_static_presence_screen_v1,goyang_mixed_20250825_20260630,population=2026-06-30|onePersonHouseholds=2026-06-30|hiraFacilities=2026-06-30|analysisBoundary=2026-04-01|busStops=2025-08-25,정류장 개소; 노선표기 건; 고유 노선명 개; 비율 0~1; 낮은값 순위 1~44,routes_raw를 comma로 분리하고 '노선명(유형)'을 파싱; 유형='마을' 표기를 추출; 동별 마을정류장비율=마을노선 1개 이상 표기 정류장/전체 경계내 정류장; 고유 마을노선=동별 routeName distinct count,2025-08-25 정류장 CSV의 정적 노선 존재 표기만 쓴 1차 스크리닝이다. 배차·운행횟수·방향·시간대·환승·OD·보행권·노선변경을 알 수 없으므로 공급량·접근성·서비스 품질·도입 우선순위로 해석하지 않는다. 순위는 낮은 값 탐색용이다.,area_adjacency=AF16E5259A667F45F5BF7F6B3DF3A22E1A4837C477F6B68DDC26CDCF60E2DFF0|area_scores=455106174A3E492D501F73B8BA55EFD1B7525656638E8109AE015C290C352DE3|bus_stops=BBA5AC0E8F29538F42373B1789179B5B9D2CF0186E0D3A618537C83B74B628D5|facilities=9AA2BC9D9F9E0EC421FB7D23A9C9BF0BD5EDB59EB173A91CB27E6EB2655A1E07|grid_scores=F2B4631D6C4DB1C379BB9CAA13D29A9C055273F1C0D682BAC13EDD19C0A9E9BF|metrics_code=7A3920ABAC99C0EEE1FA013FF751C14428D5AA95E0F1F3F32FCED6B7A49541BA|model_spec=435B1018F2D35A2B421D1827A23C0DC739DC1F827F71189F8F818CE0B0C670E4|source_manifest=86163BE779951590317AB41BE2F9DE18666BC936F1735593673513008868CEC9,population=4D1530F251B312CE6564BA5676093B1043057F46A0FE2A58CF2756AFC530DA7B|one_person=01923C6EBD7440771E4EBE20CAB0648355A18C09D198677C0E265F5E68406A7D|admdongkor_boundary=6A63D079BA8AF4701AB200AD0B54EBDEA8689808B6E0E9F17973B9BA7883DC6A|bus_stops=01B63929056B55D0A8FE372756942FB9A81A89CB121A0CDB1838DDE9ED8555BF|hira_hospital=458D04F264BFE005CB12078699156CA72AD47B52062E0F79B8140E2635086268|hira_pharmacy=65B2B1E7F65BF1EFAF20C826BC1FB03CC24B65B359F4B5B51E1A234B334505A4
4128758000,송포동,074,2,2,1.1.0,village_bus_static_presence_screen_v1,goyang_mixed_20250825_20260630,population=2026-06-30|onePersonHouseholds=2026-06-30|hiraFacilities=2026-06-30|analysisBoundary=2026-04-01|busStops=2025-08-25,정류장 개소; 노선표기 건; 고유 노선명 개; 비율 0~1; 낮은값 순위 1~44,routes_raw를 comma로 분리하고 '노선명(유형)'을 파싱; 유형='마을' 표기를 추출; 동별 마을정류장비율=마을노선 1개 이상 표기 정류장/전체 경계내 정류장; 고유 마을노선=동별 routeName distinct count,2025-08-25 정류장 CSV의 정적 노선 존재 표기만 쓴 1차 스크리닝이다. 배차·운행횟수·방향·시간대·환승·OD·보행권·노선변경을 알 수 없으므로 공급량·접근성·서비스 품질·도입 우선순위로 해석하지 않는다. 순위는 낮은 값 탐색용이다.,area_adjacency=AF16E5259A667F45F5BF7F6B3DF3A22E1A4837C477F6B68DDC26CDCF60E2DFF0|area_scores=455106174A3E492D501F73B8BA55EFD1B7525656638E8109AE015C290C352DE3|bus_stops=BBA5AC0E8F29538F42373B1789179B5B9D2CF0186E0D3A618537C83B74B628D5|facilities=9AA2BC9D9F9E0EC421FB7D23A9C9BF0BD5EDB59EB173A91CB27E6EB2655A1E07|grid_scores=F2B4631D6C4DB1C379BB9CAA13D29A9C055273F1C0D682BAC13EDD19C0A9E9BF|metrics_code=7A3920ABAC99C0EEE1FA013FF751C14428D5AA95E0F1F3F32FCED6B7A49541BA|model_spec=435B1018F2D35A2B421D1827A23C0DC739DC1F827F71189F8F818CE0B0C670E4|source_manifest=86163BE779951590317AB41BE2F9DE18666BC936F1735593673513008868CEC9,population=4D1530F251B312CE6564BA5676093B1043057F46A0FE2A58CF2756AFC530DA7B|one_person=01923C6EBD7440771E4EBE20CAB0648355A18C09D198677C0E265F5E68406A7D|admdongkor_boundary=6A63D079BA8AF4701AB200AD0B54EBDEA8689808B6E0E9F17973B9BA7883DC6A|bus_stops=01B63929056B55D0A8FE372756942FB9A81A89CB121A0CDB1838DDE9ED8555BF|hira_hospital=458D04F264BFE005CB12078699156CA72AD47B52062E0F79B8140E2635086268|hira_pharmacy=65B2B1E7F65BF1EFAF20C826BC1FB03CC24B65B359F4B5B51E1A234B334505A4
4128758000,송포동,091A,2,2,1.1.0,village_bus_static_presence_screen_v1,goyang_mixed_20250825_20260630,population=2026-06-30|onePersonHouseholds=2026-06-30|hiraFacilities=2026-06-30|analysisBoundary=2026-04-01|busStops=2025-08-25,정류장 개소; 노선표기 건; 고유 노선명 개; 비율 0~1; 낮은값 순위 1~44,routes_raw를 comma로 분리하고 '노선명(유형)'을 파싱; 유형='마을' 표기를 추출; 동별 마을정류장비율=마을노선 1개 이상 표기 정류장/전체 경계내 정류장; 고유 마을노선=동별 routeName distinct count,2025-08-25 정류장 CSV의 정적 노선 존재 표기만 쓴 1차 스크리닝이다. 배차·운행횟수·방향·시간대·환승·OD·보행권·노선변경을 알 수 없으므로 공급량·접근성·서비스 품질·도입 우선순위로 해석하지 않는다. 순위는 낮은 값 탐색용이다.,area_adjacency=AF16E5259A667F45F5BF7F6B3DF3A22E1A4837C477F6B68DDC26CDCF60E2DFF0|area_scores=455106174A3E492D501F73B8BA55EFD1B7525656638E8109AE015C290C352DE3|bus_stops=BBA5AC0E8F29538F42373B1789179B5B9D2CF0186E0D3A618537C83B74B628D5|facilities=9AA2BC9D9F9E0EC421FB7D23A9C9BF0BD5EDB59EB173A91CB27E6EB2655A1E07|grid_scores=F2B4631D6C4DB1C379BB9CAA13D29A9C055273F1C0D682BAC13EDD19C0A9E9BF|metrics_code=7A3920ABAC99C0EEE1FA013FF751C14428D5AA95E0F1F3F32FCED6B7A49541BA|model_spec=435B1018F2D35A2B421D1827A23C0DC739DC1F827F71189F8F818CE0B0C670E4|source_manifest=86163BE779951590317AB41BE2F9DE18666BC936F1735593673513008868CEC9,population=4D1530F251B312CE6564BA5676093B1043057F46A0FE2A58CF2756AFC530DA7B|one_person=01923C6EBD7440771E4EBE20CAB0648355A18C09D198677C0E265F5E68406A7D|admdongkor_boundary=6A63D079BA8AF4701AB200AD0B54EBDEA8689808B6E0E9F17973B9BA7883DC6A|bus_stops=01B63929056B55D0A8FE372756942FB9A81A89CB121A0CDB1838DDE9ED8555BF|hira_hospital=458D04F264BFE005CB12078699156CA72AD47B52062E0F79B8140E2635086268|hira_pharmacy=65B2B1E7F65BF1EFAF20C826BC1FB03CC24B65B359F4B5B51E1A234B334505A4
4128758000,송포동,N002,3,3,1.1.0,village_bus_static_presence_screen_v1,goyang_mixed_20250825_20260630,population=2026-06-30|onePersonHouseholds=2026-06-30|hiraFacilities=2026-06-30|analysisBoundary=2026-04-01|busStops=2025-08-25,정류장 개소; 노선표기 건; 고유 노선명 개; 비율 0~1; 낮은값 순위 1~44,routes_raw를 comma로 분리하고 '노선명(유형)'을 파싱; 유형='마을' 표기를 추출; 동별 마을정류장비율=마을노선 1개 이상 표기 정류장/전체 경계내 정류장; 고유 마을노선=동별 routeName distinct count,2025-08-25 정류장 CSV의 정적 노선 존재 표기만 쓴 1차 스크리닝이다. 배차·운행횟수·방향·시간대·환승·OD·보행권·노선변경을 알 수 없으므로 공급량·접근성·서비스 품질·도입 우선순위로 해석하지 않는다. 순위는 낮은 값 탐색용이다.,area_adjacency=AF16E5259A667F45F5BF7F6B3DF3A22E1A4837C477F6B68DDC26CDCF60E2DFF0|area_scores=455106174A3E492D501F73B8BA55EFD1B7525656638E8109AE015C290C352DE3|bus_stops=BBA5AC0E8F29538F42373B1789179B5B9D2CF0186E0D3A618537C83B74B628D5|facilities=9AA2BC9D9F9E0EC421FB7D23A9C9BF0BD5EDB59EB173A91CB27E6EB2655A1E07|grid_scores=F2B4631D6C4DB1C379BB9CAA13D29A9C055273F1C0D682BAC13EDD19C0A9E9BF|metrics_code=7A3920ABAC99C0EEE1FA013FF751C14428D5AA95E0F1F3F32FCED6B7A49541BA|model_spec=435B1018F2D35A2B421D1827A23C0DC739DC1F827F71189F8F818CE0B0C670E4|source_manifest=86163BE779951590317AB41BE2F9DE18666BC936F1735593673513008868CEC9,population=4D1530F251B312CE6564BA5676093B1043057F46A0FE2A58CF2756AFC530DA7B|one_person=01923C6EBD7440771E4EBE20CAB0648355A18C09D198677C0E265F5E68406A7D|admdongkor_boundary=6A63D079BA8AF4701AB200AD0B54EBDEA8689808B6E0E9F17973B9BA7883DC6A|bus_stops=01B63929056B55D0A8FE372756942FB9A81A89CB121A0CDB1838DDE9ED8555BF|hira_hospital=458D04F264BFE005CB12078699156CA72AD47B52062E0F79B8140E2635086268|hira_pharmacy=65B2B1E7F65BF1EFAF20C826BC1FB03CC24B65B359F4B5B51E1A234B334505A4
4128758000,송포동,N003,2,2,1.1.0,village_bus_static_presence_screen_v1,goyang_mixed_20250825_20260630,population=2026-06-30|onePersonHouseholds=2026-06-30|hiraFacilities=2026-06-30|analysisBoundary=2026-04-01|busStops=2025-08-25,정류장 개소; 노선표기 건; 고유 노선명 개; 비율 0~1; 낮은값 순위 1~44,routes_raw를 comma로 분리하고 '노선명(유형)'을 파싱; 유형='마을' 표기를 추출; 동별 마을정류장비율=마을노선 1개 이상 표기 정류장/전체 경계내 정류장; 고유 마을노선=동별 routeName distinct count,2025-08-25 정류장 CSV의 정적 노선 존재 표기만 쓴 1차 스크리닝이다. 배차·운행횟수·방향·시간대·환승·OD·보행권·노선변경을 알 수 없으므로 공급량·접근성·서비스 품질·도입 우선순위로 해석하지 않는다. 순위는 낮은 값 탐색용이다.,area_adjacency=AF16E5259A667F45F5BF7F6B3DF3A22E1A4837C477F6B68DDC26CDCF60E2DFF0|area_scores=455106174A3E492D501F73B8BA55EFD1B7525656638E8109AE015C290C352DE3|bus_stops=BBA5AC0E8F29538F42373B1789179B5B9D2CF0186E0D3A618537C83B74B628D5|facilities=9AA2BC9D9F9E0EC421FB7D23A9C9BF0BD5EDB59EB173A91CB27E6EB2655A1E07|grid_scores=F2B4631D6C4DB1C379BB9CAA13D29A9C055273F1C0D682BAC13EDD19C0A9E9BF|metrics_code=7A3920ABAC99C0EEE1FA013FF751C14428D5AA95E0F1F3F32FCED6B7A49541BA|model_spec=435B1018F2D35A2B421D1827A23C0DC739DC1F827F71189F8F818CE0B0C670E4|source_manifest=86163BE779951590317AB41BE2F9DE18666BC936F1735593673513008868CEC9,population=4D1530F251B312CE6564BA5676093B1043057F46A0FE2A58CF2756AFC530DA7B|one_person=01923C6EBD7440771E4EBE20CAB0648355A18C09D198677C0E265F5E68406A7D|admdongkor_boundary=6A63D079BA8AF4701AB200AD0B54EBDEA8689808B6E0E9F17973B9BA7883DC6A|bus_stops=01B63929056B55D0A8FE372756942FB9A81A89CB121A0CDB1838DDE9ED8555BF|hira_hospital=458D04F264BFE005CB12078699156CA72AD47B52062E0F79B8140E2635086268|hira_pharmacy=65B2B1E7F65BF1EFAF20C826BC1FB03CC24B65B359F4B5B51E1A234B334505A4
4128758000,송포동,N007,14,14,1.1.0,village_bus_static_presence_screen_v1,goyang_mixed_20250825_20260630,population=2026-06-30|onePersonHouseholds=2026-06-30|hiraFacilities=2026-06-30|analysisBoundary=2026-04-01|busStops=2025-08-25,정류장 개소; 노선표기 건; 고유 노선명 개; 비율 0~1; 낮은값 순위 1~44,routes_raw를 comma로 분리하고 '노선명(유형)'을 파싱; 유형='마을' 표기를 추출; 동별 마을정류장비율=마을노선 1개 이상 표기 정류장/전체 경계내 정류장; 고유 마을노선=동별 routeName distinct count,2025-08-25 정류장 CSV의 정적 노선 존재 표기만 쓴 1차 스크리닝이다. 배차·운행횟수·방향·시간대·환승·OD·보행권·노선변경을 알 수 없으므로 공급량·접근성·서비스 품질·도입 우선순위로 해석하지 않는다. 순위는 낮은 값 탐색용이다.,area_adjacency=AF16E5259A667F45F5BF7F6B3DF3A22E1A4837C477F6B68DDC26CDCF60E2DFF0|area_scores=455106174A3E492D501F73B8BA55EFD1B7525656638E8109AE015C290C352DE3|bus_stops=BBA5AC0E8F29538F42373B1789179B5B9D2CF0186E0D3A618537C83B74B628D5|facilities=9AA2BC9D9F9E0EC421FB7D23A9C9BF0BD5EDB59EB173A91CB27E6EB2655A1E07|grid_scores=F2B4631D6C4DB1C379BB9CAA13D29A9C055273F1C0D682BAC13EDD19C0A9E9BF|metrics_code=7A3920ABAC99C0EEE1FA013FF751C14428D5AA95E0F1F3F32FCED6B7A49541BA|model_spec=435B1018F2D35A2B421D1827A23C0DC739DC1F827F71189F8F818CE0B0C670E4|source_manifest=86163BE779951590317AB41BE2F9DE18666BC936F1735593673513008868CEC9,population=4D1530F251B312CE6564BA5676093B1043057F46A0FE2A58CF2756AFC530DA7B|one_person=01923C6EBD7440771E4EBE20CAB0648355A18C09D198677C0E265F5E68406A7D|admdongkor_boundary=6A63D079BA8AF4701AB200AD0B54EBDEA8689808B6E0E9F17973B9BA7883DC6A|bus_stops=01B63929056B55D0A8FE372756942FB9A81A89CB121A0CDB1838DDE9ED8555BF|hira_hospital=458D04F264BFE005CB12078699156CA72AD47B52062E0F79B8140E2635086268|hira_pharmacy=65B2B1E7F65BF1EFAF20C826BC1FB03CC24B65B359F4B5B51E1A234B334505A4
4128760000,덕이동,059,6,6,1.1.0,village_bus_static_presence_screen_v1,goyang_mixed_20250825_20260630,population=2026-06-30|onePersonHouseholds=2026-06-30|hiraFacilities=2026-06-30|analysisBoundary=2026-04-01|busStops=2025-08-25,정류장 개소; 노선표기 건; 고유 노선명 개; 비율 0~1; 낮은값 순위 1~44,routes_raw를 comma로 분리하고 '노선명(유형)'을 파싱; 유형='마을' 표기를 추출; 동별 마을정류장비율=마을노선 1개 이상 표기 정류장/전체 경계내 정류장; 고유 마을노선=동별 routeName distinct count,2025-08-25 정류장 CSV의 정적 노선 존재 표기만 쓴 1차 스크리닝이다. 배차·운행횟수·방향·시간대·환승·OD·보행권·노선변경을 알 수 없으므로 공급량·접근성·서비스 품질·도입 우선순위로 해석하지 않는다. 순위는 낮은 값 탐색용이다.,area_adjacency=AF16E5259A667F45F5BF7F6B3DF3A22E1A4837C477F6B68DDC26CDCF60E2DFF0|area_scores=455106174A3E492D501F73B8BA55EFD1B7525656638E8109AE015C290C352DE3|bus_stops=BBA5AC0E8F29538F42373B1789179B5B9D2CF0186E0D3A618537C83B74B628D5|facilities=9AA2BC9D9F9E0EC421FB7D23A9C9BF0BD5EDB59EB173A91CB27E6EB2655A1E07|grid_scores=F2B4631D6C4DB1C379BB9CAA13D29A9C055273F1C0D682BAC13EDD19C0A9E9BF|metrics_code=7A3920ABAC99C0EEE1FA013FF751C14428D5AA95E0F1F3F32FCED6B7A49541BA|model_spec=435B1018F2D35A2B421D1827A23C0DC739DC1F827F71189F8F818CE0B0C670E4|source_manifest=86163BE779951590317AB41BE2F9DE18666BC936F1735593673513008868CEC9,population=4D1530F251B312CE6564BA5676093B1043057F46A0FE2A58CF2756AFC530DA7B|one_person=01923C6EBD7440771E4EBE20CAB0648355A18C09D198677C0E265F5E68406A7D|admdongkor_boundary=6A63D079BA8AF4701AB200AD0B54EBDEA8689808B6E0E9F17973B9BA7883DC6A|bus_stops=01B63929056B55D0A8FE372756942FB9A81A89CB121A0CDB1838DDE9ED8555BF|hira_hospital=458D04F264BFE005CB12078699156CA72AD47B52062E0F79B8140E2635086268|hira_pharmacy=65B2B1E7F65BF1EFAF20C826BC1FB03CC24B65B359F4B5B51E1A234B334505A4
4128760000,덕이동,071,35,35,1.1.0,village_bus_static_presence_screen_v1,goyang_mixed_20250825_20260630,population=2026-06-30|onePersonHouseholds=2026-06-30|hiraFacilities=2026-06-30|analysisBoundary=2026-04-01|busStops=2025-08-25,정류장 개소; 노선표기 건; 고유 노선명 개; 비율 0~1; 낮은값 순위 1~44,routes_raw를 comma로 분리하고 '노선명(유형)'을 파싱; 유형='마을' 표기를 추출; 동별 마을정류장비율=마을노선 1개 이상 표기 정류장/전체 경계내 정류장; 고유 마을노선=동별 routeName distinct count,2025-08-25 정류장 CSV의 정적 노선 존재 표기만 쓴 1차 스크리닝이다. 배차·운행횟수·방향·시간대·환승·OD·보행권·노선변경을 알 수 없으므로 공급량·접근성·서비스 품질·도입 우선순위로 해석하지 않는다. 순위는 낮은 값 탐색용이다.,area_adjacency=AF16E5259A667F45F5BF7F6B3DF3A22E1A4837C477F6B68DDC26CDCF60E2DFF0|area_scores=455106174A3E492D501F73B8BA55EFD1B7525656638E8109AE015C290C352DE3|bus_stops=BBA5AC0E8F29538F42373B1789179B5B9D2CF0186E0D3A618537C83B74B628D5|facilities=9AA2BC9D9F9E0EC421FB7D23A9C9BF0BD5EDB59EB173A91CB27E6EB2655A1E07|grid_scores=F2B4631D6C4DB1C379BB9CAA13D29A9C055273F1C0D682BAC13EDD19C0A9E9BF|metrics_code=7A3920ABAC99C0EEE1FA013FF751C14428D5AA95E0F1F3F32FCED6B7A49541BA|model_spec=435B1018F2D35A2B421D1827A23C0DC739DC1F827F71189F8F818CE0B0C670E4|source_manifest=86163BE779951590317AB41BE2F9DE18666BC936F1735593673513008868CEC9,population=4D1530F251B312CE6564BA5676093B1043057F46A0FE2A58CF2756AFC530DA7B|one_person=01923C6EBD7440771E4EBE20CAB0648355A18C09D198677C0E265F5E68406A7D|admdongkor_boundary=6A63D079BA8AF4701AB200AD0B54EBDEA8689808B6E0E9F17973B9BA7883DC6A|bus_stops=01B63929056B55D0A8FE372756942FB9A81A89CB121A0CDB1838DDE9ED8555BF|hira_hospital=458D04F264BFE005CB12078699156CA72AD47B52062E0F79B8140E2635086268|hira_pharmacy=65B2B1E7F65BF1EFAF20C826BC1FB03CC24B65B359F4B5B51E1A234B334505A4
4128760000,덕이동,074,19,19,1.1.0,village_bus_static_presence_screen_v1,goyang_mixed_20250825_20260630,population=2026-06-30|onePersonHouseholds=2026-06-30|hiraFacilities=2026-06-30|analysisBoundary=2026-04-01|busStops=2025-08-25,정류장 개소; 노선표기 건; 고유 노선명 개; 비율 0~1; 낮은값 순위 1~44,routes_raw를 comma로 분리하고 '노선명(유형)'을 파싱; 유형='마을' 표기를 추출; 동별 마을정류장비율=마을노선 1개 이상 표기 정류장/전체 경계내 정류장; 고유 마을노선=동별 routeName distinct count,2025-08-25 정류장 CSV의 정적 노선 존재 표기만 쓴 1차 스크리닝이다. 배차·운행횟수·방향·시간대·환승·OD·보행권·노선변경을 알 수 없으므로 공급량·접근성·서비스 품질·도입 우선순위로 해석하지 않는다. 순위는 낮은 값 탐색용이다.,area_adjacency=AF16E5259A667F45F5BF7F6B3DF3A22E1A4837C477F6B68DDC26CDCF60E2DFF0|area_scores=455106174A3E492D501F73B8BA55EFD1B7525656638E8109AE015C290C352DE3|bus_stops=BBA5AC0E8F29538F42373B1789179B5B9D2CF0186E0D3A618537C83B74B628D5|facilities=9AA2BC9D9F9E0EC421FB7D23A9C9BF0BD5EDB59EB173A91CB27E6EB2655A1E07|grid_scores=F2B4631D6C4DB1C379BB9CAA13D29A9C055273F1C0D682BAC13EDD19C0A9E9BF|metrics_code=7A3920ABAC99C0EEE1FA013FF751C14428D5AA95E0F1F3F32FCED6B7A49541BA|model_spec=435B1018F2D35A2B421D1827A23C0DC739DC1F827F71189F8F818CE0B0C670E4|source_manifest=86163BE779951590317AB41BE2F9DE18666BC936F1735593673513008868CEC9,population=4D1530F251B312CE6564BA5676093B1043057F46A0FE2A58CF2756AFC530DA7B|one_person=01923C6EBD7440771E4EBE20CAB0648355A18C09D198677C0E265F5E68406A7D|admdongkor_boundary=6A63D079BA8AF4701AB200AD0B54EBDEA8689808B6E0E9F17973B9BA7883DC6A|bus_stops=01B63929056B55D0A8FE372756942FB9A81A89CB121A0CDB1838DDE9ED8555BF|hira_hospital=458D04F264BFE005CB12078699156CA72AD47B52062E0F79B8140E2635086268|hira_pharmacy=65B2B1E7F65BF1EFAF20C826BC1FB03CC24B65B359F4B5B51E1A234B334505A4
4128760000,덕이동,079,21,21,1.1.0,village_bus_static_presence_screen_v1,goyang_mixed_20250825_20260630,population=2026-06-30|onePersonHouseholds=2026-06-30|hiraFacilities=2026-06-30|analysisBoundary=2026-04-01|busStops=2025-08-25,정류장 개소; 노선표기 건; 고유 노선명 개; 비율 0~1; 낮은값 순위 1~44,routes_raw를 comma로 분리하고 '노선명(유형)'을 파싱; 유형='마을' 표기를 추출; 동별 마을정류장비율=마을노선 1개 이상 표기 정류장/전체 경계내 정류장; 고유 마을노선=동별 routeName distinct count,2025-08-25 정류장 CSV의 정적 노선 존재 표기만 쓴 1차 스크리닝이다. 배차·운행횟수·방향·시간대·환승·OD·보행권·노선변경을 알 수 없으므로 공급량·접근성·서비스 품질·도입 우선순위로 해석하지 않는다. 순위는 낮은 값 탐색용이다.,area_adjacency=AF16E5259A667F45F5BF7F6B3DF3A22E1A4837C477F6B68DDC26CDCF60E2DFF0|area_scores=455106174A3E492D501F73B8BA55EFD1B7525656638E8109AE015C290C352DE3|bus_stops=BBA5AC0E8F29538F42373B1789179B5B9D2CF0186E0D3A618537C83B74B628D5|facilities=9AA2BC9D9F9E0EC421FB7D23A9C9BF0BD5EDB59EB173A91CB27E6EB2655A1E07|grid_scores=F2B4631D6C4DB1C379BB9CAA13D29A9C055273F1C0D682BAC13EDD19C0A9E9BF|metrics_code=7A3920ABAC99C0EEE1FA013FF751C14428D5AA95E0F1F3F32FCED6B7A49541BA|model_spec=435B1018F2D35A2B421D1827A23C0DC739DC1F827F71189F8F818CE0B0C670E4|source_manifest=86163BE779951590317AB41BE2F9DE18666BC936F1735593673513008868CEC9,population=4D1530F251B312CE6564BA5676093B1043057F46A0FE2A58CF2756AFC530DA7B|one_person=01923C6EBD7440771E4EBE20CAB0648355A18C09D198677C0E265F5E68406A7D|admdongkor_boundary=6A63D079BA8AF4701AB200AD0B54EBDEA8689808B6E0E9F17973B9BA7883DC6A|bus_stops=01B63929056B55D0A8FE372756942FB9A81A89CB121A0CDB1838DDE9ED8555BF|hira_hospital=458D04F264BFE005CB12078699156CA72AD47B52062E0F79B8140E2635086268|hira_pharmacy=65B2B1E7F65BF1EFAF20C826BC1FB03CC24B65B359F4B5B51E1A234B334505A4
4128760000,덕이동,N002,17,17,1.1.0,village_bus_static_presence_screen_v1,goyang_mixed_20250825_20260630,population=2026-06-30|onePersonHouseholds=2026-06-30|hiraFacilities=2026-06-30|analysisBoundary=2026-04-01|busStops=2025-08-25,정류장 개소; 노선표기 건; 고유 노선명 개; 비율 0~1; 낮은값 순위 1~44,routes_raw를 comma로 분리하고 '노선명(유형)'을 파싱; 유형='마을' 표기를 추출; 동별 마을정류장비율=마을노선 1개 이상 표기 정류장/전체 경계내 정류장; 고유 마을노선=동별 routeName distinct count,2025-08-25 정류장 CSV의 정적 노선 존재 표기만 쓴 1차 스크리닝이다. 배차·운행횟수·방향·시간대·환승·OD·보행권·노선변경을 알 수 없으므로 공급량·접근성·서비스 품질·도입 우선순위로 해석하지 않는다. 순위는 낮은 값 탐색용이다.,area_adjacency=AF16E5259A667F45F5BF7F6B3DF3A22E1A4837C477F6B68DDC26CDCF60E2DFF0|area_scores=455106174A3E492D501F73B8BA55EFD1B7525656638E8109AE015C290C352DE3|bus_stops=BBA5AC0E8F29538F42373B1789179B5B9D2CF0186E0D3A618537C83B74B628D5|facilities=9AA2BC9D9F9E0EC421FB7D23A9C9BF0BD5EDB59EB173A91CB27E6EB2655A1E07|grid_scores=F2B4631D6C4DB1C379BB9CAA13D29A9C055273F1C0D682BAC13EDD19C0A9E9BF|metrics_code=7A3920ABAC99C0EEE1FA013FF751C14428D5AA95E0F1F3F32FCED6B7A49541BA|model_spec=435B1018F2D35A2B421D1827A23C0DC739DC1F827F71189F8F818CE0B0C670E4|source_manifest=86163BE779951590317AB41BE2F9DE18666BC936F1735593673513008868CEC9,population=4D1530F251B312CE6564BA5676093B1043057F46A0FE2A58CF2756AFC530DA7B|one_person=01923C6EBD7440771E4EBE20CAB0648355A18C09D198677C0E265F5E68406A7D|admdongkor_boundary=6A63D079BA8AF4701AB200AD0B54EBDEA8689808B6E0E9F17973B9BA7883DC6A|bus_stops=01B63929056B55D0A8FE372756942FB9A81A89CB121A0CDB1838DDE9ED8555BF|hira_hospital=458D04F264BFE005CB12078699156CA72AD47B52062E0F79B8140E2635086268|hira_pharmacy=65B2B1E7F65BF1EFAF20C826BC1FB03CC24B65B359F4B5B51E1A234B334505A4
4128761000,가좌동,057,11,11,1.1.0,village_bus_static_presence_screen_v1,goyang_mixed_20250825_20260630,population=2026-06-30|onePersonHouseholds=2026-06-30|hiraFacilities=2026-06-30|analysisBoundary=2026-04-01|busStops=2025-08-25,정류장 개소; 노선표기 건; 고유 노선명 개; 비율 0~1; 낮은값 순위 1~44,routes_raw를 comma로 분리하고 '노선명(유형)'을 파싱; 유형='마을' 표기를 추출; 동별 마을정류장비율=마을노선 1개 이상 표기 정류장/전체 경계내 정류장; 고유 마을노선=동별 routeName distinct count,2025-08-25 정류장 CSV의 정적 노선 존재 표기만 쓴 1차 스크리닝이다. 배차·운행횟수·방향·시간대·환승·OD·보행권·노선변경을 알 수 없으므로 공급량·접근성·서비스 품질·도입 우선순위로 해석하지 않는다. 순위는 낮은 값 탐색용이다.,area_adjacency=AF16E5259A667F45F5BF7F6B3DF3A22E1A4837C477F6B68DDC26CDCF60E2DFF0|area_scores=455106174A3E492D501F73B8BA55EFD1B7525656638E8109AE015C290C352DE3|bus_stops=BBA5AC0E8F29538F42373B1789179B5B9D2CF0186E0D3A618537C83B74B628D5|facilities=9AA2BC9D9F9E0EC421FB7D23A9C9BF0BD5EDB59EB173A91CB27E6EB2655A1E07|grid_scores=F2B4631D6C4DB1C379BB9CAA13D29A9C055273F1C0D682BAC13EDD19C0A9E9BF|metrics_code=7A3920ABAC99C0EEE1FA013FF751C14428D5AA95E0F1F3F32FCED6B7A49541BA|model_spec=435B1018F2D35A2B421D1827A23C0DC739DC1F827F71189F8F818CE0B0C670E4|source_manifest=86163BE779951590317AB41BE2F9DE18666BC936F1735593673513008868CEC9,population=4D1530F251B312CE6564BA5676093B1043057F46A0FE2A58CF2756AFC530DA7B|one_person=01923C6EBD7440771E4EBE20CAB0648355A18C09D198677C0E265F5E68406A7D|admdongkor_boundary=6A63D079BA8AF4701AB200AD0B54EBDEA8689808B6E0E9F17973B9BA7883DC6A|bus_stops=01B63929056B55D0A8FE372756942FB9A81A89CB121A0CDB1838DDE9ED8555BF|hira_hospital=458D04F264BFE005CB12078699156CA72AD47B52062E0F79B8140E2635086268|hira_pharmacy=65B2B1E7F65BF1EFAF20C826BC1FB03CC24B65B359F4B5B51E1A234B334505A4
4128761000,가좌동,059,21,21,1.1.0,village_bus_static_presence_screen_v1,goyang_mixed_20250825_20260630,population=2026-06-30|onePersonHouseholds=2026-06-30|hiraFacilities=2026-06-30|analysisBoundary=2026-04-01|busStops=2025-08-25,정류장 개소; 노선표기 건; 고유 노선명 개; 비율 0~1; 낮은값 순위 1~44,routes_raw를 comma로 분리하고 '노선명(유형)'을 파싱; 유형='마을' 표기를 추출; 동별 마을정류장비율=마을노선 1개 이상 표기 정류장/전체 경계내 정류장; 고유 마을노선=동별 routeName distinct count,2025-08-25 정류장 CSV의 정적 노선 존재 표기만 쓴 1차 스크리닝이다. 배차·운행횟수·방향·시간대·환승·OD·보행권·노선변경을 알 수 없으므로 공급량·접근성·서비스 품질·도입 우선순위로 해석하지 않는다. 순위는 낮은 값 탐색용이다.,area_adjacency=AF16E5259A667F45F5BF7F6B3DF3A22E1A4837C477F6B68DDC26CDCF60E2DFF0|area_scores=455106174A3E492D501F73B8BA55EFD1B7525656638E8109AE015C290C352DE3|bus_stops=BBA5AC0E8F29538F42373B1789179B5B9D2CF0186E0D3A618537C83B74B628D5|facilities=9AA2BC9D9F9E0EC421FB7D23A9C9BF0BD5EDB59EB173A91CB27E6EB2655A1E07|grid_scores=F2B4631D6C4DB1C379BB9CAA13D29A9C055273F1C0D682BAC13EDD19C0A9E9BF|metrics_code=7A3920ABAC99C0EEE1FA013FF751C14428D5AA95E0F1F3F32FCED6B7A49541BA|model_spec=435B1018F2D35A2B421D1827A23C0DC739DC1F827F71189F8F818CE0B0C670E4|source_manifest=86163BE779951590317AB41BE2F9DE18666BC936F1735593673513008868CEC9,population=4D1530F251B312CE6564BA5676093B1043057F46A0FE2A58CF2756AFC530DA7B|one_person=01923C6EBD7440771E4EBE20CAB0648355A18C09D198677C0E265F5E68406A7D|admdongkor_boundary=6A63D079BA8AF4701AB200AD0B54EBDEA8689808B6E0E9F17973B9BA7883DC6A|bus_stops=01B63929056B55D0A8FE372756942FB9A81A89CB121A0CDB1838DDE9ED8555BF|hira_hospital=458D04F264BFE005CB12078699156CA72AD47B52062E0F79B8140E2635086268|hira_pharmacy=65B2B1E7F65BF1EFAF20C826BC1FB03CC24B65B359F4B5B51E1A234B334505A4
4128761000,가좌동,062B,14,14,1.1.0,village_bus_static_presence_screen_v1,goyang_mixed_20250825_20260630,population=2026-06-30|onePersonHouseholds=2026-06-30|hiraFacilities=2026-06-30|analysisBoundary=2026-04-01|busStops=2025-08-25,정류장 개소; 노선표기 건; 고유 노선명 개; 비율 0~1; 낮은값 순위 1~44,routes_raw를 comma로 분리하고 '노선명(유형)'을 파싱; 유형='마을' 표기를 추출; 동별 마을정류장비율=마을노선 1개 이상 표기 정류장/전체 경계내 정류장; 고유 마을노선=동별 routeName distinct count,2025-08-25 정류장 CSV의 정적 노선 존재 표기만 쓴 1차 스크리닝이다. 배차·운행횟수·방향·시간대·환승·OD·보행권·노선변경을 알 수 없으므로 공급량·접근성·서비스 품질·도입 우선순위로 해석하지 않는다. 순위는 낮은 값 탐색용이다.,area_adjacency=AF16E5259A667F45F5BF7F6B3DF3A22E1A4837C477F6B68DDC26CDCF60E2DFF0|area_scores=455106174A3E492D501F73B8BA55EFD1B7525656638E8109AE015C290C352DE3|bus_stops=BBA5AC0E8F29538F42373B1789179B5B9D2CF0186E0D3A618537C83B74B628D5|facilities=9AA2BC9D9F9E0EC421FB7D23A9C9BF0BD5EDB59EB173A91CB27E6EB2655A1E07|grid_scores=F2B4631D6C4DB1C379BB9CAA13D29A9C055273F1C0D682BAC13EDD19C0A9E9BF|metrics_code=7A3920ABAC99C0EEE1FA013FF751C14428D5AA95E0F1F3F32FCED6B7A49541BA|model_spec=435B1018F2D35A2B421D1827A23C0DC739DC1F827F71189F8F818CE0B0C670E4|source_manifest=86163BE779951590317AB41BE2F9DE18666BC936F1735593673513008868CEC9,population=4D1530F251B312CE6564BA5676093B1043057F46A0FE2A58CF2756AFC530DA7B|one_person=01923C6EBD7440771E4EBE20CAB0648355A18C09D198677C0E265F5E68406A7D|admdongkor_boundary=6A63D079BA8AF4701AB200AD0B54EBDEA8689808B6E0E9F17973B9BA7883DC6A|bus_stops=01B63929056B55D0A8FE372756942FB9A81A89CB121A0CDB1838DDE9ED8555BF|hira_hospital=458D04F264BFE005CB12078699156CA72AD47B52062E0F79B8140E2635086268|hira_pharmacy=65B2B1E7F65BF1EFAF20C826BC1FB03CC24B65B359F4B5B51E1A234B334505A4
4128761000,가좌동,071,15,15,1.1.0,village_bus_static_presence_screen_v1,goyang_mixed_20250825_20260630,population=2026-06-30|onePersonHouseholds=2026-06-30|hiraFacilities=2026-06-30|analysisBoundary=2026-04-01|busStops=2025-08-25,정류장 개소; 노선표기 건; 고유 노선명 개; 비율 0~1; 낮은값 순위 1~44,routes_raw를 comma로 분리하고 '노선명(유형)'을 파싱; 유형='마을' 표기를 추출; 동별 마을정류장비율=마을노선 1개 이상 표기 정류장/전체 경계내 정류장; 고유 마을노선=동별 routeName distinct count,2025-08-25 정류장 CSV의 정적 노선 존재 표기만 쓴 1차 스크리닝이다. 배차·운행횟수·방향·시간대·환승·OD·보행권·노선변경을 알 수 없으므로 공급량·접근성·서비스 품질·도입 우선순위로 해석하지 않는다. 순위는 낮은 값 탐색용이다.,area_adjacency=AF16E5259A667F45F5BF7F6B3DF3A22E1A4837C477F6B68DDC26CDCF60E2DFF0|area_scores=455106174A3E492D501F73B8BA55EFD1B7525656638E8109AE015C290C352DE3|bus_stops=BBA5AC0E8F29538F42373B1789179B5B9D2CF0186E0D3A618537C83B74B628D5|facilities=9AA2BC9D9F9E0EC421FB7D23A9C9BF0BD5EDB59EB173A91CB27E6EB2655A1E07|grid_scores=F2B4631D6C4DB1C379BB9CAA13D29A9C055273F1C0D682BAC13EDD19C0A9E9BF|metrics_code=7A3920ABAC99C0EEE1FA013FF751C14428D5AA95E0F1F3F32FCED6B7A49541BA|model_spec=435B1018F2D35A2B421D1827A23C0DC739DC1F827F71189F8F818CE0B0C670E4|source_manifest=86163BE779951590317AB41BE2F9DE18666BC936F1735593673513008868CEC9,population=4D1530F251B312CE6564BA5676093B1043057F46A0FE2A58CF2756AFC530DA7B|one_person=01923C6EBD7440771E4EBE20CAB0648355A18C09D198677C0E265F5E68406A7D|admdongkor_boundary=6A63D079BA8AF4701AB200AD0B54EBDEA8689808B6E0E9F17973B9BA7883DC6A|bus_stops=01B63929056B55D0A8FE372756942FB9A81A89CB121A0CDB1838DDE9ED8555BF|hira_hospital=458D04F264BFE005CB12078699156CA72AD47B52062E0F79B8140E2635086268|hira_pharmacy=65B2B1E7F65BF1EFAF20C826BC1FB03CC24B65B359F4B5B51E1A234B334505A4
4128761000,가좌동,079,27,27,1.1.0,village_bus_static_presence_screen_v1,goyang_mixed_20250825_20260630,population=2026-06-30|onePersonHouseholds=2026-06-30|hiraFacilities=2026-06-30|analysisBoundary=2026-04-01|busStops=2025-08-25,정류장 개소; 노선표기 건; 고유 노선명 개; 비율 0~1; 낮은값 순위 1~44,routes_raw를 comma로 분리하고 '노선명(유형)'을 파싱; 유형='마을' 표기를 추출; 동별 마을정류장비율=마을노선 1개 이상 표기 정류장/전체 경계내 정류장; 고유 마을노선=동별 routeName distinct count,2025-08-25 정류장 CSV의 정적 노선 존재 표기만 쓴 1차 스크리닝이다. 배차·운행횟수·방향·시간대·환승·OD·보행권·노선변경을 알 수 없으므로 공급량·접근성·서비스 품질·도입 우선순위로 해석하지 않는다. 순위는 낮은 값 탐색용이다.,area_adjacency=AF16E5259A667F45F5BF7F6B3DF3A22E1A4837C477F6B68DDC26CDCF60E2DFF0|area_scores=455106174A3E492D501F73B8BA55EFD1B7525656638E8109AE015C290C352DE3|bus_stops=BBA5AC0E8F29538F42373B1789179B5B9D2CF0186E0D3A618537C83B74B628D5|facilities=9AA2BC9D9F9E0EC421FB7D23A9C9BF0BD5EDB59EB173A91CB27E6EB2655A1E07|grid_scores=F2B4631D6C4DB1C379BB9CAA13D29A9C055273F1C0D682BAC13EDD19C0A9E9BF|metrics_code=7A3920ABAC99C0EEE1FA013FF751C14428D5AA95E0F1F3F32FCED6B7A49541BA|model_spec=435B1018F2D35A2B421D1827A23C0DC739DC1F827F71189F8F818CE0B0C670E4|source_manifest=86163BE779951590317AB41BE2F9DE18666BC936F1735593673513008868CEC9,population=4D1530F251B312CE6564BA5676093B1043057F46A0FE2A58CF2756AFC530DA7B|one_person=01923C6EBD7440771E4EBE20CAB0648355A18C09D198677C0E265F5E68406A7D|admdongkor_boundary=6A63D079BA8AF4701AB200AD0B54EBDEA8689808B6E0E9F17973B9BA7883DC6A|bus_stops=01B63929056B55D0A8FE372756942FB9A81A89CB121A0CDB1838DDE9ED8555BF|hira_hospital=458D04F264BFE005CB12078699156CA72AD47B52062E0F79B8140E2635086268|hira_pharmacy=65B2B1E7F65BF1EFAF20C826BC1FB03CC24B65B359F4B5B51E1A234B334505A4
4128761000,가좌동,N007,32,32,1.1.0,village_bus_static_presence_screen_v1,goyang_mixed_20250825_20260630,population=2026-06-30|onePersonHouseholds=2026-06-30|hiraFacilities=2026-06-30|analysisBoundary=2026-04-01|busStops=2025-08-25,정류장 개소; 노선표기 건; 고유 노선명 개; 비율 0~1; 낮은값 순위 1~44,routes_raw를 comma로 분리하고 '노선명(유형)'을 파싱; 유형='마을' 표기를 추출; 동별 마을정류장비율=마을노선 1개 이상 표기 정류장/전체 경계내 정류장; 고유 마을노선=동별 routeName distinct count,2025-08-25 정류장 CSV의 정적 노선 존재 표기만 쓴 1차 스크리닝이다. 배차·운행횟수·방향·시간대·환승·OD·보행권·노선변경을 알 수 없으므로 공급량·접근성·서비스 품질·도입 우선순위로 해석하지 않는다. 순위는 낮은 값 탐색용이다.,area_adjacency=AF16E5259A667F45F5BF7F6B3DF3A22E1A4837C477F6B68DDC26CDCF60E2DFF0|area_scores=455106174A3E492D501F73B8BA55EFD1B7525656638E8109AE015C290C352DE3|bus_stops=BBA5AC0E8F29538F42373B1789179B5B9D2CF0186E0D3A618537C83B74B628D5|facilities=9AA2BC9D9F9E0EC421FB7D23A9C9BF0BD5EDB59EB173A91CB27E6EB2655A1E07|grid_scores=F2B4631D6C4DB1C379BB9CAA13D29A9C055273F1C0D682BAC13EDD19C0A9E9BF|metrics_code=7A3920ABAC99C0EEE1FA013FF751C14428D5AA95E0F1F3F32FCED6B7A49541BA|model_spec=435B1018F2D35A2B421D1827A23C0DC739DC1F827F71189F8F818CE0B0C670E4|source_manifest=86163BE779951590317AB41BE2F9DE18666BC936F1735593673513008868CEC9,population=4D1530F251B312CE6564BA5676093B1043057F46A0FE2A58CF2756AFC530DA7B|one_person=01923C6EBD7440771E4EBE20CAB0648355A18C09D198677C0E265F5E68406A7D|admdongkor_boundary=6A63D079BA8AF4701AB200AD0B54EBDEA8689808B6E0E9F17973B9BA7883DC6A|bus_stops=01B63929056B55D0A8FE372756942FB9A81A89CB121A0CDB1838DDE9ED8555BF|hira_hospital=458D04F264BFE005CB12078699156CA72AD47B52062E0F79B8140E2635086268|hira_pharmacy=65B2B1E7F65BF1EFAF20C826BC1FB03CC24B65B359F4B5B51E1A234B334505A4
