scenario_id,replacement_scope,destination_definition,facility_record_count,facility_weight_rule,source_version,beta_per_min,walking_speed_mps,dong_name,demand_index,ri_mean,cag,bus_inefficiency_raw,facility_dispersion_mean_m,dss_raw,dss_01,rank_global,rank_eligible,top8_eligible,baseline_ri_mean,baseline_cag,baseline_facility_dispersion_mean_m,baseline_dss_raw,baseline_rank_global,baseline_rank_eligible,baseline_top8_eligible,ri_change_vs_baseline,cag_change_vs_baseline,facility_dispersion_change_m,rank_global_change
baseline_medical,baseline_medical,HIRA 병의원·약국 직선보행 대리층,1893,기존 의료 가중(1.0/1.0),HIRA mixed snapshot baseline,0.1,0.8,주교동,0.0373062907032981,11.16134824352095,0.7489773417793479,0.0002633798090061,801.3816390718099,0.9721090649827719,0.7263358025880472,5,4,True,11.16134824352095,0.7489773417793479,801.3816390718099,0.9721090649827719,5,4,True,0.0,0.0,0.0,0
baseline_medical,baseline_medical,HIRA 병의원·약국 직선보행 대리층,1893,기존 의료 가중(1.0/1.0),HIRA mixed snapshot baseline,0.1,0.8,원신동,-0.5975421223625897,4.3702956881167205,0.237380496391152,0.0001330932520967,1186.982844118443,0.40935073469645483,0.5599124319515661,11,10,False,4.3702956881167205,0.237380496391152,1186.982844118443,0.40935073469645483,11,10,False,0.0,0.0,0.0,0
baseline_medical,baseline_medical,HIRA 병의원·약국 직선보행 대리층,1893,기존 의료 가중(1.0/1.0),HIRA mixed snapshot baseline,0.1,0.8,흥도동,-0.9270607543001314,8.179865439321938,-0.3162033413448106,0.0001156461146152,859.7734545792188,-0.10284326632186505,0.40844234704694005,24,23,False,8.179865439321938,-0.3162033413448106,859.7734545792188,-0.10284326632186505,24,23,False,0.0,0.0,0.0,0
baseline_medical,baseline_medical,HIRA 병의원·약국 직선보행 대리층,1893,기존 의료 가중(1.0/1.0),HIRA mixed snapshot baseline,0.1,0.8,성사1동,0.3010965635006501,21.617158395816187,0.6617518921402419,2.031490211182485e-05,523.7998073037636,0.22834339977689266,0.5063835028073032,16,15,False,21.617158395816187,0.6617518921402419,523.7998073037636,0.22834339977689266,16,15,False,0.0,0.0,0.0,0
baseline_medical,baseline_medical,HIRA 병의원·약국 직선보행 대리층,1893,기존 의료 가중(1.0/1.0),HIRA mixed snapshot baseline,0.1,0.8,성사2동,0.8457553469012984,27.15650752537194,1.1119372687890825,1.7230993038091426e-05,413.428634514588,0.495050130191262,0.5852561389962905,10,9,False,27.15650752537194,1.1119372687890825,413.428634514588,0.495050130191262,10,9,False,0.0,0.0,0.0,0
baseline_medical,baseline_medical,HIRA 병의원·약국 직선보행 대리층,1893,기존 의료 가중(1.0/1.0),HIRA mixed snapshot baseline,0.1,0.8,효자동,-1.1882440726489265,1.6608646599432235,-0.3803880881701609,0.0002888832579403,4152.763786508891,1.2192832926591888,0.7994321316702833,3,2,True,1.6608646599432235,-0.3803880881701609,4152.763786508891,1.2192832926591888,3,2,True,0.0,0.0,0.0,0
baseline_medical,baseline_medical,HIRA 병의원·약국 직선보행 대리층,1893,기존 의료 가중(1.0/1.0),HIRA mixed snapshot baseline,0.1,0.8,삼송1동,-0.9119782760816036,9.489139859652225,-0.3491306880077152,5.353799579996714e-05,724.2217901819029,-0.3184436573245626,0.34468328414163063,33,31,False,9.489139859652225,-0.3491306880077152,724.2217901819029,-0.3184436573245626,33,31,False,0.0,0.0,0.0,0
baseline_medical,baseline_medical,HIRA 병의원·약국 직선보행 대리층,1893,기존 의료 가중(1.0/1.0),HIRA mixed snapshot baseline,0.1,0.8,삼송2동,0.1301607530791594,15.587863467125716,0.688974704870108,2.402335580108581e-05,438.5989880666536,0.23190761198698412,0.5074375399983037,15,14,False,15.587863467125716,0.688974704870108,438.5989880666536,0.23190761198698412,15,14,False,0.0,0.0,0.0,0
baseline_medical,baseline_medical,HIRA 병의원·약국 직선보행 대리층,1893,기존 의료 가중(1.0/1.0),HIRA mixed snapshot baseline,0.1,0.8,창릉동,-1.0157711971683734,5.230356044778631,-0.3091252353727,0.0001797900400723,1141.848174531454,0.14183434581213775,0.4808003571183485,18,17,False,5.230356044778631,-0.3091252353727,1141.848174531454,0.14183434581213775,18,17,False,0.0,0.0,0.0,0
baseline_medical,baseline_medical,HIRA 병의원·약국 직선보행 대리층,1893,기존 의료 가중(1.0/1.0),HIRA mixed snapshot baseline,0.1,0.8,고양동,-0.1975879706958513,2.3792741219830367,0.8058970767150847,0.000190081904272,1438.5542854295577,1.0087851404317612,0.737181943408092,4,3,True,2.3792741219830367,0.8058970767150847,1438.5542854295577,1.0087851404317612,4,3,True,0.0,0.0,0.0,0
baseline_medical,baseline_medical,HIRA 병의원·약국 직선보행 대리층,1893,기존 의료 가중(1.0/1.0),HIRA mixed snapshot baseline,0.1,0.8,관산동,0.1500954406277719,2.4993253459689755,1.2274261933978212,0.0001069583515347,834.2584241105883,0.9164599657340404,0.7098788082239726,7,6,True,2.4993253459689755,1.2274261933978212,834.2584241105883,0.9164599657340404,7,6,True,0.0,0.0,0.0,0
baseline_medical,baseline_medical,HIRA 병의원·약국 직선보행 대리층,1893,기존 의료 가중(1.0/1.0),HIRA mixed snapshot baseline,0.1,0.8,능곡동,-0.4975153295188249,7.552714240549709,0.2350289134429036,0.0002238689103166,1268.7646315385791,0.6571956174539099,0.6332070924899781,8,7,True,7.552714240549709,0.2350289134429036,1268.7646315385791,0.6571956174539099,8,7,True,0.0,0.0,0.0,0
baseline_medical,baseline_medical,HIRA 병의원·약국 직선보행 대리층,1893,기존 의료 가중(1.0/1.0),HIRA mixed snapshot baseline,0.1,0.8,화정1동,0.4196982280559918,40.54288884542499,0.0639015999634497,1.3405564215691206e-05,312.01281044718525,-0.254909890591197,0.3634719951032597,31,29,False,40.54288884542499,0.0639015999634497,312.01281044718525,-0.254909890591197,31,29,False,0.0,0.0,0.0,0
baseline_medical,baseline_medical,HIRA 병의원·약국 직선보행 대리층,1893,기존 의료 가중(1.0/1.0),HIRA mixed snapshot baseline,0.1,0.8,화정2동,-0.0189874404540583,59.34697417251324,-1.212379915843223,1.1319534283541755e-05,485.3961931393568,-1.0775867906583412,0.12018343714572935,40,37,False,59.34697417251324,-1.212379915843223,485.3961931393568,-1.0775867906583412,40,37,False,0.0,0.0,0.0,0
baseline_medical,baseline_medical,HIRA 병의원·약국 직선보행 대리층,1893,기존 의료 가중(1.0/1.0),HIRA mixed snapshot baseline,0.1,0.8,행주동,-0.0078915205836514,8.694980334077634,0.7904260084118929,0.0001883098010287,1358.4192868361513,0.9711354349229713,0.7260478729607371,6,5,True,8.694980334077634,0.7904260084118929,1358.4192868361513,0.9711354349229713,6,5,True,0.0,0.0,0.0,0
baseline_medical,baseline_medical,HIRA 병의원·약국 직선보행 대리층,1893,기존 의료 가중(1.0/1.0),HIRA mixed snapshot baseline,0.1,0.8,행신1동,1.3608928135501752,64.94317652905693,0.2595155718957045,5.679154248617028e-06,168.04345586031778,-0.18216820648352955,0.38498374464735446,26,25,False,64.94317652905693,0.2595155718957045,168.04345586031778,-0.18216820648352955,26,25,False,0.0,0.0,0.0,0
baseline_medical,baseline_medical,HIRA 병의원·약국 직선보행 대리층,1893,기존 의료 가중(1.0/1.0),HIRA mixed snapshot baseline,0.1,0.8,행신2동,-0.3574717052212928,18.128003728251063,-0.0085963843603965,4.854838137410698e-05,739.2268422024636,-0.09538613899041729,0.4106476280689616,23,22,False,18.128003728251063,-0.0085963843603965,739.2268422024636,-0.09538613899041729,23,22,False,0.0,0.0,0.0,0
baseline_medical,baseline_medical,HIRA 병의원·약국 직선보행 대리층,1893,기존 의료 가중(1.0/1.0),HIRA mixed snapshot baseline,0.1,0.8,행신3동,1.2686586111811229,61.37099430523384,0.2867272914331722,1.3272629419928166e-05,227.08229226865384,-0.12802018839948226,0.4009968273470765,25,24,False,61.37099430523384,0.2867272914331722,227.08229226865384,-0.12802018839948226,25,24,False,0.0,0.0,0.0,0
baseline_medical,baseline_medical,HIRA 병의원·약국 직선보행 대리층,1893,기존 의료 가중(1.0/1.0),HIRA mixed snapshot baseline,0.1,0.8,행신4동,0.6351664438937814,28.6264536911948,0.796037364719661,2.3049808818926964e-05,294.15787059295087,0.2612159199874837,0.5161048260118465,14,13,False,28.6264536911948,0.796037364719661,294.15787059295087,0.2612159199874837,14,13,False,0.0,0.0,0.0,0
baseline_medical,baseline_medical,HIRA 병의원·약국 직선보행 대리층,1893,기존 의료 가중(1.0/1.0),HIRA mixed snapshot baseline,0.1,0.8,화전동,-0.9714390763216944,5.554606326156234,-0.2675100505612137,7.671946985088419e-05,672.9175885069833,-0.2197932283335469,0.37385697384795047,29,,False,5.554606326156234,-0.2675100505612137,672.9175885069833,-0.2197932283335469,29,,False,0.0,0.0,0.0,0
baseline_medical,baseline_medical,HIRA 병의원·약국 직선보행 대리층,1893,기존 의료 가중(1.0/1.0),HIRA mixed snapshot baseline,0.1,0.8,대덕동,-1.3787723914491743,1.64928931028072,-0.6135123980934756,0.0002501159250992,1266.1665836339614,0.14567911029398042,0.48193736145917476,17,16,False,1.64928931028072,-0.6135123980934756,1266.1665836339614,0.14567911029398042,17,16,False,0.0,0.0,0.0,0
baseline_medical,baseline_medical,HIRA 병의원·약국 직선보행 대리층,1893,기존 의료 가중(1.0/1.0),HIRA mixed snapshot baseline,0.1,0.8,식사동,-1.010587057406619,10.417317638276309,-0.5064718441625805,4.576697974454426e-05,643.0645410470563,-0.4676709203017679,0.30055261070870654,34,,False,10.417317638276309,-0.5064718441625805,643.0645410470563,-0.4676709203017679,34,,False,0.0,0.0,0.0,0
baseline_medical,baseline_medical,HIRA 병의원·약국 직선보행 대리층,1893,기존 의료 가중(1.0/1.0),HIRA mixed snapshot baseline,0.1,0.8,중산1동,0.7756374423331662,27.09019852519108,1.028580048654424,1.3452173873668196e-05,318.79657199554686,0.40218965412222357,0.5577947002318835,12,11,False,27.09019852519108,1.028580048654424,318.79657199554686,0.40218965412222357,12,11,False,0.0,0.0,0.0,0
baseline_medical,baseline_medical,HIRA 병의원·약국 직선보행 대리층,1893,기존 의료 가중(1.0/1.0),HIRA mixed snapshot baseline,0.1,0.8,중산2동,0.1798689144206002,26.64274474595094,0.3157678050113327,2.0713131337054117e-05,265.56677692252146,-0.07884110881593134,0.4155404560214494,22,21,False,26.64274474595094,0.3157678050113327,265.56677692252146,-0.07884110881593134,22,21,False,0.0,0.0,0.0,0
baseline_medical,baseline_medical,HIRA 병의원·약국 직선보행 대리층,1893,기존 의료 가중(1.0/1.0),HIRA mixed snapshot baseline,0.1,0.8,정발산동,0.300783414740963,45.01647866583588,-0.2575690745448655,1.2962627552602784e-05,193.93936726516665,-0.5077939771970685,0.2886871011117932,35,32,False,45.01647866583588,-0.2575690745448655,193.93936726516665,-0.5077939771970685,35,32,False,0.0,0.0,0.0,0
baseline_medical,baseline_medical,HIRA 병의원·약국 직선보행 대리층,1893,기존 의료 가중(1.0/1.0),HIRA mixed snapshot baseline,0.1,0.8,풍산동,-0.4774119630451041,17.1605577518855,-0.1176440914987068,5.027596966220582e-05,604.5789761454724,-0.20331659082407308,0.3787295761774211,28,27,False,17.1605577518855,-0.1176440914987068,604.5789761454724,-0.20331659082407308,28,27,False,0.0,0.0,0.0,0
baseline_medical,baseline_medical,HIRA 병의원·약국 직선보행 대리층,1893,기존 의료 가중(1.0/1.0),HIRA mixed snapshot baseline,0.1,0.8,백석1동,0.0215720856654819,38.88673571668811,-0.359142243871342,1.0820527077915604e-05,233.7702368806786,-0.5708089878019074,0.27005180083962255,36,33,False,38.88673571668811,-0.359142243871342,233.7702368806786,-0.5708089878019074,36,33,False,0.0,0.0,0.0,0
baseline_medical,baseline_medical,HIRA 병의원·약국 직선보행 대리층,1893,기존 의료 가중(1.0/1.0),HIRA mixed snapshot baseline,0.1,0.8,백석2동,1.0022988467318128,42.34874684941851,0.7072234065568425,7.482777545212669e-06,179.81071626446425,0.12967791997188843,0.47720536215452913,19,18,False,42.34874684941851,0.7072234065568425,179.81071626446425,0.12967791997188843,19,18,False,0.0,0.0,0.0,0
baseline_medical,baseline_medical,HIRA 병의원·약국 직선보행 대리층,1893,기존 의료 가중(1.0/1.0),HIRA mixed snapshot baseline,0.1,0.8,마두1동,-0.3476877530828261,49.00841836792065,-1.209335976920437,2.095532357352737e-05,229.3560111838389,-1.1241203929482053,0.10642215006358775,41,38,False,49.00841836792065,-1.209335976920437,229.3560111838389,-1.1241203929482053,41,38,False,0.0,0.0,0.0,0
baseline_medical,baseline_medical,HIRA 병의원·약국 직선보행 대리층,1893,기존 의료 가중(1.0/1.0),HIRA mixed snapshot baseline,0.1,0.8,마두2동,0.3697814463191027,74.79411280432868,-1.3424066009874744,5.501761798547457e-06,165.94169935942577,-1.27098254982351,0.06299090462347712,43,40,False,74.79411280432868,-1.3424066009874744,165.94169935942577,-1.27098254982351,43,40,False,0.0,0.0,0.0,0
baseline_medical,baseline_medical,HIRA 병의원·약국 직선보행 대리층,1893,기존 의료 가중(1.0/1.0),HIRA mixed snapshot baseline,0.1,0.8,장항1동,-1.4010364229029388,8.108099822052091,-0.8944571877480685,0.0002674015666791,1056.6100173599111,-0.0614456897980678,0.4206847677282417,21,20,False,8.108099822052091,-0.8944571877480685,1056.6100173599111,-0.0614456897980678,21,20,False,0.0,0.0,0.0,0
baseline_medical,baseline_medical,HIRA 병의원·약국 직선보행 대리층,1893,기존 의료 가중(1.0/1.0),HIRA mixed snapshot baseline,0.1,0.8,장항2동,-0.3442169416275722,62.51375393419124,-1.7354618581018375,1.3765289748929878e-05,283.36614018593525,-1.4839854242008306,0.0,44,41,False,62.51375393419124,-1.7354618581018375,283.36614018593525,-1.4839854242008306,44,41,False,0.0,0.0,0.0,0
baseline_medical,baseline_medical,HIRA 병의원·약국 직선보행 대리층,1893,기존 의료 가중(1.0/1.0),HIRA mixed snapshot baseline,0.1,0.8,고봉동,-0.108627977686805,1.5473626118985893,0.9476287005769358,0.0005557427413208,1019.3528957931436,1.8975007705208895,1.0,1,,False,1.5473626118985893,0.9476287005769358,1019.3528957931436,1.8975007705208895,1,,False,0.0,0.0,0.0,0
baseline_medical,baseline_medical,HIRA 병의원·약국 직선보행 대리층,1893,기존 의료 가중(1.0/1.0),HIRA mixed snapshot baseline,0.1,0.8,일산1동,1.7113353946987817,55.380218890346285,1.064697994707209,1.082242870822518e-05,155.7119082933697,0.373907914395718,0.549430999155519,13,12,False,55.380218890346285,1.064697994707209,155.7119082933697,0.373907914395718,13,12,False,0.0,0.0,0.0,0
baseline_medical,baseline_medical,HIRA 병의원·약국 직선보행 대리층,1893,기존 의료 가중(1.0/1.0),HIRA mixed snapshot baseline,0.1,0.8,일산2동,1.542670888862889,59.30527829765953,0.7037783626908223,7.4079617305621715e-06,140.91723984707198,0.1161213758297429,0.4731963130673832,20,19,False,59.30527829765953,0.7037783626908223,140.91723984707198,0.1161213758297429,20,19,False,0.0,0.0,0.0,0
baseline_medical,baseline_medical,HIRA 병의원·약국 직선보행 대리층,1893,기존 의료 가중(1.0/1.0),HIRA mixed snapshot baseline,0.1,0.8,일산3동,0.0467915387468424,62.58590429407474,-1.258937052310574,8.667684875245625e-06,211.86857907559332,-1.1933868418718958,0.08593812471644575,42,39,False,62.58590429407474,-1.258937052310574,211.86857907559332,-1.1933868418718958,42,39,False,0.0,0.0,0.0,0
baseline_medical,baseline_medical,HIRA 병의원·약국 직선보행 대리층,1893,기존 의료 가중(1.0/1.0),HIRA mixed snapshot baseline,0.1,0.8,탄현1동,0.5460559361956295,42.40602042656029,0.1456414789564889,7.755991122547013e-06,120.4806961876034,-0.26780696650856967,0.3596579692061545,32,30,False,42.40602042656029,0.1456414789564889,120.4806961876034,-0.26780696650856967,32,30,False,0.0,0.0,0.0,0
baseline_medical,baseline_medical,HIRA 병의원·약국 직선보행 대리층,1893,기존 의료 가중(1.0/1.0),HIRA mixed snapshot baseline,0.1,0.8,탄현2동,-0.2102774159803954,18.4652044974066,0.158614464947607,1.921088606279047e-05,267.6202678116823,-0.18871695322124538,0.38304709716142415,27,26,False,18.4652044974066,0.158614464947607,267.6202678116823,-0.18871695322124538,27,26,False,0.0,0.0,0.0,0
baseline_medical,baseline_medical,HIRA 병의원·약국 직선보행 대리층,1893,기존 의료 가중(1.0/1.0),HIRA mixed snapshot baseline,0.1,0.8,주엽1동,1.2459646222046965,92.75287361440554,-0.9735222511692698,3.957737637695617e-06,192.0778092804819,-1.0169294563321534,0.13812150663152822,39,36,False,92.75287361440554,-0.9735222511692698,192.0778092804819,-1.0169294563321534,39,36,False,0.0,0.0,0.0,0
baseline_medical,baseline_medical,HIRA 병의원·약국 직선보행 대리층,1893,기존 의료 가중(1.0/1.0),HIRA mixed snapshot baseline,0.1,0.8,주엽2동,1.5659732252529237,86.91298828309513,-0.3518628056916535,5.207884632602779e-06,159.71909845610725,-0.6008566981640777,0.2611658528771341,37,34,False,86.91298828309513,-0.3518628056916535,159.71909845610725,-0.6008566981640777,37,34,False,0.0,0.0,0.0,0
baseline_medical,baseline_medical,HIRA 병의원·약국 직선보행 대리층,1893,기존 의료 가중(1.0/1.0),HIRA mixed snapshot baseline,0.1,0.8,대화동,-0.351512429196386,37.23243223817021,-0.7515588512758407,2.002485221552675e-05,289.2582390525824,-0.7985994145303088,0.20268780358777294,38,35,False,37.23243223817021,-0.7515588512758407,289.2582390525824,-0.7985994145303088,38,35,False,0.0,0.0,0.0,0
baseline_medical,baseline_medical,HIRA 병의원·약국 직선보행 대리층,1893,기존 의료 가중(1.0/1.0),HIRA mixed snapshot baseline,0.1,0.8,송포동,-0.766508190098463,3.469587304316442,0.0656085006590319,0.0002085057184501,1437.3604284129906,0.5516769125789557,0.6020022615964905,9,8,True,3.469587304316442,0.0656085006590319,1437.3604284129906,0.5516769125789557,9,8,True,0.0,0.0,0.0,0
baseline_medical,baseline_medical,HIRA 병의원·약국 직선보행 대리층,1893,기존 의료 가중(1.0/1.0),HIRA mixed snapshot baseline,0.1,0.8,덕이동,-0.6918638913173559,10.283391754915804,-0.1104724695296885,5.147460066329769e-05,496.31253754331885,-0.2261651864805044,0.3719726076905775,30,28,False,10.283391754915804,-0.1104724695296885,496.31253754331885,-0.2261651864805044,30,28,False,0.0,0.0,0.0,0
baseline_medical,baseline_medical,HIRA 병의원·약국 직선보행 대리층,1893,기존 의료 가중(1.0/1.0),HIRA mixed snapshot baseline,0.1,0.8,가좌동,-0.6775723485155032,0.9353055844131872,0.2741659228557271,0.0003740847374566,2160.780363381229,1.3111542095737996,0.826600930128788,2,1,True,0.9353055844131872,0.2741659228557271,2160.780363381229,1.3111542095737996,2,1,True,0.0,0.0,0.0,0
partial_senior_centers,partial_facility_term_only,경로당 공개 좌표 대리층,585,각 레코드 동일가중; 최근거리만 사용,2025-06-30 공개좌표 585건,0.1,0.8,주교동,0.0373062907032981,11.16134824352095,0.7489773417793479,0.0002633798090061,521.1344814300887,1.0560322528862318,0.7411642855012868,4,3,True,11.16134824352095,0.7489773417793479,801.3816390718099,0.9721090649827719,5,4,True,0.0,0.0,-280.2471576417212,-1
partial_senior_centers,partial_facility_term_only,경로당 공개 좌표 대리층,585,각 레코드 동일가중; 최근거리만 사용,2025-06-30 공개좌표 585건,0.1,0.8,원신동,-0.5975421223625897,4.3702956881167205,0.237380496391152,0.0001330932520967,566.3917471682756,0.41959122282718175,0.5516925270772094,11,10,False,4.3702956881167205,0.237380496391152,1186.982844118443,0.40935073469645483,11,10,False,0.0,0.0,-620.5910969501673,0
partial_senior_centers,partial_facility_term_only,경로당 공개 좌표 대리층,585,각 레코드 동일가중; 최근거리만 사용,2025-06-30 공개좌표 585건,0.1,0.8,흥도동,-0.9270607543001314,8.179865439321938,-0.3162033413448106,0.0001156461146152,477.26895749944765,-0.07006284959707587,0.40591999868895184,23,22,False,8.179865439321938,-0.3162033413448106,859.7734545792188,-0.10284326632186505,24,23,False,0.0,0.0,-382.5044970797711,-1
partial_senior_centers,partial_facility_term_only,경로당 공개 좌표 대리층,585,각 레코드 동일가중; 최근거리만 사용,2025-06-30 공개좌표 585건,0.1,0.8,성사1동,0.3010965635006501,21.617158395816187,0.6617518921402419,2.031490211182485e-05,364.6177493917908,0.2676004376084719,0.5064440908835633,14,13,False,21.617158395816187,0.6617518921402419,523.7998073037636,0.22834339977689266,16,15,False,0.0,0.0,-159.18205791197278,-2
partial_senior_centers,partial_facility_term_only,경로당 공개 좌표 대리층,585,각 레코드 동일가중; 최근거리만 사용,2025-06-30 공개좌표 585건,0.1,0.8,성사2동,0.8457553469012984,27.15650752537194,1.1119372687890825,1.7230993038091426e-05,304.10855318130257,0.5179066725534772,0.5809615406387122,10,9,False,27.15650752537194,1.1119372687890825,413.428634514588,0.495050130191262,10,9,False,0.0,0.0,-109.32008133328543,0
partial_senior_centers,partial_facility_term_only,경로당 공개 좌표 대리층,585,각 레코드 동일가중; 최근거리만 사용,2025-06-30 공개좌표 585건,0.1,0.8,효자동,-1.1882440726489265,1.6608646599432235,-0.3803880881701609,0.0002888832579403,1435.299861792474,1.0734030324000505,0.7463356556427982,3,2,True,1.6608646599432235,-0.3803880881701609,4152.763786508891,1.2192832926591888,3,2,True,0.0,0.0,-2717.463924716417,0
partial_senior_centers,partial_facility_term_only,경로당 공개 좌표 대리층,585,각 레코드 동일가중; 최근거리만 사용,2025-06-30 공개좌표 585건,0.1,0.8,삼송1동,-0.9119782760816036,9.489139859652225,-0.3491306880077152,5.353799579996714e-05,518.9169049466993,-0.2143851090405555,0.3629545219440681,28,26,False,9.489139859652225,-0.3491306880077152,724.2217901819029,-0.3184436573245626,33,31,False,0.0,0.0,-205.30488523520353,-5
partial_senior_centers,partial_facility_term_only,경로당 공개 좌표 대리층,585,각 레코드 동일가중; 최근거리만 사용,2025-06-30 공개좌표 585건,0.1,0.8,삼송2동,0.1301607530791594,15.587863467125716,0.688974704870108,2.402335580108581e-05,267.31888151655454,0.21862180955881044,0.491862902142625,16,15,False,15.587863467125716,0.688974704870108,438.5989880666536,0.23190761198698412,15,14,False,0.0,0.0,-171.28010655009905,1
partial_senior_centers,partial_facility_term_only,경로당 공개 좌표 대리층,585,각 레코드 동일가중; 최근거리만 사용,2025-06-30 공개좌표 585건,0.1,0.8,창릉동,-1.0157711971683734,5.230356044778631,-0.3091252353727,0.0001797900400723,600.963012726077,0.19213042676561798,0.4839762816328728,18,17,False,5.230356044778631,-0.3091252353727,1141.848174531454,0.14183434581213775,18,17,False,0.0,0.0,-540.8851618053772,0
partial_senior_centers,partial_facility_term_only,경로당 공개 좌표 대리층,585,각 레코드 동일가중; 최근거리만 사용,2025-06-30 공개좌표 585건,0.1,0.8,고양동,-0.1975879706958513,2.3792741219830367,0.8058970767150847,0.000190081904272,621.7616496155484,0.9913281023503491,0.7219015280731046,7,6,True,2.3792741219830367,0.8058970767150847,1438.5542854295577,1.0087851404317612,4,3,True,0.0,0.0,-816.7926358140093,3
partial_senior_centers,partial_facility_term_only,경로당 공개 좌표 대리층,585,각 레코드 동일가중; 최근거리만 사용,2025-06-30 공개좌표 585건,0.1,0.8,관산동,0.1500954406277719,2.4993253459689755,1.2274261933978212,0.0001069583515347,530.5072374203055,0.998447984461268,0.7240211534894653,5,4,True,2.4993253459689755,1.2274261933978212,834.2584241105883,0.9164599657340404,7,6,True,0.0,0.0,-303.7511866902828,-2
partial_senior_centers,partial_facility_term_only,경로당 공개 좌표 대리층,585,각 레코드 동일가중; 최근거리만 사용,2025-06-30 공개좌표 585건,0.1,0.8,능곡동,-0.4975153295188249,7.552714240549709,0.2350289134429036,0.0002238689103166,496.1647496663849,0.5888771540932651,0.6020898169415451,8,7,True,7.552714240549709,0.2350289134429036,1268.7646315385791,0.6571956174539099,8,7,True,0.0,0.0,-772.5998818721941,0
partial_senior_centers,partial_facility_term_only,경로당 공개 좌표 대리층,585,각 레코드 동일가중; 최근거리만 사용,2025-06-30 공개좌표 585건,0.1,0.8,화정1동,0.4196982280559918,40.54288884542499,0.0639015999634497,1.3405564215691206e-05,242.04972618075038,-0.2522153808679824,0.35169225602111465,32,30,False,40.54288884542499,0.0639015999634497,312.01281044718525,-0.254909890591197,31,29,False,0.0,0.0,-69.96308426643486,1
partial_senior_centers,partial_facility_term_only,경로당 공개 좌표 대리층,585,각 레코드 동일가중; 최근거리만 사용,2025-06-30 공개좌표 585건,0.1,0.8,화정2동,-0.0189874404540583,59.34697417251324,-1.212379915843223,1.1319534283541755e-05,323.2757635522786,-1.0600305091576816,0.11120154971888259,39,36,False,59.34697417251324,-1.212379915843223,485.3961931393568,-1.0775867906583412,40,37,False,0.0,0.0,-162.1204295870782,-1
partial_senior_centers,partial_facility_term_only,경로당 공개 좌표 대리층,585,각 레코드 동일가중; 최근거리만 사용,2025-06-30 공개좌표 585건,0.1,0.8,행주동,-0.0078915205836514,8.694980334077634,0.7904260084118929,0.0001883098010287,641.0833529928959,0.9916383593007491,0.7219938931582879,6,5,True,8.694980334077634,0.7904260084118929,1358.4192868361513,0.9711354349229713,6,5,True,0.0,0.0,-717.3359338432554,0
partial_senior_centers,partial_facility_term_only,경로당 공개 좌표 대리층,585,각 레코드 동일가중; 최근거리만 사용,2025-06-30 공개좌표 585건,0.1,0.8,행신1동,1.3608928135501752,64.94317652905693,0.2595155718957045,5.679154248617028e-06,129.20485303173504,-0.2276048747297674,0.3590189299052316,31,29,False,64.94317652905693,0.2595155718957045,168.04345586031778,-0.18216820648352955,26,25,False,0.0,0.0,-38.83860282858274,5
partial_senior_centers,partial_facility_term_only,경로당 공개 좌표 대리층,585,각 레코드 동일가중; 최근거리만 사용,2025-06-30 공개좌표 585건,0.1,0.8,행신2동,-0.3574717052212928,18.128003728251063,-0.0085963843603965,4.854838137410698e-05,426.83415945249385,-0.068178020012544,0.4064811221219868,22,21,False,18.128003728251063,-0.0085963843603965,739.2268422024636,-0.09538613899041729,23,22,False,0.0,0.0,-312.3926827499697,-1
partial_senior_centers,partial_facility_term_only,경로당 공개 좌표 대리층,585,각 레코드 동일가중; 최근거리만 사용,2025-06-30 공개좌표 585건,0.1,0.8,행신3동,1.2686586111811229,61.37099430523384,0.2867272914331722,1.3272629419928166e-05,113.2899410603542,-0.20274785646424034,0.3664189917138046,27,25,False,61.37099430523384,0.2867272914331722,227.08229226865384,-0.12802018839948226,25,24,False,0.0,0.0,-113.79235120829965,2
partial_senior_centers,partial_facility_term_only,경로당 공개 좌표 대리층,585,각 레코드 동일가중; 최근거리만 사용,2025-06-30 공개좌표 585건,0.1,0.8,행신4동,0.6351664438937814,28.6264536911948,0.796037364719661,2.3049808818926964e-05,208.57087603419248,0.24258079861716947,0.4989956160509809,15,14,False,28.6264536911948,0.796037364719661,294.15787059295087,0.2612159199874837,14,13,False,0.0,0.0,-85.58699455875839,1
partial_senior_centers,partial_facility_term_only,경로당 공개 좌표 대리층,585,각 레코드 동일가중; 최근거리만 사용,2025-06-30 공개좌표 585건,0.1,0.8,화전동,-0.9714390763216944,5.554606326156234,-0.2675100505612137,7.671946985088419e-05,408.7054750571403,-0.18807088621708906,0.3707884010223271,26,,False,5.554606326156234,-0.2675100505612137,672.9175885069833,-0.2197932283335469,29,,False,0.0,0.0,-264.212113449843,-3
partial_senior_centers,partial_facility_term_only,경로당 공개 좌표 대리층,585,각 레코드 동일가중; 최근거리만 사용,2025-06-30 공개좌표 585건,0.1,0.8,대덕동,-1.3787723914491743,1.64928931028072,-0.6135123980934756,0.0002501159250992,670.8793230982252,0.21583629081389918,0.49103363892766133,17,16,False,1.64928931028072,-0.6135123980934756,1266.1665836339614,0.14567911029398042,17,16,False,0.0,0.0,-595.2872605357362,0
partial_senior_centers,partial_facility_term_only,경로당 공개 좌표 대리층,585,각 레코드 동일가중; 최근거리만 사용,2025-06-30 공개좌표 585건,0.1,0.8,식사동,-1.010587057406619,10.417317638276309,-0.5064718441625805,4.576697974454426e-05,555.2176991081459,-0.3119767692328553,0.3339009842385489,34,,False,10.417317638276309,-0.5064718441625805,643.0645410470563,-0.4676709203017679,34,,False,0.0,0.0,-87.84684193891042,0
partial_senior_centers,partial_facility_term_only,경로당 공개 좌표 대리층,585,각 레코드 동일가중; 최근거리만 사용,2025-06-30 공개좌표 585건,0.1,0.8,중산1동,0.7756374423331662,27.09019852519108,1.028580048654424,1.3452173873668196e-05,192.29065602907326,0.36373189954201873,0.5350629200793121,12,11,False,27.09019852519108,1.028580048654424,318.79657199554686,0.40218965412222357,12,11,False,0.0,0.0,-126.5059159664736,0
partial_senior_centers,partial_facility_term_only,경로당 공개 좌표 대리층,585,각 레코드 동일가중; 최근거리만 사용,2025-06-30 공개좌표 585건,0.1,0.8,중산2동,0.1798689144206002,26.64274474595094,0.3157678050113327,2.0713131337054117e-05,183.31409964325968,-0.10927894427033567,0.3942451661980639,24,23,False,26.64274474595094,0.3157678050113327,265.56677692252146,-0.07884110881593134,22,21,False,0.0,0.0,-82.25267727926177,2
partial_senior_centers,partial_facility_term_only,경로당 공개 좌표 대리층,585,각 레코드 동일가중; 최근거리만 사용,2025-06-30 공개좌표 585건,0.1,0.8,정발산동,0.300783414740963,45.01647866583588,-0.2575690745448655,1.2962627552602784e-05,145.53940883578198,-0.5476975034140071,0.263725712857674,35,32,False,45.01647866583588,-0.2575690745448655,193.93936726516665,-0.5077939771970685,35,32,False,0.0,0.0,-48.39995842938467,0
partial_senior_centers,partial_facility_term_only,경로당 공개 좌표 대리층,585,각 레코드 동일가중; 최근거리만 사용,2025-06-30 공개좌표 585건,0.1,0.8,풍산동,-0.4774119630451041,17.1605577518855,-0.1176440914987068,5.027596966220582e-05,325.47481068773953,-0.21782857329148564,0.36192938497790855,29,27,False,17.1605577518855,-0.1176440914987068,604.5789761454724,-0.20331659082407308,28,27,False,0.0,0.0,-279.1041654577329,1
partial_senior_centers,partial_facility_term_only,경로당 공개 좌표 대리층,585,각 레코드 동일가중; 최근거리만 사용,2025-06-30 공개좌표 585건,0.1,0.8,백석1동,0.0215720856654819,38.88673571668811,-0.359142243871342,1.0820527077915604e-05,224.62392318680259,-0.5596616705506271,0.26016391894686247,36,33,False,38.88673571668811,-0.359142243871342,233.7702368806786,-0.5708089878019074,36,33,False,0.0,0.0,-9.14631369387601,0
partial_senior_centers,partial_facility_term_only,경로당 공개 좌표 대리층,585,각 레코드 동일가중; 최근거리만 사용,2025-06-30 공개좌표 585건,0.1,0.8,백석2동,1.0022988467318128,42.34874684941851,0.7072234065568425,7.482777545212669e-06,161.21003338729102,0.10613564518076936,0.45837519415951494,20,19,False,42.34874684941851,0.7072234065568425,179.81071626446425,0.12967791997188843,19,18,False,0.0,0.0,-18.600682877173227,1
partial_senior_centers,partial_facility_term_only,경로당 공개 좌표 대리층,585,각 레코드 동일가중; 최근거리만 사용,2025-06-30 공개좌표 585건,0.1,0.8,마두1동,-0.3476877530828261,49.00841836792065,-1.209335976920437,2.095532357352737e-05,244.71658420845858,-1.0958807946235307,0.10052873588947038,41,38,False,49.00841836792065,-1.209335976920437,229.3560111838389,-1.1241203929482053,41,38,False,0.0,0.0,15.360573024619697,0
partial_senior_centers,partial_facility_term_only,경로당 공개 좌표 대리층,585,각 레코드 동일가중; 최근거리만 사용,2025-06-30 공개좌표 585건,0.1,0.8,마두2동,0.3697814463191027,74.79411280432868,-1.3424066009874744,5.501761798547457e-06,124.83279290015471,-1.3192699081783417,0.03402465120765958,43,40,False,74.79411280432868,-1.3424066009874744,165.94169935942577,-1.27098254982351,43,40,False,0.0,0.0,-41.108906459271054,0
partial_senior_centers,partial_facility_term_only,경로당 공개 좌표 대리층,585,각 레코드 동일가중; 최근거리만 사용,2025-06-30 공개좌표 585건,0.1,0.8,장항1동,-1.4010364229029388,8.108099822052091,-0.8944571877480685,0.0002674015666791,801.0992992034944,0.17080551439349403,0.4776277458619927,19,18,False,8.108099822052091,-0.8944571877480685,1056.6100173599111,-0.0614456897980678,21,20,False,0.0,0.0,-255.51071815641671,-2
partial_senior_centers,partial_facility_term_only,경로당 공개 좌표 대리층,585,각 레코드 동일가중; 최근거리만 사용,2025-06-30 공개좌표 585건,0.1,0.8,장항2동,-0.3442169416275722,62.51375393419124,-1.7354618581018375,1.3765289748929878e-05,292.28870284523737,-1.4335596801322972,0.0,44,41,False,62.51375393419124,-1.7354618581018375,283.36614018593525,-1.4839854242008306,44,41,False,0.0,0.0,8.922562659302116,0
partial_senior_centers,partial_facility_term_only,경로당 공개 좌표 대리층,585,각 레코드 동일가중; 최근거리만 사용,2025-06-30 공개좌표 585건,0.1,0.8,고봉동,-0.108627977686805,1.5473626118985893,0.9476287005769358,0.0005557427413208,528.5733539501629,1.9254687859178339,1.0,1,,False,1.5473626118985893,0.9476287005769358,1019.3528957931436,1.8975007705208895,1,,False,0.0,0.0,-490.77954184298073,0
partial_senior_centers,partial_facility_term_only,경로당 공개 좌표 대리층,585,각 레코드 동일가중; 최근거리만 사용,2025-06-30 공개좌표 585건,0.1,0.8,일산1동,1.7113353946987817,55.380218890346285,1.064697994707209,1.082242870822518e-05,85.83479091583317,0.2977772209658522,0.5154278740406216,13,12,False,55.380218890346285,1.064697994707209,155.7119082933697,0.373907914395718,13,12,False,0.0,0.0,-69.87711737753654,0
partial_senior_centers,partial_facility_term_only,경로당 공개 좌표 대리층,585,각 레코드 동일가중; 최근거리만 사용,2025-06-30 공개좌표 585건,0.1,0.8,일산2동,1.542670888862889,59.30527829765953,0.7037783626908223,7.4079617305621715e-06,100.8927334048508,0.05605780884363604,0.4434667654744733,21,20,False,59.30527829765953,0.7037783626908223,140.91723984707198,0.1161213758297429,20,19,False,0.0,0.0,-40.02450644222118,1
partial_senior_centers,partial_facility_term_only,경로당 공개 좌표 대리층,585,각 레코드 동일가중; 최근거리만 사용,2025-06-30 공개좌표 585건,0.1,0.8,일산3동,0.0467915387468424,62.58590429407474,-1.258937052310574,8.667684875245625e-06,112.62523742496168,-1.2643237155771767,0.050382414518244434,42,39,False,62.58590429407474,-1.258937052310574,211.86857907559332,-1.1933868418718958,42,39,False,0.0,0.0,-99.24334165063163,0
partial_senior_centers,partial_facility_term_only,경로당 공개 좌표 대리층,585,각 레코드 동일가중; 최근거리만 사용,2025-06-30 공개좌표 585건,0.1,0.8,탄현1동,0.5460559361956295,42.40602042656029,0.1456414789564889,7.755991122547013e-06,122.34867392733481,-0.30515933606468487,0.3359305690536448,33,31,False,42.40602042656029,0.1456414789564889,120.4806961876034,-0.26780696650856967,32,30,False,0.0,0.0,1.8679777397314155,1
partial_senior_centers,partial_facility_term_only,경로당 공개 좌표 대리층,585,각 레코드 동일가중; 최근거리만 사용,2025-06-30 공개좌표 585건,0.1,0.8,탄현2동,-0.2102774159803954,18.4652044974066,0.158614464947607,1.921088606279047e-05,239.0985160437386,-0.17575872333086218,0.37445379505237664,25,24,False,18.4652044974066,0.158614464947607,267.6202678116823,-0.18871695322124538,27,26,False,0.0,0.0,-28.521751767943698,-2
partial_senior_centers,partial_facility_term_only,경로당 공개 좌표 대리층,585,각 레코드 동일가중; 최근거리만 사용,2025-06-30 공개좌표 585건,0.1,0.8,주엽1동,1.2459646222046965,92.75287361440554,-0.9735222511692698,3.957737637695617e-06,107.0789355636645,-1.0866258976741345,0.10328396617195708,40,37,False,92.75287361440554,-0.9735222511692698,192.0778092804819,-1.0169294563321534,39,36,False,0.0,0.0,-84.99887371681739,1
partial_senior_centers,partial_facility_term_only,경로당 공개 좌표 대리층,585,각 레코드 동일가중; 최근거리만 사용,2025-06-30 공개좌표 585건,0.1,0.8,주엽2동,1.5659732252529237,86.91298828309513,-0.3518628056916535,5.207884632602779e-06,112.97760112765754,-0.6567254539161148,0.23126753287972543,37,34,False,86.91298828309513,-0.3518628056916535,159.71909845610725,-0.6008566981640777,37,34,False,0.0,0.0,-46.74149732844971,0
partial_senior_centers,partial_facility_term_only,경로당 공개 좌표 대리층,585,각 레코드 동일가중; 최근거리만 사용,2025-06-30 공개좌표 585건,0.1,0.8,대화동,-0.351512429196386,37.23243223817021,-0.7515588512758407,2.002485221552675e-05,294.5260057129069,-0.7480809420610657,0.2040705355728299,38,35,False,37.23243223817021,-0.7515588512758407,289.2582390525824,-0.7985994145303088,38,35,False,0.0,0.0,5.267766660324526,0
partial_senior_centers,partial_facility_term_only,경로당 공개 좌표 대리층,585,각 레코드 동일가중; 최근거리만 사용,2025-06-30 공개좌표 585건,0.1,0.8,송포동,-0.766508190098463,3.469587304316442,0.0656085006590319,0.0002085057184501,646.3349523691754,0.5539311934178923,0.5916862252397856,9,8,True,3.469587304316442,0.0656085006590319,1437.3604284129906,0.5516769125789557,9,8,True,0.0,0.0,-791.0254760438152,0
partial_senior_centers,partial_facility_term_only,경로당 공개 좌표 대리층,585,각 레코드 동일가중; 최근거리만 사용,2025-06-30 공개좌표 585건,0.1,0.8,덕이동,-0.6918638913173559,10.283391754915804,-0.1104724695296885,5.147460066329769e-05,312.44902604898675,-0.22024035151057078,0.3612113862340869,30,28,False,10.283391754915804,-0.1104724695296885,496.31253754331885,-0.2261651864805044,30,28,False,0.0,0.0,-183.8635114943321,0
partial_senior_centers,partial_facility_term_only,경로당 공개 좌표 대리층,585,각 레코드 동일가중; 최근거리만 사용,2025-06-30 공개좌표 585건,0.1,0.8,가좌동,-0.6775723485155032,0.9353055844131872,0.2741659228557271,0.0003740847374566,619.9825858628795,1.0874611374169814,0.7505208255986402,2,1,True,0.9353055844131872,0.2741659228557271,2160.780363381229,1.3111542095737996,2,1,True,0.0,0.0,-1540.7977775183494,0
full_senior_centers,full_cag_and_facility_term,경로당 공개 좌표 대리층,585,각 레코드 동일가중,2025-06-30 공개좌표 585건,0.1,0.8,주교동,0.0373062907032981,3.063409303792978,0.7836022935102387,0.0002633798090061,521.1344814300887,1.1272973869996965,0.7916603430708928,2,1,True,11.16134824352095,0.7489773417793479,801.3816390718099,0.9721090649827719,5,4,True,-8.097938939727971,0.03462495173089075,-280.2471576417212,-3
full_senior_centers,full_cag_and_facility_term,경로당 공개 좌표 대리층,585,각 레코드 동일가중,2025-06-30 공개좌표 585건,0.1,0.8,원신동,-0.5975421223625897,1.9121367103483806,0.19468270125625375,0.0001330932520967,566.3917471682756,0.4024616247680347,0.604826269089661,13,12,False,4.3702956881167205,0.237380496391152,1186.982844118443,0.40935073469645483,11,10,False,-2.45815897776834,-0.04269779513489824,-620.5910969501673,2
full_senior_centers,full_cag_and_facility_term,경로당 공개 좌표 대리층,585,각 레코드 동일가중,2025-06-30 공개좌표 585건,0.1,0.8,흥도동,-0.9270607543001314,2.7497937930822407,-0.34707979720791726,0.0001156461146152,477.26895749944765,-0.1121806104840975,0.47217179691113126,22,21,False,8.179865439321938,-0.3162033413448106,859.7734545792188,-0.10284326632186505,24,23,False,-5.430071646239698,-0.030876455863106667,-382.5044970797711,-2
full_senior_centers,full_cag_and_facility_term,경로당 공개 좌표 대리층,585,각 레코드 동일가중,2025-06-30 공개좌표 585건,0.1,0.8,성사1동,0.3010965635006501,4.208241327835335,0.9186812097760355,2.031490211182485e-05,364.6177493917908,0.4980518863209507,0.6294656687018932,12,11,False,21.617158395816187,0.6617518921402419,523.7998073037636,0.22834339977689266,16,15,False,-17.408917067980852,0.25692931763579363,-159.18205791197278,-4
full_senior_centers,full_cag_and_facility_term,경로당 공개 좌표 대리층,585,각 레코드 동일가중,2025-06-30 공개좌표 585건,0.1,0.8,성사2동,0.8457553469012984,6.137270250279639,1.269097774925414,1.7230993038091426e-05,304.10855318130257,0.7019653024482352,0.6820265055971269,8,7,True,27.15650752537194,1.1119372687890825,413.428634514588,0.495050130191262,10,9,False,-21.0192372750923,0.15716050613633148,-109.32008133328543,-2
full_senior_centers,full_cag_and_facility_term,경로당 공개 좌표 대리층,585,각 레코드 동일가중,2025-06-30 공개좌표 585건,0.1,0.8,효자동,-1.1882440726489265,0.4497787037543866,-0.28894430072993305,0.0002888832579403,1435.299861792474,1.1178889527449767,0.7892352197627082,3,2,True,1.6608646599432235,-0.3803880881701609,4152.763786508891,1.2192832926591888,3,2,True,-1.211085956188837,0.09144378744022785,-2717.463924716417,0
full_senior_centers,full_cag_and_facility_term,경로당 공개 좌표 대리층,585,각 레코드 동일가중,2025-06-30 공개좌표 585건,0.1,0.8,삼송1동,-0.9119782760816036,2.8628895063940236,-0.34719272075251817,5.353799579996714e-05,518.9169049466993,-0.23422730446527465,0.4407129723875749,26,24,False,9.489139859652225,-0.3491306880077152,724.2217901819029,-0.3184436573245626,33,31,False,-6.626250353258201,0.001937967255197015,-205.30488523520353,-7
full_senior_centers,full_cag_and_facility_term,경로당 공개 좌표 대리층,585,각 레코드 동일가중,2025-06-30 공개좌표 585건,0.1,0.8,삼송2동,0.1301607530791594,4.794780792941746,0.6126407540634999,2.402335580108581e-05,267.31888151655454,0.204122420209506,0.5537022441053318,16,15,False,15.587863467125716,0.688974704870108,438.5989880666536,0.23190761198698412,15,14,False,-10.793082674183971,-0.0763339508066081,-171.28010655009905,1
full_senior_centers,full_cag_and_facility_term,경로당 공개 좌표 대리층,585,각 레코드 동일가중,2025-06-30 공개좌표 585건,0.1,0.8,창릉동,-1.0157711971683734,1.8269491778314617,-0.3040341084395861,0.0001797900400723,600.963012726077,0.1770594817104646,0.5467264858478861,17,16,False,5.230356044778631,-0.3091252353727,1141.848174531454,0.14183434581213775,18,17,False,-3.4034068669471695,0.005091126933113865,-540.8851618053772,-1
full_senior_centers,full_cag_and_facility_term,경로당 공개 좌표 대리층,585,각 레코드 동일가중,2025-06-30 공개좌표 585건,0.1,0.8,고양동,-0.1975879706958513,1.562629527659326,0.7424991174807765,0.000190081904272,621.7616496155484,0.9935264815703688,0.7571794792065469,6,5,True,2.3792741219830367,0.8058970767150847,1438.5542854295577,1.0087851404317612,4,3,True,-0.8166445943237106,-0.06339795923430824,-816.7926358140093,2
full_senior_centers,full_cag_and_facility_term,경로당 공개 좌표 대리층,585,각 레코드 동일가중,2025-06-30 공개좌표 585건,0.1,0.8,관산동,0.1500954406277719,1.2948971130945268,1.212782728810439,0.0001069583515347,530.5072374203055,1.0624122293757627,0.7749355083269921,4,3,True,2.4993253459689755,1.2274261933978212,834.2584241105883,0.9164599657340404,7,6,True,-1.2044282328744487,-0.014643464587382304,-303.7511866902828,-3
full_senior_centers,full_cag_and_facility_term,경로당 공개 좌표 대리층,585,각 레코드 동일가중,2025-06-30 공개좌표 585건,0.1,0.8,능곡동,-0.4975153295188249,2.781235250903658,0.17435113448573836,0.0002238689103166,496.1647496663849,0.5582993309006258,0.6449950839215876,10,9,False,7.552714240549709,0.2350289134429036,1268.7646315385791,0.6571956174539099,8,7,True,-4.7714789896460506,-0.06067777895716525,-772.5998818721941,2
full_senior_centers,full_cag_and_facility_term,경로당 공개 좌표 대리층,585,각 레코드 동일가중,2025-06-30 공개좌표 585건,0.1,0.8,화정1동,0.4196982280559918,6.036370864523365,0.7633686203431393,1.3405564215691206e-05,242.04972618075038,0.26927391903593717,0.5704957311074743,14,13,False,40.54288884542499,0.0639015999634497,312.01281044718525,-0.254909890591197,31,29,False,-34.50651798090163,0.6994670203796897,-69.96308426643486,-17
full_senior_centers,full_cag_and_facility_term,경로당 공개 좌표 대리층,585,각 레코드 동일가중,2025-06-30 공개좌표 585건,0.1,0.8,화정2동,-0.0189874404540583,8.00739928101788,-0.09865816134789336,1.1319534283541755e-05,323.2757635522786,-0.30977639137785357,0.42123939722900267,29,26,False,59.34697417251324,-1.212379915843223,485.3961931393568,-1.0775867906583412,40,37,False,-51.33957489149536,1.1137217544953295,-162.1204295870782,-11
full_senior_centers,full_cag_and_facility_term,경로당 공개 좌표 대리층,585,각 레코드 동일가중,2025-06-30 공개좌표 585건,0.1,0.8,행주동,-0.0078915205836514,3.2270906350138966,0.7012675953049942,0.0001883098010287,641.0833529928959,0.973831571991059,0.7521029082298814,7,6,True,8.694980334077634,0.7904260084118929,1358.4192868361513,0.9711354349229713,6,5,True,-5.467889699063738,-0.08915841310689876,-717.3359338432554,1
full_senior_centers,full_cag_and_facility_term,경로당 공개 좌표 대리층,585,각 레코드 동일가중,2025-06-30 공개좌표 585건,0.1,0.8,행신1동,1.3608928135501752,15.619860028771889,0.3408220145960803,5.679154248617028e-06,129.20485303173504,-0.15162427207924187,0.46200477650106136,23,22,False,64.94317652905693,0.2595155718957045,168.04345586031778,-0.18216820648352955,26,25,False,-49.32331650028504,0.08130644270037579,-38.83860282858274,-3
full_senior_centers,full_cag_and_facility_term,경로당 공개 좌표 대리층,585,각 레코드 동일가중,2025-06-30 공개좌표 585건,0.1,0.8,행신2동,-0.3574717052212928,5.645033484906441,-0.12503385147650375,4.854838137410698e-05,426.83415945249385,-0.1548638669359132,0.4611697367076921,24,23,False,18.128003728251063,-0.0085963843603965,739.2268422024636,-0.09538613899041729,23,22,False,-12.48297024334462,-0.11643746711610725,-312.3926827499697,1
full_senior_centers,full_cag_and_facility_term,경로당 공개 좌표 대리층,585,각 레코드 동일가중,2025-06-30 공개좌표 585건,0.1,0.8,행신3동,1.2686586111811229,12.892817708167334,0.6763238802588774,1.3272629419928166e-05,113.2899410603542,0.10302112619458967,0.527642317664307,20,19,False,61.37099430523384,0.2867272914331722,227.08229226865384,-0.12802018839948226,25,24,False,-48.47817659706651,0.38959658882570514,-113.79235120829965,-5
full_senior_centers,full_cag_and_facility_term,경로당 공개 좌표 대리층,585,각 레코드 동일가중,2025-06-30 공개좌표 585건,0.1,0.8,행신4동,0.6351664438937814,8.5457550927329,0.614748970348761,2.3049808818926964e-05,208.57087603419248,0.15694116834726352,0.5415407780736102,18,17,False,28.6264536911948,0.796037364719661,294.15787059295087,0.2612159199874837,14,13,False,-20.0806985984619,-0.18128839437090005,-85.58699455875839,4
full_senior_centers,full_cag_and_facility_term,경로당 공개 좌표 대리층,585,각 레코드 동일가중,2025-06-30 공개좌표 585건,0.1,0.8,화전동,-0.9714390763216944,2.1576725323499986,-0.30408633697323983,7.671946985088419e-05,408.7054750571403,-0.2314390337996527,0.4414316786034722,25,,False,5.554606326156234,-0.2675100505612137,672.9175885069833,-0.2197932283335469,29,,False,-3.3969337938062356,-0.03657628641202615,-264.212113449843,-4
full_senior_centers,full_cag_and_facility_term,경로당 공개 좌표 대리층,585,각 레코드 동일가중,2025-06-30 공개좌표 585건,0.1,0.8,대덕동,-1.3787723914491743,1.2809546469768966,-0.6592450153648044,0.0002501159250992,670.8793230982252,0.14460697697946215,0.5383615099654592,19,18,False,1.64928931028072,-0.6135123980934756,1266.1665836339614,0.14567911029398042,17,16,False,-0.36833466330382336,-0.045732617271328824,-595.2872605357362,2
full_senior_centers,full_cag_and_facility_term,경로당 공개 좌표 대리층,585,각 레코드 동일가중,2025-06-30 공개좌표 585건,0.1,0.8,식사동,-1.010587057406619,2.7630538370467406,-0.45166034872435223,4.576697974454426e-05,555.2176991081459,-0.3022818249785611,0.4231712008817247,28,,False,10.417317638276309,-0.5064718441625805,643.0645410470563,-0.4676709203017679,34,,False,-7.654263801229568,0.054811495438228275,-87.84684193891042,-6
full_senior_centers,full_cag_and_facility_term,경로당 공개 좌표 대리층,585,각 레코드 동일가중,2025-06-30 공개좌표 585건,0.1,0.8,중산1동,0.7756374423331662,10.970801860519666,0.3880590445902271,1.3452173873668196e-05,192.29065602907326,-0.047561657035165156,0.4888280147170747,21,20,False,27.09019852519108,1.028580048654424,318.79657199554686,0.40218965412222357,12,11,False,-16.119396664671413,-0.640521004064197,-126.5059159664736,9
full_senior_centers,full_cag_and_facility_term,경로당 공개 좌표 대리층,585,각 레코드 동일가중,2025-06-30 공개좌표 585건,0.1,0.8,중산2동,0.1798689144206002,10.139204000882524,-0.20553436390728402,2.0713131337054117e-05,183.31409964325968,-0.4757916168483549,0.378447219285038,32,29,False,26.64274474595094,0.3157678050113327,265.56677692252146,-0.07884110881593134,22,21,False,-16.503540745068413,-0.5213021689186168,-82.25267727926177,10
full_senior_centers,full_cag_and_facility_term,경로당 공개 좌표 대리층,585,각 레코드 동일가중,2025-06-30 공개좌표 585건,0.1,0.8,정발산동,0.300783414740963,13.465690022706223,-0.6044792235258172,1.2962627552602784e-05,145.53940883578198,-0.820102239897064,0.2896975193238395,41,38,False,45.01647866583588,-0.2575690745448655,193.93936726516665,-0.5077939771970685,35,32,False,-31.55078864312966,-0.3469101489809517,-48.39995842938467,6
full_senior_centers,full_cag_and_facility_term,경로당 공개 좌표 대리층,585,각 레코드 동일가중,2025-06-30 공개좌표 585건,0.1,0.8,풍산동,-0.4774119630451041,6.232408384117368,-0.36869354327744597,5.027596966220582e-05,325.47481068773953,-0.4107707093171134,0.39520704500144105,30,27,False,17.1605577518855,-0.1176440914987068,604.5789761454724,-0.20331659082407308,28,27,False,-10.928149367768132,-0.25104945177873916,-279.1041654577329,2
full_senior_centers,full_cag_and_facility_term,경로당 공개 좌표 대리층,585,각 레코드 동일가중,2025-06-30 공개좌표 585건,0.1,0.8,백석1동,0.0215720856654819,8.683633671355413,-0.16016922796035513,1.0820527077915604e-05,224.62392318680259,-0.4343109994154779,0.38913928657815866,31,28,False,38.88673571668811,-0.359142243871342,233.7702368806786,-0.5708089878019074,36,33,False,-30.203102045332695,0.1989730159109869,-9.14631369387601,-5
full_senior_centers,full_cag_and_facility_term,경로당 공개 좌표 대리층,585,각 레코드 동일가중,2025-06-30 공개좌표 585건,0.1,0.8,백석2동,1.0022988467318128,6.9389249345939525,1.3291470507618075,7.482777545212669e-06,161.21003338729102,0.6094484803839099,0.6581793174770819,9,8,True,42.34874684941851,0.7072234065568425,179.81071626446425,0.12967791997188843,19,18,False,-35.40982191482456,0.621923644204965,-18.600682877173227,-10
full_senior_centers,full_cag_and_facility_term,경로당 공개 좌표 대리층,585,각 레코드 동일가중,2025-06-30 공개좌표 585건,0.1,0.8,마두1동,-0.3476877530828261,9.915214694859007,-0.815449954418964,2.095532357352737e-05,244.71658420845858,-0.878108810743551,0.2747457129786853,42,39,False,49.00841836792065,-1.209335976920437,229.3560111838389,-1.1241203929482053,41,38,False,-39.09320367306164,0.3938860225014731,15.360573024619697,1
full_senior_centers,full_cag_and_facility_term,경로당 공개 좌표 대리층,585,각 레코드 동일가중,2025-06-30 공개좌표 585건,0.1,0.8,마두2동,0.3697814463191027,12.059214890752694,-0.2885368822825711,5.501761798547457e-06,124.83279290015471,-0.6212293130468828,0.3409591168664226,37,34,False,74.79411280432868,-1.3424066009874744,165.94169935942577,-1.27098254982351,43,40,False,-62.734897913575985,1.0538697187049033,-41.108906459271054,-6
full_senior_centers,full_cag_and_facility_term,경로당 공개 좌표 대리층,585,각 레코드 동일가중,2025-06-30 공개좌표 585건,0.1,0.8,장항1동,-1.4010364229029388,1.6008511922024595,-0.7391601190821693,0.0002674015666791,801.0992992034944,0.23121418279308562,0.5606854320750291,15,14,False,8.108099822052091,-0.8944571877480685,1056.6100173599111,-0.0614456897980678,21,20,False,-6.507248629849632,0.1552970686658992,-255.51071815641671,-6
full_senior_centers,full_cag_and_facility_term,경로당 공개 좌표 대리층,585,각 레코드 동일가중,2025-06-30 공개좌표 585건,0.1,0.8,장항2동,-0.3442169416275722,7.119513243151581,-0.35132429353084826,1.3765289748929878e-05,292.28870284523737,-0.5150788931836686,0.3683205088275494,34,31,False,62.51375393419124,-1.7354618581018375,283.36614018593525,-1.4839854242008306,44,41,False,-55.39424069103966,1.3841375645709892,8.922562659302116,-10
full_senior_centers,full_cag_and_facility_term,경로당 공개 좌표 대리층,585,각 레코드 동일가중,2025-06-30 공개좌표 585건,0.1,0.8,고봉동,-0.108627977686805,1.3700831462150045,0.8832322947972927,0.0005557427413208,528.5733539501629,1.9355655514484469,1.0,1,,False,1.5473626118985893,0.9476287005769358,1019.3528957931436,1.8975007705208895,1,,False,-0.17727946568358477,-0.06439640577964312,-490.77954184298073,0
full_senior_centers,full_cag_and_facility_term,경로당 공개 좌표 대리층,585,각 레코드 동일가중,2025-06-30 공개좌표 585건,0.1,0.8,일산1동,1.7113353946987817,22.89130857286527,-0.4256469392290785,1.082242870822518e-05,85.83479091583317,-0.7401722316793063,0.3103003232234409,39,36,False,55.380218890346285,1.064697994707209,155.7119082933697,0.373907914395718,13,12,False,-32.488910317481015,-1.4903449339362875,-69.87711737753654,26
full_senior_centers,full_cag_and_facility_term,경로당 공개 좌표 대리층,585,각 레코드 동일가중,2025-06-30 공개좌표 585건,0.1,0.8,일산2동,1.542670888862889,20.074806384214508,-0.16912965126416069,7.4079617305621715e-06,100.8927334048508,-0.5469922819775682,0.3600944957724629,36,33,False,59.30527829765953,0.7037783626908223,140.91723984707198,0.1161213758297429,20,19,False,-39.230471913445015,-0.872908013954983,-40.02450644222118,16
full_senior_centers,full_cag_and_facility_term,경로당 공개 좌표 대리층,585,각 레코드 동일가중,2025-06-30 공개좌표 585건,0.1,0.8,일산3동,0.0467915387468424,20.50495183630147,-2.073763967184286,8.667684875245625e-06,112.62523742496168,-1.9440038803270123,0.0,44,41,False,62.58590429407474,-1.258937052310574,211.86857907559332,-1.1933868418718958,42,39,False,-42.080952457773265,-0.814826914873712,-99.24334165063163,2
full_senior_centers,full_cag_and_facility_term,경로당 공개 좌표 대리층,585,각 레코드 동일가중,2025-06-30 공개좌표 585건,0.1,0.8,탄현1동,0.5460559361956295,17.772227732117557,-1.012177599053072,7.755991122547013e-06,122.34867392733481,-1.1530525785763086,0.2038760526548252,43,40,False,42.40602042656029,0.1456414789564889,120.4806961876034,-0.26780696650856967,32,30,False,-24.633792694442732,-1.1578190780095607,1.8679777397314155,11
full_senior_centers,full_cag_and_facility_term,경로당 공개 좌표 대리층,585,각 레코드 동일가중,2025-06-30 공개좌표 585건,0.1,0.8,탄현2동,-0.2102774159803954,9.275870461549038,-0.5418242131070151,1.921088606279047e-05,239.0985160437386,-0.6844067546618591,0.32467446396202454,38,35,False,18.4652044974066,0.158614464947607,267.6202678116823,-0.18871695322124538,27,26,False,-9.189334035857561,-0.7004386780546221,-28.521751767943698,11
full_senior_centers,full_cag_and_facility_term,경로당 공개 좌표 대리층,585,각 레코드 동일가중,2025-06-30 공개좌표 585건,0.1,0.8,주엽1동,1.2459646222046965,17.6467313693833,-0.13347880744897656,3.957737637695617e-06,107.0789355636645,-0.5243334717995545,0.3659350434354142,35,32,False,92.75287361440554,-0.9735222511692698,192.0778092804819,-1.0169294563321534,39,36,False,-75.10614224502224,0.8400434437202933,-84.99887371681739,-4
full_senior_centers,full_cag_and_facility_term,경로당 공개 좌표 대리층,585,각 레코드 동일가중,2025-06-30 공개좌표 585건,0.1,0.8,주엽2동,1.5659732252529237,18.034678986082323,0.19502263110109075,5.207884632602779e-06,112.97760112765754,-0.2734812011783096,0.4305948658803096,27,25,False,86.91298828309513,-0.3518628056916535,159.71909845610725,-0.6008566981640777,37,34,False,-68.8783092970128,0.5468854367927443,-46.74149732844971,-10
full_senior_centers,full_cag_and_facility_term,경로당 공개 좌표 대리층,585,각 레코드 동일가중,2025-06-30 공개좌표 585건,0.1,0.8,대화동,-0.351512429196386,9.299316842989057,-0.7188285423755976,2.002485221552675e-05,294.5260057129069,-0.769661513569688,0.30269914932799497,40,37,False,37.23243223817021,-0.7515588512758407,289.2582390525824,-0.7985994145303088,38,35,False,-27.933115395181154,0.03273030890024309,5.267766660324526,2
full_senior_centers,full_cag_and_facility_term,경로당 공개 좌표 대리층,585,각 레코드 동일가중,2025-06-30 공개좌표 585건,0.1,0.8,송포동,-0.766508190098463,1.7336676019448272,0.016894872008390682,0.0002085057184501,646.3349523691754,0.5218820663823507,0.6356081493251861,11,10,False,3.469587304316442,0.0656085006590319,1437.3604284129906,0.5516769125789557,9,8,True,-1.7359197023716149,-0.048713628650641216,-791.0254760438152,2
full_senior_centers,full_cag_and_facility_term,경로당 공개 좌표 대리층,585,각 레코드 동일가중,2025-06-30 공개좌표 585건,0.1,0.8,덕이동,-0.6918638913173559,5.309812412457607,-0.4798419931119907,5.147460066329769e-05,312.44902604898675,-0.5003005206084485,0.3721297904592115,33,30,False,10.283391754915804,-0.1104724695296885,496.31253754331885,-0.2261651864805044,30,28,False,-4.973579342458198,-0.36936952358230224,-183.8635114943321,3
full_senior_centers,full_cag_and_facility_term,경로당 공개 좌표 대리층,585,각 레코드 동일가중,2025-06-30 공개좌표 585건,0.1,0.8,가좌동,-0.6775723485155032,1.303110706625513,0.19674927335732428,0.0003740847374566,619.9825858628795,1.046881837381195,0.7709323857465926,5,4,True,0.9353055844131872,0.2741659228557271,2160.780363381229,1.3111542095737996,2,1,True,0.36780512221232575,-0.07741664949840282,-1540.7977775183494,3
partial_senior_welfare_centers,partial_facility_term_only,노인복지관 공개 좌표 대리층,3,각 레코드 동일가중; 최근거리만 사용,2026-02-27 공개좌표 3건,0.1,0.8,주교동,0.0373062907032981,11.16134824352095,0.7489773417793479,0.0002633798090061,1903.8371399155183,0.7956497100147697,0.6553096378971015,7,6,True,11.16134824352095,0.7489773417793479,801.3816390718099,0.9721090649827719,5,4,True,0.0,0.0,1102.4555008437083,2
partial_senior_welfare_centers,partial_facility_term_only,노인복지관 공개 좌표 대리층,3,각 레코드 동일가중; 최근거리만 사용,2026-02-27 공개좌표 3건,0.1,0.8,원신동,-0.5975421223625897,4.3702956881167205,0.237380496391152,0.0001330932520967,3786.9755876416516,0.2960415372486725,0.5169708542564987,14,13,False,4.3702956881167205,0.237380496391152,1186.982844118443,0.40935073469645483,11,10,False,0.0,0.0,2599.9927435232084,3
partial_senior_welfare_centers,partial_facility_term_only,노인복지관 공개 좌표 대리층,3,각 레코드 동일가중; 최근거리만 사용,2026-02-27 공개좌표 3건,0.1,0.8,흥도동,-0.9270607543001314,8.179865439321938,-0.3162033413448106,0.0001156461146152,2858.1361885621263,-0.20844115415424105,0.37728234293766943,29,27,False,8.179865439321938,-0.3162033413448106,859.7734545792188,-0.10284326632186505,24,23,False,0.0,0.0,1998.3627339829077,5
partial_senior_welfare_centers,partial_facility_term_only,노인복지관 공개 좌표 대리층,3,각 레코드 동일가중; 최근거리만 사용,2026-02-27 공개좌표 3건,0.1,0.8,성사1동,0.3010965635006501,21.617158395816187,0.6617518921402419,2.031490211182485e-05,1477.0103424351423,0.09150906154104779,0.46033692501603224,20,19,False,21.617158395816187,0.6617518921402419,523.7998073037636,0.22834339977689266,16,15,False,0.0,0.0,953.2105351313787,4
partial_senior_welfare_centers,partial_facility_term_only,노인복지관 공개 좌표 대리층,3,각 레코드 동일가중; 최근거리만 사용,2026-02-27 공개좌표 3건,0.1,0.8,성사2동,0.8457553469012984,27.15650752537194,1.1119372687890825,1.7230993038091426e-05,583.3863819723687,0.3076547754190901,0.5201864966943104,12,11,False,27.15650752537194,1.1119372687890825,413.428634514588,0.495050130191262,10,9,False,0.0,0.0,169.95774745778067,2
partial_senior_welfare_centers,partial_facility_term_only,노인복지관 공개 좌표 대리층,3,각 레코드 동일가중; 최근거리만 사용,2026-02-27 공개좌표 3건,0.1,0.8,효자동,-1.1882440726489265,1.6608646599432235,-0.3803880881701609,0.0002888832579403,10866.75521226192,0.9134071128208471,0.6879160217732434,5,4,True,1.6608646599432235,-0.3803880881701609,4152.763786508891,1.2192832926591888,3,2,True,0.0,0.0,6713.991425753029,2
partial_senior_welfare_centers,partial_facility_term_only,노인복지관 공개 좌표 대리층,3,각 레코드 동일가중; 최근거리만 사용,2026-02-27 공개좌표 3건,0.1,0.8,삼송1동,-0.9119782760816036,9.489139859652225,-0.3491306880077152,5.353799579996714e-05,6140.210557737168,-0.0849302307241825,0.4114818453578215,27,25,False,9.489139859652225,-0.3491306880077152,724.2217901819029,-0.3184436573245626,33,31,False,0.0,0.0,5415.9887675552645,-6
partial_senior_welfare_centers,partial_facility_term_only,노인복지관 공개 좌표 대리층,3,각 레코드 동일가중; 최근거리만 사용,2026-02-27 공개좌표 3건,0.1,0.8,삼송2동,0.1301607530791594,15.587863467125716,0.688974704870108,2.402335580108581e-05,3443.0558185962686,0.2993445280868207,0.5178854344411976,13,12,False,15.587863467125716,0.688974704870108,438.5989880666536,0.23190761198698412,15,14,False,0.0,0.0,3004.456830529615,-2
partial_senior_welfare_centers,partial_facility_term_only,노인복지관 공개 좌표 대리층,3,각 레코드 동일가중; 최근거리만 사용,2026-02-27 공개좌표 3건,0.1,0.8,창릉동,-1.0157711971683734,5.230356044778631,-0.3091252353727,0.0001797900400723,5364.418369120438,0.1858336450155621,0.48645488876555615,19,18,False,5.230356044778631,-0.3091252353727,1141.848174531454,0.14183434581213775,18,17,False,0.0,0.0,4222.570194588984,1
partial_senior_welfare_centers,partial_facility_term_only,노인복지관 공개 좌표 대리층,3,각 레코드 동일가중; 최근거리만 사용,2026-02-27 공개좌표 3건,0.1,0.8,고양동,-0.1975879706958513,2.3792741219830367,0.8058970767150847,0.000190081904272,9109.815700907957,1.3117458328176212,0.7982138451579449,2,1,True,2.3792741219830367,0.8058970767150847,1438.5542854295577,1.0087851404317612,4,3,True,0.0,0.0,7671.261415478399,-2
partial_senior_welfare_centers,partial_facility_term_only,노인복지관 공개 좌표 대리층,3,각 레코드 동일가중; 최근거리만 사용,2026-02-27 공개좌표 3건,0.1,0.8,관산동,0.1500954406277719,2.4993253459689755,1.2274261933978212,0.0001069583515347,7291.23822269407,1.2242097379656125,0.7739755769578274,3,2,True,2.4993253459689755,1.2274261933978212,834.2584241105883,0.9164599657340404,7,6,True,0.0,0.0,6456.979798583481,-4
partial_senior_welfare_centers,partial_facility_term_only,노인복지관 공개 좌표 대리층,3,각 레코드 동일가중; 최근거리만 사용,2026-02-27 공개좌표 3건,0.1,0.8,능곡동,-0.4975153295188249,7.552714240549709,0.2350289134429036,0.0002238689103166,3708.5662187250273,0.5135089641690884,0.577186401082044,8,7,True,7.552714240549709,0.2350289134429036,1268.7646315385791,0.6571956174539099,8,7,True,0.0,0.0,2439.801587186448,0
partial_senior_welfare_centers,partial_facility_term_only,노인복지관 공개 좌표 대리층,3,각 레코드 동일가중; 최근거리만 사용,2026-02-27 공개좌표 3건,0.1,0.8,화정1동,0.4196982280559918,40.54288884542499,0.0639015999634497,1.3405564215691206e-05,928.573906301895,-0.381920068795793,0.32924697572993594,33,31,False,40.54288884542499,0.0639015999634497,312.01281044718525,-0.254909890591197,31,29,False,0.0,0.0,616.5610958547097,2
partial_senior_welfare_centers,partial_facility_term_only,노인복지관 공개 좌표 대리층,3,각 레코드 동일가중; 최근거리만 사용,2026-02-27 공개좌표 3건,0.1,0.8,화정2동,-0.0189874404540583,59.34697417251324,-1.212379915843223,1.1319534283541755e-05,1892.1537652983413,-1.1654985249358756,0.11227836629097473,41,38,False,59.34697417251324,-1.212379915843223,485.3961931393568,-1.0775867906583412,40,37,False,0.0,0.0,1406.7575721589847,1
partial_senior_welfare_centers,partial_facility_term_only,노인복지관 공개 좌표 대리층,3,각 레코드 동일가중; 최근거리만 사용,2026-02-27 공개좌표 3건,0.1,0.8,행주동,-0.0078915205836514,8.694980334077634,0.7904260084118929,0.0001883098010287,4864.589175073858,0.9079233560824793,0.6863975993808181,6,5,True,8.694980334077634,0.7904260084118929,1358.4192868361513,0.9711354349229713,6,5,True,0.0,0.0,3506.169888237707,0
partial_senior_welfare_centers,partial_facility_term_only,노인복지관 공개 좌표 대리층,3,각 레코드 동일가중; 최근거리만 사용,2026-02-27 공개좌표 3건,0.1,0.8,행신1동,1.3608928135501752,64.94317652905693,0.2595155718957045,5.679154248617028e-06,3033.057790994227,-0.07555736740172944,0.41407714019473135,25,23,False,64.94317652905693,0.2595155718957045,168.04345586031778,-0.18216820648352955,26,25,False,0.0,0.0,2865.0143351339093,-1
partial_senior_welfare_centers,partial_facility_term_only,노인복지관 공개 좌표 대리층,3,각 레코드 동일가중; 최근거리만 사용,2026-02-27 공개좌표 3건,0.1,0.8,행신2동,-0.3574717052212928,18.128003728251063,-0.0085963843603965,4.854838137410698e-05,4545.923066975188,-0.012179149252147447,0.4316262238287709,23,21,False,18.128003728251063,-0.0085963843603965,739.2268422024636,-0.09538613899041729,23,22,False,0.0,0.0,3806.6962247727242,0
partial_senior_welfare_centers,partial_facility_term_only,노인복지관 공개 좌표 대리층,3,각 레코드 동일가중; 최근거리만 사용,2026-02-27 공개좌표 3건,0.1,0.8,행신3동,1.2686586111811229,61.37099430523384,0.2867272914331722,1.3272629419928166e-05,2602.936126331214,-0.0775565318316655,0.41352358244565823,26,24,False,61.37099430523384,0.2867272914331722,227.08229226865384,-0.12802018839948226,25,24,False,0.0,0.0,2375.85383406256,1
partial_senior_welfare_centers,partial_facility_term_only,노인복지관 공개 좌표 대리층,3,각 레코드 동일가중; 최근거리만 사용,2026-02-27 공개좌표 3건,0.1,0.8,행신4동,0.6351664438937814,28.6264536911948,0.796037364719661,2.3049808818926964e-05,3336.02768070917,0.359813649185151,0.5346290049361416,11,10,False,28.6264536911948,0.796037364719661,294.15787059295087,0.2612159199874837,14,13,False,0.0,0.0,3041.869810116219,-3
partial_senior_welfare_centers,partial_facility_term_only,노인복지관 공개 좌표 대리층,3,각 레코드 동일가중; 최근거리만 사용,2026-02-27 공개좌표 3건,0.1,0.8,화전동,-0.9714390763216944,5.554606326156234,-0.2675100505612137,7.671946985088419e-05,6498.646221697799,0.0611066596795749,0.4519186654227529,21,,False,5.554606326156234,-0.2675100505612137,672.9175885069833,-0.2197932283335469,29,,False,0.0,0.0,5825.728633190815,-8
partial_senior_welfare_centers,partial_facility_term_only,노인복지관 공개 좌표 대리층,3,각 레코드 동일가중; 최근거리만 사용,2026-02-27 공개좌표 3건,0.1,0.8,대덕동,-1.3787723914491743,1.64928931028072,-0.6135123980934756,0.0002501159250992,6842.5308614765445,0.28982809711742624,0.5152503865042974,15,14,False,1.64928931028072,-0.6135123980934756,1266.1665836339614,0.14567911029398042,17,16,False,0.0,0.0,5576.364277842583,-2
partial_senior_welfare_centers,partial_facility_term_only,노인복지관 공개 좌표 대리층,3,각 레코드 동일가중; 최근거리만 사용,2026-02-27 공개좌표 3건,0.1,0.8,식사동,-1.010587057406619,10.417317638276309,-0.5064718441625805,4.576697974454426e-05,3887.501746283708,-0.41750814726132324,0.31939283051095313,34,,False,10.417317638276309,-0.5064718441625805,643.0645410470563,-0.4676709203017679,34,,False,0.0,0.0,3244.4372052366516,0
partial_senior_welfare_centers,partial_facility_term_only,노인복지관 공개 좌표 대리층,3,각 레코드 동일가중; 최근거리만 사용,2026-02-27 공개좌표 3건,0.1,0.8,중산1동,0.7756374423331662,27.09019852519108,1.028580048654424,1.3452173873668196e-05,3497.1158590799523,0.5085565983882603,0.5758151179533674,9,8,True,27.09019852519108,1.028580048654424,318.79657199554686,0.40218965412222357,12,11,False,0.0,0.0,3178.3192870844055,-3
partial_senior_welfare_centers,partial_facility_term_only,노인복지관 공개 좌표 대리층,3,각 레코드 동일가중; 최근거리만 사용,2026-02-27 공개좌표 3건,0.1,0.8,중산2동,0.1798689144206002,26.64274474595094,0.3157678050113327,2.0713131337054117e-05,2989.236981478792,-0.0039036290681103395,0.4339176703235602,22,20,False,26.64274474595094,0.3157678050113327,265.56677692252146,-0.07884110881593134,22,21,False,0.0,0.0,2723.6702045562706,0
partial_senior_welfare_centers,partial_facility_term_only,노인복지관 공개 좌표 대리층,3,각 레코드 동일가중; 최근거리만 사용,2026-02-27 공개좌표 3건,0.1,0.8,정발산동,0.300783414740963,45.01647866583588,-0.2575690745448655,1.2962627552602784e-05,1712.495268054181,-0.5295027552084139,0.288382133164014,36,33,False,45.01647866583588,-0.2575690745448655,193.93936726516665,-0.5077939771970685,35,32,False,0.0,0.0,1518.5559007890142,1
partial_senior_welfare_centers,partial_facility_term_only,노인복지관 공개 좌표 대리층,3,각 레코드 동일가중; 최근거리만 사용,2026-02-27 공개좌표 3건,0.1,0.8,풍산동,-0.4774119630451041,17.1605577518855,-0.1176440914987068,5.027596966220582e-05,3014.784033681343,-0.2221874080455946,0.3734760800568677,30,28,False,17.1605577518855,-0.1176440914987068,604.5789761454724,-0.20331659082407308,28,27,False,0.0,0.0,2410.2050575358703,2
partial_senior_welfare_centers,partial_facility_term_only,노인복지관 공개 좌표 대리층,3,각 레코드 동일가중; 최근거리만 사용,2026-02-27 공개좌표 3건,0.1,0.8,백석1동,0.0215720856654819,38.88673571668811,-0.359142243871342,1.0820527077915604e-05,3308.3488456988525,-0.45762010092520333,0.308286048873281,35,32,False,38.88673571668811,-0.359142243871342,233.7702368806786,-0.5708089878019074,36,33,False,0.0,0.0,3074.578608818174,-1
partial_senior_welfare_centers,partial_facility_term_only,노인복지관 공개 좌표 대리층,3,각 레코드 동일가중; 최근거리만 사용,2026-02-27 공개좌표 3건,0.1,0.8,백석2동,1.0022988467318128,42.34874684941851,0.7072234065568425,7.482777545212669e-06,3259.6524230597324,0.253709464796479,0.5052493338105872,17,16,False,42.34874684941851,0.7072234065568425,179.81071626446425,0.12967791997188843,19,18,False,0.0,0.0,3079.8417067952682,-2
partial_senior_welfare_centers,partial_facility_term_only,노인복지관 공개 좌표 대리층,3,각 레코드 동일가중; 최근거리만 사용,2026-02-27 공개좌표 3건,0.1,0.8,마두1동,-0.3476877530828261,49.00841836792065,-1.209335976920437,2.095532357352737e-05,2098.0289003912135,-1.1205555493336974,0.12472283160780895,39,36,False,49.00841836792065,-1.209335976920437,229.3560111838389,-1.1241203929482053,41,38,False,0.0,0.0,1868.6728892073745,-2
partial_senior_welfare_centers,partial_facility_term_only,노인복지관 공개 좌표 대리층,3,각 레코드 동일가중; 최근거리만 사용,2026-02-27 공개좌표 3건,0.1,0.8,마두2동,0.3697814463191027,74.79411280432868,-1.3424066009874744,5.501761798547457e-06,2275.7274375133666,-1.233153761666076,0.09354499949203982,43,40,False,74.79411280432868,-1.3424066009874744,165.94169935942577,-1.27098254982351,43,40,False,0.0,0.0,2109.7857381539407,0
partial_senior_welfare_centers,partial_facility_term_only,노인복지관 공개 좌표 대리층,3,각 레코드 동일가중; 최근거리만 사용,2026-02-27 공개좌표 3건,0.1,0.8,장항1동,-1.4010364229029388,8.108099822052091,-0.8944571877480685,0.0002674015666791,2776.027766707313,-0.23039105334051677,0.3712045353276549,31,29,False,8.108099822052091,-0.8944571877480685,1056.6100173599111,-0.0614456897980678,21,20,False,0.0,0.0,1719.4177493474017,10
partial_senior_welfare_centers,partial_facility_term_only,노인복지관 공개 좌표 대리층,3,각 레코드 동일가중; 최근거리만 사용,2026-02-27 공개좌표 3건,0.1,0.8,장항2동,-0.3442169416275722,62.51375393419124,-1.7354618581018375,1.3765289748929878e-05,1276.586925088348,-1.5709899420754752,0.0,44,41,False,62.51375393419124,-1.7354618581018375,283.36614018593525,-1.4839854242008306,44,41,False,0.0,0.0,993.2207849024127,0
partial_senior_welfare_centers,partial_facility_term_only,노인복지관 공개 좌표 대리층,3,각 레코드 동일가중; 최근거리만 사용,2026-02-27 공개좌표 3건,0.1,0.8,고봉동,-0.108627977686805,1.5473626118985893,0.9476287005769358,0.0005557427413208,6065.788144561189,2.0404931114697575,1.0,1,,False,1.5473626118985893,0.9476287005769358,1019.3528957931436,1.8975007705208895,1,,False,0.0,0.0,5046.435248768045,0
partial_senior_welfare_centers,partial_facility_term_only,노인복지관 공개 좌표 대리층,3,각 레코드 동일가중; 최근거리만 사용,2026-02-27 공개좌표 3건,0.1,0.8,일산1동,1.7113353946987817,55.380218890346285,1.064697994707209,1.082242870822518e-05,2306.758247887119,0.41748071117753943,0.5505967005164322,10,9,False,55.380218890346285,1.064697994707209,155.7119082933697,0.373907914395718,13,12,False,0.0,0.0,2151.0463395937495,-3
partial_senior_welfare_centers,partial_facility_term_only,노인복지관 공개 좌표 대리층,3,각 레코드 동일가중; 최근거리만 사용,2026-02-27 공개좌표 3건,0.1,0.8,일산2동,1.542670888862889,59.30527829765953,0.7037783626908223,7.4079617305621715e-06,2601.2331919774347,0.1908666504710608,0.48784850058122226,18,17,False,59.30527829765953,0.7037783626908223,140.91723984707198,0.1161213758297429,20,19,False,0.0,0.0,2460.315952130363,-2
partial_senior_welfare_centers,partial_facility_term_only,노인복지관 공개 좌표 대리층,3,각 레코드 동일가중; 최근거리만 사용,2026-02-27 공개좌표 3건,0.1,0.8,일산3동,0.0467915387468424,62.58590429407474,-1.258937052310574,8.667684875245625e-06,1676.2719784122846,-1.2234989695104674,0.09621835888829416,42,39,False,62.58590429407474,-1.258937052310574,211.86857907559332,-1.1933868418718958,42,39,False,0.0,0.0,1464.4033993366913,0
partial_senior_welfare_centers,partial_facility_term_only,노인복지관 공개 좌표 대리층,3,각 레코드 동일가중; 최근거리만 사용,2026-02-27 공개좌표 3건,0.1,0.8,탄현1동,0.5460559361956295,42.40602042656029,0.1456414789564889,7.755991122547013e-06,2729.966458533456,-0.17547249797485617,0.3864111843832969,28,26,False,42.40602042656029,0.1456414789564889,120.4806961876034,-0.26780696650856967,32,30,False,0.0,0.0,2609.4857623458524,-4
partial_senior_welfare_centers,partial_facility_term_only,노인복지관 공개 좌표 대리층,3,각 레코드 동일가중; 최근거리만 사용,2026-02-27 공개좌표 3건,0.1,0.8,탄현2동,-0.2102774159803954,18.4652044974066,0.158614464947607,1.921088606279047e-05,3529.0693989699657,-0.06490846261522287,0.41702576396746455,24,22,False,18.4652044974066,0.158614464947607,267.6202678116823,-0.18871695322124538,27,26,False,0.0,0.0,3261.4491311582833,-3
partial_senior_welfare_centers,partial_facility_term_only,노인복지관 공개 좌표 대리층,3,각 레코드 동일가중; 최근거리만 사용,2026-02-27 공개좌표 3건,0.1,0.8,주엽1동,1.2459646222046965,92.75287361440554,-0.9735222511692698,3.957737637695617e-06,785.4776362211095,-1.1230332599789477,0.12403676701647216,40,37,False,92.75287361440554,-0.9735222511692698,192.0778092804819,-1.0169294563321534,39,36,False,0.0,0.0,593.3998269406276,1
partial_senior_welfare_centers,partial_facility_term_only,노인복지관 공개 좌표 대리층,3,각 레코드 동일가중; 최근거리만 사용,2026-02-27 공개좌표 3건,0.1,0.8,주엽2동,1.5659732252529237,86.91298828309513,-0.3518628056916535,5.207884632602779e-06,830.6783289495581,-0.6936423338412601,0.2429327772625049,37,34,False,86.91298828309513,-0.3518628056916535,159.71909845610725,-0.6008566981640777,37,34,False,0.0,0.0,670.9592304934508,0
partial_senior_welfare_centers,partial_facility_term_only,노인복지관 공개 좌표 대리층,3,각 레코드 동일가중; 최근거리만 사용,2026-02-27 공개좌표 3건,0.1,0.8,대화동,-0.351512429196386,37.23243223817021,-0.7515588512758407,2.002485221552675e-05,852.9606218607015,-0.926082919580704,0.17857124425980472,38,35,False,37.23243223817021,-0.7515588512758407,289.2582390525824,-0.7985994145303088,38,35,False,0.0,0.0,563.7023828081192,0
partial_senior_welfare_centers,partial_facility_term_only,노인복지관 공개 좌표 대리층,3,각 레코드 동일가중; 최근거리만 사용,2026-02-27 공개좌표 3건,0.1,0.8,송포동,-0.766508190098463,3.469587304316442,0.0656085006590319,0.0002085057184501,2781.6988513376245,0.2752648937123753,0.5112179147498599,16,15,False,3.469587304316442,0.0656085006590319,1437.3604284129906,0.5516769125789557,9,8,True,0.0,0.0,1344.338422924634,7
partial_senior_welfare_centers,partial_facility_term_only,노인복지관 공개 좌표 대리층,3,각 레코드 동일가중; 최근거리만 사용,2026-02-27 공개좌표 3건,0.1,0.8,덕이동,-0.6918638913173559,10.283391754915804,-0.1104724695296885,5.147460066329769e-05,2546.195121754009,-0.2572569940012971,0.3637655025916693,32,30,False,10.283391754915804,-0.1104724695296885,496.31253754331885,-0.2261651864805044,30,28,False,0.0,0.0,2049.8825842106903,2
partial_senior_welfare_centers,partial_facility_term_only,노인복지관 공개 좌표 대리층,3,각 레코드 동일가중; 최근거리만 사용,2026-02-27 공개좌표 3건,0.1,0.8,가좌동,-0.6775723485155032,0.9353055844131872,0.2741659228557271,0.0003740847374566,4771.382867975312,1.0118427143435622,0.7151723040437874,4,3,True,0.9353055844131872,0.2741659228557271,2160.780363381229,1.3111542095737996,2,1,True,0.0,0.0,2610.6025045940833,2
full_senior_welfare_centers,full_cag_and_facility_term,노인복지관 공개 좌표 대리층,3,각 레코드 동일가중,2026-02-27 공개좌표 3건,0.1,0.8,주교동,0.0373062907032981,0.039213917664250045,0.10366542619290013,0.0002633798090061,1903.8371399155183,0.33198543911934825,0.6174750123046877,14,13,False,11.16134824352095,0.7489773417793479,801.3816390718099,0.9721090649827719,5,4,True,-11.122134325856699,-0.6453119155864478,1102.4555008437083,9
full_senior_welfare_centers,full_cag_and_facility_term,노인복지관 공개 좌표 대리층,3,각 레코드 동일가중,2026-02-27 공개좌표 3건,0.1,0.8,원신동,-0.5975421223625897,0.0018341073705377682,-0.2553854194132154,0.0001330932520967,3786.9755876416516,0.02417564681899279,0.5211860912135847,22,21,False,4.3702956881167205,0.237380496391152,1186.982844118443,0.40935073469645483,11,10,False,-4.368461580746183,-0.4927659158043674,2599.9927435232084,11
full_senior_welfare_centers,full_cag_and_facility_term,노인복지관 공개 좌표 대리층,3,각 레코드 동일가중,2026-02-27 공개좌표 3건,0.1,0.8,흥도동,-0.9270607543001314,0.014788571653399208,-0.8046544891009402,0.0001156461146152,2858.1361885621263,-0.34243074810981794,0.4065044432744938,34,32,False,8.179865439321938,-0.3162033413448106,859.7734545792188,-0.10284326632186505,24,23,False,-8.165076867668539,-0.4884511477561296,1998.3627339829077,10
full_senior_welfare_centers,full_cag_and_facility_term,노인복지관 공개 좌표 대리층,3,각 레코드 동일가중,2026-02-27 공개좌표 3건,0.1,0.8,성사1동,0.3010965635006501,0.06872718701142794,0.09604560477496199,2.031490211182485e-05,1477.0103424351423,-0.31622739614648315,0.4147013640763439,33,31,False,21.617158395816187,0.6617518921402419,523.7998073037636,0.22834339977689266,16,15,False,-21.548431208804757,-0.5657062873652798,953.2105351313787,17
full_senior_welfare_centers,full_cag_and_facility_term,노인복지관 공개 좌표 대리층,3,각 레코드 동일가중,2026-02-27 공개좌표 3건,0.1,0.8,성사2동,0.8457553469012984,0.32894599968017885,-2.1547861812106355,1.7230993038091426e-05,583.3863819723687,-1.3811996455833027,0.08155722293682213,43,40,False,27.15650752537194,1.1119372687890825,413.428634514588,0.495050130191262,10,9,False,-26.82756152569176,-3.266723449999718,169.95774745778067,33
full_senior_welfare_centers,full_cag_and_facility_term,노인복지관 공개 좌표 대리층,3,각 레코드 동일가중,2026-02-27 공개좌표 3건,0.1,0.8,효자동,-1.1882440726489265,1.0436526452617245e-07,-0.9589888750854094,0.0002888832579403,10866.75521226192,0.7561193405472029,0.7501523890100982,3,2,True,1.6608646599432235,-0.3803880881701609,4152.763786508891,1.2192832926591888,3,2,True,-1.660864555577959,-0.5786007869152485,6713.991425753029,0
full_senior_welfare_centers,full_cag_and_facility_term,노인복지관 공개 좌표 대리층,3,각 레코드 동일가중,2026-02-27 공개좌표 3건,0.1,0.8,삼송1동,-0.9119782760816036,1.3838055255215495e-05,-0.6204538349451558,5.353799579996714e-05,6140.210557737168,-0.11673536411958226,0.4771063720086399,28,26,False,9.489139859652225,-0.3491306880077152,724.2217901819029,-0.3184436573245626,33,31,False,-9.48912602159697,-0.27132314693744064,5415.9887675552645,-5
full_senior_welfare_centers,full_cag_and_facility_term,노인복지관 공개 좌표 대리층,3,각 레코드 동일가중,2026-02-27 공개좌표 3건,0.1,0.8,삼송2동,0.1301607530791594,0.0013455719160317858,0.6422239185726353,2.402335580108581e-05,3443.0558185962686,0.10981481739753506,0.5479756981215363,18,17,False,15.587863467125716,0.688974704870108,438.5989880666536,0.23190761198698412,15,14,False,-15.586517895209685,-0.04675078629747276,3004.456830529615,3
full_senior_welfare_centers,full_cag_and_facility_term,노인복지관 공개 좌표 대리층,3,각 레코드 동일가중,2026-02-27 공개좌표 3건,0.1,0.8,창릉동,-1.0157711971683734,4.713885423078877e-05,-0.7480726447213658,0.0001797900400723,5364.418369120438,0.07155805395341595,0.5360082345494961,20,19,False,5.230356044778631,-0.3091252353727,1141.848174531454,0.14183434581213775,18,17,False,-5.2303089059244,-0.43894740934866583,4222.570194588984,2
full_senior_welfare_centers,full_cag_and_facility_term,노인복지관 공개 좌표 대리층,3,각 레코드 동일가중,2026-02-27 공개좌표 3건,0.1,0.8,고양동,-0.1975879706958513,9.262895764603896e-07,0.25550041558797976,0.000190081904272,9109.815700907957,0.8752298648038231,0.7874124897546332,2,1,True,2.3792741219830367,0.8058970767150847,1438.5542854295577,1.0087851404317612,4,3,True,-2.37927319569346,-0.550396661127105,7671.261415478399,-2
full_senior_welfare_centers,full_cag_and_facility_term,노인복지관 공개 좌표 대리층,3,각 레코드 동일가중,2026-02-27 공개좌표 3건,0.1,0.8,관산동,0.1500954406277719,3.703424718228031e-06,0.6817130308280678,0.0001069583515347,7291.23822269407,0.6861606423805413,0.7282679404450803,6,5,True,2.4993253459689755,1.2274261933978212,834.2584241105883,0.9164599657340404,7,6,True,-2.499321642544257,-0.5457131625697534,6456.979798583481,-1
full_senior_welfare_centers,full_cag_and_facility_term,노인복지관 공개 좌표 대리층,3,각 레코드 동일가중,2026-02-27 공개좌표 3건,0.1,0.8,능곡동,-0.4975153295188249,0.003804173774273248,-0.15485304413019912,0.0002238689103166,3708.5662187250273,0.2868066881525286,0.6033422157021878,15,14,False,7.552714240549709,0.2350289134429036,1268.7646315385791,0.6571956174539099,8,7,True,-7.548910066775436,-0.38988195757310273,2439.801587186448,7
full_senior_welfare_centers,full_cag_and_facility_term,노인복지관 공개 좌표 대리층,3,각 레코드 동일가중,2026-02-27 공개좌표 3건,0.1,0.8,화정1동,0.4196982280559918,0.2134519867333849,-1.3817564721338886,1.3405564215691206e-05,928.573906301895,-1.024111105345885,0.19326149984269436,41,38,False,40.54288884542499,0.0639015999634497,312.01281044718525,-0.254909890591197,31,29,False,-40.32943685869161,-1.4456580720973384,616.5610958547097,10
full_senior_welfare_centers,full_cag_and_facility_term,노인복지관 공개 좌표 대리층,3,각 레코드 동일가중,2026-02-27 공개좌표 3건,0.1,0.8,화정2동,-0.0189874404540583,0.025333872986001857,0.19032751419724325,1.1319534283541755e-05,1892.1537652983413,-0.25975837504953875,0.43236597791419695,31,29,False,59.34697417251324,-1.212379915843223,485.3961931393568,-1.0775867906583412,40,37,False,-59.32164029952724,1.4027074300404663,1406.7575721589847,-9
full_senior_welfare_centers,full_cag_and_facility_term,노인복지관 공개 좌표 대리층,3,각 레코드 동일가중,2026-02-27 공개좌표 3건,0.1,0.8,행주동,-0.0078915205836514,0.00029651938223254615,0.48474417108381107,0.0001883098010287,4864.589175073858,0.5812581743578518,0.6954523974754713,10,9,False,8.694980334077634,0.7904260084118929,1358.4192868361513,0.9711354349229713,6,5,True,-8.694683814695402,-0.30568183732808185,3506.169888237707,4
full_senior_welfare_centers,full_cag_and_facility_term,노인복지관 공개 좌표 대리층,3,각 레코드 동일가중,2026-02-27 공개좌표 3건,0.1,0.8,행신1동,1.3608928135501752,0.002012950629456394,2.143559260219866,5.679154248617028e-06,3033.057790994227,0.6771545073558353,0.7254506453283495,8,7,True,64.94317652905693,0.2595155718957045,168.04345586031778,-0.18216820648352955,26,25,False,-64.94116357842748,1.8840436883241614,2865.0143351339093,-18
full_senior_welfare_centers,full_cag_and_facility_term,노인복지관 공개 좌표 대리층,3,각 레코드 동일가중,2026-02-27 공개좌표 3건,0.1,0.8,행신2동,-0.3574717052212928,0.00017423665234977972,0.057546548636817185,4.854838137410698e-05,4545.923066975188,0.018596591975175304,0.5194408537810631,23,22,False,18.128003728251063,-0.0085963843603965,739.2268422024636,-0.09538613899041729,23,22,False,-18.127829491598714,0.06614293299721369,3806.6962247727242,0
full_senior_welfare_centers,full_cag_and_facility_term,노인복지관 공개 좌표 대리층,3,각 레코드 동일가중,2026-02-27 공개좌표 3건,0.1,0.8,행신3동,1.2686586111811229,0.005183125252807634,1.9949284022447373,1.3272629419928166e-05,2602.936126331214,0.5922665999067509,0.6988960482154092,9,8,True,61.37099430523384,0.2867272914331722,227.08229226865384,-0.12802018839948226,25,24,False,-61.36581117998104,1.7082011108115651,2375.85383406256,-16
full_senior_welfare_centers,full_cag_and_facility_term,노인복지관 공개 좌표 대리층,3,각 레코드 동일가중,2026-02-27 공개좌표 3건,0.1,0.8,행신4동,0.6351664438937814,0.0018488965819025446,1.2556923303001624,2.3049808818926964e-05,3336.02768070917,0.363436779303008,0.6273136064264718,13,12,False,28.6264536911948,0.796037364719661,294.15787059295087,0.2612159199874837,14,13,False,-28.6246047946129,0.45965496558050134,3041.869810116219,-1
full_senior_welfare_centers,full_cag_and_facility_term,노인복지관 공개 좌표 대리층,3,각 레코드 동일가중,2026-02-27 공개좌표 3건,0.1,0.8,화전동,-0.9714390763216944,7.508706679836416e-06,-0.6932790341270373,7.671946985088419e-05,6498.646221697799,-0.057682085475751994,0.49557939213256835,26,,False,5.554606326156234,-0.2675100505612137,672.9175885069833,-0.2197932283335469,29,,False,-5.554598817449555,-0.4257689835658236,5825.728633190815,-3
full_senior_welfare_centers,full_cag_and_facility_term,노인복지관 공개 좌표 대리층,3,각 레코드 동일가중,2026-02-27 공개좌표 3건,0.1,0.8,대덕동,-1.3787723914491743,2.449263703069014e-06,-1.192594071500341,0.0002501159250992,6842.5308614765445,0.18960673678209658,0.5729361705350673,17,16,False,1.64928931028072,-0.6135123980934756,1266.1665836339614,0.14567911029398042,17,16,False,-1.649286861017017,-0.5790816734068653,5576.364277842583,0
full_senior_welfare_centers,full_cag_and_facility_term,노인복지관 공개 좌표 대리층,3,각 레코드 동일가중,2026-02-27 공개좌표 3건,0.1,0.8,식사동,-1.010587057406619,0.0007967889126104046,-0.7501250432402014,4.576697974454426e-05,3887.501746283708,-0.39866607671426063,0.3889129330172706,38,,False,10.417317638276309,-0.5064718441625805,643.0645410470563,-0.4676709203017679,34,,False,-10.416520849363698,-0.24365319907762084,3244.4372052366516,4
full_senior_welfare_centers,full_cag_and_facility_term,노인복지관 공개 좌표 대리층,3,각 레코드 동일가중,2026-02-27 공개좌표 3건,0.1,0.8,중산1동,0.7756374423331662,0.0016824220626451341,1.429770412355458,1.3452173873668196e-05,3497.1158590799523,0.4297115515436876,0.6480456509365655,12,11,False,27.09019852519108,1.028580048654424,318.79657199554686,0.40218965412222357,12,11,False,-27.088516103128434,0.4011903637010339,3178.3192870844055,0
full_senior_welfare_centers,full_cag_and_facility_term,노인복지관 공개 좌표 대리층,3,각 레코드 동일가중,2026-02-27 공개좌표 3건,0.1,0.8,중산2동,0.1798689144206002,0.0036700035827007477,0.6770934970396152,2.0713131337054117e-05,2989.236981478792,0.07510178634692308,0.5371167833265065,19,18,False,26.64274474595094,0.3157678050113327,265.56677692252146,-0.07884110881593134,22,21,False,-26.639074742368237,0.36132569202828246,2723.6702045562706,-3
full_senior_welfare_centers,full_cag_and_facility_term,노인복지관 공개 좌표 대리층,3,각 레코드 동일가중,2026-02-27 공개좌표 3건,0.1,0.8,정발산동,0.300783414740963,0.05135151889164201,0.29054345532011494,1.2962627552602784e-05,1712.495268054181,-0.22869181302363156,0.44208420590535036,30,28,False,45.01647866583588,-0.2575690745448655,193.93936726516665,-0.5077939771970685,35,32,False,-44.96512714694424,0.5481125298649805,1518.5559007890142,-5
full_senior_welfare_centers,full_cag_and_facility_term,노인복지관 공개 좌표 대리층,3,각 레코드 동일가중,2026-02-27 공개좌표 3건,0.1,0.8,풍산동,-0.4774119630451041,0.0035356289450793727,-0.12719530666405704,5.027596966220582e-05,3014.784033681343,-0.1974233111502344,0.45186560462897074,29,27,False,17.1605577518855,-0.1176440914987068,604.5789761454724,-0.20331659082407308,28,27,False,-17.15702212294042,-0.009551215165350235,2410.2050575358703,1
full_senior_welfare_centers,full_cag_and_facility_term,노인복지관 공개 좌표 대리층,3,각 레코드 동일가중,2026-02-27 공개좌표 3건,0.1,0.8,백석1동,0.0215720856654819,0.0015602796822242802,0.5066911243372868,1.0820527077915604e-05,3308.3488456988525,0.005833438951882624,0.5154482899800573,24,23,False,38.88673571668811,-0.359142243871342,233.7702368806786,-0.5708089878019074,36,33,False,-38.885175437005884,0.8658333682086288,3074.578608818174,-12
full_senior_welfare_centers,full_cag_and_facility_term,노인복지관 공개 좌표 대리층,3,각 레코드 동일가중,2026-02-27 공개좌표 3건,0.1,0.8,백석2동,1.0022988467318128,0.001679901727654293,1.7076750662496858,7.482777545212669e-06,3259.6524230597324,0.5135127840880565,0.6742603148934815,11,10,False,42.34874684941851,0.7072234065568425,179.81071626446425,0.12967791997188843,19,18,False,-42.347066947690855,1.0004516596928434,3079.8417067952682,-8
full_senior_welfare_centers,full_cag_and_facility_term,노인복지관 공개 좌표 대리층,3,각 레코드 동일가중,2026-02-27 공개좌표 3건,0.1,0.8,마두1동,-0.3476877530828261,0.023130168117795443,-0.1879275689726896,2.095532357352737e-05,2098.0289003912135,-0.3808032748234326,0.3945007666884412,36,34,False,49.00841836792065,-1.209335976920437,229.3560111838389,-1.1241203929482053,41,38,False,-48.98528819980285,1.0214084079477475,1868.6728892073745,-5
full_senior_welfare_centers,full_cag_and_facility_term,노인복지관 공개 좌표 대리층,3,각 레코드 동일가중,2026-02-27 공개좌표 3건,0.1,0.8,마두2동,0.3697814463191027,0.010276888073454504,0.8358160719290009,5.501761798547457e-06,2275.7274375133666,0.04060967267213138,0.5263269758058393,21,20,False,74.79411280432868,-1.3424066009874744,165.94169935942577,-1.27098254982351,43,40,False,-74.78383591625523,2.1782226729164753,2109.7857381539407,-22
full_senior_welfare_centers,full_cag_and_facility_term,노인복지관 공개 좌표 대리층,3,각 레코드 동일가중,2026-02-27 공개좌표 3건,0.1,0.8,장항1동,-1.4010364229029388,0.025292115912559983,-1.5035322049002502,0.0002674015666791,2776.027766707313,-0.2745868368325475,0.4277273451538287,32,30,False,8.108099822052091,-0.8944571877480685,1056.6100173599111,-0.0614456897980678,21,20,False,-8.082807706139532,-0.6090750171521817,1719.4177493474017,11
full_senior_welfare_centers,full_cag_and_facility_term,노인복지관 공개 좌표 대리층,3,각 레코드 동일가중,2026-02-27 공개좌표 3건,0.1,0.8,장항2동,-0.3442169416275722,0.16222628354778534,-1.7437446283248077,1.3765289748929878e-05,1276.586925088348,-1.1482049303462485,0.15444252519586546,42,39,False,62.51375393419124,-1.7354618581018375,283.36614018593525,-1.4839854242008306,44,41,False,-62.351527650643455,-0.008282770222970193,993.2207849024127,-2
full_senior_welfare_centers,full_cag_and_facility_term,노인복지관 공개 좌표 대리층,3,각 레코드 동일가중,2026-02-27 공개좌표 3건,0.1,0.8,고봉동,-0.108627977686805,3.8535143599072184e-05,0.3641394349550281,0.0005557427413208,6065.788144561189,1.5548149783639151,1.0,1,,False,1.5473626118985893,0.9476287005769358,1019.3528957931436,1.8975007705208895,1,,False,-1.5473240767549903,-0.5834892656219077,5046.435248768045,0
full_senior_welfare_centers,full_cag_and_facility_term,노인복지관 공개 좌표 대리층,3,각 레코드 동일가중,2026-02-27 공개좌표 3건,0.1,0.8,일산1동,1.7113353946987817,0.014121158598018687,2.437382581345708,1.082242870822518e-05,2306.758247887119,0.7507695426146214,0.7484788676216654,4,3,True,55.380218890346285,1.064697994707209,155.7119082933697,0.373907914395718,13,12,False,-55.36609773174827,1.372684586638499,2151.0463395937495,-9
full_senior_welfare_centers,full_cag_and_facility_term,노인복지관 공개 좌표 대리층,3,각 레코드 동일가중,2026-02-27 공개좌표 3건,0.1,0.8,일산2동,1.542670888862889,0.0097687375292178,2.279423525686391,7.4079617305621715e-06,2601.2331919774347,0.70078264754619,0.7328419895390578,5,4,True,59.30527829765953,0.7037783626908223,140.91723984707198,0.1161213758297429,20,19,False,-59.295509560130306,1.5756451629955686,2460.315952130363,-15
full_senior_welfare_centers,full_cag_and_facility_term,노인복지관 공개 좌표 대리층,3,각 레코드 동일가중,2026-02-27 공개좌표 3건,0.1,0.8,일산3동,0.0467915387468424,0.05236178556827312,-0.032169757446407314,8.667684875245625e-06,1676.2719784122846,-0.3825660454982662,0.39394933755702116,37,35,False,62.58590429407474,-1.258937052310574,211.86857907559332,-1.1933868418718958,42,39,False,-62.533542508506464,1.2267672948641668,1464.4033993366913,-5
full_senior_welfare_centers,full_cag_and_facility_term,노인복지관 공개 좌표 대리층,3,각 레코드 동일가중,2026-02-27 공개좌표 3건,0.1,0.8,탄현1동,0.5460559361956295,0.005221021322481397,1.1086259482717358,7.755991122547013e-06,2729.966458533456,0.20606545616384855,0.578084779745861,16,15,False,42.40602042656029,0.1456414789564889,120.4806961876034,-0.26780696650856967,32,30,False,-42.400799405237805,0.9629844693152468,2609.4857623458524,-16
full_senior_welfare_centers,full_cag_and_facility_term,노인복지관 공개 좌표 대리층,3,각 레코드 동일가중,2026-02-27 공개좌표 3건,0.1,0.8,탄현2동,-0.2102774159803954,0.0009442050490730732,0.22936413156353974,1.921088606279047e-05,3529.0693989699657,-0.07321729978647237,0.49071967336365185,27,25,False,18.4652044974066,0.158614464947607,267.6202678116823,-0.18871695322124538,27,26,False,-18.464260292357526,0.07074966661593274,3261.4491311582833,0
full_senior_welfare_centers,full_cag_and_facility_term,노인복지관 공개 좌표 대리층,3,각 레코드 동일가중,2026-02-27 공개좌표 3건,0.1,0.8,주엽1동,1.2459646222046965,0.2925648683520961,-1.2561051971420634,3.957737637695617e-06,785.4776362211095,-1.0063152092310712,0.19882840407903754,40,37,False,92.75287361440554,-0.9735222511692698,192.0778092804819,-1.0169294563321534,39,36,False,-92.46030874605344,-0.28258294597279354,593.3998269406276,1
full_senior_welfare_centers,full_cag_and_facility_term,노인복지관 공개 좌표 대리층,3,각 레코드 동일가중,2026-02-27 공개좌표 3건,0.1,0.8,주엽2동,1.5659732252529237,0.2991008359195917,-0.937095474093044,5.207884632602779e-06,830.6783289495581,-0.8608122960528516,0.24434456008187252,39,36,False,86.91298828309513,-0.3518628056916535,159.71909845610725,-0.6008566981640777,37,34,False,-86.61388744717554,-0.5852326684013904,670.9592304934508,2
full_senior_welfare_centers,full_cag_and_facility_term,노인복지관 공개 좌표 대리층,3,각 레코드 동일가중,2026-02-27 공개좌표 3건,0.1,0.8,대화동,-0.351512429196386,0.2582308922371969,-2.8294556003919404,2.002485221552675e-05,852.9606218607015,-1.6419161596776388,0.0,44,41,False,37.23243223817021,-0.7515588512758407,289.2582390525824,-0.7985994145303088,38,35,False,-36.97420134593302,-2.0778967491161,563.7023828081192,6
full_senior_welfare_centers,full_cag_and_facility_term,노인복지관 공개 좌표 대리층,3,각 레코드 동일가중,2026-02-27 공개좌표 3건,0.1,0.8,송포동,-0.766508190098463,0.018503523444366097,-0.6494905799545987,0.0002085057184501,2781.6988513376245,-0.05074990885165986,0.49774791251315287,25,24,False,3.469587304316442,0.0656085006590319,1437.3604284129906,0.5516769125789557,9,8,True,-3.451083780872076,-0.7150990806136306,1344.338422924634,16
full_senior_welfare_centers,full_cag_and_facility_term,노인복지관 공개 좌표 대리층,3,각 레코드 동일가중,2026-02-27 공개좌표 3건,0.1,0.8,덕이동,-0.6918638913173559,0.008799487259302541,-0.4491417433323299,5.147460066329769e-05,2546.195121754009,-0.3768816949439176,0.3957275135464574,35,33,False,10.283391754915804,-0.1104724695296885,496.31253754331885,-0.2261651864805044,30,28,False,-10.274592267656502,-0.33866927380264145,2049.8825842106903,5
full_senior_welfare_centers,full_cag_and_facility_term,노인복지관 공개 좌표 대리층,3,각 레코드 동일가중,2026-02-27 공개좌표 3건,0.1,0.8,가좌동,-0.6775723485155032,0.0007789810333664377,-0.3416647008621703,0.0003740847374566,4771.382867975312,0.6776078356172306,0.7255924552716382,7,6,True,0.9353055844131872,0.2741659228557271,2160.780363381229,1.3111542095737996,2,1,True,-0.9345266033798207,-0.6158306237178974,2610.6025045940833,5
partial_elder_care_providers,partial_facility_term_only,노인돌봄 수행기관 공개 좌표 대리층,10,각 레코드 동일가중; 최근거리만 사용,2026-03-02 공개좌표 10건,0.1,0.8,주교동,0.0373062907032981,11.16134824352095,0.7489773417793479,0.0002633798090061,1505.6300464967176,0.8502281817203268,0.6328424450996102,5,4,True,11.16134824352095,0.7489773417793479,801.3816390718099,0.9721090649827719,5,4,True,0.0,0.0,704.2484074249077,0
partial_elder_care_providers,partial_facility_term_only,노인돌봄 수행기관 공개 좌표 대리층,10,각 레코드 동일가중; 최근거리만 사용,2026-03-02 공개좌표 10건,0.1,0.8,원신동,-0.5975421223625897,4.3702956881167205,0.237380496391152,0.0001330932520967,2825.1635479871616,0.34513609423343344,0.4980897491197848,13,12,False,4.3702956881167205,0.237380496391152,1186.982844118443,0.40935073469645483,11,10,False,0.0,0.0,1638.1807038687186,2
partial_elder_care_providers,partial_facility_term_only,노인돌봄 수행기관 공개 좌표 대리층,10,각 레코드 동일가중; 최근거리만 사용,2026-03-02 공개좌표 10건,0.1,0.8,흥도동,-0.9270607543001314,8.179865439321938,-0.3162033413448106,0.0001156461146152,1739.1059231560723,-0.21173122696799254,0.3495240228018038,30,28,False,8.179865439321938,-0.3162033413448106,859.7734545792188,-0.10284326632186505,24,23,False,0.0,0.0,879.3324685768536,6
partial_elder_care_providers,partial_facility_term_only,노인돌봄 수행기관 공개 좌표 대리층,10,각 레코드 동일가중; 최근거리만 사용,2026-03-02 공개좌표 10건,0.1,0.8,성사1동,0.3010965635006501,21.617158395816187,0.6617518921402419,2.031490211182485e-05,1406.2573290934183,0.17260991098739117,0.45206176947910814,17,16,False,21.617158395816187,0.6617518921402419,523.7998073037636,0.22834339977689266,16,15,False,0.0,0.0,882.4575217896547,1
partial_elder_care_providers,partial_facility_term_only,노인돌봄 수행기관 공개 좌표 대리층,10,각 레코드 동일가중; 최근거리만 사용,2026-03-02 공개좌표 10건,0.1,0.8,성사2동,0.8457553469012984,27.15650752537194,1.1119372687890825,1.7230993038091426e-05,501.86975577914467,0.3561409688328507,0.5010257217036552,12,11,False,27.15650752537194,1.1119372687890825,413.428634514588,0.495050130191262,10,9,False,0.0,0.0,88.44112126455667,2
partial_elder_care_providers,partial_facility_term_only,노인돌봄 수행기관 공개 좌표 대리층,10,각 레코드 동일가중; 최근거리만 사용,2026-03-02 공개좌표 10건,0.1,0.8,효자동,-1.1882440726489265,1.6608646599432235,-0.3803880881701609,0.0002888832579403,5897.797288694653,0.7028691820207766,0.5935287773975401,7,6,True,1.6608646599432235,-0.3803880881701609,4152.763786508891,1.2192832926591888,3,2,True,0.0,0.0,1745.0335021857618,4
partial_elder_care_providers,partial_facility_term_only,노인돌봄 수행기관 공개 좌표 대리층,10,각 레코드 동일가중; 최근거리만 사용,2026-03-02 공개좌표 10건,0.1,0.8,삼송1동,-0.9119782760816036,9.489139859652225,-0.3491306880077152,5.353799579996714e-05,1586.607141117581,-0.40819074100828584,0.2971109087901873,34,31,False,9.489139859652225,-0.3491306880077152,724.2217901819029,-0.3184436573245626,33,31,False,0.0,0.0,862.3853509356782,1
partial_elder_care_providers,partial_facility_term_only,노인돌봄 수행기관 공개 좌표 대리층,10,각 레코드 동일가중; 최근거리만 사용,2026-03-02 공개좌표 10건,0.1,0.8,삼송2동,0.1301607530791594,15.587863467125716,0.688974704870108,2.402335580108581e-05,1693.8078358673872,0.23673677165219698,0.4691700702689705,14,13,False,15.587863467125716,0.688974704870108,438.5989880666536,0.23190761198698412,15,14,False,0.0,0.0,1255.2088478007336,-1
partial_elder_care_providers,partial_facility_term_only,노인돌봄 수행기관 공개 좌표 대리층,10,각 레코드 동일가중; 최근거리만 사용,2026-03-02 공개좌표 10건,0.1,0.8,창릉동,-1.0157711971683734,5.230356044778631,-0.3091252353727,0.0001797900400723,2433.0384625106253,0.04078485761197564,0.41689237803525075,22,21,False,5.230356044778631,-0.3091252353727,1141.848174531454,0.14183434581213775,18,17,False,0.0,0.0,1291.1902879791712,4
partial_elder_care_providers,partial_facility_term_only,노인돌봄 수행기관 공개 좌표 대리층,10,각 레코드 동일가중; 최근거리만 사용,2026-03-02 공개좌표 10건,0.1,0.8,고양동,-0.1975879706958513,2.3792741219830367,0.8058970767150847,0.000190081904272,6388.988301978016,1.324334616638017,0.7593285292598578,3,2,True,2.3792741219830367,0.8058970767150847,1438.5542854295577,1.0087851404317612,4,3,True,0.0,0.0,4950.434016548459,-1
partial_elder_care_providers,partial_facility_term_only,노인돌봄 수행기관 공개 좌표 대리층,10,각 레코드 동일가중; 최근거리만 사용,2026-03-02 공개좌표 10건,0.1,0.8,관산동,0.1500954406277719,2.4993253459689755,1.2274261933978212,0.0001069583515347,6631.073020178154,1.4340396366046293,0.7885965529910853,2,1,True,2.4993253459689755,1.2274261933978212,834.2584241105883,0.9164599657340404,7,6,True,0.0,0.0,5796.8145960675665,-5
partial_elder_care_providers,partial_facility_term_only,노인돌봄 수행기관 공개 좌표 대리층,10,각 레코드 동일가중; 최근거리만 사용,2026-03-02 공개좌표 10건,0.1,0.8,능곡동,-0.4975153295188249,7.552714240549709,0.2350289134429036,0.0002238689103166,1566.0301545484813,0.4104038577630074,0.5155024295281114,11,10,False,7.552714240549709,0.2350289134429036,1268.7646315385791,0.6571956174539099,8,7,True,0.0,0.0,297.26552300990215,3
partial_elder_care_providers,partial_facility_term_only,노인돌봄 수행기관 공개 좌표 대리층,10,각 레코드 동일가중; 최근거리만 사용,2026-03-02 공개좌표 10건,0.1,0.8,화정1동,0.4196982280559918,40.54288884542499,0.0639015999634497,1.3405564215691206e-05,909.080059097763,-0.31351091568910255,0.3223703852950335,33,30,False,40.54288884542499,0.0639015999634497,312.01281044718525,-0.254909890591197,31,29,False,0.0,0.0,597.0672486505778,2
partial_elder_care_providers,partial_facility_term_only,노인돌봄 수행기관 공개 좌표 대리층,10,각 레코드 동일가중; 최근거리만 사용,2026-03-02 공개좌표 10건,0.1,0.8,화정2동,-0.0189874404540583,59.34697417251324,-1.212379915843223,1.1319534283541755e-05,1311.8150388036909,-1.1343830950533194,0.10337123253750119,41,38,False,59.34697417251324,-1.212379915843223,485.3961931393568,-1.0775867906583412,40,37,False,0.0,0.0,826.4188456643341,1
partial_elder_care_providers,partial_facility_term_only,노인돌봄 수행기관 공개 좌표 대리층,10,각 레코드 동일가중; 최근거리만 사용,2026-03-02 공개좌표 10건,0.1,0.8,행주동,-0.0078915205836514,8.694980334077634,0.7904260084118929,0.0001883098010287,1993.5499744525337,0.75303233728102,0.6069117239485445,6,5,True,8.694980334077634,0.7904260084118929,1358.4192868361513,0.9711354349229713,6,5,True,0.0,0.0,635.1306876163824,0
partial_elder_care_providers,partial_facility_term_only,노인돌봄 수행기관 공개 좌표 대리층,10,각 레코드 동일가중; 최근거리만 사용,2026-03-02 공개좌표 10건,0.1,0.8,행신1동,1.3608928135501752,64.94317652905693,0.2595155718957045,5.679154248617028e-06,1001.0965735932075,-0.1882899323189394,0.3557778876503584,29,27,False,64.94317652905693,0.2595155718957045,168.04345586031778,-0.18216820648352955,26,25,False,0.0,0.0,833.0531177328897,3
partial_elder_care_providers,partial_facility_term_only,노인돌봄 수행기관 공개 좌표 대리층,10,각 레코드 동일가중; 최근거리만 사용,2026-03-02 공개좌표 10건,0.1,0.8,행신2동,-0.3574717052212928,18.128003728251063,-0.0085963843603965,4.854838137410698e-05,1723.1954817310316,-0.17209934657808945,0.3600973476698715,27,25,False,18.128003728251063,-0.0085963843603965,739.2268422024636,-0.09538613899041729,23,22,False,0.0,0.0,983.968639528568,4
partial_elder_care_providers,partial_facility_term_only,노인돌봄 수행기관 공개 좌표 대리층,10,각 레코드 동일가중; 최근거리만 사용,2026-03-02 공개좌표 10건,0.1,0.8,행신3동,1.2686586111811229,61.37099430523384,0.2867272914331722,1.3272629419928166e-05,822.1588538295022,-0.17353631594120575,0.3597139809521631,28,26,False,61.37099430523384,0.2867272914331722,227.08229226865384,-0.12802018839948226,25,24,False,0.0,0.0,595.0765615608483,3
partial_elder_care_providers,partial_facility_term_only,노인돌봄 수행기관 공개 좌표 대리층,10,각 레코드 동일가중; 최근거리만 사용,2026-03-02 공개좌표 10건,0.1,0.8,행신4동,0.6351664438937814,28.6264536911948,0.796037364719661,2.3049808818926964e-05,567.6580593709346,0.1644611906951915,0.44988778565444987,18,17,False,28.6264536911948,0.796037364719661,294.15787059295087,0.2612159199874837,14,13,False,0.0,0.0,273.5001887779837,4
partial_elder_care_providers,partial_facility_term_only,노인돌봄 수행기관 공개 좌표 대리층,10,각 레코드 동일가중; 최근거리만 사용,2026-03-02 공개좌표 10건,0.1,0.8,화전동,-0.9714390763216944,5.554606326156234,-0.2675100505612137,7.671946985088419e-05,3838.671942151364,-0.009920586807118381,0.40336475504213587,23,,False,5.554606326156234,-0.2675100505612137,672.9175885069833,-0.2197932283335469,29,,False,0.0,0.0,3165.754353644381,-6
partial_elder_care_providers,partial_facility_term_only,노인돌봄 수행기관 공개 좌표 대리층,10,각 레코드 동일가중; 최근거리만 사용,2026-03-02 공개좌표 10건,0.1,0.8,대덕동,-1.3787723914491743,1.64928931028072,-0.6135123980934756,0.0002501159250992,3782.37769392882,0.18017219003727125,0.45407929759916515,16,15,False,1.64928931028072,-0.6135123980934756,1266.1665836339614,0.14567911029398042,17,16,False,0.0,0.0,2516.2111102948584,-1
partial_elder_care_providers,partial_facility_term_only,노인돌봄 수행기관 공개 좌표 대리층,10,각 레코드 동일가중; 최근거리만 사용,2026-03-02 공개좌표 10건,0.1,0.8,식사동,-1.010587057406619,10.417317638276309,-0.5064718441625805,4.576697974454426e-05,3433.300869855789,-0.3006439029757522,0.32580315467567766,32,,False,10.417317638276309,-0.5064718441625805,643.0645410470563,-0.4676709203017679,34,,False,0.0,0.0,2790.2363288087327,-2
partial_elder_care_providers,partial_facility_term_only,노인돌봄 수행기관 공개 좌표 대리층,10,각 레코드 동일가중; 최근거리만 사용,2026-03-02 공개좌표 10건,0.1,0.8,중산1동,0.7756374423331662,27.09019852519108,1.028580048654424,1.3452173873668196e-05,2744.8842281515235,0.5740430075391901,0.5591594519730715,8,7,True,27.09019852519108,1.028580048654424,318.79657199554686,0.40218965412222357,12,11,False,0.0,0.0,2426.0876561559767,-4
partial_elder_care_providers,partial_facility_term_only,노인돌봄 수행기관 공개 좌표 대리층,10,각 레코드 동일가중; 최근거리만 사용,2026-03-02 공개좌표 10건,0.1,0.8,중산2동,0.1798689144206002,26.64274474595094,0.3157678050113327,2.0713131337054117e-05,2388.1308436744876,0.062950681813973,0.4228059621990722,19,18,False,26.64274474595094,0.3157678050113327,265.56677692252146,-0.07884110881593134,22,21,False,0.0,0.0,2122.564066751966,-3
partial_elder_care_providers,partial_facility_term_only,노인돌봄 수행기관 공개 좌표 대리층,10,각 레코드 동일가중; 최근거리만 사용,2026-03-02 공개좌표 10건,0.1,0.8,정발산동,0.300783414740963,45.01647866583588,-0.2575690745448655,1.2962627552602784e-05,1439.1822961020769,-0.4658067186934899,0.2817396358739467,35,32,False,45.01647866583588,-0.2575690745448655,193.93936726516665,-0.5077939771970685,35,32,False,0.0,0.0,1245.2429288369103,0
partial_elder_care_providers,partial_facility_term_only,노인돌봄 수행기관 공개 좌표 대리층,10,각 레코드 동일가중; 최근거리만 사용,2026-03-02 공개좌표 10건,0.1,0.8,풍산동,-0.4774119630451041,17.1605577518855,-0.1176440914987068,5.027596966220582e-05,2423.890611114786,-0.15314691709557635,0.3651536354863035,26,24,False,17.1605577518855,-0.1176440914987068,604.5789761454724,-0.20331659082407308,28,27,False,0.0,0.0,1819.3116349693137,-2
partial_elder_care_providers,partial_facility_term_only,노인돌봄 수행기관 공개 좌표 대리층,10,각 레코드 동일가중; 최근거리만 사용,2026-03-02 공개좌표 10건,0.1,0.8,백석1동,0.0215720856654819,38.88673571668811,-0.359142243871342,1.0820527077915604e-05,967.4826643307936,-0.5998266439819091,0.24598467812458802,36,33,False,38.88673571668811,-0.359142243871342,233.7702368806786,-0.5708089878019074,36,33,False,0.0,0.0,733.712427450115,0
partial_elder_care_providers,partial_facility_term_only,노인돌봄 수행기관 공개 좌표 대리층,10,각 레코드 동일가중; 최근거리만 사용,2026-03-02 공개좌표 10건,0.1,0.8,백석2동,1.0022988467318128,42.34874684941851,0.7072234065568425,7.482777545212669e-06,405.3447444446398,0.044807834434984095,0.4179656614744391,21,20,False,42.34874684941851,0.7072234065568425,179.81071626446425,0.12967791997188843,19,18,False,0.0,0.0,225.53402818017554,2
partial_elder_care_providers,partial_facility_term_only,노인돌봄 수행기관 공개 좌표 대리층,10,각 레코드 동일가중; 최근거리만 사용,2026-03-02 공개좌표 10건,0.1,0.8,마두1동,-0.3476877530828261,49.00841836792065,-1.209335976920437,2.095532357352737e-05,1759.3639076160894,-1.051648811206706,0.1254437774743303,39,36,False,49.00841836792065,-1.209335976920437,229.3560111838389,-1.1241203929482053,41,38,False,0.0,0.0,1530.0078964322504,-2
partial_elder_care_providers,partial_facility_term_only,노인돌봄 수행기관 공개 좌표 대리층,10,각 레코드 동일가중; 최근거리만 사용,2026-03-02 공개좌표 10건,0.1,0.8,마두2동,0.3697814463191027,74.79411280432868,-1.3424066009874744,5.501761798547457e-06,1233.9846093432543,-1.2470289340325127,0.0733186324881102,43,40,False,74.79411280432868,-1.3424066009874744,165.94169935942577,-1.27098254982351,43,40,False,0.0,0.0,1068.0429099838286,0
partial_elder_care_providers,partial_facility_term_only,노인돌봄 수행기관 공개 좌표 대리층,10,각 레코드 동일가중; 최근거리만 사용,2026-03-02 공개좌표 10건,0.1,0.8,장항1동,-1.4010364229029388,8.108099822052091,-0.8944571877480685,0.0002674015666791,1788.989924070306,-0.21984489249858255,0.3473593911799434,31,29,False,8.108099822052091,-0.8944571877480685,1056.6100173599111,-0.0614456897980678,21,20,False,0.0,0.0,732.3799067103948,10
partial_elder_care_providers,partial_facility_term_only,노인돌봄 수행기관 공개 좌표 대리층,10,각 레코드 동일가중; 최근거리만 사용,2026-03-02 공개좌표 10건,0.1,0.8,장항2동,-0.3442169416275722,62.51375393419124,-1.7354618581018375,1.3765289748929878e-05,1008.727307354378,-1.5218483791339918,0.0,44,41,False,62.51375393419124,-1.7354618581018375,283.36614018593525,-1.4839854242008306,44,41,False,0.0,0.0,725.3611671684428,0
partial_elder_care_providers,partial_facility_term_only,노인돌봄 수행기관 공개 좌표 대리층,10,각 레코드 동일가중; 최근거리만 사용,2026-03-02 공개좌표 10건,0.1,0.8,고봉동,-0.108627977686805,1.5473626118985893,0.9476287005769358,0.0005557427413208,5555.525479414614,2.2264409134417464,1.0,1,,False,1.5473626118985893,0.9476287005769358,1019.3528957931436,1.8975007705208895,1,,False,0.0,0.0,4536.17258362147,0
partial_elder_care_providers,partial_facility_term_only,노인돌봄 수행기관 공개 좌표 대리층,10,각 레코드 동일가중; 최근거리만 사용,2026-03-02 공개좌표 10건,0.1,0.8,일산1동,1.7113353946987817,55.380218890346285,1.064697994707209,1.082242870822518e-05,1777.6837078583242,0.4695849432988093,0.5312912550205894,9,8,True,55.380218890346285,1.064697994707209,155.7119082933697,0.373907914395718,13,12,False,0.0,0.0,1621.9717995649544,-4
partial_elder_care_providers,partial_facility_term_only,노인돌봄 수행기관 공개 좌표 대리층,10,각 레코드 동일가중; 최근거리만 사용,2026-03-02 공개좌표 10건,0.1,0.8,일산2동,1.542670888862889,59.30527829765953,0.7037783626908223,7.4079617305621715e-06,1833.0787310653006,0.2230063511241066,0.46550695372263395,15,14,False,59.30527829765953,0.7037783626908223,140.91723984707198,0.1161213758297429,20,19,False,0.0,0.0,1692.1614912182285,-5
partial_elder_care_providers,partial_facility_term_only,노인돌봄 수행기관 공개 좌표 대리층,10,각 레코드 동일가중; 최근거리만 사용,2026-03-02 공개좌표 10건,0.1,0.8,일산3동,0.0467915387468424,62.58590429407474,-1.258937052310574,8.667684875245625e-06,981.7643461442987,-1.214385086729352,0.08202763138203725,42,39,False,62.58590429407474,-1.258937052310574,211.86857907559332,-1.1933868418718958,42,39,False,0.0,0.0,769.8957670687054,0
partial_elder_care_providers,partial_facility_term_only,노인돌봄 수행기관 공개 좌표 대리층,10,각 레코드 동일가중; 최근거리만 사용,2026-03-02 공개좌표 10건,0.1,0.8,탄현1동,0.5460559361956295,42.40602042656029,0.1456414789564889,7.755991122547013e-06,2394.9051375459903,-0.0840092224491573,0.38359876851895397,24,22,False,42.40602042656029,0.1456414789564889,120.4806961876034,-0.26780696650856967,32,30,False,0.0,0.0,2274.424441358387,-8
partial_elder_care_providers,partial_facility_term_only,노인돌봄 수행기관 공개 좌표 대리층,10,각 레코드 동일가중; 최근거리만 사용,2026-03-02 공개좌표 10건,0.1,0.8,탄현2동,-0.2102774159803954,18.4652044974066,0.158614464947607,1.921088606279047e-05,3173.566112273099,0.051913800454462304,0.4198614505837677,20,19,False,18.4652044974066,0.158614464947607,267.6202678116823,-0.18871695322124538,27,26,False,0.0,0.0,2905.9458444614165,-7
partial_elder_care_providers,partial_facility_term_only,노인돌봄 수행기관 공개 좌표 대리층,10,각 레코드 동일가중; 최근거리만 사용,2026-03-02 공개좌표 10건,0.1,0.8,주엽1동,1.2459646222046965,92.75287361440554,-0.9735222511692698,3.957737637695617e-06,458.6569630951075,-1.0985303359588081,0.11293633178571691,40,37,False,92.75287361440554,-0.9735222511692698,192.0778092804819,-1.0169294563321534,39,36,False,0.0,0.0,266.57915381462567,1
partial_elder_care_providers,partial_facility_term_only,노인돌봄 수행기관 공개 좌표 대리층,10,각 레코드 동일가중; 최근거리만 사용,2026-03-02 공개좌표 10건,0.1,0.8,주엽2동,1.5659732252529237,86.91298828309513,-0.3518628056916535,5.207884632602779e-06,363.599802771773,-0.685312644086919,0.22317800728561818,37,34,False,86.91298828309513,-0.3518628056916535,159.71909845610725,-0.6008566981640777,37,34,False,0.0,0.0,203.88070431566575,0
partial_elder_care_providers,partial_facility_term_only,노인돌봄 수행기관 공개 좌표 대리층,10,각 레코드 동일가중; 최근거리만 사용,2026-03-02 공개좌표 10건,0.1,0.8,대화동,-0.351512429196386,37.23243223817021,-0.7515588512758407,2.002485221552675e-05,802.2041951122047,-0.8642754011117265,0.17543282460207232,38,35,False,37.23243223817021,-0.7515588512758407,289.2582390525824,-0.7985994145303088,38,35,False,0.0,0.0,512.9459560596224,0
partial_elder_care_providers,partial_facility_term_only,노인돌봄 수행기관 공개 좌표 대리층,10,각 레코드 동일가중; 최근거리만 사용,2026-03-02 공개좌표 10건,0.1,0.8,송포동,-0.766508190098463,3.469587304316442,0.0656085006590319,0.0002085057184501,2780.8375510232654,0.4108408252628939,0.5156190073762386,10,9,False,3.469587304316442,0.0656085006590319,1437.3604284129906,0.5516769125789557,9,8,True,0.0,0.0,1343.4771226102748,1
partial_elder_care_providers,partial_facility_term_only,노인돌봄 수행기관 공개 좌표 대리층,10,각 레코드 동일가중; 최근거리만 사용,2026-03-02 공개좌표 10건,0.1,0.8,덕이동,-0.6918638913173559,10.283391754915804,-0.1104724695296885,5.147460066329769e-05,2515.6088336367934,-0.133679821244352,0.3703472303056209,25,23,False,10.283391754915804,-0.1104724695296885,496.31253754331885,-0.2261651864805044,30,28,False,0.0,0.0,2019.2962960934747,-5
partial_elder_care_providers,partial_facility_term_only,노인돌봄 수행기관 공개 좌표 대리층,10,각 레코드 동일가중; 최근거리만 사용,2026-03-02 공개좌표 10건,0.1,0.8,가좌동,-0.6775723485155032,0.9353055844131872,0.2741659228557271,0.0003740847374566,4771.382867975312,1.2171117181146294,0.7307227066687989,4,3,True,0.9353055844131872,0.2741659228557271,2160.780363381229,1.3111542095737996,2,1,True,0.0,0.0,2610.6025045940833,2
full_elder_care_providers,full_cag_and_facility_term,노인돌봄 수행기관 공개 좌표 대리층,10,각 레코드 동일가중,2026-03-02 공개좌표 10건,0.1,0.8,주교동,0.0373062907032981,0.13122492394611146,0.13849209455202816,0.0002633798090061,1505.6300464967176,0.4127200604461609,0.576865275588372,12,11,False,11.16134824352095,0.7489773417793479,801.3816390718099,0.9721090649827719,5,4,True,-11.030123319574837,-0.6104852472273198,704.2484074249077,7
full_elder_care_providers,full_cag_and_facility_term,노인돌봄 수행기관 공개 좌표 대리층,10,각 레코드 동일가중,2026-03-02 공개좌표 10건,0.1,0.8,원신동,-0.5975421223625897,0.01508610010586226,-0.11136335508743245,0.0001330932520967,2825.1635479871616,0.1267872929130127,0.493743641115824,17,16,False,4.3702956881167205,0.237380496391152,1186.982844118443,0.40935073469645483,11,10,False,-4.355209588010858,-0.34874385147858444,1638.1807038687186,6
full_elder_care_providers,full_cag_and_facility_term,노인돌봄 수행기관 공개 좌표 대리층,10,각 레코드 동일가중,2026-03-02 공개좌표 10건,0.1,0.8,흥도동,-0.9270607543001314,0.06324492698982548,-0.7344637783223256,0.0001156461146152,1739.1059231560723,-0.3739766087031262,0.3481698604460091,33,30,False,8.179865439321938,-0.3162033413448106,859.7734545792188,-0.10284326632186505,24,23,False,-8.116620512332112,-0.41826043697751497,879.3324685768536,9
full_elder_care_providers,full_cag_and_facility_term,노인돌봄 수행기관 공개 좌표 대리층,10,각 레코드 동일가중,2026-03-02 공개좌표 10건,0.1,0.8,성사1동,0.3010965635006501,0.145640852982275,0.39629332641141335,2.031490211182485e-05,1406.2573290934183,-0.07335251155087033,0.4355623147376728,24,23,False,21.617158395816187,0.6617518921402419,523.7998073037636,0.22834339977689266,16,15,False,-21.47151754283391,-0.26545856572882853,882.4575217896547,8
full_elder_care_providers,full_cag_and_facility_term,노인돌봄 수행기관 공개 좌표 대리층,10,각 레코드 동일가중,2026-03-02 공개좌표 10건,0.1,0.8,성사2동,0.8457553469012984,0.6529219698491404,-1.244142764992386,1.7230993038091426e-05,501.86975577914467,-1.0374664593667946,0.15529108926174007,42,39,False,27.15650752537194,1.1119372687890825,413.428634514588,0.495050130191262,10,9,False,-26.5035855555228,-2.3560800337814687,88.44112126455667,32
full_elder_care_providers,full_cag_and_facility_term,노인돌봄 수행기관 공개 좌표 대리층,10,각 레코드 동일가중,2026-03-02 공개좌표 10건,0.1,0.8,효자동,-1.1882440726489265,0.0035511858011310696,-0.7830519731267485,0.0002888832579403,5897.797288694653,0.559270333275158,0.6194679416452864,8,7,True,1.6608646599432235,-0.3803880881701609,4152.763786508891,1.2192832926591888,3,2,True,-1.6573134741420925,-0.40266388495658756,1745.0335021857618,5
full_elder_care_providers,full_cag_and_facility_term,노인돌봄 수행기관 공개 좌표 대리층,10,각 레코드 동일가중,2026-03-02 공개좌표 10건,0.1,0.8,삼송1동,-0.9119782760816036,0.12507632386313408,-0.9973102923065068,5.353799579996714e-05,1586.607141117581,-0.6829822263666815,0.25834086944582135,39,36,False,9.489139859652225,-0.3491306880077152,724.2217901819029,-0.3184436573245626,33,31,False,-9.364063535789091,-0.6481796042987916,862.3853509356782,6
full_elder_care_providers,full_cag_and_facility_term,노인돌봄 수행기관 공개 좌표 대리층,10,각 레코드 동일가중,2026-03-02 공개좌표 10건,0.1,0.8,삼송2동,0.1301607530791594,0.047202620516482316,0.634634388186841,2.402335580108581e-05,1693.8078358673872,0.09461672988701036,0.4843915483015108,18,17,False,15.587863467125716,0.688974704870108,438.5989880666536,0.23190761198698412,15,14,False,-15.540660846609233,-0.054340316683267,1255.2088478007336,3
full_elder_care_providers,full_cag_and_facility_term,노인돌봄 수행기관 공개 좌표 대리층,10,각 레코드 동일가중,2026-03-02 공개좌표 10건,0.1,0.8,창릉동,-1.0157711971683734,0.0338850883937473,-0.7096294715348123,0.0001797900400723,2433.0384625106253,-0.11352073385832538,0.4238852749885813,26,24,False,5.230356044778631,-0.3091252353727,1141.848174531454,0.14183434581213775,18,17,False,-5.196470956384884,-0.4005042361621123,1291.1902879791712,8
full_elder_care_providers,full_cag_and_facility_term,노인돌봄 수행기관 공개 좌표 대리층,10,각 레코드 동일가중,2026-03-02 공개좌표 10건,0.1,0.8,고양동,-0.1975879706958513,0.0005499223745150761,0.4451024826138672,0.000190081904272,6388.988301978016,1.0055423891426232,0.7492007561917253,4,3,True,2.3792741219830367,0.8058970767150847,1438.5542854295577,1.0087851404317612,4,3,True,-2.3787241996085218,-0.3607945941012175,4950.434016548459,0
full_elder_care_providers,full_cag_and_facility_term,노인돌봄 수행기관 공개 좌표 대리층,10,각 레코드 동일가중,2026-03-02 공개좌표 10건,0.1,0.8,관산동,0.1500954406277719,2.7287079927187168e-05,0.873724270665437,0.0001069583515347,6631.073020178154,1.0489993854972333,0.761833853816131,2,1,True,2.4993253459689755,1.2274261933978212,834.2584241105883,0.9164599657340404,7,6,True,-2.4992980588890483,-0.3537019227323842,5796.8145960675665,-5
full_elder_care_providers,full_cag_and_facility_term,노인돌봄 수행기관 공개 좌표 대리층,10,각 레코드 동일가중,2026-03-02 공개좌표 10건,0.1,0.8,능곡동,-0.4975153295188249,0.09748475209419816,-0.3636544399385201,0.0002238689103166,1566.0301545484813,0.06416419882094443,0.4755388932599931,20,19,False,7.552714240549709,0.2350289134429036,1268.7646315385791,0.6571956174539099,8,7,True,-7.455229488455511,-0.5986833533814238,297.26552300990215,12
full_elder_care_providers,full_cag_and_facility_term,노인돌봄 수행기관 공개 좌표 대리층,10,각 레코드 동일가중,2026-03-02 공개좌표 10건,0.1,0.8,화정1동,0.4196982280559918,0.35350108262267194,-0.40408427901832844,1.3405564215691206e-05,909.080059097763,-0.5642980478944025,0.29284276646783275,37,34,False,40.54288884542499,0.0639015999634497,312.01281044718525,-0.254909890591197,31,29,False,-40.18938776280232,-0.4679858789817781,597.0672486505778,6
full_elder_care_providers,full_cag_and_facility_term,노인돌봄 수행기관 공개 좌표 대리층,10,각 레코드 동일가중,2026-03-02 공개좌표 10건,0.1,0.8,화정2동,-0.0189874404540583,0.11713551784220883,0.1335863138504189,1.1319534283541755e-05,1311.8150388036909,-0.2425606209623901,0.38637293801237427,30,28,False,59.34697417251324,-1.212379915843223,485.3961931393568,-1.0775867906583412,40,37,False,-59.229838654671035,1.3459662296936419,826.4188456643341,-10
full_elder_care_providers,full_cag_and_facility_term,노인돌봄 수행기관 공개 좌표 대리층,10,각 레코드 동일가중,2026-03-02 공개좌표 10건,0.1,0.8,행주동,-0.0078915205836514,0.060389857010564325,0.4053858972932519,0.0001883098010287,1993.5499744525337,0.4243612253658685,0.580249402086495,11,10,False,8.694980334077634,0.7904260084118929,1358.4192868361513,0.9711354349229713,6,5,True,-8.63459047706707,-0.385040111118641,635.1306876163824,5
full_elder_care_providers,full_cag_and_facility_term,노인돌봄 수행기관 공개 좌표 대리층,10,각 레코드 동일가중,2026-03-02 공개좌표 10건,0.1,0.8,행신1동,1.3608928135501752,0.1789165120352906,1.5441480122763311,5.679154248617028e-06,1001.0965735932075,0.42801710223358314,0.581312178008599,10,9,False,64.94317652905693,0.2595155718957045,168.04345586031778,-0.18216820648352955,26,25,False,-64.76426001702164,1.2846324403806266,833.0531177328897,-16
full_elder_care_providers,full_cag_and_facility_term,노인돌봄 수행기관 공개 좌표 대리층,10,각 레코드 동일가중,2026-03-02 공개좌표 10건,0.1,0.8,행신2동,-0.3574717052212928,0.05809952388412265,-0.012762055165825736,4.854838137410698e-05,1723.1954817310316,-0.17281210950870235,0.40664906909058535,27,25,False,18.128003728251063,-0.0085963843603965,739.2268422024636,-0.09538613899041729,23,22,False,-18.06990420436694,-0.004165670805429237,983.968639528568,4
full_elder_care_providers,full_cag_and_facility_term,노인돌봄 수행기관 공개 좌표 대리층,10,각 레코드 동일가중,2026-03-02 공개좌표 10건,0.1,0.8,행신3동,1.2686586111811229,0.2275184356305563,1.2099311931041934,1.3272629419928166e-05,822.1588538295022,0.2527569171197186,0.5303634421560813,14,13,False,61.37099430523384,0.2867272914331722,227.08229226865384,-0.12802018839948226,25,24,False,-61.143475869603286,0.9232039016710212,595.0765615608483,-11
full_elder_care_providers,full_cag_and_facility_term,노인돌봄 수행기관 공개 좌표 대리층,10,각 레코드 동일가중,2026-03-02 공개좌표 10건,0.1,0.8,행신4동,0.6351664438937814,0.3621856305333015,-0.17944548932739146,2.3049808818926964e-05,567.6580593709346,-0.4681833379074582,0.3207836417298594,35,32,False,28.6264536911948,0.796037364719661,294.15787059295087,0.2612159199874837,14,13,False,-28.2642680606615,-0.9754828540470525,273.5001887779837,21
full_elder_care_providers,full_cag_and_facility_term,노인돌봄 수행기관 공개 좌표 대리층,10,각 레코드 동일가중,2026-03-02 공개좌표 10건,0.1,0.8,화전동,-0.9714390763216944,0.0023697020618868147,-0.5118832577286992,7.671946985088419e-05,3838.671942151364,-0.09099204683199896,0.4304344414388086,25,,False,5.554606326156234,-0.2675100505612137,672.9175885069833,-0.2197932283335469,29,,False,-5.5522366240943475,-0.24437320716748556,3165.754353644381,-4
full_elder_care_providers,full_cag_and_facility_term,노인돌봄 수행기관 공개 좌표 대리층,10,각 레코드 동일가중,2026-03-02 공개좌표 10건,0.1,0.8,대덕동,-1.3787723914491743,0.0015758192808097878,-1.0076428217113969,0.0002501159250992,3782.37769392882,0.0796044574046505,0.48002742929323255,19,18,False,1.64928931028072,-0.6135123980934756,1266.1665836339614,0.14567911029398042,17,16,False,-1.6477134909999103,-0.3941304236179213,2516.2111102948584,2
full_elder_care_providers,full_cag_and_facility_term,노인돌봄 수행기관 공개 좌표 대리층,10,각 레코드 동일가중,2026-03-02 공개좌표 10건,0.1,0.8,식사동,-1.010587057406619,0.003067888810198624,-0.5630536655668079,4.576697974454426e-05,3433.300869855789,-0.2457127855129047,0.38545659298544477,31,,False,10.417317638276309,-0.5064718441625805,643.0645410470563,-0.4676709203017679,34,,False,-10.41424974946611,-0.056581821404227406,2790.2363288087327,-3
full_elder_care_providers,full_cag_and_facility_term,노인돌봄 수행기관 공개 좌표 대리층,10,각 레코드 동일가중,2026-03-02 공개좌표 10건,0.1,0.8,중산1동,0.7756374423331662,0.008761909210094614,1.6008666925837165,1.3452173873668196e-05,2744.8842281515235,0.6972318923633142,0.6595738392124798,7,6,True,27.09019852519108,1.028580048654424,318.79657199554686,0.40218965412222357,12,11,False,-27.081436615980987,0.5722866439292924,2426.0876561559767,-5
full_elder_care_providers,full_cag_and_facility_term,노인돌봄 수행기관 공개 좌표 대리층,10,각 레코드 동일가중,2026-03-02 공개좌표 10건,0.1,0.8,중산2동,0.1798689144206002,0.016644549713100476,0.8346155299100859,2.0713131337054117e-05,2388.1308436744876,0.27689441560900707,0.5373802956066944,13,12,False,26.64274474595094,0.3157678050113327,265.56677692252146,-0.07884110881593134,22,21,False,-26.62610019623784,0.5188477248987532,2122.564066751966,-9
full_elder_care_providers,full_cag_and_facility_term,노인돌봄 수행기관 공개 좌표 대리층,10,각 레코드 동일가중,2026-03-02 공개좌표 10건,0.1,0.8,정발산동,0.300783414740963,0.1309751322616762,0.4626394170958533,1.2962627552602784e-05,1439.1822961020769,-0.05345753183595924,0.44134585345542365,22,21,False,45.01647866583588,-0.2575690745448655,193.93936726516665,-0.5077939771970685,35,32,False,-44.88550353357421,0.7202084916407188,1245.2429288369103,-13
full_elder_care_providers,full_cag_and_facility_term,노인돌봄 수행기관 공개 좌표 대리층,10,각 레코드 동일가중,2026-03-02 공개좌표 10건,0.1,0.8,풍산동,-0.4774119630451041,0.018042589733227667,0.022458434872520305,5.027596966220582e-05,2423.890611114786,-0.06173463863314294,0.4389396701710752,23,22,False,17.1605577518855,-0.1176440914987068,604.5789761454724,-0.20331659082407308,28,27,False,-17.14251516215227,0.1401025263712271,1819.3116349693137,-5
full_elder_care_providers,full_cag_and_facility_term,노인돌봄 수행기관 공개 좌표 대리층,10,각 레코드 동일가중,2026-03-02 공개좌표 10건,0.1,0.8,백석1동,0.0215720856654819,0.1712244160084924,-0.06279763933072013,1.0820527077915604e-05,967.4826643307936,-0.38818386003244404,0.3440397638430786,34,31,False,38.88673571668811,-0.359142243871342,233.7702368806786,-0.5708089878019074,36,33,False,-38.715511300679616,0.2963446045406219,733.712427450115,-2
full_elder_care_providers,full_cag_and_facility_term,노인돌봄 수행기관 공개 좌표 대리층,10,각 레코드 동일가중,2026-03-02 공개좌표 10건,0.1,0.8,백석2동,1.0022988467318128,0.46376989670865953,-0.19157327445393624,7.482777545212669e-06,405.3447444446398,-0.533752633239284,0.30172242308669456,36,33,False,42.34874684941851,0.7072234065568425,179.81071626446425,0.12967791997188843,19,18,False,-41.88497695270985,-0.8987966810107787,225.53402818017554,17
full_elder_care_providers,full_cag_and_facility_term,노인돌봄 수행기관 공개 좌표 대리층,10,각 레코드 동일가중,2026-03-02 공개좌표 10건,0.1,0.8,마두1동,-0.3476877530828261,0.05851626197655177,-0.0026635686913962786,2.095532357352737e-05,1759.3639076160894,-0.23182317383799475,0.38949435065333304,29,27,False,49.00841836792065,-1.209335976920437,229.3560111838389,-1.1241203929482053,41,38,False,-48.9499021059441,1.2066724082290408,1530.0078964322504,-12
full_elder_care_providers,full_cag_and_facility_term,노인돌봄 수행기관 공개 좌표 대리층,10,각 레코드 동일가중,2026-03-02 공개좌표 10건,0.1,0.8,마두2동,0.3697814463191027,0.10052942320131622,0.6857577931806628,5.501761798547457e-06,1233.9846093432543,0.01648787193533563,0.46167922180446513,21,20,False,74.79411280432868,-1.3424066009874744,165.94169935942577,-1.27098254982351,43,40,False,-74.69358338112735,2.028164394168137,1068.0429099838286,-22
full_elder_care_providers,full_cag_and_facility_term,노인돌봄 수행기관 공개 좌표 대리층,10,각 레코드 동일가중,2026-03-02 공개좌표 10건,0.1,0.8,장항1동,-1.4010364229029388,0.07081543005789574,-1.349982289118507,0.0002674015666791,1788.989924070306,-0.30534343064710434,0.36812176028694144,32,29,False,8.108099822052091,-0.8944571877480685,1056.6100173599111,-0.0614456897980678,21,20,False,-8.037284391994195,-0.45552510137043845,732.3799067103948,11
full_elder_care_providers,full_cag_and_facility_term,노인돌봄 수행기관 공개 좌표 대리층,10,각 레코드 동일가중,2026-03-02 공개좌표 10건,0.1,0.8,장항2동,-0.3442169416275722,0.24797167871713993,-0.8604431563572642,1.3765289748929878e-05,1008.727307354378,-0.7850129093936763,0.22868020056648045,40,37,False,62.51375393419124,-1.7354618581018375,283.36614018593525,-1.4839854242008306,44,41,False,-62.2657822554741,0.8750187017445733,725.3611671684428,-4
full_elder_care_providers,full_cag_and_facility_term,노인돌봄 수행기관 공개 좌표 대리층,10,각 레코드 동일가중,2026-03-02 공개좌표 10건,0.1,0.8,고봉동,-0.108627977686805,0.0001675630583186149,0.5559030749060087,0.0005557427413208,5555.525479414614,1.8682747251026974,1.0,1,,False,1.5473626118985893,0.9476287005769358,1019.3528957931436,1.8975007705208895,1,,False,-1.5471950488402706,-0.39172562567092717,4536.17258362147,0
full_elder_care_providers,full_cag_and_facility_term,노인돌봄 수행기관 공개 좌표 대리층,10,각 레코드 동일가중,2026-03-02 공개좌표 10건,0.1,0.8,일산1동,1.7113353946987817,0.06587467540366776,2.488122202114889,1.082242870822518e-05,1777.6837078583242,1.0236295265376887,0.7544587489575706,3,2,True,55.380218890346285,1.064697994707209,155.7119082933697,0.373907914395718,13,12,False,-55.314344214942615,1.42342420740768,1621.9717995649544,-10
full_elder_care_providers,full_cag_and_facility_term,노인돌봄 수행기관 공개 좌표 대리층,10,각 레코드 동일가중,2026-03-02 공개좌표 10건,0.1,0.8,일산2동,1.542670888862889,0.05274088210136754,2.341106953650106,7.4079617305621715e-06,1833.0787310653006,0.9466761936179368,0.7320881516119608,6,5,True,59.30527829765953,0.7037783626908223,140.91723984707198,0.1161213758297429,20,19,False,-59.25253741555816,1.6373285909592836,1692.1614912182285,-14
full_elder_care_providers,full_cag_and_facility_term,노인돌봄 수행기관 공개 좌표 대리층,10,각 레코드 동일가중,2026-03-02 공개좌표 10건,0.1,0.8,일산3동,0.0467915387468424,0.27605179870428537,-0.5088512628341486,8.667684875245625e-06,981.7643461442987,-0.6206775257947931,0.27645305921524915,38,35,False,62.58590429407474,-1.258937052310574,211.86857907559332,-1.1933868418718958,42,39,False,-62.30985249537045,0.7500857894764255,769.8957670687054,-4
full_elder_care_providers,full_cag_and_facility_term,노인돌봄 수행기관 공개 좌표 대리층,10,각 레코드 동일가중,2026-03-02 공개좌표 10건,0.1,0.8,탄현1동,0.5460559361956295,0.020280079694734027,1.267001961314742,7.755991122547013e-06,2394.9051375459903,0.4673789384876901,0.5927547985711509,9,8,True,42.40602042656029,0.1456414789564889,120.4806961876034,-0.26780696650856967,32,30,False,-42.38574034686555,1.1213604823582533,2274.424441358387,-23
full_elder_care_providers,full_cag_and_facility_term,노인돌봄 수행기관 공개 좌표 대리층,10,각 레코드 동일가중,2026-03-02 공개좌표 10건,0.1,0.8,탄현2동,-0.2102774159803954,0.00380125957028702,0.414752011588589,1.921088606279047e-05,3173.566112273099,0.15707784989139345,0.5025492097354994,16,15,False,18.4652044974066,0.158614464947607,267.6202678116823,-0.18871695322124538,27,26,False,-18.46140323783631,0.256137546640982,2905.9458444614165,-11
full_elder_care_providers,full_cag_and_facility_term,노인돌봄 수행기관 공개 좌표 대리층,10,각 레코드 동일가중,2026-03-02 공개좌표 10건,0.1,0.8,주엽1동,1.2459646222046965,0.7295542083521457,-1.1021864644504666,3.957737637695617e-06,458.6569630951075,-1.0031596861269463,0.16526418569898096,41,38,False,92.75287361440554,-0.9735222511692698,192.0778092804819,-1.0169294563321534,39,36,False,-92.0233194060534,-0.12866421328119682,266.57915381462567,2
full_elder_care_providers,full_cag_and_facility_term,노인돌봄 수행기관 공개 좌표 대리층,10,각 레코드 동일가중,2026-03-02 공개좌표 10건,0.1,0.8,주엽2동,1.5659732252529237,1.0553937632759358,-2.1924622007517875,5.207884632602779e-06,363.599802771773,-1.5716572414370282,0.0,44,41,False,86.91298828309513,-0.3518628056916535,159.71909845610725,-0.6008566981640777,37,34,False,-85.8575945198192,-1.840599395060134,203.88070431566575,7
full_elder_care_providers,full_cag_and_facility_term,노인돌봄 수행기관 공개 좌표 대리층,10,각 레코드 동일가중,2026-03-02 공개좌표 10건,0.1,0.8,대화동,-0.351512429196386,0.4531068987221153,-1.802765867121177,2.002485221552675e-05,802.2041951122047,-1.279198133046331,0.08501886410413108,43,40,False,37.23243223817021,-0.7515588512758407,289.2582390525824,-0.7985994145303088,38,35,False,-36.7793253394481,-1.0512070158453364,512.9459560596224,5
full_elder_care_providers,full_cag_and_facility_term,노인돌봄 수행기관 공개 좌표 대리층,10,각 레코드 동일가중,2026-03-02 공개좌표 10건,0.1,0.8,송포동,-0.766508190098463,0.026835716397639542,-0.3719694593286462,0.0002085057184501,2780.8375510232654,0.17537747235088047,0.5078689726370591,15,14,False,3.469587304316442,0.0656085006590319,1437.3604284129906,0.5516769125789557,9,8,True,-3.4427515879188024,-0.4375779599876781,1343.4771226102748,6
full_elder_care_providers,full_cag_and_facility_term,노인돌봄 수행기관 공개 좌표 대리층,10,각 레코드 동일가중,2026-03-02 공개좌표 10건,0.1,0.8,덕이동,-0.6918638913173559,0.018068642331023135,-0.24056824014703837,5.147460066329769e-05,2515.6088336367934,-0.18213508978434612,0.40393884680528186,28,26,False,10.283391754915804,-0.1104724695296885,496.31253754331885,-0.2261651864805044,30,28,False,-10.265323112584781,-0.13009577061734987,2019.2962960934747,-2
full_elder_care_providers,full_cag_and_facility_term,노인돌봄 수행기관 공개 좌표 대리층,10,각 레코드 동일가중,2026-03-02 공개좌표 10건,0.1,0.8,가좌동,-0.6775723485155032,0.0010850452950137133,-0.1457709837586868,0.0003740847374566,4771.382867975312,0.9561243642707917,0.734834767168535,5,4,True,0.9353055844131872,0.2741659228557271,2160.780363381229,1.3111542095737996,2,1,True,-0.9342205391181735,-0.4199369066144139,2610.6025045940833,3
partial_senior_centers_latest_linked_570,partial_facility_term_only,2026-06 최신 경로당 594행 중 2025 공개좌표와 엄격 연결된 좌표완성 570행,570,각 좌표완성 레코드 동일가중; 최근거리만 사용,2026-06 workbook 594; coordinate-complete linked subset 570; 24 incomplete,0.1,0.8,주교동,0.0373062907032981,11.16134824352095,0.7489773417793479,0.0002633798090061,521.1344814300887,1.05121714510834,0.7409892589778913,4,3,True,11.16134824352095,0.7489773417793479,801.3816390718099,0.9721090649827719,5,4,True,0.0,0.0,-280.2471576417212,-1
partial_senior_centers_latest_linked_570,partial_facility_term_only,2026-06 최신 경로당 594행 중 2025 공개좌표와 엄격 연결된 좌표완성 570행,570,각 좌표완성 레코드 동일가중; 최근거리만 사용,2026-06 workbook 594; coordinate-complete linked subset 570; 24 incomplete,0.1,0.8,원신동,-0.5975421223625897,4.3702956881167205,0.237380496391152,0.0001330932520967,571.457545060842,0.4182933681832536,0.5524450153182172,11,10,False,4.3702956881167205,0.237380496391152,1186.982844118443,0.40935073469645483,11,10,False,0.0,0.0,-615.5252990576009,0
partial_senior_centers_latest_linked_570,partial_facility_term_only,2026-06 최신 경로당 594행 중 2025 공개좌표와 엄격 연결된 좌표완성 570행,570,각 좌표완성 레코드 동일가중; 최근거리만 사용,2026-06 workbook 594; coordinate-complete linked subset 570; 24 incomplete,0.1,0.8,흥도동,-0.9270607543001314,8.179865439321938,-0.3162033413448106,0.0001156461146152,477.26895749944765,-0.07446265228296901,0.4056559159436943,23,22,False,8.179865439321938,-0.3162033413448106,859.7734545792188,-0.10284326632186505,24,23,False,0.0,0.0,-382.5044970797711,-1
partial_senior_centers_latest_linked_570,partial_facility_term_only,2026-06 최신 경로당 594행 중 2025 공개좌표와 엄격 연결된 좌표완성 570행,570,각 좌표완성 레코드 동일가중; 최근거리만 사용,2026-06 workbook 594; coordinate-complete linked subset 570; 24 incomplete,0.1,0.8,성사1동,0.3010965635006501,21.617158395816187,0.6617518921402419,2.031490211182485e-05,364.6177493917908,0.26426718140725936,0.506561526739938,15,14,False,21.617158395816187,0.6617518921402419,523.7998073037636,0.22834339977689266,16,15,False,0.0,0.0,-159.18205791197278,-1
partial_senior_centers_latest_linked_570,partial_facility_term_only,2026-06 최신 경로당 594행 중 2025 공개좌표와 엄격 연결된 좌표완성 570행,570,각 좌표완성 레코드 동일가중; 최근거리만 사용,2026-06 workbook 594; coordinate-complete linked subset 570; 24 incomplete,0.1,0.8,성사2동,0.8457553469012984,27.15650752537194,1.1119372687890825,1.7230993038091426e-05,305.23887098759803,0.5160266996928932,0.5815591957956022,10,9,False,27.15650752537194,1.1119372687890825,413.428634514588,0.495050130191262,10,9,False,0.0,0.0,-108.18976352698996,0
partial_senior_centers_latest_linked_570,partial_facility_term_only,2026-06 최신 경로당 594행 중 2025 공개좌표와 엄격 연결된 좌표완성 570행,570,각 좌표완성 레코드 동일가중; 최근거리만 사용,2026-06 workbook 594; coordinate-complete linked subset 570; 24 incomplete,0.1,0.8,효자동,-1.1882440726489265,1.6608646599432235,-0.3803880881701609,0.0002888832579403,1437.6847573418497,1.0617904800723441,0.7441389928264657,3,2,True,1.6608646599432235,-0.3803880881701609,4152.763786508891,1.2192832926591888,3,2,True,0.0,0.0,-2715.079029167041,0
partial_senior_centers_latest_linked_570,partial_facility_term_only,2026-06 최신 경로당 594행 중 2025 공개좌표와 엄격 연결된 좌표완성 570행,570,각 좌표완성 레코드 동일가중; 최근거리만 사용,2026-06 workbook 594; coordinate-complete linked subset 570; 24 incomplete,0.1,0.8,삼송1동,-0.9119782760816036,9.489139859652225,-0.3491306880077152,5.353799579996714e-05,518.9169049466993,-0.21917922149631439,0.36254570728647934,30,28,False,9.489139859652225,-0.3491306880077152,724.2217901819029,-0.3184436573245626,33,31,False,0.0,0.0,-205.30488523520353,-3
partial_senior_centers_latest_linked_570,partial_facility_term_only,2026-06 최신 경로당 594행 중 2025 공개좌표와 엄격 연결된 좌표완성 570행,570,각 좌표완성 레코드 동일가중; 최근거리만 사용,2026-06 workbook 594; coordinate-complete linked subset 570; 24 incomplete,0.1,0.8,삼송2동,0.1301607530791594,15.587863467125716,0.688974704870108,2.402335580108581e-05,267.31888151655454,0.21620974867577475,0.4922455022249419,17,16,False,15.587863467125716,0.688974704870108,438.5989880666536,0.23190761198698412,15,14,False,0.0,0.0,-171.28010655009905,2
partial_senior_centers_latest_linked_570,partial_facility_term_only,2026-06 최신 경로당 594행 중 2025 공개좌표와 엄격 연결된 좌표완성 570행,570,각 좌표완성 레코드 동일가중; 최근거리만 사용,2026-06 workbook 594; coordinate-complete linked subset 570; 24 incomplete,0.1,0.8,창릉동,-1.0157711971683734,5.230356044778631,-0.3091252353727,0.0001797900400723,601.1083058361,0.1866726957326755,0.48344658913283417,18,17,False,5.230356044778631,-0.3091252353727,1141.848174531454,0.14183434581213775,18,17,False,0.0,0.0,-540.7398686953541,0
partial_senior_centers_latest_linked_570,partial_facility_term_only,2026-06 최신 경로당 594행 중 2025 공개좌표와 엄격 연결된 좌표완성 570행,570,각 좌표완성 레코드 동일가중; 최근거리만 사용,2026-06 workbook 594; coordinate-complete linked subset 570; 24 incomplete,0.1,0.8,고양동,-0.1975879706958513,2.3792741219830367,0.8058970767150847,0.000190081904272,621.7616496155484,0.9855602879455653,0.7214304701850792,7,6,True,2.3792741219830367,0.8058970767150847,1438.5542854295577,1.0087851404317612,4,3,True,0.0,0.0,-816.7926358140093,3
partial_senior_centers_latest_linked_570,partial_facility_term_only,2026-06 최신 경로당 594행 중 2025 공개좌표와 엄격 연결된 좌표완성 570행,570,각 좌표완성 레코드 동일가중; 최근거리만 사용,2026-06 workbook 594; coordinate-complete linked subset 570; 24 incomplete,0.1,0.8,관산동,0.1500954406277719,2.4993253459689755,1.2274261933978212,0.0001069583515347,531.1781059689621,0.9940666758573541,0.7239644727515429,5,4,True,2.4993253459689755,1.2274261933978212,834.2584241105883,0.9164599657340404,7,6,True,0.0,0.0,-303.0803181416262,-2
partial_senior_centers_latest_linked_570,partial_facility_term_only,2026-06 최신 경로당 594행 중 2025 공개좌표와 엄격 연결된 좌표완성 570행,570,각 좌표완성 레코드 동일가중; 최근거리만 사용,2026-06 workbook 594; coordinate-complete linked subset 570; 24 incomplete,0.1,0.8,능곡동,-0.4975153295188249,7.552714240549709,0.2350289134429036,0.0002238689103166,496.1647496663849,0.5842984519437139,0.6018969463443151,8,7,True,7.552714240549709,0.2350289134429036,1268.7646315385791,0.6571956174539099,8,7,True,0.0,0.0,-772.5998818721941,0
partial_senior_centers_latest_linked_570,partial_facility_term_only,2026-06 최신 경로당 594행 중 2025 공개좌표와 엄격 연결된 좌표완성 570행,570,각 좌표완성 레코드 동일가중; 최근거리만 사용,2026-06 workbook 594; coordinate-complete linked subset 570; 24 incomplete,0.1,0.8,화정1동,0.4196982280559918,40.54288884542499,0.0639015999634497,1.3405564215691206e-05,242.04972618075038,-0.2543882012737345,0.352057160791333,32,30,False,40.54288884542499,0.0639015999634497,312.01281044718525,-0.254909890591197,31,29,False,0.0,0.0,-69.96308426643486,1
partial_senior_centers_latest_linked_570,partial_facility_term_only,2026-06 최신 경로당 594행 중 2025 공개좌표와 엄격 연결된 좌표완성 570행,570,각 좌표완성 레코드 동일가중; 최근거리만 사용,2026-06 workbook 594; coordinate-complete linked subset 570; 24 incomplete,0.1,0.8,화정2동,-0.0189874404540583,59.34697417251324,-1.212379915843223,1.1319534283541755e-05,323.2757635522786,-1.0629723523380528,0.1111847323003645,39,36,False,59.34697417251324,-1.212379915843223,485.3961931393568,-1.0775867906583412,40,37,False,0.0,0.0,-162.1204295870782,-1
partial_senior_centers_latest_linked_570,partial_facility_term_only,2026-06 최신 경로당 594행 중 2025 공개좌표와 엄격 연결된 좌표완성 570행,570,각 좌표완성 레코드 동일가중; 최근거리만 사용,2026-06 workbook 594; coordinate-complete linked subset 570; 24 incomplete,0.1,0.8,행주동,-0.0078915205836514,8.694980334077634,0.7904260084118929,0.0001883098010287,644.1840787233531,0.9881027590205967,0.7221878572565483,6,5,True,8.694980334077634,0.7904260084118929,1358.4192868361513,0.9711354349229713,6,5,True,0.0,0.0,-714.2352081127982,0
partial_senior_centers_latest_linked_570,partial_facility_term_only,2026-06 최신 경로당 594행 중 2025 공개좌표와 엄격 연결된 좌표완성 570행,570,각 좌표완성 레코드 동일가중; 최근거리만 사용,2026-06 workbook 594; coordinate-complete linked subset 570; 24 incomplete,0.1,0.8,행신1동,1.3608928135501752,64.94317652905693,0.2595155718957045,5.679154248617028e-06,129.20485303173504,-0.228709315090662,0.3597067488616881,31,29,False,64.94317652905693,0.2595155718957045,168.04345586031778,-0.18216820648352955,26,25,False,0.0,0.0,-38.83860282858274,5
partial_senior_centers_latest_linked_570,partial_facility_term_only,2026-06 최신 경로당 594행 중 2025 공개좌표와 엄격 연결된 좌표완성 570행,570,각 좌표완성 레코드 동일가중; 최근거리만 사용,2026-06 workbook 594; coordinate-complete linked subset 570; 24 incomplete,0.1,0.8,행신2동,-0.3574717052212928,18.128003728251063,-0.0085963843603965,4.854838137410698e-05,436.1711566128745,-0.06482776265138303,0.40852609248715954,22,21,False,18.128003728251063,-0.0085963843603965,739.2268422024636,-0.09538613899041729,23,22,False,0.0,0.0,-303.0556855895891,-1
partial_senior_centers_latest_linked_570,partial_facility_term_only,2026-06 최신 경로당 594행 중 2025 공개좌표와 엄격 연결된 좌표완성 570행,570,각 좌표완성 레코드 동일가중; 최근거리만 사용,2026-06 workbook 594; coordinate-complete linked subset 570; 24 incomplete,0.1,0.8,행신3동,1.2686586111811229,61.37099430523384,0.2867272914331722,1.3272629419928166e-05,113.2899410603542,-0.20370161940496154,0.36715639325905725,27,25,False,61.37099430523384,0.2867272914331722,227.08229226865384,-0.12802018839948226,25,24,False,0.0,0.0,-113.79235120829965,2
partial_senior_centers_latest_linked_570,partial_facility_term_only,2026-06 최신 경로당 594행 중 2025 공개좌표와 엄격 연결된 좌표완성 570행,570,각 좌표완성 레코드 동일가중; 최근거리만 사용,2026-06 workbook 594; coordinate-complete linked subset 570; 24 incomplete,0.1,0.8,행신4동,0.6351664438937814,28.6264536911948,0.796037364719661,2.3049808818926964e-05,211.1889233110832,0.24276413469845076,0.5001558965109905,16,15,False,28.6264536911948,0.796037364719661,294.15787059295087,0.2612159199874837,14,13,False,0.0,0.0,-82.96894728186768,2
partial_senior_centers_latest_linked_570,partial_facility_term_only,2026-06 최신 경로당 594행 중 2025 공개좌표와 엄격 연결된 좌표완성 570행,570,각 좌표완성 레코드 동일가중; 최근거리만 사용,2026-06 workbook 594; coordinate-complete linked subset 570; 24 incomplete,0.1,0.8,화전동,-0.9714390763216944,5.554606326156234,-0.2675100505612137,7.671946985088419e-05,408.7054750571403,-0.1918215512469846,0.3706953951849341,26,,False,5.554606326156234,-0.2675100505612137,672.9175885069833,-0.2197932283335469,29,,False,0.0,0.0,-264.212113449843,-3
partial_senior_centers_latest_linked_570,partial_facility_term_only,2026-06 최신 경로당 594행 중 2025 공개좌표와 엄격 연결된 좌표완성 570행,570,각 좌표완성 레코드 동일가중; 최근거리만 사용,2026-06 workbook 594; coordinate-complete linked subset 570; 24 incomplete,0.1,0.8,대덕동,-1.3787723914491743,1.64928931028072,-0.6135123980934756,0.0002501159250992,772.294814993641,0.28859566843474427,0.5138088389017059,14,13,False,1.64928931028072,-0.6135123980934756,1266.1665836339614,0.14567911029398042,17,16,False,0.0,0.0,-493.8717686403204,-3
partial_senior_centers_latest_linked_570,partial_facility_term_only,2026-06 최신 경로당 594행 중 2025 공개좌표와 엄격 연결된 좌표완성 570행,570,각 좌표완성 레코드 동일가중; 최근거리만 사용,2026-06 workbook 594; coordinate-complete linked subset 570; 24 incomplete,0.1,0.8,식사동,-1.010587057406619,10.417317638276309,-0.5064718441625805,4.576697974454426e-05,555.2176991081459,-0.31711456627979057,0.3333713482515596,34,,False,10.417317638276309,-0.5064718441625805,643.0645410470563,-0.4676709203017679,34,,False,0.0,0.0,-87.84684193891042,0
partial_senior_centers_latest_linked_570,partial_facility_term_only,2026-06 최신 경로당 594행 중 2025 공개좌표와 엄격 연결된 좌표완성 570행,570,각 좌표완성 레코드 동일가중; 최근거리만 사용,2026-06 workbook 594; coordinate-complete linked subset 570; 24 incomplete,0.1,0.8,중산1동,0.7756374423331662,27.09019852519108,1.028580048654424,1.3452173873668196e-05,192.29065602907326,0.3620301824847592,0.5356845456058239,12,11,False,27.09019852519108,1.028580048654424,318.79657199554686,0.40218965412222357,12,11,False,0.0,0.0,-126.5059159664736,0
partial_senior_centers_latest_linked_570,partial_facility_term_only,2026-06 최신 경로당 594행 중 2025 공개좌표와 엄격 연결된 좌표완성 570행,570,각 좌표완성 레코드 동일가중; 최근거리만 사용,2026-06 workbook 594; coordinate-complete linked subset 570; 24 incomplete,0.1,0.8,중산2동,0.1798689144206002,26.64274474595094,0.3157678050113327,2.0713131337054117e-05,183.31409964325968,-0.11089567409293836,0.39480273457836523,24,23,False,26.64274474595094,0.3157678050113327,265.56677692252146,-0.07884110881593134,22,21,False,0.0,0.0,-82.25267727926177,2
partial_senior_centers_latest_linked_570,partial_facility_term_only,2026-06 최신 경로당 594행 중 2025 공개좌표와 엄격 연결된 좌표완성 570행,570,각 좌표완성 레코드 동일가중; 최근거리만 사용,2026-06 workbook 594; coordinate-complete linked subset 570; 24 incomplete,0.1,0.8,정발산동,0.300783414740963,45.01647866583588,-0.2575690745448655,1.2962627552602784e-05,148.63464752034338,-0.5465457221128196,0.26502516609568944,35,32,False,45.01647866583588,-0.2575690745448655,193.93936726516665,-0.5077939771970685,35,32,False,0.0,0.0,-45.304719744823274,0
partial_senior_centers_latest_linked_570,partial_facility_term_only,2026-06 최신 경로당 594행 중 2025 공개좌표와 엄격 연결된 좌표완성 570행,570,각 좌표완성 레코드 동일가중; 최근거리만 사용,2026-06 workbook 594; coordinate-complete linked subset 570; 24 incomplete,0.1,0.8,풍산동,-0.4774119630451041,17.1605577518855,-0.1176440914987068,5.027596966220582e-05,336.1193875794202,-0.2125002073105502,0.36453534604545457,28,26,False,17.1605577518855,-0.1176440914987068,604.5789761454724,-0.20331659082407308,28,27,False,0.0,0.0,-268.4595885660522,0
partial_senior_centers_latest_linked_570,partial_facility_term_only,2026-06 최신 경로당 594행 중 2025 공개좌표와 엄격 연결된 좌표완성 570행,570,각 좌표완성 레코드 동일가중; 최근거리만 사용,2026-06 workbook 594; coordinate-complete linked subset 570; 24 incomplete,0.1,0.8,백석1동,0.0215720856654819,38.88673571668811,-0.359142243871342,1.0820527077915604e-05,224.62392318680259,-0.5616695088914894,0.2605198796087323,36,33,False,38.88673571668811,-0.359142243871342,233.7702368806786,-0.5708089878019074,36,33,False,0.0,0.0,-9.14631369387601,0
partial_senior_centers_latest_linked_570,partial_facility_term_only,2026-06 최신 경로당 594행 중 2025 공개좌표와 엄격 연결된 좌표완성 570행,570,각 좌표완성 레코드 동일가중; 최근거리만 사용,2026-06 workbook 594; coordinate-complete linked subset 570; 24 incomplete,0.1,0.8,백석2동,1.0022988467318128,42.34874684941851,0.7072234065568425,7.482777545212669e-06,161.21003338729102,0.10472818975973298,0.4590358062486848,20,19,False,42.34874684941851,0.7072234065568425,179.81071626446425,0.12967791997188843,19,18,False,0.0,0.0,-18.600682877173227,1
partial_senior_centers_latest_linked_570,partial_facility_term_only,2026-06 최신 경로당 594행 중 2025 공개좌표와 엄격 연결된 좌표완성 570행,570,각 좌표완성 레코드 동일가중; 최근거리만 사용,2026-06 workbook 594; coordinate-complete linked subset 570; 24 incomplete,0.1,0.8,마두1동,-0.3476877530828261,49.00841836792065,-1.209335976920437,2.095532357352737e-05,244.71658420845858,-1.0980788640088754,0.100726710447145,41,38,False,49.00841836792065,-1.209335976920437,229.3560111838389,-1.1241203929482053,41,38,False,0.0,0.0,15.360573024619697,0
partial_senior_centers_latest_linked_570,partial_facility_term_only,2026-06 최신 경로당 594행 중 2025 공개좌표와 엄격 연결된 좌표완성 570행,570,각 좌표완성 레코드 동일가중; 최근거리만 사용,2026-06 workbook 594; coordinate-complete linked subset 570; 24 incomplete,0.1,0.8,마두2동,0.3697814463191027,74.79411280432868,-1.3424066009874744,5.501761798547457e-06,124.83279290015471,-1.3203329552382457,0.03451853331925413,43,40,False,74.79411280432868,-1.3424066009874744,165.94169935942577,-1.27098254982351,43,40,False,0.0,0.0,-41.108906459271054,0
partial_senior_centers_latest_linked_570,partial_facility_term_only,2026-06 최신 경로당 594행 중 2025 공개좌표와 엄격 연결된 좌표완성 570행,570,각 좌표완성 레코드 동일가중; 최근거리만 사용,2026-06 workbook 594; coordinate-complete linked subset 570; 24 incomplete,0.1,0.8,장항1동,-1.4010364229029388,8.108099822052091,-0.8944571877480685,0.0002674015666791,801.0992992034944,0.1633397870861152,0.4764958538728652,19,18,False,8.108099822052091,-0.8944571877480685,1056.6100173599111,-0.0614456897980678,21,20,False,0.0,0.0,-255.51071815641671,-2
partial_senior_centers_latest_linked_570,partial_facility_term_only,2026-06 최신 경로당 594행 중 2025 공개좌표와 엄격 연결된 좌표완성 570행,570,각 좌표완성 레코드 동일가중; 최근거리만 사용,2026-06 workbook 594; coordinate-complete linked subset 570; 24 incomplete,0.1,0.8,장항2동,-0.3442169416275722,62.51375393419124,-1.7354618581018375,1.3765289748929878e-05,292.28870284523737,-1.4362081474916464,0.0,44,41,False,62.51375393419124,-1.7354618581018375,283.36614018593525,-1.4839854242008306,44,41,False,0.0,0.0,8.922562659302116,0
partial_senior_centers_latest_linked_570,partial_facility_term_only,2026-06 최신 경로당 594행 중 2025 공개좌표와 엄격 연결된 좌표완성 570행,570,각 좌표완성 레코드 동일가중; 최근거리만 사용,2026-06 workbook 594; coordinate-complete linked subset 570; 24 incomplete,0.1,0.8,고봉동,-0.108627977686805,1.5473626118985893,0.9476287005769358,0.0005557427413208,528.7100990252605,1.9206897595456314,1.0,1,,False,1.5473626118985893,0.9476287005769358,1019.3528957931436,1.8975007705208895,1,,False,0.0,0.0,-490.64279676788306,0
partial_senior_centers_latest_linked_570,partial_facility_term_only,2026-06 최신 경로당 594행 중 2025 공개좌표와 엄격 연결된 좌표완성 570행,570,각 좌표완성 레코드 동일가중; 최근거리만 사용,2026-06 workbook 594; coordinate-complete linked subset 570; 24 incomplete,0.1,0.8,일산1동,1.7113353946987817,55.380218890346285,1.064697994707209,1.082242870822518e-05,85.83479091583317,0.29708339481910695,0.5163372823097016,13,12,False,55.380218890346285,1.064697994707209,155.7119082933697,0.373907914395718,13,12,False,0.0,0.0,-69.87711737753654,0
partial_senior_centers_latest_linked_570,partial_facility_term_only,2026-06 최신 경로당 594행 중 2025 공개좌표와 엄격 연결된 좌표완성 570행,570,각 좌표완성 레코드 동일가중; 최근거리만 사용,2026-06 workbook 594; coordinate-complete linked subset 570; 24 incomplete,0.1,0.8,일산2동,1.542670888862889,59.30527829765953,0.7037783626908223,7.4079617305621715e-06,103.25989890009663,0.05706519690936721,0.44483728303758363,21,20,False,59.30527829765953,0.7037783626908223,140.91723984707198,0.1161213758297429,20,19,False,0.0,0.0,-37.65734094697535,1
partial_senior_centers_latest_linked_570,partial_facility_term_only,2026-06 최신 경로당 594행 중 2025 공개좌표와 엄격 연결된 좌표완성 570행,570,각 좌표완성 레코드 동일가중; 최근거리만 사용,2026-06 workbook 594; coordinate-complete linked subset 570; 24 incomplete,0.1,0.8,일산3동,0.0467915387468424,62.58590429407474,-1.258937052310574,8.667684875245625e-06,113.0673095127119,-1.2649268566864547,0.05102368184809073,42,39,False,62.58590429407474,-1.258937052310574,211.86857907559332,-1.1933868418718958,42,39,False,0.0,0.0,-98.80126956288142,0
partial_senior_centers_latest_linked_570,partial_facility_term_only,2026-06 최신 경로당 594행 중 2025 공개좌표와 엄격 연결된 좌표완성 570행,570,각 좌표완성 레코드 동일가중; 최근거리만 사용,2026-06 workbook 594; coordinate-complete linked subset 570; 24 incomplete,0.1,0.8,탄현1동,0.5460559361956295,42.40602042656029,0.1456414789564889,7.755991122547013e-06,122.34867392733481,-0.30619886426134285,0.33662307121744556,33,31,False,42.40602042656029,0.1456414789564889,120.4806961876034,-0.26780696650856967,32,30,False,0.0,0.0,1.8679777397314155,1
partial_senior_centers_latest_linked_570,partial_facility_term_only,2026-06 최신 경로당 594행 중 2025 공개좌표와 엄격 연결된 좌표완성 570행,570,각 좌표완성 레코드 동일가중; 최근거리만 사용,2026-06 workbook 594; coordinate-complete linked subset 570; 24 incomplete,0.1,0.8,탄현2동,-0.2102774159803954,18.4652044974066,0.158614464947607,1.921088606279047e-05,271.85466141535284,-0.15238993909643672,0.38244183884885513,25,24,False,18.4652044974066,0.158614464947607,267.6202678116823,-0.18871695322124538,27,26,False,0.0,0.0,4.234393603670526,-2
partial_senior_centers_latest_linked_570,partial_facility_term_only,2026-06 최신 경로당 594행 중 2025 공개좌표와 엄격 연결된 좌표완성 570행,570,각 좌표완성 레코드 동일가중; 최근거리만 사용,2026-06 workbook 594; coordinate-complete linked subset 570; 24 incomplete,0.1,0.8,주엽1동,1.2459646222046965,92.75287361440554,-0.9735222511692698,3.957737637695617e-06,107.0789355636645,-1.0875208567530055,0.10387187826226876,40,37,False,92.75287361440554,-0.9735222511692698,192.0778092804819,-1.0169294563321534,39,36,False,0.0,0.0,-84.99887371681739,1
partial_senior_centers_latest_linked_570,partial_facility_term_only,2026-06 최신 경로당 594행 중 2025 공개좌표와 엄격 연결된 좌표완성 570행,570,각 좌표완성 레코드 동일가중; 최근거리만 사용,2026-06 workbook 594; coordinate-complete linked subset 570; 24 incomplete,0.1,0.8,주엽2동,1.5659732252529237,86.91298828309513,-0.3518628056916535,5.207884632602779e-06,112.97760112765754,-0.6576762597198214,0.23192003728791968,37,34,False,86.91298828309513,-0.3518628056916535,159.71909845610725,-0.6008566981640777,37,34,False,0.0,0.0,-46.74149732844971,0
partial_senior_centers_latest_linked_570,partial_facility_term_only,2026-06 최신 경로당 594행 중 2025 공개좌표와 엄격 연결된 좌표완성 570행,570,각 좌표완성 레코드 동일가중; 최근거리만 사용,2026-06 workbook 594; coordinate-complete linked subset 570; 24 incomplete,0.1,0.8,대화동,-0.351512429196386,37.23243223817021,-0.7515588512758407,2.002485221552675e-05,294.5260057129069,-0.7507505915057985,0.20419374522796174,38,35,False,37.23243223817021,-0.7515588512758407,289.2582390525824,-0.7985994145303088,38,35,False,0.0,0.0,5.267766660324526,0
partial_senior_centers_latest_linked_570,partial_facility_term_only,2026-06 최신 경로당 594행 중 2025 공개좌표와 엄격 연결된 좌표완성 570행,570,각 좌표완성 레코드 동일가중; 최근거리만 사용,2026-06 workbook 594; coordinate-complete linked subset 570; 24 incomplete,0.1,0.8,송포동,-0.766508190098463,3.469587304316442,0.0656085006590319,0.0002085057184501,646.3349523691754,0.5479307266509268,0.5910632164246333,9,8,True,3.469587304316442,0.0656085006590319,1437.3604284129906,0.5516769125789557,9,8,True,0.0,0.0,-791.0254760438152,0
partial_senior_centers_latest_linked_570,partial_facility_term_only,2026-06 최신 경로당 594행 중 2025 공개좌표와 엄격 연결된 좌표완성 570행,570,각 좌표완성 레코드 동일가중; 최근거리만 사용,2026-06 workbook 594; coordinate-complete linked subset 570; 24 incomplete,0.1,0.8,덕이동,-0.6918638913173559,10.283391754915804,-0.1104724695296885,5.147460066329769e-05,323.910106665688,-0.21415268916002494,0.3640430814919182,29,27,False,10.283391754915804,-0.1104724695296885,496.31253754331885,-0.2261651864805044,30,28,False,0.0,0.0,-172.40243087763088,-1
partial_senior_centers_latest_linked_570,partial_facility_term_only,2026-06 최신 경로당 594행 중 2025 공개좌표와 엄격 연결된 좌표완성 570행,570,각 좌표완성 레코드 동일가중; 최근거리만 사용,2026-06 workbook 594; coordinate-complete linked subset 570; 24 incomplete,0.1,0.8,가좌동,-0.6775723485155032,0.9353055844131872,0.2741659228557271,0.0003740847374566,625.8648497662587,1.0862918443656935,0.7514378041015973,2,1,True,0.9353055844131872,0.2741659228557271,2160.780363381229,1.3111542095737996,2,1,True,0.0,0.0,-1534.9155136149705,0
full_senior_centers_latest_linked_570,full_cag_and_facility_term,2026-06 최신 경로당 594행 중 2025 공개좌표와 엄격 연결된 좌표완성 570행,570,각 좌표완성 레코드 동일가중,2026-06 workbook 594; coordinate-complete linked subset 570; 24 incomplete,0.1,0.8,주교동,0.0373062907032981,2.9712495791529783,0.7857078910909912,0.0002633798090061,521.1344814300887,1.1270622750150943,0.7920771136796972,2,1,True,11.16134824352095,0.7489773417793479,801.3816390718099,0.9721090649827719,5,4,True,-8.190098664367971,0.03673054931164321,-280.2471576417212,-3
full_senior_centers_latest_linked_570,full_cag_and_facility_term,2026-06 최신 경로당 594행 중 2025 공개좌표와 엄격 연결된 좌표완성 570행,570,각 좌표완성 레코드 동일가중,2026-06 workbook 594; coordinate-complete linked subset 570; 24 incomplete,0.1,0.8,원신동,-0.5975421223625897,1.8595168419215915,0.19369902525018168,0.0001330932520967,571.457545060842,0.4011808440797432,0.6039635610138356,13,12,False,4.3702956881167205,0.237380496391152,1186.982844118443,0.40935073469645483,11,10,False,-2.5107788461951293,-0.04368147114097032,-615.5252990576009,2
full_senior_centers_latest_linked_570,full_cag_and_facility_term,2026-06 최신 경로당 594행 중 2025 공개좌표와 엄격 연결된 좌표완성 570행,570,각 좌표완성 레코드 동일가중,2026-06 workbook 594; coordinate-complete linked subset 570; 24 incomplete,0.1,0.8,흥도동,-0.9270607543001314,2.711881435738014,-0.35310080281680356,0.0001156461146152,477.26895749944765,-0.12239391626584002,0.46827816659911525,22,21,False,8.179865439321938,-0.3162033413448106,859.7734545792188,-0.10284326632186505,24,23,False,-5.467984003583924,-0.036897461471992965,-382.5044970797711,-2
full_senior_centers_latest_linked_570,full_cag_and_facility_term,2026-06 최신 경로당 594행 중 2025 공개좌표와 엄격 연결된 좌표완성 570행,570,각 좌표완성 레코드 동일가중,2026-06 workbook 594; coordinate-complete linked subset 570; 24 incomplete,0.1,0.8,성사1동,0.3010965635006501,4.072249011813116,0.9246151693049998,2.031490211182485e-05,364.6177493917908,0.5026658029732766,0.6302635810253846,12,11,False,21.617158395816187,0.6617518921402419,523.7998073037636,0.22834339977689266,16,15,False,-17.54490938400307,0.2628632771647579,-159.18205791197278,-4
full_senior_centers_latest_linked_570,full_cag_and_facility_term,2026-06 최신 경로당 594행 중 2025 공개좌표와 엄격 연결된 좌표완성 570행,570,각 좌표완성 레코드 동일가중,2026-06 workbook 594; coordinate-complete linked subset 570; 24 incomplete,0.1,0.8,성사2동,0.8457553469012984,5.773680494574838,1.3072437057961728,1.7230993038091426e-05,305.23887098759803,0.7333404925742095,0.6900433653284647,8,7,True,27.15650752537194,1.1119372687890825,413.428634514588,0.495050130191262,10,9,False,-21.382827030797102,0.19530643700709027,-108.18976352698996,-2
full_senior_centers_latest_linked_570,full_cag_and_facility_term,2026-06 최신 경로당 594행 중 2025 공개좌표와 엄격 연결된 좌표완성 570행,570,각 좌표완성 레코드 동일가중,2026-06 workbook 594; coordinate-complete linked subset 570; 24 incomplete,0.1,0.8,효자동,-1.1882440726489265,0.41592557073338443,-0.28858092491637155,0.0002888832579403,1437.6847573418497,1.1054353914887343,0.7864724657029719,3,2,True,1.6608646599432235,-0.3803880881701609,4152.763786508891,1.2192832926591888,3,2,True,-1.244939089209839,0.09180716325378935,-2715.079029167041,0
full_senior_centers_latest_linked_570,full_cag_and_facility_term,2026-06 최신 경로당 594행 중 2025 공개좌표와 엄격 연결된 좌표완성 570행,570,각 좌표완성 레코드 동일가중,2026-06 workbook 594; coordinate-complete linked subset 570; 24 incomplete,0.1,0.8,삼송1동,-0.9119782760816036,2.826491040725184,-0.3538147760242638,5.353799579996714e-05,518.9169049466993,-0.24528243373166234,0.43643137369721025,26,24,False,9.489139859652225,-0.3491306880077152,724.2217901819029,-0.3184436573245626,33,31,False,-6.662648818927041,-0.0046840880165486265,-205.30488523520353,-7
full_senior_centers_latest_linked_570,full_cag_and_facility_term,2026-06 최신 경로당 594행 중 2025 공개좌표와 엄격 연결된 좌표완성 570행,570,각 좌표완성 레코드 동일가중,2026-06 workbook 594; coordinate-complete linked subset 570; 24 incomplete,0.1,0.8,삼송2동,0.1301607530791594,4.79170261505258,0.5945015757160698,2.402335580108581e-05,267.31888151655454,0.19057413259921285,0.5493844313881804,17,16,False,15.587863467125716,0.688974704870108,438.5989880666536,0.23190761198698412,15,14,False,-10.796160852073136,-0.09447312915403827,-171.28010655009905,2
full_senior_centers_latest_linked_570,full_cag_and_facility_term,2026-06 최신 경로당 594행 중 2025 공개좌표와 엄격 연결된 좌표완성 570행,570,각 좌표완성 레코드 동일가중,2026-06 workbook 594; coordinate-complete linked subset 570; 24 incomplete,0.1,0.8,창릉동,-1.0157711971683734,1.8097983466718044,-0.31069944666087446,0.0001797900400723,601.1083058361,0.1654745295799366,0.5428798215535208,19,18,False,5.230356044778631,-0.3091252353727,1141.848174531454,0.14183434581213775,18,17,False,-3.4205576981068266,-0.0015742112881744763,-540.7398686953541,1
full_senior_centers_latest_linked_570,full_cag_and_facility_term,2026-06 최신 경로당 594행 중 2025 공개좌표와 엄격 연결된 좌표완성 570행,570,각 좌표완성 레코드 동일가중,2026-06 workbook 594; coordinate-complete linked subset 570; 24 incomplete,0.1,0.8,고양동,-0.1975879706958513,1.56058484944543,0.734114403596098,0.000190081904272,621.7616496155484,0.984377557972428,0.7551000980265586,6,5,True,2.3792741219830367,0.8058970767150847,1438.5542854295577,1.0087851404317612,4,3,True,-0.8186892725376067,-0.07178267311898667,-816.7926358140093,2
full_senior_centers_latest_linked_570,full_cag_and_facility_term,2026-06 최신 경로당 594행 중 2025 공개좌표와 엄격 연결된 좌표완성 570행,570,각 좌표완성 레코드 동일가중,2026-06 workbook 594; coordinate-complete linked subset 570; 24 incomplete,0.1,0.8,관산동,0.1500954406277719,1.2507318767743376,1.2122782329408446,0.0001069583515347,531.1781059689621,1.0623201047200719,0.7752990571783738,4,3,True,2.4993253459689755,1.2274261933978212,834.2584241105883,0.9164599657340404,7,6,True,-1.2485934691946379,-0.015147960456976639,-303.0803181416262,-3
full_senior_centers_latest_linked_570,full_cag_and_facility_term,2026-06 최신 경로당 594행 중 2025 공개좌표와 엄격 연결된 좌표완성 570행,570,각 좌표완성 레코드 동일가중,2026-06 workbook 594; coordinate-complete linked subset 570; 24 incomplete,0.1,0.8,능곡동,-0.4975153295188249,2.7701439667842123,0.16373932113466427,0.0002238689103166,496.1647496663849,0.5464977986046873,0.6416227260141666,10,9,False,7.552714240549709,0.2350289134429036,1268.7646315385791,0.6571956174539099,8,7,True,-4.782570273765497,-0.07128959230823934,-772.5998818721941,2
full_senior_centers_latest_linked_570,full_cag_and_facility_term,2026-06 최신 경로당 594행 중 2025 공개좌표와 엄격 연결된 좌표완성 570행,570,각 좌표완성 레코드 동일가중,2026-06 workbook 594; coordinate-complete linked subset 570; 24 incomplete,0.1,0.8,화정1동,0.4196982280559918,5.944094548887006,0.7563622212743125,1.3405564215691206e-05,242.04972618075038,0.264825488303464,0.5686268113644596,14,13,False,40.54288884542499,0.0639015999634497,312.01281044718525,-0.254909890591197,31,29,False,-34.59879429653798,0.6924606213108628,-69.96308426643486,-17
full_senior_centers_latest_linked_570,full_cag_and_facility_term,2026-06 최신 경로당 594행 중 2025 공개좌표와 엄격 연결된 좌표완성 570행,570,각 좌표완성 레코드 동일가중,2026-06 workbook 594; coordinate-complete linked subset 570; 24 incomplete,0.1,0.8,화정2동,-0.0189874404540583,7.97048152038879,-0.1209947047158257,1.1319534283541755e-05,323.2757635522786,-0.32971229501771127,0.4145512146509333,29,26,False,59.34697417251324,-1.212379915843223,485.3961931393568,-1.0775867906583412,40,37,False,-51.376492652124455,1.0913852111273972,-162.1204295870782,-11
full_senior_centers_latest_linked_570,full_cag_and_facility_term,2026-06 최신 경로당 594행 중 2025 공개좌표와 엄격 연결된 좌표완성 570행,570,각 좌표완성 레코드 동일가중,2026-06 workbook 594; coordinate-complete linked subset 570; 24 incomplete,0.1,0.8,행주동,-0.0078915205836514,3.1446749744771125,0.7012376911391748,0.0001883098010287,644.1840787233531,0.972970850226248,0.7521440280309533,7,6,True,8.694980334077634,0.7904260084118929,1358.4192868361513,0.9711354349229713,6,5,True,-5.550305359600522,-0.08918831727271814,-714.2352081127982,1
full_senior_centers_latest_linked_570,full_cag_and_facility_term,2026-06 최신 경로당 594행 중 2025 공개좌표와 엄격 연결된 좌표완성 570행,570,각 좌표완성 레코드 동일가중,2026-06 workbook 594; coordinate-complete linked subset 570; 24 incomplete,0.1,0.8,행신1동,1.3608928135501752,15.406149593986934,0.3247275984473239,5.679154248617028e-06,129.20485303173504,-0.16338941463545192,0.45765410526766886,24,23,False,64.94317652905693,0.2595155718957045,168.04345586031778,-0.18216820648352955,26,25,False,-49.537026935069996,0.0652120265516194,-38.83860282858274,-2
full_senior_centers_latest_linked_570,full_cag_and_facility_term,2026-06 최신 경로당 594행 중 2025 공개좌표와 엄격 연결된 좌표완성 570행,570,각 좌표완성 레코드 동일가중,2026-06 workbook 594; coordinate-complete linked subset 570; 24 incomplete,0.1,0.8,행신2동,-0.3574717052212928,5.370101146299466,-0.10023175406112572,4.854838137410698e-05,436.1711566128745,-0.13354592792404524,0.4653881015788642,23,22,False,18.128003728251063,-0.0085963843603965,739.2268422024636,-0.09538613899041729,23,22,False,-12.757902581951598,-0.09163536970072922,-303.0556855895891,0
full_senior_centers_latest_linked_570,full_cag_and_facility_term,2026-06 최신 경로당 594행 중 2025 공개좌표와 엄격 연결된 좌표완성 570행,570,각 좌표완성 레코드 동일가중,2026-06 workbook 594; coordinate-complete linked subset 570; 24 incomplete,0.1,0.8,행신3동,1.2686586111811229,12.757187190613264,0.6555223007761465,1.3272629419928166e-05,113.2899410603542,0.0891956894589325,0.5231120151365644,20,19,False,61.37099430523384,0.2867272914331722,227.08229226865384,-0.12802018839948226,25,24,False,-48.61380711462058,0.36879500934297427,-113.79235120829965,-5
full_senior_centers_latest_linked_570,full_cag_and_facility_term,2026-06 최신 경로당 594행 중 2025 공개좌표와 엄격 연결된 좌표완성 570행,570,각 좌표완성 레코드 동일가중,2026-06 workbook 594; coordinate-complete linked subset 570; 24 incomplete,0.1,0.8,행신4동,0.6351664438937814,8.17227140559447,0.6471550362519606,2.3049808818926964e-05,211.1889233110832,0.18359350826636694,0.5475753893227493,18,17,False,28.6264536911948,0.796037364719661,294.15787059295087,0.2612159199874837,14,13,False,-20.454182285600332,-0.14888232846770044,-82.96894728186768,4
full_senior_centers_latest_linked_570,full_cag_and_facility_term,2026-06 최신 경로당 594행 중 2025 공개좌표와 엄격 연결된 좌표완성 570행,570,각 좌표완성 레코드 동일가중,2026-06 workbook 594; coordinate-complete linked subset 570; 24 incomplete,0.1,0.8,화전동,-0.9714390763216944,2.1210913102344615,-0.3085116756282701,7.671946985088419e-05,408.7054750571403,-0.2396509395668633,0.43789078611501014,25,,False,5.554606326156234,-0.2675100505612137,672.9175885069833,-0.2197932283335469,29,,False,-3.4335150159217727,-0.0410016250670564,-264.212113449843,-4
full_senior_centers_latest_linked_570,full_cag_and_facility_term,2026-06 최신 경로당 594행 중 2025 공개좌표와 엄격 연결된 좌표완성 570행,570,각 좌표완성 레코드 동일가중,2026-06 workbook 594; coordinate-complete linked subset 570; 24 incomplete,0.1,0.8,대덕동,-1.3787723914491743,0.9515825197564459,-0.6119164053488269,0.0002501159250992,772.294814993641,0.25003534389223686,0.5647939173254813,15,14,False,1.64928931028072,-0.6135123980934756,1266.1665836339614,0.14567911029398042,17,16,False,-0.6977067905242741,0.001595992744648722,-493.8717686403204,-2
full_senior_centers_latest_linked_570,full_cag_and_facility_term,2026-06 최신 경로당 594행 중 2025 공개좌표와 엄격 연결된 좌표완성 570행,570,각 좌표완성 레코드 동일가중,2026-06 workbook 594; coordinate-complete linked subset 570; 24 incomplete,0.1,0.8,식사동,-1.010587057406619,2.7433171274001458,-0.4607676591075459,4.576697974454426e-05,555.2176991081459,-0.3159310382585223,0.41812265353707606,28,,False,10.417317638276309,-0.5064718441625805,643.0645410470563,-0.4676709203017679,34,,False,-7.674000510876163,0.045704185055034596,-87.84684193891042,-6
full_senior_centers_latest_linked_570,full_cag_and_facility_term,2026-06 최신 경로당 594행 중 2025 공개좌표와 엄격 연결된 좌표완성 570행,570,각 좌표완성 레코드 동일가중,2026-06 workbook 594; coordinate-complete linked subset 570; 24 incomplete,0.1,0.8,중산1동,0.7756374423331662,10.852546921134135,0.37024947586059387,1.3452173873668196e-05,192.29065602907326,-0.061018183254331,0.48418380447910486,21,20,False,27.09019852519108,1.028580048654424,318.79657199554686,0.40218965412222357,12,11,False,-16.237651604056946,-0.6583305727938302,-126.5059159664736,9
full_senior_centers_latest_linked_570,full_cag_and_facility_term,2026-06 최신 경로당 594행 중 2025 공개좌표와 엄격 연결된 좌표완성 570행,570,각 좌표완성 레코드 동일가중,2026-06 workbook 594; coordinate-complete linked subset 570; 24 incomplete,0.1,0.8,중산2동,0.1798689144206002,9.966595135442342,-0.21168191977555173,2.0713131337054117e-05,183.31409964325968,-0.48277158855819247,0.3748856077771969,33,30,False,26.64274474595094,0.3157678050113327,265.56677692252146,-0.07884110881593134,22,21,False,-16.676149610508595,-0.5274497247868845,-82.25267727926177,11
full_senior_centers_latest_linked_570,full_cag_and_facility_term,2026-06 최신 경로당 594행 중 2025 공개좌표와 엄격 연결된 좌표완성 570행,570,각 좌표완성 레코드 동일가중,2026-06 workbook 594; coordinate-complete linked subset 570; 24 incomplete,0.1,0.8,정발산동,0.300783414740963,12.8679309739474,-0.5496044954113573,1.2962627552602784e-05,148.63464752034338,-0.7804577994321454,0.29773966035300176,40,37,False,45.01647866583588,-0.2575690745448655,193.93936726516665,-0.5077939771970685,35,32,False,-32.14854769188848,-0.29203542086649176,-45.304719744823274,5
full_senior_centers_latest_linked_570,full_cag_and_facility_term,2026-06 최신 경로당 594행 중 2025 공개좌표와 엄격 연결된 좌표완성 570행,570,각 좌표완성 레코드 동일가중,2026-06 workbook 594; coordinate-complete linked subset 570; 24 incomplete,0.1,0.8,풍산동,-0.4774119630451041,6.044291835577643,-0.3602427466076857,5.027596966220582e-05,336.1193875794202,-0.4005743984288905,0.39618716584908453,30,27,False,17.1605577518855,-0.1176440914987068,604.5789761454724,-0.20331659082407308,28,27,False,-11.116265916307857,-0.24259865510897888,-268.4595885660522,2
full_senior_centers_latest_linked_570,full_cag_and_facility_term,2026-06 최신 경로당 594행 중 2025 공개좌표와 엄격 연결된 좌표완성 570행,570,각 좌표완성 레코드 동일가중,2026-06 workbook 594; coordinate-complete linked subset 570; 24 incomplete,0.1,0.8,백석1동,0.0215720856654819,8.62580161771117,-0.18107837048619882,1.0820527077915604e-05,224.62392318680259,-0.4524877288292407,0.3827337275930007,31,28,False,38.88673571668811,-0.359142243871342,233.7702368806786,-0.5708089878019074,36,33,False,-30.26093409897694,0.1780638733851432,-9.14631369387601,-5
full_senior_centers_latest_linked_570,full_cag_and_facility_term,2026-06 최신 경로당 594행 중 2025 공개좌표와 엄격 연결된 좌표완성 570행,570,각 좌표완성 레코드 동일가중,2026-06 workbook 594; coordinate-complete linked subset 570; 24 incomplete,0.1,0.8,백석2동,1.0022988467318128,6.9288462053406885,1.305595112109182,7.482777545212669e-06,161.21003338729102,0.5956343502706529,0.6543565567828141,9,8,True,42.34874684941851,0.7072234065568425,179.81071626446425,0.12967791997188843,19,18,False,-35.41990064407782,0.5983717055523395,-18.600682877173227,-10
full_senior_centers_latest_linked_570,full_cag_and_facility_term,2026-06 최신 경로당 594행 중 2025 공개좌표와 엄격 연결된 좌표완성 570행,570,각 좌표완성 레코드 동일가중,2026-06 workbook 594; coordinate-complete linked subset 570; 24 incomplete,0.1,0.8,마두1동,-0.3476877530828261,9.725282724259946,-0.8180067998598557,2.095532357352737e-05,244.71658420845858,-0.8853450163307998,0.27055793871202216,42,39,False,49.00841836792065,-1.209335976920437,229.3560111838389,-1.1241203929482053,41,38,False,-39.2831356436607,0.39132917706058135,15.360573024619697,1
full_senior_centers_latest_linked_570,full_cag_and_facility_term,2026-06 최신 경로당 594행 중 2025 공개좌표와 엄격 연결된 좌표완성 570행,570,각 좌표완성 레코드 동일가중,2026-06 workbook 594; coordinate-complete linked subset 570; 24 incomplete,0.1,0.8,마두2동,0.3697814463191027,12.002258825202814,-0.3199609988762536,5.501761798547457e-06,124.83279290015471,-0.6467763260066184,0.33238346830835713,38,35,False,74.79411280432868,-1.3424066009874744,165.94169935942577,-1.27098254982351,43,40,False,-62.79185397912586,1.0224456021112207,-41.108906459271054,-5
full_senior_centers_latest_linked_570,full_cag_and_facility_term,2026-06 최신 경로당 594행 중 2025 공개좌표와 엄격 연결된 좌표완성 570행,570,각 좌표완성 레코드 동일가중,2026-06 workbook 594; coordinate-complete linked subset 570; 24 incomplete,0.1,0.8,장항1동,-1.4010364229029388,1.5944686333663567,-0.7469353611504181,0.0002674015666791,801.0992992034944,0.21512212964749314,0.5557460914869002,16,15,False,8.108099822052091,-0.8944571877480685,1056.6100173599111,-0.0614456897980678,21,20,False,-6.513631188685735,0.14752182659765034,-255.51071815641671,-5
full_senior_centers_latest_linked_570,full_cag_and_facility_term,2026-06 최신 경로당 594행 중 2025 공개좌표와 엄격 연결된 좌표완성 570행,570,각 좌표완성 레코드 동일가중,2026-06 workbook 594; coordinate-complete linked subset 570; 24 incomplete,0.1,0.8,장항2동,-0.3442169416275722,7.013795897214589,-0.35940536730003586,1.3765289748929878e-05,292.28870284523737,-0.5250895309238037,0.36391883257033353,35,32,False,62.51375393419124,-1.7354618581018375,283.36614018593525,-1.4839854242008306,44,41,False,-55.49995803697665,1.3760564908018016,8.922562659302116,-9
full_senior_centers_latest_linked_570,full_cag_and_facility_term,2026-06 최신 경로당 594행 중 2025 공개좌표와 엄격 연결된 좌표완성 570행,570,각 좌표완성 레코드 동일가중,2026-06 workbook 594; coordinate-complete linked subset 570; 24 incomplete,0.1,0.8,고봉동,-0.108627977686805,1.3600458352955223,0.8767782663779612,0.0005557427413208,528.7100990252605,1.9293827889148865,1.0,1,,False,1.5473626118985893,0.9476287005769358,1019.3528957931436,1.8975007705208895,1,,False,-0.187316776603067,-0.07085043419897463,-490.64279676788306,0
full_senior_centers_latest_linked_570,full_cag_and_facility_term,2026-06 최신 경로당 594행 중 2025 공개좌표와 엄격 연결된 좌표완성 570행,570,각 좌표완성 레코드 동일가중,2026-06 workbook 594; coordinate-complete linked subset 570; 24 incomplete,0.1,0.8,일산1동,1.7113353946987817,22.497328691801698,-0.4338692195082108,1.082242870822518e-05,85.83479091583317,-0.7486191118693417,0.30599071675754397,39,36,False,55.380218890346285,1.064697994707209,155.7119082933697,0.373907914395718,13,12,False,-32.88289019854459,-1.4985672142154198,-69.87711737753654,26
full_senior_centers_latest_linked_570,full_cag_and_facility_term,2026-06 최신 경로당 594행 중 2025 공개좌표와 엄격 연결된 좌표완성 570행,570,각 좌표완성 레코드 동일가중,2026-06 workbook 594; coordinate-complete linked subset 570; 24 incomplete,0.1,0.8,일산2동,1.542670888862889,19.574528033730807,-0.1508892180720891,7.4079617305621715e-06,103.25989890009663,-0.5330675772665251,0.3618513066950286,36,33,False,59.30527829765953,0.7037783626908223,140.91723984707198,0.1161213758297429,20,19,False,-39.73075026392872,-0.8546675807629114,-37.65734094697535,16
full_senior_centers_latest_linked_570,full_cag_and_facility_term,2026-06 최신 경로당 594행 중 2025 공개좌표와 엄격 연결된 좌표완성 570행,570,각 좌표완성 레코드 동일가중,2026-06 workbook 594; coordinate-complete linked subset 570; 24 incomplete,0.1,0.8,일산3동,0.0467915387468424,19.919308142470072,-2.042540616952066,8.667684875245625e-06,113.0673095127119,-1.9293579591518122,0.0,44,41,False,62.58590429407474,-1.258937052310574,211.86857907559332,-1.1933868418718958,42,39,False,-42.666596151604665,-0.7836035646414921,-98.80126956288142,2
full_senior_centers_latest_linked_570,full_cag_and_facility_term,2026-06 최신 경로당 594행 중 2025 공개좌표와 엄격 연결된 좌표완성 570행,570,각 좌표완성 레코드 동일가중,2026-06 workbook 594; coordinate-complete linked subset 570; 24 incomplete,0.1,0.8,탄현1동,0.5460559361956295,17.536137019781272,-1.0311329527716289,7.755991122547013e-06,122.34867392733481,-1.1720845903482808,0.1962488330378089,43,40,False,42.40602042656029,0.1456414789564889,120.4806961876034,-0.26780696650856967,32,30,False,-24.869883406779017,-1.1767744317281177,1.8679777397314155,11
full_senior_centers_latest_linked_570,full_cag_and_facility_term,2026-06 최신 경로당 594행 중 2025 공개좌표와 엄격 연결된 좌표완성 570행,570,각 좌표완성 레코드 동일가중,2026-06 workbook 594; coordinate-complete linked subset 570; 24 incomplete,0.1,0.8,탄현2동,-0.2102774159803954,8.881216275861624,-0.5081133125556797,1.921088606279047e-05,271.85466141535284,-0.6380466480239732,0.33464578095193626,37,34,False,18.4652044974066,0.158614464947607,267.6202678116823,-0.18871695322124538,27,26,False,-9.583988221544976,-0.6667277775032867,4.234393603670526,10
full_senior_centers_latest_linked_570,full_cag_and_facility_term,2026-06 최신 경로당 594행 중 2025 공개좌표와 엄격 연결된 좌표완성 570행,570,각 좌표완성 레코드 동일가중,2026-06 workbook 594; coordinate-complete linked subset 570; 24 incomplete,0.1,0.8,주엽1동,1.2459646222046965,17.160715903720646,-0.11017041490853363,3.957737637695617e-06,107.0789355636645,-0.5084042931633478,0.3682428436531759,34,31,False,92.75287361440554,-0.9735222511692698,192.0778092804819,-1.0169294563321534,39,36,False,-75.5921577106849,0.8633518362607362,-84.99887371681739,-5
full_senior_centers_latest_linked_570,full_cag_and_facility_term,2026-06 최신 경로당 594행 중 2025 공개좌표와 엄격 연결된 좌표완성 570행,570,각 좌표완성 레코드 동일가중,2026-06 workbook 594; coordinate-complete linked subset 570; 24 incomplete,0.1,0.8,주엽2동,1.5659732252529237,17.863609127692655,0.16436602556199564,5.207884632602779e-06,112.97760112765754,-0.2964852720352979,0.4231620608185751,27,25,False,86.91298828309513,-0.3518628056916535,159.71909845610725,-0.6008566981640777,37,34,False,-69.04937915540248,0.5162288312536492,-46.74149732844971,-10
full_senior_centers_latest_linked_570,full_cag_and_facility_term,2026-06 최신 경로당 594행 중 2025 공개좌표와 엄격 연결된 좌표완성 570행,570,각 좌표완성 레코드 동일가중,2026-06 workbook 594; coordinate-complete linked subset 570; 24 incomplete,0.1,0.8,대화동,-0.351512429196386,9.248478662327498,-0.7428006909022966,2.002485221552675e-05,294.5260057129069,-0.792927054222594,0.2945082292710624,41,38,False,37.23243223817021,-0.7515588512758407,289.2582390525824,-0.7985994145303088,38,35,False,-27.983953575842712,0.008758160373544044,5.267766660324526,3
full_senior_centers_latest_linked_570,full_cag_and_facility_term,2026-06 최신 경로당 594행 중 2025 공개좌표와 엄격 연결된 좌표완성 570행,570,각 좌표완성 레코드 동일가중,2026-06 workbook 594; coordinate-complete linked subset 570; 24 incomplete,0.1,0.8,송포동,-0.766508190098463,1.7240036664331844,0.00926151984009349,0.0002085057184501,646.3349523691754,0.5102686540486644,0.6322338743339457,11,10,False,3.469587304316442,0.0656085006590319,1437.3604284129906,0.5516769125789557,9,8,True,-1.7455836378832577,-0.05634698081893841,-791.0254760438152,2
full_senior_centers_latest_linked_570,full_cag_and_facility_term,2026-06 최신 경로당 594행 중 2025 공개좌표와 엄격 연결된 좌표완성 570행,570,각 좌표완성 레코드 동일가중,2026-06 workbook 594; coordinate-complete linked subset 570; 24 incomplete,0.1,0.8,덕이동,-0.6918638913173559,5.030473686425861,-0.45327190501770004,5.147460066329769e-05,323.910106665688,-0.47629470612780617,0.37656410417103503,32,29,False,10.283391754915804,-0.1104724695296885,496.31253754331885,-0.2261651864805044,30,28,False,-5.252918068489944,-0.3427994354880115,-172.40243087763088,2
full_senior_centers_latest_linked_570,full_cag_and_facility_term,2026-06 최신 경로당 594행 중 2025 공개좌표와 엄격 연결된 좌표완성 570행,570,각 좌표완성 레코드 동일가중,2026-06 workbook 594; coordinate-complete linked subset 570; 24 incomplete,0.1,0.8,가좌동,-0.6775723485155032,1.2294138833931918,0.2011679669667038,0.0003740847374566,625.8648497662587,1.049756016736754,0.7720430498942326,5,4,True,0.9353055844131872,0.2741659228557271,2160.780363381229,1.3111542095737996,2,1,True,0.29410829898000457,-0.0729979558890233,-1534.9155136149705,3
partial_combined_union,partial_facility_term_only,경로당+노인복지관+노인돌봄 수행기관 공개좌표 합집합,598,최근거리는 598개 레코드 합집합; 목록 간 동일 지점 중복 허용,2025-06-30 senior centers 585 + 2026-02-27 welfare centers 3 + 2026-03-02 providers 10,0.1,0.8,주교동,0.0373062907032981,11.16134824352095,0.7489773417793479,0.0002633798090061,517.5844386156575,1.053719796488053,0.7407193583856002,4,3,True,11.16134824352095,0.7489773417793479,801.3816390718099,0.9721090649827719,5,4,True,0.0,0.0,-283.7972004561524,-1
partial_combined_union,partial_facility_term_only,경로당+노인복지관+노인돌봄 수행기관 공개좌표 합집합,598,최근거리는 598개 레코드 합집합; 목록 간 동일 지점 중복 허용,2025-06-30 senior centers 585 + 2026-02-27 welfare centers 3 + 2026-03-02 providers 10,0.1,0.8,원신동,-0.5975421223625897,4.3702956881167205,0.237380496391152,0.0001330932520967,566.3917471682756,0.42004215557805696,0.5523506333991576,11,10,False,4.3702956881167205,0.237380496391152,1186.982844118443,0.40935073469645483,11,10,False,0.0,0.0,-620.5910969501673,0
partial_combined_union,partial_facility_term_only,경로당+노인복지관+노인돌봄 수행기관 공개좌표 합집합,598,최근거리는 598개 레코드 합집합; 목록 간 동일 지점 중복 허용,2025-06-30 senior centers 585 + 2026-02-27 welfare centers 3 + 2026-03-02 providers 10,0.1,0.8,흥도동,-0.9270607543001314,8.179865439321938,-0.3162033413448106,0.0001156461146152,477.0365488729682,-0.06973044136571936,0.4067595099896103,23,22,False,8.179865439321938,-0.3162033413448106,859.7734545792188,-0.10284326632186505,24,23,False,0.0,0.0,-382.7369057062506,-1
partial_combined_union,partial_facility_term_only,경로당+노인복지관+노인돌봄 수행기관 공개좌표 합집합,598,최근거리는 598개 레코드 합집합; 목록 간 동일 지점 중복 허용,2025-06-30 senior centers 585 + 2026-02-27 welfare centers 3 + 2026-03-02 providers 10,0.1,0.8,성사1동,0.3010965635006501,21.617158395816187,0.6617518921402419,2.031490211182485e-05,364.6177493917908,0.2681974661873592,0.507212871404884,14,13,False,21.617158395816187,0.6617518921402419,523.7998073037636,0.22834339977689266,16,15,False,0.0,0.0,-159.18205791197278,-2
partial_combined_union,partial_facility_term_only,경로당+노인복지관+노인돌봄 수행기관 공개좌표 합집합,598,최근거리는 598개 레코드 합집합; 목록 간 동일 지점 중복 허용,2025-06-30 senior centers 585 + 2026-02-27 welfare centers 3 + 2026-03-02 providers 10,0.1,0.8,성사2동,0.8457553469012984,27.15650752537194,1.1119372687890825,1.7230993038091426e-05,292.4577037787391,0.5093708307974917,0.5789047163736631,10,9,False,27.15650752537194,1.1119372687890825,413.428634514588,0.495050130191262,10,9,False,0.0,0.0,-120.97093073584892,0
partial_combined_union,partial_facility_term_only,경로당+노인복지관+노인돌봄 수행기관 공개좌표 합집합,598,최근거리는 598개 레코드 합집합; 목록 간 동일 지점 중복 허용,2025-06-30 senior centers 585 + 2026-02-27 welfare centers 3 + 2026-03-02 providers 10,0.1,0.8,효자동,-1.1882440726489265,1.6608646599432235,-0.3803880881701609,0.0002888832579403,1435.299861792474,1.0732248263527093,0.7465174761811902,3,2,True,1.6608646599432235,-0.3803880881701609,4152.763786508891,1.2192832926591888,3,2,True,0.0,0.0,-2717.463924716417,0
partial_combined_union,partial_facility_term_only,경로당+노인복지관+노인돌봄 수행기관 공개좌표 합집합,598,최근거리는 598개 레코드 합집합; 목록 간 동일 지점 중복 허용,2025-06-30 senior centers 585 + 2026-02-27 welfare centers 3 + 2026-03-02 providers 10,0.1,0.8,삼송1동,-0.9119782760816036,9.489139859652225,-0.3491306880077152,5.353799579996714e-05,518.1478164931257,-0.21450556712736008,0.36372326555101947,28,26,False,9.489139859652225,-0.3491306880077152,724.2217901819029,-0.3184436573245626,33,31,False,0.0,0.0,-206.0739736887772,-5
partial_combined_union,partial_facility_term_only,경로당+노인복지관+노인돌봄 수행기관 공개좌표 합집합,598,최근거리는 598개 레코드 합집합; 목록 간 동일 지점 중복 허용,2025-06-30 senior centers 585 + 2026-02-27 welfare centers 3 + 2026-03-02 providers 10,0.1,0.8,삼송2동,0.1301607530791594,15.587863467125716,0.688974704870108,2.402335580108581e-05,267.31888151655454,0.21928928804117148,0.49267429443130306,16,15,False,15.587863467125716,0.688974704870108,438.5989880666536,0.23190761198698412,15,14,False,0.0,0.0,-171.28010655009905,1
partial_combined_union,partial_facility_term_only,경로당+노인복지관+노인돌봄 수행기관 공개좌표 합집합,598,최근거리는 598개 레코드 합집합; 목록 간 동일 지점 중복 허용,2025-06-30 senior centers 585 + 2026-02-27 welfare centers 3 + 2026-03-02 providers 10,0.1,0.8,창릉동,-1.0157711971683734,5.230356044778631,-0.3091252353727,0.0001797900400723,600.963012726077,0.19255632795780503,0.48472758260037,18,17,False,5.230356044778631,-0.3091252353727,1141.848174531454,0.14183434581213775,18,17,False,0.0,0.0,-540.8851618053772,0
partial_combined_union,partial_facility_term_only,경로당+노인복지관+노인돌봄 수행기관 공개좌표 합집합,598,최근거리는 598개 레코드 합집합; 목록 간 동일 지점 중복 허용,2025-06-30 senior centers 585 + 2026-02-27 welfare centers 3 + 2026-03-02 providers 10,0.1,0.8,고양동,-0.1975879706958513,2.3792741219830367,0.8058970767150847,0.000190081904272,621.7616496155484,0.9917389441488016,0.722294763015703,7,6,True,2.3792741219830367,0.8058970767150847,1438.5542854295577,1.0087851404317612,4,3,True,0.0,0.0,-816.7926358140093,3
partial_combined_union,partial_facility_term_only,경로당+노인복지관+노인돌봄 수행기관 공개좌표 합집합,598,최근거리는 598개 레코드 합집합; 목록 간 동일 지점 중복 허용,2025-06-30 senior centers 585 + 2026-02-27 welfare centers 3 + 2026-03-02 providers 10,0.1,0.8,관산동,0.1500954406277719,2.4993253459689755,1.2274261933978212,0.0001069583515347,530.5072374203055,0.998924899634171,0.7244308795285792,5,4,True,2.4993253459689755,1.2274261933978212,834.2584241105883,0.9164599657340404,7,6,True,0.0,0.0,-303.7511866902828,-2
partial_combined_union,partial_facility_term_only,경로당+노인복지관+노인돌봄 수행기관 공개좌표 합집합,598,최근거리는 598개 레코드 합집합; 목록 간 동일 지점 중복 허용,2025-06-30 senior centers 585 + 2026-02-27 welfare centers 3 + 2026-03-02 providers 10,0.1,0.8,능곡동,-0.4975153295188249,7.552714240549709,0.2350289134429036,0.0002238689103166,496.1647496663849,0.5893789351767398,0.6026881413164438,8,7,True,7.552714240549709,0.2350289134429036,1268.7646315385791,0.6571956174539099,8,7,True,0.0,0.0,-772.5998818721941,0
partial_combined_union,partial_facility_term_only,경로당+노인복지관+노인돌봄 수행기관 공개좌표 합집합,598,최근거리는 598개 레코드 합집합; 목록 간 동일 지점 중복 허용,2025-06-30 senior centers 585 + 2026-02-27 welfare centers 3 + 2026-03-02 providers 10,0.1,0.8,화정1동,0.4196982280559918,40.54288884542499,0.0639015999634497,1.3405564215691206e-05,240.71974010759754,-0.2525771571586471,0.3524060019939506,32,30,False,40.54288884542499,0.0639015999634497,312.01281044718525,-0.254909890591197,31,29,False,0.0,0.0,-71.2930703395877,1
partial_combined_union,partial_facility_term_only,경로당+노인복지관+노인돌봄 수행기관 공개좌표 합집합,598,최근거리는 598개 레코드 합집합; 목록 간 동일 지점 중복 허용,2025-06-30 senior centers 585 + 2026-02-27 welfare centers 3 + 2026-03-02 providers 10,0.1,0.8,화정2동,-0.0189874404540583,59.34697417251324,-1.212379915843223,1.1319534283541755e-05,323.2757635522786,-1.0594035466342848,0.11256661291169107,39,36,False,59.34697417251324,-1.212379915843223,485.3961931393568,-1.0775867906583412,40,37,False,0.0,0.0,-162.1204295870782,-1
partial_combined_union,partial_facility_term_only,경로당+노인복지관+노인돌봄 수행기관 공개좌표 합집합,598,최근거리는 598개 레코드 합집합; 목록 간 동일 지점 중복 허용,2025-06-30 senior centers 585 + 2026-02-27 welfare centers 3 + 2026-03-02 providers 10,0.1,0.8,행주동,-0.0078915205836514,8.694980334077634,0.7904260084118929,0.0001883098010287,641.0833529928959,0.9920352110891676,0.7223828321256248,6,5,True,8.694980334077634,0.7904260084118929,1358.4192868361513,0.9711354349229713,6,5,True,0.0,0.0,-717.3359338432554,0
partial_combined_union,partial_facility_term_only,경로당+노인복지관+노인돌봄 수행기관 공개좌표 합집합,598,최근거리는 598개 레코드 합집합; 목록 간 동일 지점 중복 허용,2025-06-30 senior centers 585 + 2026-02-27 welfare centers 3 + 2026-03-02 providers 10,0.1,0.8,행신1동,1.3608928135501752,64.94317652905693,0.2595155718957045,5.679154248617028e-06,129.20485303173504,-0.22683739385079468,0.3600574734720829,31,29,False,64.94317652905693,0.2595155718957045,168.04345586031778,-0.18216820648352955,26,25,False,0.0,0.0,-38.83860282858274,5
partial_combined_union,partial_facility_term_only,경로당+노인복지관+노인돌봄 수행기관 공개좌표 합집합,598,최근거리는 598개 레코드 합집합; 목록 간 동일 지점 중복 허용,2025-06-30 senior centers 585 + 2026-02-27 welfare centers 3 + 2026-03-02 providers 10,0.1,0.8,행신2동,-0.3574717052212928,18.128003728251063,-0.0085963843603965,4.854838137410698e-05,426.83415945249385,-0.0676260396462308,0.4073850701217149,22,21,False,18.128003728251063,-0.0085963843603965,739.2268422024636,-0.09538613899041729,23,22,False,0.0,0.0,-312.3926827499697,-1
partial_combined_union,partial_facility_term_only,경로당+노인복지관+노인돌봄 수행기관 공개좌표 합집합,598,최근거리는 598개 레코드 합집합; 목록 간 동일 지점 중복 허용,2025-06-30 senior centers 585 + 2026-02-27 welfare centers 3 + 2026-03-02 providers 10,0.1,0.8,행신3동,1.2686586111811229,61.37099430523384,0.2867272914331722,1.3272629419928166e-05,113.2899410603542,-0.2019688522855966,0.3674499632247299,27,25,False,61.37099430523384,0.2867272914331722,227.08229226865384,-0.12802018839948226,25,24,False,0.0,0.0,-113.79235120829965,2
partial_combined_union,partial_facility_term_only,경로당+노인복지관+노인돌봄 수행기관 공개좌표 합집합,598,최근거리는 598개 레코드 합집합; 목록 간 동일 지점 중복 허용,2025-06-30 senior centers 585 + 2026-02-27 welfare centers 3 + 2026-03-02 providers 10,0.1,0.8,행신4동,0.6351664438937814,28.6264536911948,0.796037364719661,2.3049808818926964e-05,204.20515795352148,0.23985219702677366,0.49878688022818823,15,14,False,28.6264536911948,0.796037364719661,294.15787059295087,0.2612159199874837,14,13,False,0.0,0.0,-89.9527126394294,1
partial_combined_union,partial_facility_term_only,경로당+노인복지관+노인돌봄 수행기관 공개좌표 합집합,598,최근거리는 598개 레코드 합집합; 목록 간 동일 지점 중복 허용,2025-06-30 senior centers 585 + 2026-02-27 welfare centers 3 + 2026-03-02 providers 10,0.1,0.8,화전동,-0.9714390763216944,5.554606326156234,-0.2675100505612137,7.671946985088419e-05,408.7054750571403,-0.18750577965420598,0.37174929521165156,26,,False,5.554606326156234,-0.2675100505612137,672.9175885069833,-0.2197932283335469,29,,False,0.0,0.0,-264.212113449843,-3
partial_combined_union,partial_facility_term_only,경로당+노인복지관+노인돌봄 수행기관 공개좌표 합집합,598,최근거리는 598개 레코드 합집합; 목록 간 동일 지점 중복 허용,2025-06-30 senior centers 585 + 2026-02-27 welfare centers 3 + 2026-03-02 providers 10,0.1,0.8,대덕동,-1.3787723914491743,1.64928931028072,-0.6135123980934756,0.0002501159250992,670.8793230982252,0.21621156862860486,0.49175940325606976,17,16,False,1.64928931028072,-0.6135123980934756,1266.1665836339614,0.14567911029398042,17,16,False,0.0,0.0,-595.2872605357362,0
partial_combined_union,partial_facility_term_only,경로당+노인복지관+노인돌봄 수행기관 공개좌표 합집합,598,최근거리는 598개 레코드 합집합; 목록 간 동일 지점 중복 허용,2025-06-30 senior centers 585 + 2026-02-27 welfare centers 3 + 2026-03-02 providers 10,0.1,0.8,식사동,-1.010587057406619,10.417317638276309,-0.5064718441625805,4.576697974454426e-05,555.2176991081459,-0.31151774583689407,0.33488516360153414,34,,False,10.417317638276309,-0.5064718441625805,643.0645410470563,-0.4676709203017679,34,,False,0.0,0.0,-87.84684193891042,0
partial_combined_union,partial_facility_term_only,경로당+노인복지관+노인돌봄 수행기관 공개좌표 합집합,598,최근거리는 598개 레코드 합집합; 목록 간 동일 지점 중복 허용,2025-06-30 senior centers 585 + 2026-02-27 welfare centers 3 + 2026-03-02 providers 10,0.1,0.8,중산1동,0.7756374423331662,27.09019852519108,1.028580048654424,1.3452173873668196e-05,192.29065602907326,0.3644537027185805,0.5358262599431659,12,11,False,27.09019852519108,1.028580048654424,318.79657199554686,0.40218965412222357,12,11,False,0.0,0.0,-126.5059159664736,0
partial_combined_union,partial_facility_term_only,경로당+노인복지관+노인돌봄 수행기관 공개좌표 합집합,598,최근거리는 598개 레코드 합집합; 목록 간 동일 지점 중복 허용,2025-06-30 senior centers 585 + 2026-02-27 welfare centers 3 + 2026-03-02 providers 10,0.1,0.8,중산2동,0.1798689144206002,26.64274474595094,0.3157678050113327,2.0713131337054117e-05,183.31409964325968,-0.10855064155739988,0.39521971255676397,24,23,False,26.64274474595094,0.3157678050113327,265.56677692252146,-0.07884110881593134,22,21,False,0.0,0.0,-82.25267727926177,2
partial_combined_union,partial_facility_term_only,경로당+노인복지관+노인돌봄 수행기관 공개좌표 합집합,598,최근거리는 598개 레코드 합집합; 목록 간 동일 지점 중복 허용,2025-06-30 senior centers 585 + 2026-02-27 welfare centers 3 + 2026-03-02 providers 10,0.1,0.8,정발산동,0.300783414740963,45.01647866583588,-0.2575690745448655,1.2962627552602784e-05,145.53940883578198,-0.5469418496806612,0.26490235939774026,35,32,False,45.01647866583588,-0.2575690745448655,193.93936726516665,-0.5077939771970685,35,32,False,0.0,0.0,-48.39995842938467,0
partial_combined_union,partial_facility_term_only,경로당+노인복지관+노인돌봄 수행기관 공개좌표 합집합,598,최근거리는 598개 레코드 합집합; 목록 간 동일 지점 중복 허용,2025-06-30 senior centers 585 + 2026-02-27 welfare centers 3 + 2026-03-02 providers 10,0.1,0.8,풍산동,-0.4774119630451041,17.1605577518855,-0.1176440914987068,5.027596966220582e-05,325.47481068773953,-0.21720320300304308,0.36292135903329803,29,27,False,17.1605577518855,-0.1176440914987068,604.5789761454724,-0.20331659082407308,28,27,False,0.0,0.0,-279.1041654577329,1
partial_combined_union,partial_facility_term_only,경로당+노인복지관+노인돌봄 수행기관 공개좌표 합집합,598,최근거리는 598개 레코드 합집합; 목록 간 동일 지점 중복 허용,2025-06-30 senior centers 585 + 2026-02-27 welfare centers 3 + 2026-03-02 providers 10,0.1,0.8,백석1동,0.0215720856654819,38.88673571668811,-0.359142243871342,1.0820527077915604e-05,224.62392318680259,-0.5589632784948728,0.26132883703864856,36,33,False,38.88673571668811,-0.359142243871342,233.7702368806786,-0.5708089878019074,36,33,False,0.0,0.0,-9.14631369387601,0
partial_combined_union,partial_facility_term_only,경로당+노인복지관+노인돌봄 수행기관 공개좌표 합집합,598,최근거리는 598개 레코드 합집합; 목록 간 동일 지점 중복 허용,2025-06-30 senior centers 585 + 2026-02-27 welfare centers 3 + 2026-03-02 providers 10,0.1,0.8,백석2동,1.0022988467318128,42.34874684941851,0.7072234065568425,7.482777545212669e-06,158.09466199465908,0.10442615938884915,0.45852977094595443,20,19,False,42.34874684941851,0.7072234065568425,179.81071626446425,0.12967791997188843,19,18,False,0.0,0.0,-21.71605426980517,1
partial_combined_union,partial_facility_term_only,경로당+노인복지관+노인돌봄 수행기관 공개좌표 합집합,598,최근거리는 598개 레코드 합집합; 목록 간 동일 지점 중복 허용,2025-06-30 senior centers 585 + 2026-02-27 welfare centers 3 + 2026-03-02 providers 10,0.1,0.8,마두1동,-0.3476877530828261,49.00841836792065,-1.209335976920437,2.095532357352737e-05,244.71658420845858,-1.0951969507949082,0.10192656903231628,41,38,False,49.00841836792065,-1.209335976920437,229.3560111838389,-1.1241203929482053,41,38,False,0.0,0.0,15.360573024619697,0
partial_combined_union,partial_facility_term_only,경로당+노인복지관+노인돌봄 수행기관 공개좌표 합집합,598,최근거리는 598개 레코드 합집합; 목록 간 동일 지점 중복 허용,2025-06-30 senior centers 585 + 2026-02-27 welfare centers 3 + 2026-03-02 providers 10,0.1,0.8,마두2동,0.3697814463191027,74.79411280432868,-1.3424066009874744,5.501761798547457e-06,124.83279290015471,-1.3184992616796554,0.03554712170404851,43,40,False,74.79411280432868,-1.3424066009874744,165.94169935942577,-1.27098254982351,43,40,False,0.0,0.0,-41.108906459271054,0
partial_combined_union,partial_facility_term_only,경로당+노인복지관+노인돌봄 수행기관 공개좌표 합집합,598,최근거리는 598개 레코드 합집합; 목록 간 동일 지점 중복 허용,2025-06-30 senior centers 585 + 2026-02-27 welfare centers 3 + 2026-03-02 providers 10,0.1,0.8,장항1동,-1.4010364229029388,8.108099822052091,-0.8944571877480685,0.0002674015666791,801.0992992034944,0.17108650555361357,0.47834540527412706,19,18,False,8.108099822052091,-0.8944571877480685,1056.6100173599111,-0.0614456897980678,21,20,False,0.0,0.0,-255.51071815641671,-2
partial_combined_union,partial_facility_term_only,경로당+노인복지관+노인돌봄 수행기관 공개좌표 합집합,598,최근거리는 598개 레코드 합집합; 목록 간 동일 지점 중복 허용,2025-06-30 senior centers 585 + 2026-02-27 welfare centers 3 + 2026-03-02 providers 10,0.1,0.8,장항2동,-0.3442169416275722,62.51375393419124,-1.7354618581018375,1.3765289748929878e-05,285.7241753429506,-1.4380807698317288,0.0,44,41,False,62.51375393419124,-1.7354618581018375,283.36614018593525,-1.4839854242008306,44,41,False,0.0,0.0,2.3580351570153653,0
partial_combined_union,partial_facility_term_only,경로당+노인복지관+노인돌봄 수행기관 공개좌표 합집합,598,최근거리는 598개 레코드 합집합; 목록 간 동일 지점 중복 허용,2025-06-30 senior centers 585 + 2026-02-27 welfare centers 3 + 2026-03-02 providers 10,0.1,0.8,고봉동,-0.108627977686805,1.5473626118985893,0.9476287005769358,0.0005557427413208,528.5733539501629,1.9259471013321454,1.0,1,,False,1.5473626118985893,0.9476287005769358,1019.3528957931436,1.8975007705208895,1,,False,0.0,0.0,-490.77954184298073,0
partial_combined_union,partial_facility_term_only,경로당+노인복지관+노인돌봄 수행기관 공개좌표 합집합,598,최근거리는 598개 레코드 합집합; 목록 간 동일 지점 중복 허용,2025-06-30 senior centers 585 + 2026-02-27 welfare centers 3 + 2026-03-02 providers 10,0.1,0.8,일산1동,1.7113353946987817,55.380218890346285,1.064697994707209,1.082242870822518e-05,85.83479091583317,0.29857610423168146,0.516243307301306,13,12,False,55.380218890346285,1.064697994707209,155.7119082933697,0.373907914395718,13,12,False,0.0,0.0,-69.87711737753654,0
partial_combined_union,partial_facility_term_only,경로당+노인복지관+노인돌봄 수행기관 공개좌표 합집합,598,최근거리는 598개 레코드 합집합; 목록 간 동일 지점 중복 허용,2025-06-30 senior centers 585 + 2026-02-27 welfare centers 3 + 2026-03-02 providers 10,0.1,0.8,일산2동,1.542670888862889,59.30527829765953,0.7037783626908223,7.4079617305621715e-06,100.8927334048508,0.056845789304345015,0.44438590177876985,21,20,False,59.30527829765953,0.7037783626908223,140.91723984707198,0.1161213758297429,20,19,False,0.0,0.0,-40.02450644222118,1
partial_combined_union,partial_facility_term_only,경로당+노인복지관+노인돌봄 수행기관 공개좌표 합집합,598,최근거리는 598개 레코드 합집합; 목록 간 동일 지점 중복 허용,2025-06-30 senior centers 585 + 2026-02-27 welfare centers 3 + 2026-03-02 providers 10,0.1,0.8,일산3동,0.0467915387468424,62.58590429407474,-1.258937052310574,8.667684875245625e-06,112.62523742496168,-1.2635442301153692,0.0518832026370739,42,39,False,62.58590429407474,-1.258937052310574,211.86857907559332,-1.1933868418718958,42,39,False,0.0,0.0,-99.24334165063163,0
partial_combined_union,partial_facility_term_only,경로당+노인복지관+노인돌봄 수행기관 공개좌표 합집합,598,최근거리는 598개 레코드 합집합; 목록 간 동일 지점 중복 허용,2025-06-30 senior centers 585 + 2026-02-27 welfare centers 3 + 2026-03-02 providers 10,0.1,0.8,탄현1동,0.5460559361956295,42.40602042656029,0.1456414789564889,7.755991122547013e-06,122.34867392733481,-0.30438689092285226,0.33700490076993483,33,31,False,42.40602042656029,0.1456414789564889,120.4806961876034,-0.26780696650856967,32,30,False,0.0,0.0,1.8679777397314155,1
partial_combined_union,partial_facility_term_only,경로당+노인복지관+노인돌봄 수행기관 공개좌표 합집합,598,최근거리는 598개 레코드 합집합; 목록 간 동일 지점 중복 허용,2025-06-30 senior centers 585 + 2026-02-27 welfare centers 3 + 2026-03-02 providers 10,0.1,0.8,탄현2동,-0.2102774159803954,18.4652044974066,0.158614464947607,1.921088606279047e-05,239.0985160437386,-0.17507081170198086,0.37544574733049885,25,24,False,18.4652044974066,0.158614464947607,267.6202678116823,-0.18871695322124538,27,26,False,0.0,0.0,-28.521751767943698,-2
partial_combined_union,partial_facility_term_only,경로당+노인복지관+노인돌봄 수행기관 공개좌표 합집합,598,최근거리는 598개 레코드 합집합; 목록 간 동일 지점 중복 허용,2025-06-30 senior centers 585 + 2026-02-27 welfare centers 3 + 2026-03-02 providers 10,0.1,0.8,주엽1동,1.2459646222046965,92.75287361440554,-0.9735222511692698,3.957737637695617e-06,106.1328831601044,-1.0865875456913152,0.10448582401869495,40,37,False,92.75287361440554,-0.9735222511692698,192.0778092804819,-1.0169294563321534,39,36,False,0.0,0.0,-85.94492612037749,1
partial_combined_union,partial_facility_term_only,경로당+노인복지관+노인돌봄 수행기관 공개좌표 합집합,598,최근거리는 598개 레코드 합집합; 목록 간 동일 지점 중복 허용,2025-06-30 senior centers 585 + 2026-02-27 welfare centers 3 + 2026-03-02 providers 10,0.1,0.8,주엽2동,1.5659732252529237,86.91298828309513,-0.3518628056916535,5.207884632602779e-06,112.97760112765754,-0.6559462235856299,0.23249942515354333,37,34,False,86.91298828309513,-0.3518628056916535,159.71909845610725,-0.6008566981640777,37,34,False,0.0,0.0,-46.74149732844971,0
partial_combined_union,partial_facility_term_only,경로당+노인복지관+노인돌봄 수행기관 공개좌표 합집합,598,최근거리는 598개 레코드 합집합; 목록 간 동일 지점 중복 허용,2025-06-30 senior centers 585 + 2026-02-27 welfare centers 3 + 2026-03-02 providers 10,0.1,0.8,대화동,-0.351512429196386,37.23243223817021,-0.7515588512758407,2.002485221552675e-05,294.02777566681124,-0.7478255893111634,0.2051871170382882,38,35,False,37.23243223817021,-0.7515588512758407,289.2582390525824,-0.7985994145303088,38,35,False,0.0,0.0,4.769536614228855,0
partial_combined_union,partial_facility_term_only,경로당+노인복지관+노인돌봄 수행기관 공개좌표 합집합,598,최근거리는 598개 레코드 합집합; 목록 간 동일 지점 중복 허용,2025-06-30 senior centers 585 + 2026-02-27 welfare centers 3 + 2026-03-02 providers 10,0.1,0.8,송포동,-0.766508190098463,3.469587304316442,0.0656085006590319,0.0002085057184501,646.3349523691754,0.5543242427502575,0.592267688879956,9,8,True,3.469587304316442,0.0656085006590319,1437.3604284129906,0.5516769125789557,9,8,True,0.0,0.0,-791.0254760438152,0
partial_combined_union,partial_facility_term_only,경로당+노인복지관+노인돌봄 수행기관 공개좌표 합집합,598,최근거리는 598개 레코드 합집합; 목록 간 동일 지점 중복 허용,2025-06-30 senior centers 585 + 2026-02-27 welfare centers 3 + 2026-03-02 providers 10,0.1,0.8,덕이동,-0.6918638913173559,10.283391754915804,-0.1104724695296885,5.147460066329769e-05,312.44902604898675,-0.2196055498146462,0.3622072309393557,30,28,False,10.283391754915804,-0.1104724695296885,496.31253754331885,-0.2261651864805044,30,28,False,0.0,0.0,-183.8635114943321,0
partial_combined_union,partial_facility_term_only,경로당+노인복지관+노인돌봄 수행기관 공개좌표 합집합,598,최근거리는 598개 레코드 합집합; 목록 간 동일 지점 중복 허용,2025-06-30 senior centers 585 + 2026-02-27 welfare centers 3 + 2026-03-02 providers 10,0.1,0.8,가좌동,-0.6775723485155032,0.9353055844131872,0.2741659228557271,0.0003740847374566,619.9825858628795,1.0878732673585787,0.750871911271171,2,1,True,0.9353055844131872,0.2741659228557271,2160.780363381229,1.3111542095737996,2,1,True,0.0,0.0,-1540.7977775183494,0
full_combined_record_equal,full_cag_and_facility_term,경로당+노인복지관+노인돌봄 수행기관 공개좌표 합집합,598,598개 레코드 동일가중(1건=1); 경로당 목록이 구조적으로 지배,2025-06-30 senior centers 585 + 2026-02-27 welfare centers 3 + 2026-03-02 providers 10,0.1,0.8,주교동,0.0373062907032981,3.2338481454033396,0.7736081989635388,0.0002633798090061,517.5844386156575,1.1287931039803047,0.7882855168359478,2,1,True,11.16134824352095,0.7489773417793479,801.3816390718099,0.9721090649827719,5,4,True,-7.92750009811761,0.02463085718419089,-283.7972004561524,-3
full_combined_record_equal,full_cag_and_facility_term,경로당+노인복지관+노인돌봄 수행기관 공개좌표 합집합,598,598개 레코드 동일가중(1건=1); 경로당 목록이 구조적으로 지배,2025-06-30 senior centers 585 + 2026-02-27 welfare centers 3 + 2026-03-02 providers 10,0.1,0.8,원신동,-0.5975421223625897,1.9290569178247807,0.20583502348409588,0.0001330932520967,566.3917471682756,0.41414608033487377,0.6058199455350468,13,12,False,4.3702956881167205,0.237380496391152,1186.982844118443,0.40935073469645483,11,10,False,-2.44123877029194,-0.031545472907056116,-620.5910969501673,2
full_combined_record_equal,full_cag_and_facility_term,경로당+노인복지관+노인돌봄 수행기관 공개좌표 합집합,598,598개 레코드 동일가중(1건=1); 경로당 목록이 구조적으로 지배,2025-06-30 senior centers 585 + 2026-02-27 welfare centers 3 + 2026-03-02 providers 10,0.1,0.8,흥도동,-0.9270607543001314,2.827827291725465,-0.3431516960061858,0.0001156461146152,477.0365488729682,-0.11391110424391991,0.47099498625344244,22,21,False,8.179865439321938,-0.3162033413448106,859.7734545792188,-0.10284326632186505,24,23,False,-5.352038147596473,-0.026948354661375185,-382.7369057062506,-2
full_combined_record_equal,full_cag_and_facility_term,경로당+노인복지관+노인돌봄 수행기관 공개좌표 합집합,598,598개 레코드 동일가중(1건=1); 경로당 목록이 구조적으로 지배,2025-06-30 senior centers 585 + 2026-02-27 welfare centers 3 + 2026-03-02 providers 10,0.1,0.8,성사1동,0.3010965635006501,4.422609367829037,0.9052021410376483,2.031490211182485e-05,364.6177493917908,0.5017840472876997,0.6281959034255965,12,11,False,21.617158395816187,0.6617518921402419,523.7998073037636,0.22834339977689266,16,15,False,-17.19454902798715,0.2434502488974064,-159.18205791197278,-4
full_combined_record_equal,full_cag_and_facility_term,경로당+노인복지관+노인돌봄 수행기관 공개좌표 합집합,598,598개 레코드 동일가중(1건=1); 경로당 목록이 구조적으로 지배,2025-06-30 senior centers 585 + 2026-02-27 welfare centers 3 + 2026-03-02 providers 10,0.1,0.8,성사2동,0.8457553469012984,7.119138219808958,1.1378570549074483,1.7230993038091426e-05,292.4577037787391,0.6127921257392345,0.6565387800954698,8,7,True,27.15650752537194,1.1119372687890825,413.428634514588,0.495050130191262,10,9,False,-20.037369305562983,0.025919786118365762,-120.97093073584892,-2
full_combined_record_equal,full_cag_and_facility_term,경로당+노인복지관+노인돌봄 수행기관 공개좌표 합집합,598,598개 레코드 동일가중(1건=1); 경로당 목록이 구조적으로 지배,2025-06-30 senior centers 585 + 2026-02-27 welfare centers 3 + 2026-03-02 providers 10,0.1,0.8,효자동,-1.1882440726489265,0.45332999392078216,-0.28023700737804647,0.0002888832579403,1435.299861792474,1.1200955267523538,0.7860648283767188,3,2,True,1.6608646599432235,-0.3803880881701609,4152.763786508891,1.2192832926591888,3,2,True,-1.2075346660224413,0.10015108079211443,-2717.463924716417,0
full_combined_record_equal,full_cag_and_facility_term,경로당+노인복지관+노인돌봄 수행기관 공개좌표 합집합,598,598개 레코드 동일가중(1건=1); 경로당 목록이 구조적으로 지배,2025-06-30 senior centers 585 + 2026-02-27 welfare centers 3 + 2026-03-02 providers 10,0.1,0.8,삼송1동,-0.9119782760816036,2.9879796683124122,-0.35050106645348467,5.353799579996714e-05,518.1478164931257,-0.24187196264538346,0.43832368089590273,26,24,False,9.489139859652225,-0.3491306880077152,724.2217901819029,-0.3184436573245626,33,31,False,-6.501160191339812,-0.0013703784457694823,-206.0739736887772,-7
full_combined_record_equal,full_cag_and_facility_term,경로당+노인복지관+노인돌봄 수행기관 공개좌표 합집합,598,598개 레코드 동일가중(1건=1); 경로당 목록이 구조적으로 지배,2025-06-30 senior centers 585 + 2026-02-27 welfare centers 3 + 2026-03-02 providers 10,0.1,0.8,삼송2동,0.1301607530791594,4.84332898537426,0.6277617323113877,2.402335580108581e-05,267.31888151655454,0.22507065142089866,0.5575447061311697,15,14,False,15.587863467125716,0.688974704870108,438.5989880666536,0.23190761198698412,15,14,False,-10.744534481751456,-0.06121297255872038,-171.28010655009905,0
full_combined_record_equal,full_cag_and_facility_term,경로당+노인복지관+노인돌봄 수행기관 공개좌표 합집합,598,598개 레코드 동일가중(1건=1); 경로당 목록이 구조적으로 지배,2025-06-30 senior centers 585 + 2026-02-27 welfare centers 3 + 2026-03-02 providers 10,0.1,0.8,창릉동,-1.0157711971683734,1.8608814050794398,-0.29589467605767683,0.0001797900400723,600.963012726077,0.17922319475883008,0.5458388120383565,17,16,False,5.230356044778631,-0.3091252353727,1141.848174531454,0.14183434581213775,18,17,False,-3.3694746396991913,0.01323055931502315,-540.8851618053772,-1
full_combined_record_equal,full_cag_and_facility_term,경로당+노인복지관+노인돌봄 수행기관 공개좌표 합집합,598,598개 레코드 동일가중(1건=1); 경로당 목록이 구조적으로 지배,2025-06-30 senior centers 585 + 2026-02-27 welfare centers 3 + 2026-03-02 providers 10,0.1,0.8,고양동,-0.1975879706958513,1.5631803763234176,0.7551926561364481,0.000190081904272,621.7616496155484,1.0142673046061375,0.7590444863410559,6,5,True,2.3792741219830367,0.8058970767150847,1438.5542854295577,1.0087851404317612,4,3,True,-0.8160937456596191,-0.050704420578636555,-816.7926358140093,2
full_combined_record_equal,full_cag_and_facility_term,경로당+노인복지관+노인돌봄 수행기관 공개좌표 합집합,598,598개 레코드 동일가중(1건=1); 경로당 목록이 구조적으로 지배,2025-06-30 senior centers 585 + 2026-02-27 welfare centers 3 + 2026-03-02 providers 10,0.1,0.8,관산동,0.1500954406277719,1.2949281035991724,1.2247175907072099,0.0001069583515347,530.5072374203055,1.089457533884044,0.778242254872232,4,3,True,2.4993253459689755,1.2274261933978212,834.2584241105883,0.9164599657340404,7,6,True,-1.204397242369803,-0.0027086026906113503,-303.7511866902828,-3
full_combined_record_equal,full_cag_and_facility_term,경로당+노인복지관+노인돌봄 수행기관 공개좌표 합집합,598,598개 레코드 동일가중(1건=1); 경로당 목록이 구조적으로 지배,2025-06-30 senior centers 585 + 2026-02-27 welfare centers 3 + 2026-03-02 providers 10,0.1,0.8,능곡동,-0.4975153295188249,2.88252417677213,0.17462603422816114,0.0002238689103166,496.1647496663849,0.561533526436197,0.6434512987285104,10,9,False,7.552714240549709,0.2350289134429036,1268.7646315385791,0.6571956174539099,8,7,True,-4.670190063777579,-0.060402879214742466,-772.5998818721941,2
full_combined_record_equal,full_cag_and_facility_term,경로당+노인복지관+노인돌봄 수행기관 공개좌표 합집합,598,598개 레코드 동일가중(1건=1); 경로당 목록이 구조적으로 지배,2025-06-30 senior centers 585 + 2026-02-27 welfare centers 3 + 2026-03-02 providers 10,0.1,0.8,화정1동,0.4196982280559918,6.603323933879421,0.6987548281196383,1.3405564215691206e-05,240.71974010759754,0.23121850832666352,0.5591143932430874,14,13,False,40.54288884542499,0.0639015999634497,312.01281044718525,-0.254909890591197,31,29,False,-33.93956491154557,0.6348532281561886,-71.2930703395877,-17
full_combined_record_equal,full_cag_and_facility_term,경로당+노인복지관+노인돌봄 수행기관 공개좌표 합집합,598,598개 레코드 동일가중(1건=1); 경로당 목록이 구조적으로 지배,2025-06-30 senior centers 585 + 2026-02-27 welfare centers 3 + 2026-03-02 providers 10,0.1,0.8,화정2동,-0.0189874404540583,8.14986867184609,-0.08858079891610676,1.1319534283541755e-05,323.2757635522786,-0.302975188788928,0.4227226433239032,28,25,False,59.34697417251324,-1.212379915843223,485.3961931393568,-1.0775867906583412,40,37,False,-51.19710550066715,1.1237991169271162,-162.1204295870782,-12
full_combined_record_equal,full_cag_and_facility_term,경로당+노인복지관+노인돌봄 수행기관 공개좌표 합집합,598,598개 레코드 동일가중(1건=1); 경로당 목록이 구조적으로 지배,2025-06-30 senior centers 585 + 2026-02-27 welfare centers 3 + 2026-03-02 providers 10,0.1,0.8,행주동,-0.0078915205836514,3.287777011406693,0.7094966205641504,0.0001883098010287,641.0833529928959,0.9905929468298309,0.7529998865961349,7,6,True,8.694980334077634,0.7904260084118929,1358.4192868361513,0.9711354349229713,6,5,True,-5.4072033226709415,-0.0809293878477425,-717.3359338432554,1
full_combined_record_equal,full_cag_and_facility_term,경로당+노인복지관+노인돌봄 수행기관 공개좌표 합집합,598,598개 레코드 동일가중(1건=1); 경로당 목록이 구조적으로 지배,2025-06-30 senior centers 585 + 2026-02-27 welfare centers 3 + 2026-03-02 providers 10,0.1,0.8,행신1동,1.3608928135501752,15.800789491436635,0.36865043189315694,5.679154248617028e-06,129.20485303173504,-0.12492526109071676,0.46818282254890903,23,22,False,64.94317652905693,0.2595155718957045,168.04345586031778,-0.18216820648352955,26,25,False,-49.142387037620296,0.10913485999745243,-38.83860282858274,-3
full_combined_record_equal,full_cag_and_facility_term,경로당+노인복지관+노인돌봄 수행기관 공개좌표 합집합,598,598개 레코드 동일가중(1건=1); 경로당 목록이 구조적으로 지배,2025-06-30 senior centers 585 + 2026-02-27 welfare centers 3 + 2026-03-02 providers 10,0.1,0.8,행신2동,-0.3574717052212928,5.703307245442914,-0.108806302069335,4.854838137410698e-05,426.83415945249385,-0.1438795130022001,0.4633433727377727,24,23,False,18.128003728251063,-0.0085963843603965,739.2268422024636,-0.09538613899041729,23,22,False,-12.424696482808148,-0.1002099177089385,-312.3926827499697,1
full_combined_record_equal,full_cag_and_facility_term,경로당+노인복지관+노인돌봄 수행기관 공개좌표 합집합,598,598개 레코드 동일가중(1건=1); 경로당 목록이 구조적으로 지배,2025-06-30 senior centers 585 + 2026-02-27 welfare centers 3 + 2026-03-02 providers 10,0.1,0.8,행신3동,1.2686586111811229,13.125519269050697,0.6872171308163104,1.3272629419928166e-05,113.2899410603542,0.12181348110235166,0.5311808118593089,20,19,False,61.37099430523384,0.2867272914331722,227.08229226865384,-0.12802018839948226,25,24,False,-48.245475036183144,0.4004898393831382,-113.79235120829965,-5
full_combined_record_equal,full_cag_and_facility_term,경로당+노인복지관+노인돌봄 수행기관 공개좌표 합집합,598,598개 레코드 동일가중(1건=1); 경로당 목록이 구조적으로 지배,2025-06-30 senior centers 585 + 2026-02-27 welfare centers 3 + 2026-03-02 providers 10,0.1,0.8,행신4동,0.6351664438937814,8.909789619848103,0.5907721032283444,2.3049808818926964e-05,204.20515795352148,0.14502580474382967,0.537107443824917,18,17,False,28.6264536911948,0.796037364719661,294.15787059295087,0.2612159199874837,14,13,False,-19.7166640713467,-0.20526526149131663,-89.9527126394294,4
full_combined_record_equal,full_cag_and_facility_term,경로당+노인복지관+노인돌봄 수행기관 공개좌표 합집합,598,598개 레코드 동일가중(1건=1); 경로당 목록이 구조적으로 지배,2025-06-30 senior centers 585 + 2026-02-27 welfare centers 3 + 2026-03-02 providers 10,0.1,0.8,화전동,-0.9714390763216944,2.1600497431185652,-0.2898148738084607,7.671946985088419e-05,408.7054750571403,-0.22451045493700708,0.4427564670376465,25,,False,5.554606326156234,-0.2675100505612137,672.9175885069833,-0.2197932283335469,29,,False,-3.394556583037669,-0.02230482324724703,-264.212113449843,-4
full_combined_record_equal,full_cag_and_facility_term,경로당+노인복지관+노인돌봄 수행기관 공개좌표 합집합,598,598개 레코드 동일가중(1건=1); 경로당 목록이 구조적으로 지배,2025-06-30 senior centers 585 + 2026-02-27 welfare centers 3 + 2026-03-02 providers 10,0.1,0.8,대덕동,-1.3787723914491743,1.2825329155214096,-0.6476036760018729,0.0002501159250992,670.8793230982252,0.14421785759056394,0.5369011566173532,19,18,False,1.64928931028072,-0.6135123980934756,1266.1665836339614,0.14567911029398042,17,16,False,-0.36675639475931043,-0.03409127790839728,-595.2872605357362,2
full_combined_record_equal,full_cag_and_facility_term,경로당+노인복지관+노인돌봄 수행기관 공개좌표 합집합,598,598개 레코드 동일가중(1건=1); 경로당 목록이 구조적으로 지배,2025-06-30 senior centers 585 + 2026-02-27 welfare centers 3 + 2026-03-02 providers 10,0.1,0.8,식사동,-1.010587057406619,2.766918514769549,-0.43572374739529407,4.576697974454426e-05,555.2176991081459,-0.29634025326521857,0.42441669263891013,27,,False,10.417317638276309,-0.5064718441625805,643.0645410470563,-0.4676709203017679,34,,False,-7.65039912350676,0.07074809676728644,-87.84684193891042,-7
full_combined_record_equal,full_cag_and_facility_term,경로당+노인복지관+노인돌봄 수행기관 공개좌표 합집합,598,598개 레코드 동일가중(1건=1); 경로당 목록이 구조적으로 지배,2025-06-30 senior centers 585 + 2026-02-27 welfare centers 3 + 2026-03-02 providers 10,0.1,0.8,중산1동,0.7756374423331662,10.981246191792406,0.42876381558157906,1.3452173873668196e-05,192.29065602907326,-0.010509433173602058,0.4973957748400529,21,20,False,27.09019852519108,1.028580048654424,318.79657199554686,0.40218965412222357,12,11,False,-16.108952333398676,-0.599816233072845,-126.5059159664736,9
full_combined_record_equal,full_cag_and_facility_term,경로당+노인복지관+노인돌봄 수행기관 공개좌표 합집합,598,598개 레코드 동일가중(1건=1); 경로당 목록이 구조적으로 지배,2025-06-30 senior centers 585 + 2026-02-27 welfare centers 3 + 2026-03-02 providers 10,0.1,0.8,중산2동,0.1798689144206002,10.159518554178325,-0.16903914074997217,2.0713131337054117e-05,183.31409964325968,-0.450505478466954,0.3850548189300185,32,29,False,26.64274474595094,0.3157678050113327,265.56677692252146,-0.07884110881593134,22,21,False,-16.483226191772616,-0.4848069457613049,-82.25267727926177,10
full_combined_record_equal,full_cag_and_facility_term,경로당+노인복지관+노인돌봄 수행기관 공개좌표 합집합,598,598개 레코드 동일가중(1건=1); 경로당 목록이 구조적으로 지배,2025-06-30 senior centers 585 + 2026-02-27 welfare centers 3 + 2026-03-02 providers 10,0.1,0.8,정발산동,0.300783414740963,13.64801667385954,-0.5836554036849999,1.2962627552602784e-05,145.53940883578198,-0.8123899653671387,0.2926575130399756,40,37,False,45.01647866583588,-0.2575690745448655,193.93936726516665,-0.5077939771970685,35,32,False,-31.368461991976343,-0.3260863291401344,-48.39995842938467,5
full_combined_record_equal,full_cag_and_facility_term,경로당+노인복지관+노인돌봄 수행기관 공개좌표 합집합,598,598개 레코드 동일가중(1건=1); 경로당 목록이 구조적으로 지배,2025-06-30 senior centers 585 + 2026-02-27 welfare centers 3 + 2026-03-02 providers 10,0.1,0.8,풍산동,-0.4774119630451041,6.253986602795675,-0.3446968830361754,5.027596966220582e-05,325.47481068773953,-0.3973801865690448,0.3986189091954928,30,27,False,17.1605577518855,-0.1176440914987068,604.5789761454724,-0.20331659082407308,28,27,False,-10.906571149089825,-0.2270527915374686,-279.1041654577329,2
full_combined_record_equal,full_cag_and_facility_term,경로당+노인복지관+노인돌봄 수행기관 공개좌표 합집합,598,598개 레코드 동일가중(1건=1); 경로당 목록이 구조적으로 지배,2025-06-30 senior centers 585 + 2026-02-27 welfare centers 3 + 2026-03-02 providers 10,0.1,0.8,백석1동,0.0215720856654819,8.85641836704613,-0.15285498130294126,1.0820527077915604e-05,224.62392318680259,-0.4304138717370188,0.3901846611864519,31,28,False,38.88673571668811,-0.359142243871342,233.7702368806786,-0.5708089878019074,36,33,False,-30.030317349641976,0.20628726256840077,-9.14631369387601,-5
full_combined_record_equal,full_cag_and_facility_term,경로당+노인복지관+노인돌봄 수행기관 공개좌표 합집합,598,598개 레코드 동일가중(1건=1); 경로당 목록이 구조적으로 지배,2025-06-30 senior centers 585 + 2026-02-27 welfare centers 3 + 2026-03-02 providers 10,0.1,0.8,백석2동,1.0022988467318128,7.4043747330302665,1.2837506426274836,7.482777545212669e-06,158.09466199465908,0.5927380413602763,0.6514185181450912,9,8,True,42.34874684941851,0.7072234065568425,179.81071626446425,0.12967791997188843,19,18,False,-34.944372116388244,0.5765272360706412,-21.71605426980517,-10
full_combined_record_equal,full_cag_and_facility_term,경로당+노인복지관+노인돌봄 수행기관 공개좌표 합집합,598,598개 레코드 동일가중(1건=1); 경로당 목록이 구조적으로 지배,2025-06-30 senior centers 585 + 2026-02-27 welfare centers 3 + 2026-03-02 providers 10,0.1,0.8,마두1동,-0.3476877530828261,9.996861124953355,-0.7895552187273691,2.095532357352737e-05,244.71658420845858,-0.8696978546750231,0.2780255109233615,42,39,False,49.00841836792065,-1.209335976920437,229.3560111838389,-1.1241203929482053,41,38,False,-39.01155724296729,0.4197807581930679,15.360573024619697,1
full_combined_record_equal,full_cag_and_facility_term,경로당+노인복지관+노인돌봄 수행기관 공개좌표 합집합,598,598개 레코드 동일가중(1건=1); 경로당 목록이 구조적으로 지배,2025-06-30 senior centers 585 + 2026-02-27 welfare centers 3 + 2026-03-02 providers 10,0.1,0.8,마두2동,0.3697814463191027,12.170021202027465,-0.26059978489350466,5.501761798547457e-06,124.83279290015471,-0.6035597273949389,0.34597660262650953,37,34,False,74.79411280432868,-1.3424066009874744,165.94169935942577,-1.27098254982351,43,40,False,-62.62409160230121,1.0818068160939698,-41.108906459271054,-6
full_combined_record_equal,full_cag_and_facility_term,경로당+노인복지관+노인돌봄 수행기관 공개좌표 합집합,598,598개 레코드 동일가중(1건=1); 경로당 목록이 구조적으로 지배,2025-06-30 senior centers 585 + 2026-02-27 welfare centers 3 + 2026-03-02 providers 10,0.1,0.8,장항1동,-1.4010364229029388,1.6969587381729152,-0.7417638953402007,0.0002674015666791,801.0992992034944,0.2188259452119314,0.5559502911985877,16,15,False,8.108099822052091,-0.8944571877480685,1056.6100173599111,-0.0614456897980678,21,20,False,-6.411141083879176,0.15269329240786778,-255.51071815641671,-5
full_combined_record_equal,full_cag_and_facility_term,경로당+노인복지관+노인돌봄 수행기관 공개좌표 합집합,598,598개 레코드 동일가중(1건=1); 경로당 목록이 구조적으로 지배,2025-06-30 senior centers 585 + 2026-02-27 welfare centers 3 + 2026-03-02 providers 10,0.1,0.8,장항2동,-0.3442169416275722,7.529711205416506,-0.38723778138901893,1.3765289748929878e-05,285.7241753429506,-0.5517835320402852,0.35919623798856937,35,32,False,62.51375393419124,-1.7354618581018375,283.36614018593525,-1.4839854242008306,44,41,False,-54.98404272877474,1.3482240767128186,2.3580351570153653,-9
full_combined_record_equal,full_cag_and_facility_term,경로당+노인복지관+노인돌봄 수행기관 공개좌표 합집합,598,598개 레코드 동일가중(1건=1); 경로당 목록이 구조적으로 지배,2025-06-30 senior centers 585 + 2026-02-27 welfare centers 3 + 2026-03-02 providers 10,0.1,0.8,고봉동,-0.108627977686805,1.3702892444169223,0.8953755142096161,0.0005557427413208,528.5733539501629,1.95799679526907,1.0,1,,False,1.5473626118985893,0.9476287005769358,1019.3528957931436,1.8975007705208895,1,,False,-0.1770733674816669,-0.05225318636731968,-490.77954184298073,0
full_combined_record_equal,full_cag_and_facility_term,경로당+노인복지관+노인돌봄 수행기관 공개좌표 합집합,598,598개 레코드 동일가중(1건=1); 경로당 목록이 구조적으로 지배,2025-06-30 senior centers 585 + 2026-02-27 welfare centers 3 + 2026-03-02 providers 10,0.1,0.8,일산1동,1.7113353946987817,22.97130440686696,-0.3586501505886601,1.082242870822518e-05,85.83479091583317,-0.6949908224677037,0.32263217321572357,39,36,False,55.380218890346285,1.064697994707209,155.7119082933697,0.373907914395718,13,12,False,-32.40891448347932,-1.4233481452958692,-69.87711737753654,26
full_combined_record_equal,full_cag_and_facility_term,경로당+노인복지관+노인돌봄 수행기관 공개좌표 합집합,598,598개 레코드 동일가중(1건=1); 경로당 목록이 구조적으로 지배,2025-06-30 senior centers 585 + 2026-02-27 welfare centers 3 + 2026-03-02 providers 10,0.1,0.8,일산2동,1.542670888862889,20.13731600384509,-0.10817507468668164,7.4079617305621715e-06,100.8927334048508,-0.5026654577563561,0.37173719483702866,34,31,False,59.30527829765953,0.7037783626908223,140.91723984707198,0.1161213758297429,20,19,False,-39.16796229381444,-0.8119534373775039,-40.02450644222118,14
full_combined_record_equal,full_cag_and_facility_term,경로당+노인복지관+노인돌봄 수행기관 공개좌표 합집합,598,598개 레코드 동일가중(1건=1); 경로당 목록이 구조적으로 지배,2025-06-30 senior centers 585 + 2026-02-27 welfare centers 3 + 2026-03-02 providers 10,0.1,0.8,일산3동,0.0467915387468424,20.83336542057403,-2.054358007599491,8.667684875245625e-06,112.62523742496168,-1.9586161775252218,0.0,44,41,False,62.58590429407474,-1.258937052310574,211.86857907559332,-1.1933868418718958,42,39,False,-41.75253887350071,-0.7954209552889169,-99.24334165063163,2
full_combined_record_equal,full_cag_and_facility_term,경로당+노인복지관+노인돌봄 수행기관 공개좌표 합집합,598,598개 레코드 동일가중(1건=1); 경로당 목록이 구조적으로 지배,2025-06-30 senior centers 585 + 2026-02-27 welfare centers 3 + 2026-03-02 providers 10,0.1,0.8,탄현1동,0.5460559361956295,17.797728833134773,-0.9524980915492005,7.755991122547013e-06,122.34867392733481,-1.121912590629144,0.21362937637903365,43,40,False,42.40602042656029,0.1456414789564889,120.4806961876034,-0.26780696650856967,32,30,False,-24.608291593425516,-1.0981395705056893,1.8679777397314155,11
full_combined_record_equal,full_cag_and_facility_term,경로당+노인복지관+노인돌봄 수행기관 공개좌표 합집합,598,598개 레코드 동일가중(1건=1); 경로당 목록이 구조적으로 지배,2025-06-30 senior centers 585 + 2026-02-27 welfare centers 3 + 2026-03-02 providers 10,0.1,0.8,탄현2동,-0.2102774159803954,9.280615926168398,-0.5055339034905224,1.921088606279047e-05,239.0985160437386,-0.6641858702702589,0.3304973752184293,38,35,False,18.4652044974066,0.158614464947607,267.6202678116823,-0.18871695322124538,27,26,False,-9.184588571238201,-0.6641483684381294,-28.521751767943698,11
full_combined_record_equal,full_cag_and_facility_term,경로당+노인복지관+노인돌봄 수행기관 공개좌표 합집합,598,598개 레코드 동일가중(1건=1); 경로당 목록이 구조적으로 지배,2025-06-30 senior centers 585 + 2026-02-27 welfare centers 3 + 2026-03-02 providers 10,0.1,0.8,주엽1동,1.2459646222046965,18.66885044608754,-0.2349935960864853,3.957737637695617e-06,106.1328831601044,-0.6028177952410887,0.34616603470953733,36,33,False,92.75287361440554,-0.9735222511692698,192.0778092804819,-1.0169294563321534,39,36,False,-74.084023168318,0.7385286550827845,-85.94492612037749,-3
full_combined_record_equal,full_cag_and_facility_term,경로당+노인복지관+노인돌봄 수행기관 공개좌표 합집합,598,598개 레코드 동일가중(1건=1); 경로당 목록이 구조적으로 지배,2025-06-30 senior centers 585 + 2026-02-27 welfare centers 3 + 2026-03-02 providers 10,0.1,0.8,주엽2동,1.5659732252529237,19.389173585277852,0.04110157333884046,5.207884632602779e-06,112.97760112765754,-0.386005995760879,0.40152299772483524,29,26,False,86.91298828309513,-0.3518628056916535,159.71909845610725,-0.6008566981640777,37,34,False,-67.52381469781727,0.39296437903049397,-46.74149732844971,-8
full_combined_record_equal,full_cag_and_facility_term,경로당+노인복지관+노인돌봄 수행기관 공개좌표 합집합,598,598개 레코드 동일가중(1건=1); 경로당 목록이 구조적으로 지배,2025-06-30 senior centers 585 + 2026-02-27 welfare centers 3 + 2026-03-02 providers 10,0.1,0.8,대화동,-0.351512429196386,10.01065463394837,-0.7964696086959779,2.002485221552675e-05,294.02777566681124,-0.8383941240311403,0.2860180623603622,41,38,False,37.23243223817021,-0.7515588512758407,289.2582390525824,-0.7985994145303088,38,35,False,-27.221777604221842,-0.04491075742013728,4.769536614228855,3
full_combined_record_equal,full_cag_and_facility_term,경로당+노인복지관+노인돌봄 수행기관 공개좌표 합집합,598,598개 레코드 동일가중(1건=1); 경로당 목록이 구조적으로 지배,2025-06-30 senior centers 585 + 2026-02-27 welfare centers 3 + 2026-03-02 providers 10,0.1,0.8,송포동,-0.766508190098463,1.779006841786833,0.02290028267211308,0.0002085057184501,646.3349523691754,0.5270506790077527,0.6346470467720443,11,10,False,3.469587304316442,0.0656085006590319,1437.3604284129906,0.5516769125789557,9,8,True,-1.690580462529609,-0.04270821798691882,-791.0254760438152,2
full_combined_record_equal,full_cag_and_facility_term,경로당+노인복지관+노인돌봄 수행기관 공개좌표 합집합,598,598개 레코드 동일가중(1건=1); 경로당 목록이 구조적으로 지배,2025-06-30 senior centers 585 + 2026-02-27 welfare centers 3 + 2026-03-02 providers 10,0.1,0.8,덕이동,-0.6918638913173559,5.336680542047933,-0.4596022411094645,5.147460066329769e-05,312.44902604898675,-0.4913447200580833,0.3746276355767467,33,30,False,10.283391754915804,-0.1104724695296885,496.31253754331885,-0.2261651864805044,30,28,False,-4.946711212867871,-0.349129771579776,-183.8635114943321,3
full_combined_record_equal,full_cag_and_facility_term,경로당+노인복지관+노인돌봄 수행기관 공개좌표 합집합,598,598개 레코드 동일가중(1건=1); 경로당 목록이 구조적으로 지배,2025-06-30 senior centers 585 + 2026-02-27 welfare centers 3 + 2026-03-02 providers 10,0.1,0.8,가좌동,-0.6775723485155032,1.3049747329538932,0.20841423218996702,0.0003740847374566,619.9825858628795,1.0589441864944082,0.7704515061815678,5,4,True,0.9353055844131872,0.2741659228557271,2160.780363381229,1.3111542095737996,2,1,True,0.369669148540706,-0.06575169066576009,-1540.7977775183494,3
full_combined_layer_equal,full_cag_and_facility_term,경로당+노인복지관+노인돌봄 수행기관 공개좌표 합집합,598,3개 목록의 RI 총기여를 각 1/3로 규격화; 각 목록 내 레코드 동일가중,2025-06-30 senior centers 585 + 2026-02-27 welfare centers 3 + 2026-03-02 providers 10,0.1,0.8,주교동,0.0373062907032981,0.03143039538319531,0.2567847096382139,0.0002633798090061,517.5844386156575,0.6797108505895589,0.6995943075431486,6,5,True,11.16134824352095,0.7489773417793479,801.3816390718099,0.9721090649827719,5,4,True,-11.129917848137755,-0.492192632141134,-283.7972004561524,1
full_combined_layer_equal,full_cag_and_facility_term,경로당+노인복지관+노인돌봄 수행기관 공개좌표 합집합,598,3개 목록의 RI 총기여를 각 1/3로 규격화; 각 목록 내 레코드 동일가중,2025-06-30 senior centers 585 + 2026-02-27 welfare centers 3 + 2026-03-02 providers 10,0.1,0.8,원신동,-0.5975421223625897,0.005388588895378099,-0.04058405582237323,0.0001330932520967,566.3917471682756,0.23758033837952194,0.5559788759888824,15,14,False,4.3702956881167205,0.237380496391152,1186.982844118443,0.40935073469645483,11,10,False,-4.364907099221343,-0.27796455221352523,-620.5910969501673,4
full_combined_layer_equal,full_cag_and_facility_term,경로당+노인복지관+노인돌봄 수행기관 공개좌표 합집합,598,3개 목록의 RI 총기여를 각 1/3로 규격화; 각 목록 내 레코드 동일가중,2025-06-30 senior centers 585 + 2026-02-27 welfare centers 3 + 2026-03-02 providers 10,0.1,0.8,흥도동,-0.9270607543001314,0.015954518793845945,-0.6396845172056976,0.0001156461146152,477.0365488729682,-0.19027049148312217,0.41700185478211205,30,29,False,8.179865439321938,-0.3162033413448106,859.7734545792188,-0.10284326632186505,24,23,False,-8.163910920528092,-0.32348117586088704,-382.7369057062506,6
full_combined_layer_equal,full_cag_and_facility_term,경로당+노인복지관+노인돌봄 수행기관 공개좌표 합집합,598,3개 목록의 RI 총기여를 각 1/3로 규격화; 각 목록 내 레코드 동일가중,2025-06-30 senior centers 585 + 2026-02-27 welfare centers 3 + 2026-03-02 providers 10,0.1,0.8,성사1동,0.3010965635006501,0.04466672255474678,0.3357380405554796,2.031490211182485e-05,364.6177493917908,-0.0052024062230508275,0.4771167579555906,24,23,False,21.617158395816187,0.6617518921402419,523.7998073037636,0.22834339977689266,16,15,False,-21.57249167326144,-0.32601385158476226,-159.18205791197278,8
full_combined_layer_equal,full_cag_and_facility_term,경로당+노인복지관+노인돌봄 수행기관 공개좌표 합집합,598,3개 목록의 RI 총기여를 각 1/3로 규격화; 각 목록 내 레코드 동일가중,2025-06-30 senior centers 585 + 2026-02-27 welfare centers 3 + 2026-03-02 providers 10,0.1,0.8,성사2동,0.8457553469012984,0.1854319238018619,-1.596111088627958,1.7230993038091426e-05,292.4577037787391,-1.0821993525864477,0.1272802798951769,41,38,False,27.15650752537194,1.1119372687890825,413.428634514588,0.495050130191262,10,9,False,-26.971075601570078,-2.7080483574170406,-120.97093073584892,31
full_combined_layer_equal,full_cag_and_facility_term,경로당+노인복지관+노인돌봄 수행기관 공개좌표 합집합,598,3개 목록의 RI 총기여를 각 1/3로 규격화; 각 목록 내 레코드 동일가중,2025-06-30 senior centers 585 + 2026-02-27 welfare centers 3 + 2026-03-02 providers 10,0.1,0.8,효자동,-1.1882440726489265,0.001124005853584849,-0.6860012824190059,0.0002888832579403,1435.299861792474,0.9719946293186214,0.7945356424188216,2,1,True,1.6608646599432235,-0.3803880881701609,4152.763786508891,1.2192832926591888,3,2,True,-1.6597406540896387,-0.30561319424884503,-2717.463924716417,-1
full_combined_layer_equal,full_cag_and_facility_term,경로당+노인복지관+노인돌봄 수행기관 공개좌표 합집합,598,3개 목록의 RI 총기여를 각 1/3로 규격화; 각 목록 내 레코드 동일가중,2025-06-30 senior centers 585 + 2026-02-27 welfare centers 3 + 2026-03-02 providers 10,0.1,0.8,삼송1동,-0.9119782760816036,0.01740607328745664,-0.6480006203396343,5.353799579996714e-05,518.1478164931257,-0.31704492684816177,0.375822237582679,36,33,False,9.489139859652225,-0.3491306880077152,724.2217901819029,-0.3184436573245626,33,31,False,-9.471733786364767,-0.29886993233191916,-206.0739736887772,3
full_combined_layer_equal,full_cag_and_facility_term,경로당+노인복지관+노인돌봄 수행기관 공개좌표 합집합,598,3개 목록의 RI 총기여를 각 1/3로 규격화; 각 목록 내 레코드 동일가중,2025-06-30 senior centers 585 + 2026-02-27 welfare centers 3 + 2026-03-02 providers 10,0.1,0.8,삼송2동,0.1301607530791594,0.013364992507319932,0.7042420672024522,2.402335580108581e-05,267.31888151655454,0.12053542401505662,0.5179596589851498,17,16,False,15.587863467125716,0.688974704870108,438.5989880666536,0.23190761198698412,15,14,False,-15.574498474618396,0.015267362332344159,-171.28010655009905,2
full_combined_layer_equal,full_cag_and_facility_term,경로당+노인복지관+노인돌봄 수행기관 공개좌표 합집합,598,3개 목록의 RI 총기여를 각 1/3로 규격화; 각 목록 내 레코드 동일가중,2025-06-30 senior centers 585 + 2026-02-27 welfare centers 3 + 2026-03-02 providers 10,0.1,0.8,창릉동,-1.0157711971683734,0.0065272118383601415,-0.5743410081375276,0.0001797900400723,600.963012726077,0.10145620521032975,0.5117622349967836,20,19,False,5.230356044778631,-0.3091252353727,1141.848174531454,0.14183434581213775,18,17,False,-5.223828832940271,-0.26521577276482766,-540.8851618053772,2
full_combined_layer_equal,full_cag_and_facility_term,경로당+노인복지관+노인돌봄 수행기관 공개좌표 합집합,598,3개 목록의 RI 총기여를 각 1/3로 규격화; 각 목록 내 레코드 동일가중,2025-06-30 senior centers 585 + 2026-02-27 welfare centers 3 + 2026-03-02 providers 10,0.1,0.8,고양동,-0.1975879706958513,0.0027264625863860983,0.4989039228270926,0.000190081904272,621.7616496155484,0.7059726994201683,0.7081248356317169,5,4,True,2.3792741219830367,0.8058970767150847,1438.5542854295577,1.0087851404317612,4,3,True,-2.3765476593966506,-0.3069931538879921,-816.7926358140093,1
full_combined_layer_equal,full_cag_and_facility_term,경로당+노인복지관+노인돌봄 수행기관 공개좌표 합집합,598,3개 목록의 RI 총기여를 각 1/3로 규격화; 각 목록 내 레코드 동일가중,2025-06-30 senior centers 585 + 2026-02-27 welfare centers 3 + 2026-03-02 providers 10,0.1,0.8,관산동,0.1500954406277719,0.002217462521521918,0.9345476236278513,0.0001069583515347,530.5072374203055,0.6552408515848731,0.6916458186464561,7,6,True,2.4993253459689755,1.2274261933978212,834.2584241105883,0.9164599657340404,7,6,True,-2.4971078834474536,-0.29287856976996995,-303.7511866902828,0
full_combined_layer_equal,full_cag_and_facility_term,경로당+노인복지관+노인돌봄 수행기관 공개좌표 합집합,598,3개 목록의 RI 총기여를 각 1/3로 규격화; 각 목록 내 레코드 동일가중,2025-06-30 senior centers 585 + 2026-02-27 welfare centers 3 + 2026-03-02 providers 10,0.1,0.8,능곡동,-0.4975153295188249,0.01577078142632057,-0.10968855399748001,0.0002238689103166,496.1647496663849,0.3722965525420666,0.5997381884543376,13,12,False,7.552714240549709,0.2350289134429036,1268.7646315385791,0.6571956174539099,8,7,True,-7.536943459123388,-0.3447174674403836,-772.5998818721941,5
full_combined_layer_equal,full_cag_and_facility_term,경로당+노인복지관+노인돌봄 수행기관 공개좌표 합집합,598,3개 목록의 RI 총기여를 각 1/3로 규격화; 각 목록 내 레코드 동일가중,2025-06-30 senior centers 585 + 2026-02-27 welfare centers 3 + 2026-03-02 providers 10,0.1,0.8,화정1동,0.4196982280559918,0.11681935318112772,-0.8513375556778447,1.3405564215691206e-05,240.71974010759754,-0.7421518236691184,0.2377365168337037,39,36,False,40.54288884542499,0.0639015999634497,312.01281044718525,-0.254909890591197,31,29,False,-40.42606949224386,-0.9152391556412944,-71.2930703395877,8
full_combined_layer_equal,full_cag_and_facility_term,경로당+노인복지관+노인돌봄 수행기관 공개좌표 합집합,598,3개 목록의 RI 총기여를 각 1/3로 규격화; 각 목록 내 레코드 동일가중,2025-06-30 senior centers 585 + 2026-02-27 welfare centers 3 + 2026-03-02 providers 10,0.1,0.8,화정2동,-0.0189874404540583,0.03384603813172215,0.14316041856146242,1.1319534283541755e-05,323.2757635522786,-0.1611140610717919,0.4264726178723462,27,26,False,59.34697417251324,-1.212379915843223,485.3961931393568,-1.0775867906583412,40,37,False,-59.31312813438152,1.3555403344046852,-162.1204295870782,-13
full_combined_layer_equal,full_cag_and_facility_term,경로당+노인복지관+노인돌봄 수행기관 공개좌표 합집합,598,3개 목록의 RI 총기여를 각 1/3로 규격화; 각 목록 내 레코드 동일가중,2025-06-30 senior centers 585 + 2026-02-27 welfare centers 3 + 2026-03-02 providers 10,0.1,0.8,행주동,-0.0078915205836514,0.01165421974302095,0.566589997948033,0.0001883098010287,641.0833529928959,0.752248511689,0.7231564169543724,4,3,True,8.694980334077634,0.7904260084118929,1358.4192868361513,0.9711354349229713,6,5,True,-8.683326114334614,-0.22383601046385992,-717.3359338432554,-2
full_combined_layer_equal,full_cag_and_facility_term,경로당+노인복지관+노인돌봄 수행기관 공개좌표 합집합,598,3개 목록의 RI 총기여를 각 1/3로 규격화; 각 목록 내 레코드 동일가중,2025-06-30 senior centers 585 + 2026-02-27 welfare centers 3 + 2026-03-02 providers 10,0.1,0.8,행신1동,1.3608928135501752,0.04526325018047929,1.6239828203755349,5.679154248617028e-06,129.20485303173504,0.44806301465265697,0.6243490959869605,10,9,False,64.94317652905693,0.2595155718957045,168.04345586031778,-0.18216820648352955,26,25,False,-64.89791327887644,1.3644672484798304,-38.83860282858274,-16
full_combined_layer_equal,full_cag_and_facility_term,경로당+노인복지관+노인돌봄 수행기관 공개좌표 합집합,598,3개 목록의 RI 총기여를 각 1/3로 규격화; 각 목록 내 레코드 동일가중,2025-06-30 senior centers 585 + 2026-02-27 welfare centers 3 + 2026-03-02 providers 10,0.1,0.8,행신2동,-0.3574717052212928,0.015517661161257818,0.06667293285489068,4.854838137410698e-05,426.83415945249385,-0.026845693147782134,0.4700864582904287,25,24,False,18.128003728251063,-0.0085963843603965,739.2268422024636,-0.09538613899041729,23,22,False,-18.112486067089804,0.07526931721528718,-312.3926827499697,2
full_combined_layer_equal,full_cag_and_facility_term,경로당+노인복지관+노인돌봄 수행기관 공개좌표 합집합,598,3개 목록의 RI 총기여를 각 1/3로 규격화; 각 목록 내 레코드 동일가중,2025-06-30 senior centers 585 + 2026-02-27 welfare centers 3 + 2026-03-02 providers 10,0.1,0.8,행신3동,1.2686586111811229,0.04651855661000404,1.487725639152202,1.3272629419928166e-05,113.2899410603542,0.3830417427818991,0.6032285043018292,12,11,False,61.37099430523384,0.2867272914331722,227.08229226865384,-0.12802018839948226,25,24,False,-61.32447574862384,1.2009983477190298,-113.79235120829965,-13
full_combined_layer_equal,full_cag_and_facility_term,경로당+노인복지관+노인돌봄 수행기관 공개좌표 합집합,598,3개 목록의 RI 총기여를 각 1/3로 규격화; 각 목록 내 레코드 동일가중,2025-06-30 senior centers 585 + 2026-02-27 welfare centers 3 + 2026-03-02 providers 10,0.1,0.8,행신4동,0.6351664438937814,0.05144299027761031,0.6201517988955773,2.3049808818926964e-05,204.20515795352148,0.024326666328034662,0.48670856485582725,22,21,False,28.6264536911948,0.796037364719661,294.15787059295087,0.2612159199874837,14,13,False,-28.57501070091719,-0.17588556582408377,-89.9527126394294,8
full_combined_layer_equal,full_cag_and_facility_term,경로당+노인복지관+노인돌봄 수행기관 공개좌표 합집합,598,3개 목록의 RI 총기여를 각 1/3로 규격화; 각 목록 내 레코드 동일가중,2025-06-30 senior centers 585 + 2026-02-27 welfare centers 3 + 2026-03-02 providers 10,0.1,0.8,화전동,-0.9714390763216944,0.003927802223543496,-0.47198739036373816,7.671946985088419e-05,408.7054750571403,-0.2532213299514668,0.39655379344351943,32,,False,5.554606326156234,-0.2675100505612137,672.9175885069833,-0.2197932283335469,29,,False,-5.550678523932691,-0.20447733980252447,-264.212113449843,3
full_combined_layer_equal,full_cag_and_facility_term,경로당+노인복지관+노인돌봄 수행기관 공개좌표 합집합,598,3개 목록의 RI 총기여를 각 1/3로 규격화; 각 목록 내 레코드 동일가중,2025-06-30 senior centers 585 + 2026-02-27 welfare centers 3 + 2026-03-02 providers 10,0.1,0.8,대덕동,-1.3787723914491743,0.0023480644125237057,-0.9421854301633698,0.0002501159250992,670.8793230982252,0.13901800674274178,0.523963280136302,16,15,False,1.64928931028072,-0.6135123980934756,1266.1665836339614,0.14567911029398042,17,16,False,-1.6469412458681962,-0.3286730320698942,-595.2872605357362,-1
full_combined_layer_equal,full_cag_and_facility_term,경로당+노인복지관+노인돌봄 수행기관 공개좌표 합집합,598,3개 목록의 RI 총기여를 각 1/3로 규격화; 각 목록 내 레코드 동일가중,2025-06-30 senior centers 585 + 2026-02-27 welfare centers 3 + 2026-03-02 providers 10,0.1,0.8,식사동,-1.010587057406619,0.0052955541374399805,-0.5452399047897348,4.576697974454426e-05,555.2176991081459,-0.25335900473887196,0.39650907310990463,33,,False,10.417317638276309,-0.5064718441625805,643.0645410470563,-0.4676709203017679,34,,False,-10.412022084138869,-0.03876806062715432,-87.84684193891042,-1
full_combined_layer_equal,full_cag_and_facility_term,경로당+노인복지관+노인돌봄 수행기관 공개좌표 합집합,598,3개 목록의 RI 총기여를 각 1/3로 규격화; 각 목록 내 레코드 동일가중,2025-06-30 senior centers 585 + 2026-02-27 welfare centers 3 + 2026-03-02 providers 10,0.1,0.8,중산1동,0.7756374423331662,0.020190505729104278,1.3695167144517428,1.3452173873668196e-05,192.29065602907326,0.383760578398388,0.6034620007116621,11,10,False,27.09019852519108,1.028580048654424,318.79657199554686,0.40218965412222357,12,11,False,-27.070008019461977,0.34093666579731874,-126.5059159664736,-1
full_combined_layer_equal,full_cag_and_facility_term,경로당+노인복지관+노인돌봄 수행기관 공개좌표 합집합,598,3개 목록의 RI 총기여를 각 1/3로 규격화; 각 목록 내 레코드 동일가중,2025-06-30 senior centers 585 + 2026-02-27 welfare centers 3 + 2026-03-02 providers 10,0.1,0.8,중산2동,0.1798689144206002,0.0202197621499582,0.6385917942187305,2.0713131337054117e-05,183.31409964325968,0.011712465226528222,0.48261114591532095,23,22,False,26.64274474595094,0.3157678050113327,265.56677692252146,-0.07884110881593134,22,21,False,-26.622524983800982,0.32282398920739774,-82.25267727926177,1
full_combined_layer_equal,full_cag_and_facility_term,경로당+노인복지관+노인돌봄 수행기관 공개좌표 합집합,598,3개 목록의 RI 총기여를 각 1/3로 규격화; 각 목록 내 레코드 동일가중,2025-06-30 senior centers 585 + 2026-02-27 welfare centers 3 + 2026-03-02 providers 10,0.1,0.8,정발산동,0.300783414740963,0.053232959733135854,0.1771575011138468,1.2962627552602784e-05,145.53940883578198,-0.27919349044893726,0.3881173636219356,34,31,False,45.01647866583588,-0.2575690745448655,193.93936726516665,-0.5077939771970685,35,32,False,-44.96324570610275,0.4347265756587123,-48.39995842938467,-1
full_combined_layer_equal,full_cag_and_facility_term,경로당+노인복지관+노인돌봄 수행기관 공개좌표 합집합,598,3개 목록의 RI 총기여를 각 1/3로 규격화; 각 목록 내 레코드 동일가중,2025-06-30 senior centers 585 + 2026-02-27 welfare centers 3 + 2026-03-02 providers 10,0.1,0.8,풍산동,-0.4774119630451041,0.013636491500515666,-0.04562784595545788,5.027596966220582e-05,325.47481068773953,-0.16123102657492766,0.42643462445016445,28,27,False,17.1605577518855,-0.1176440914987068,604.5789761454724,-0.20331659082407308,28,27,False,-17.146921260384982,0.07201624554324892,-279.1041654577329,0
full_combined_layer_equal,full_cag_and_facility_term,경로당+노인복지관+노인돌봄 수행기관 공개좌표 합집합,598,3개 목록의 RI 총기여를 각 1/3로 규격화; 각 목록 내 레코드 동일가중,2025-06-30 senior centers 585 + 2026-02-27 welfare centers 3 + 2026-03-02 providers 10,0.1,0.8,백석1동,0.0215720856654819,0.03248635306989051,0.21799444757959774,1.0820527077915604e-05,224.62392318680259,-0.2008397549315601,0.41356868450899353,31,30,False,38.88673571668811,-0.359142243871342,233.7702368806786,-0.5708089878019074,36,33,False,-38.854249363618216,0.5771366914509397,-9.14631369387601,-5
full_combined_layer_equal,full_cag_and_facility_term,경로당+노인복지관+노인돌봄 수행기관 공개좌표 합집합,598,3개 목록의 RI 총기여를 각 1/3로 규격화; 각 목록 내 레코드 동일가중,2025-06-30 senior centers 585 + 2026-02-27 welfare centers 3 + 2026-03-02 providers 10,0.1,0.8,백석2동,1.0022988467318128,0.058798367058022424,0.9344040060553125,7.482777545212669e-06,158.09466199465908,0.11390758114843748,0.515806764110726,19,18,False,42.34874684941851,0.7072234065568425,179.81071626446425,0.12967791997188843,19,18,False,-42.28994848236049,0.22718059949847003,-21.71605426980517,0
full_combined_layer_equal,full_cag_and_facility_term,경로당+노인복지관+노인돌봄 수행기관 공개좌표 합집합,598,3개 목록의 RI 총기여를 각 1/3로 규격화; 각 목록 내 레코드 동일가중,2025-06-30 senior centers 585 + 2026-02-27 welfare centers 3 + 2026-03-02 providers 10,0.1,0.8,마두1동,-0.3476877530828261,0.03051076718539726,-0.19821696509828982,2.095532357352737e-05,244.71658420845858,-0.37788897251565384,0.3560585170641249,37,34,False,49.00841836792065,-1.209335976920437,229.3560111838389,-1.1241203929482053,41,38,False,-48.97790760073525,1.0111190118221471,15.360573024619697,-4
full_combined_layer_equal,full_cag_and_facility_term,경로당+노인복지관+노인돌봄 수행기관 공개좌표 합집합,598,3개 목록의 RI 총기여를 각 1/3로 규격화; 각 목록 내 레코드 동일가중,2025-06-30 senior centers 585 + 2026-02-27 welfare centers 3 + 2026-03-02 providers 10,0.1,0.8,마두2동,0.3697814463191027,0.03409261422624499,0.6152194381054596,5.501761798547457e-06,124.83279290015471,-0.08451162932826677,0.4513550699744674,26,25,False,74.79411280432868,-1.3424066009874744,165.94169935942577,-1.27098254982351,43,40,False,-74.76002019010244,1.957626039092934,-41.108906459271054,-17
full_combined_layer_equal,full_cag_and_facility_term,경로당+노인복지관+노인돌봄 수행기관 공개좌표 합집합,598,3개 목록의 RI 총기여를 각 1/3로 규격화; 각 목록 내 레코드 동일가중,2025-06-30 senior centers 585 + 2026-02-27 welfare centers 3 + 2026-03-02 providers 10,0.1,0.8,장항1동,-1.4010364229029388,0.018248746074424883,-1.2631252878826098,0.0002674015666791,801.0992992034944,0.11646359145163253,0.5166370224001067,18,17,False,8.108099822052091,-0.8944571877480685,1056.6100173599111,-0.0614456897980678,21,20,False,-8.089851075977666,-0.3686681001345413,-255.51071815641671,-3
full_combined_layer_equal,full_cag_and_facility_term,경로당+노인복지관+노인돌봄 수행기관 공개좌표 합집합,598,3개 목록의 RI 총기여를 각 1/3로 규격화; 각 목록 내 레코드 동일가중,2025-06-30 senior centers 585 + 2026-02-27 welfare centers 3 + 2026-03-02 providers 10,0.1,0.8,장항2동,-0.3442169416275722,0.0910427038289272,-1.3118329669062196,1.3765289748929878e-05,285.7241753429506,-0.9471517552018818,0.17114723420648112,40,37,False,62.51375393419124,-1.7354618581018375,283.36614018593525,-1.4839854242008306,44,41,False,-62.42271123036232,0.42362889119561786,2.3580351570153653,-4
full_combined_layer_equal,full_cag_and_facility_term,경로당+노인복지관+노인돌봄 수행기관 공개좌표 합집합,598,3개 목록의 RI 총기여를 각 1/3로 규격화; 각 목록 내 레코드 동일가중,2025-06-30 senior centers 585 + 2026-02-27 welfare centers 3 + 2026-03-02 providers 10,0.1,0.8,고봉동,-0.108627977686805,0.00237162382586062,0.6145177252604604,0.0005557427413208,528.5733539501629,1.604531541787859,1.0,1,,False,1.5473626118985893,0.9476287005769358,1019.3528957931436,1.8975007705208895,1,,False,-1.5449909880727286,-0.3331109753164754,-490.77954184298073,0
full_combined_layer_equal,full_cag_and_facility_term,경로당+노인복지관+노인돌봄 수행기관 공개좌표 합집합,598,3개 목록의 RI 총기여를 각 1/3로 규격화; 각 목록 내 레코드 동일가중,2025-06-30 senior centers 585 + 2026-02-27 welfare centers 3 + 2026-03-02 providers 10,0.1,0.8,일산1동,1.7113353946987817,0.05042496241127091,1.9582854890067258,1.082242870822518e-05,85.83479091583317,0.6019286827313148,0.6743286466224624,8,7,True,55.380218890346285,1.064697994707209,155.7119082933697,0.373907914395718,13,12,False,-55.329793927935015,0.8935874942995168,-69.87711737753654,-5
full_combined_layer_equal,full_cag_and_facility_term,경로당+노인복지관+노인돌봄 수행기관 공개좌표 합집합,598,3개 목록의 RI 총기여를 각 1/3로 규격화; 각 목록 내 레코드 동일가중,2025-06-30 senior centers 585 + 2026-02-27 welfare centers 3 + 2026-03-02 providers 10,0.1,0.8,일산2동,1.542670888862889,0.04284624240229398,1.8914703155312969,7.4079617305621715e-06,100.8927334048508,0.5702612196318653,0.6640422351361279,9,8,True,59.30527829765953,0.7037783626908223,140.91723984707198,0.1161213758297429,20,19,False,-59.262432055257236,1.1876919528404746,-40.02450644222118,-11
full_combined_layer_equal,full_cag_and_facility_term,경로당+노인복지관+노인돌봄 수행기관 공개좌표 합집합,598,3개 목록의 RI 총기여를 각 1/3로 규격화; 각 목록 내 레코드 동일가중,2025-06-30 senior centers 585 + 2026-02-27 welfare centers 3 + 2026-03-02 providers 10,0.1,0.8,일산3동,0.0467915387468424,0.08011030811335969,-0.6305811061546823,8.667684875245625e-06,112.62523742496168,-0.7391552620650732,0.23870987758592305,38,35,False,62.58590429407474,-1.258937052310574,211.86857907559332,-1.1933868418718958,42,39,False,-62.505793985961375,0.6283559461558917,-99.24334165063163,-4
full_combined_layer_equal,full_cag_and_facility_term,경로당+노인복지관+노인돌봄 수행기관 공개좌표 합집합,598,3개 목록의 RI 총기여를 각 1/3로 규격화; 각 목록 내 레코드 동일가중,2025-06-30 senior centers 585 + 2026-02-27 welfare centers 3 + 2026-03-02 providers 10,0.1,0.8,탄현1동,0.5460559361956295,0.03414822487545875,0.8302968130169238,7.755991122547013e-06,122.34867392733481,0.031871371361375085,0.4891592802880119,21,20,False,42.40602042656029,0.1456414789564889,120.4806961876034,-0.26780696650856967,32,30,False,-42.37187220168483,0.6846553340604349,1.8679777397314155,-11
full_combined_layer_equal,full_cag_and_facility_term,경로당+노인복지관+노인돌봄 수행기관 공개좌표 합집합,598,3개 목록의 RI 총기여를 각 1/3로 규격화; 각 목록 내 레코드 동일가중,2025-06-30 senior centers 585 + 2026-02-27 welfare centers 3 + 2026-03-02 providers 10,0.1,0.8,탄현2동,-0.2102774159803954,0.016551049796547142,0.22804225349688684,1.921088606279047e-05,239.0985160437386,-0.16326101662289963,0.4257752311517172,29,28,False,18.4652044974066,0.158614464947607,267.6202678116823,-0.18871695322124538,27,26,False,-18.448653447610052,0.06942778854927983,-28.521751767943698,2
full_combined_layer_equal,full_cag_and_facility_term,경로당+노인복지관+노인돌봄 수행기관 공개좌표 합집합,598,3개 목록의 RI 총기여를 각 1/3로 규격화; 각 목록 내 레코드 동일가중,2025-06-30 senior centers 585 + 2026-02-27 welfare centers 3 + 2026-03-02 providers 10,0.1,0.8,주엽1동,1.2459646222046965,0.20064239638742318,-1.386371826867339,3.957737637695617e-06,106.1328831601044,-1.1521148029493595,0.10456993238717584,42,39,False,92.75287361440554,-0.9735222511692698,192.0778092804819,-1.0169294563321534,39,36,False,-92.55223121801812,-0.41284957569806924,-85.94492612037749,3
full_combined_layer_equal,full_cag_and_facility_term,경로당+노인복지관+노인돌봄 수행기관 공개좌표 합집합,598,3개 목록의 RI 총기여를 각 1/3로 규격화; 각 목록 내 레코드 동일가중,2025-06-30 senior centers 585 + 2026-02-27 welfare centers 3 + 2026-03-02 providers 10,0.1,0.8,주엽2동,1.5659732252529237,0.2360681660547777,-1.6482800449332842,5.207884632602779e-06,112.97760112765754,-1.280872848396207,0.06274598730249854,43,40,False,86.91298828309513,-0.3518628056916535,159.71909845610725,-0.6008566981640777,37,34,False,-86.67692011704035,-1.2964172392416307,-46.74149732844971,6
full_combined_layer_equal,full_cag_and_facility_term,경로당+노인복지관+노인돌봄 수행기관 공개좌표 합집합,598,3개 목록의 RI 총기여를 각 1/3로 규격화; 각 목록 내 레코드 동일가중,2025-06-30 senior centers 585 + 2026-02-27 welfare centers 3 + 2026-03-02 providers 10,0.1,0.8,대화동,-0.351512429196386,0.14728392205895077,-2.359409286565178,2.002485221552675e-05,294.02777566681124,-1.474040916792086,0.0,44,41,False,37.23243223817021,-0.7515588512758407,289.2582390525824,-0.7985994145303088,38,35,False,-37.08514831611126,-1.6078504352893375,4.769536614228855,6
full_combined_layer_equal,full_cag_and_facility_term,경로당+노인복지관+노인돌봄 수행기관 공개좌표 합집합,598,3개 목록의 RI 총기여를 각 1/3로 규격화; 각 목록 내 레코드 동일가중,2025-06-30 senior centers 585 + 2026-02-27 welfare centers 3 + 2026-03-02 providers 10,0.1,0.8,송포동,-0.766508190098463,0.011814947150184838,-0.3664071383388028,0.0002085057184501,646.3349523691754,0.3177406306743779,0.5820170132662592,14,13,False,3.469587304316442,0.0656085006590319,1437.3604284129906,0.5516769125789557,9,8,True,-3.4577723571662573,-0.4320156389978347,-791.0254760438152,5
full_combined_layer_equal,full_cag_and_facility_term,경로당+노인복지관+노인돌봄 수행기관 공개좌표 합집합,598,3개 목록의 RI 총기여를 각 1/3로 규격화; 각 목록 내 레코드 동일가중,2025-06-30 senior centers 585 + 2026-02-27 welfare centers 3 + 2026-03-02 providers 10,0.1,0.8,덕이동,-0.6918638913173559,0.013816629067327274,-0.31186266305959065,5.147460066329769e-05,312.44902604898675,-0.30803583810800117,0.3787486227372828,35,32,False,10.283391754915804,-0.1104724695296885,496.31253754331885,-0.2261651864805044,30,28,False,-10.269575125848478,-0.20139019352990215,-183.8635114943321,5
full_combined_layer_equal,full_cag_and_facility_term,경로당+노인복지관+노인돌봄 수행기관 공개좌표 합집합,598,3개 목록의 RI 총기여를 각 1/3로 규격화; 각 목록 내 레코드 동일가중,2025-06-30 senior centers 585 + 2026-02-27 welfare centers 3 + 2026-03-02 providers 10,0.1,0.8,가좌동,-0.6775723485155032,0.002595704543402172,-0.08711993016995712,0.0003740847374566,619.9825858628795,0.8560432479883558,0.7568716332423897,3,2,True,0.9353055844131872,0.2741659228557271,2160.780363381229,1.3111542095737996,2,1,True,-0.932709879869785,-0.3612858530256842,-1540.7977775183494,1
